order_id,customer_id,cart_surcharge,order_price,item,quantity,category,item_price,item_tracking_id,size,unit_price,order_time,churn_threshold,Cream,Decaf,Equal Sugar,Extra shot,Ice,Ingredients,Milk,Raw Sugar,Strength,Syrup,White Sugar,option_price
13470,776,0.0,12.8,Thickshake (Syrup)-Strawberry,1,Cold Drinks,8.0,2,LRG,8.0,2021-06-20 12:11:09,98.85342685005918,,,,,,,,,,,,0.0
33377,9,0.0,12.8,Smoothie-Green Machine,1,Cold Drinks,7.6,2,REG,7.6,2023-07-04 10:30:48,6.703924063787684,,,,,,,,,,,,0.0
32604,9,0.0,12.8,Smoothie-Green Machine,1,Cold Drinks,7.6,2,REG,7.6,2023-06-09 08:22:21,6.703924063787684,,,,,,,,,,,,0.0
32496,9,0.0,12.8,Smoothie-Green Machine,1,Cold Drinks,7.6,2,REG,7.6,2023-06-05 11:31:15,6.703924063787684,,,,,,,,,,,,0.0
32399,9,0.0,12.8,Smoothie-Green Machine,1,Cold Drinks,7.6,2,REG,7.6,2023-06-02 11:08:56,6.703924063787684,,,,,,,,,,,,0.0
32177,9,0.0,12.8,Smoothie-Green Machine,1,Cold Drinks,7.6,2,REG,7.6,2023-05-26 11:58:56,6.703924063787684,,,,,,,,,,,,0.0
31197,9,0.0,12.8,Smoothie-Green Machine,1,Cold Drinks,7.6,2,REG,7.6,2023-04-26 09:29:32,6.703924063787684,,,,,,,,,,,,0.0
31050,9,0.0,12.8,Smoothie-Green Machine,1,Cold Drinks,7.6,2,REG,7.6,2023-04-21 09:32:05,6.703924063787684,,,,,,,,,,,,0.0
30959,9,0.0,12.8,Smoothie-Green Machine,1,Cold Drinks,7.6,2,REG,7.6,2023-04-18 11:36:14,6.703924063787684,,,,,,,,,,,,0.0
30850,9,0.0,12.8,Smoothie-Green Machine,1,Cold Drinks,7.6,2,REG,7.6,2023-04-15 07:40:34,6.703924063787684,,,,,,,,,,,,0.0
30557,9,0.0,12.8,Smoothie-Green Machine,1,Cold Drinks,7.6,2,REG,7.6,2023-04-03 11:34:10,6.703924063787684,,,,,,,,,,,,0.0
30250,9,0.0,12.8,Smoothie-Green Machine,1,Cold Drinks,7.6,2,REG,7.6,2023-03-24 11:48:10,6.703924063787684,,,,,,,,,,,,0.0
30044,9,0.0,12.8,Smoothie-Green Machine,1,Cold Drinks,7.6,2,REG,7.6,2023-03-17 10:46:10,6.703924063787684,,,,,,,,,,,,0.0
30002,9,0.0,12.8,Smoothie-Green Machine,1,Cold Drinks,7.6,2,REG,7.6,2023-03-16 12:04:25,6.703924063787684,,,,,,,,,,,,0.0
29965,9,0.0,12.8,Smoothie-Green Machine,1,Cold Drinks,7.6,2,REG,7.6,2023-03-15 11:32:12,6.703924063787684,,,,,,,,,,,,0.0
29932,9,0.0,12.8,Smoothie-Green Machine,1,Cold Drinks,7.6,2,REG,7.6,2023-03-14 11:34:54,6.703924063787684,,,,,,,,,,,,0.0
29837,9,0.0,12.8,Smoothie-Green Machine,1,Cold Drinks,7.6,2,REG,7.6,2023-03-11 09:09:26,6.703924063787684,,,,,,,,,,,,0.0
29532,9,0.0,12.8,Smoothie-Green Machine,1,Cold Drinks,7.6,2,REG,7.6,2023-03-01 11:07:11,6.703924063787684,,,,,,,,,,,,0.0
29334,9,0.0,12.8,Smoothie-Green Machine,1,Cold Drinks,7.6,2,REG,7.6,2023-02-23 08:51:58,6.703924063787684,,,,,,,,,,,,0.0
29312,9,0.0,12.8,Smoothie-Green Machine,1,Cold Drinks,7.6,2,REG,7.6,2023-02-22 12:33:22,6.703924063787684,,,,,,,,,,,,0.0
29240,9,0.0,12.8,Smoothie-Green Machine,1,Cold Drinks,7.6,2,REG,7.6,2023-02-20 07:46:47,6.703924063787684,,,,,,,,,,,,0.0
29175,9,0.0,12.8,Smoothie-Green Machine,1,Cold Drinks,7.6,2,REG,7.6,2023-02-17 11:08:37,6.703924063787684,,,,,,,,,,,,0.0
29142,9,0.0,12.8,Smoothie-Green Machine,1,Cold Drinks,7.6,2,REG,7.6,2023-02-16 11:08:04,6.703924063787684,,,,,,,,,,,,0.0
29060,9,0.0,12.8,Smoothie-Green Machine,1,Cold Drinks,7.6,2,REG,7.6,2023-02-13 11:34:51,6.703924063787684,,,,,,,,,,,,0.0
28996,9,0.0,12.8,Smoothie-Green Machine,1,Cold Drinks,7.6,2,REG,7.6,2023-02-11 09:45:25,6.703924063787684,,,,,,,,,,,,0.0
28975,9,0.0,12.8,Smoothie-Green Machine,1,Cold Drinks,7.6,2,REG,7.6,2023-02-10 11:20:39,6.703924063787684,,,,,,,,,,,,0.0
28942,9,0.0,12.8,Smoothie-Green Machine,1,Cold Drinks,7.6,2,REG,7.6,2023-02-09 10:39:19,6.703924063787684,,,,,,,,,,,,0.0
28909,9,0.0,12.8,Smoothie-Green Machine,1,Cold Drinks,7.6,2,REG,7.6,2023-02-08 11:15:39,6.703924063787684,,,,,,,,,,,,0.0
28879,9,0.0,12.8,Smoothie-Green Machine,1,Cold Drinks,7.6,2,REG,7.6,2023-02-07 10:33:26,6.703924063787684,,,,,,,,,,,,0.0
28851,9,0.0,12.8,Smoothie-Green Machine,1,Cold Drinks,7.6,2,REG,7.6,2023-02-06 11:01:16,6.703924063787684,,,,,,,,,,,,0.0
28779,9,0.0,12.8,Smoothie-Green Machine,1,Cold Drinks,7.6,2,REG,7.6,2023-02-03 11:14:18,6.703924063787684,,,,,,,,,,,,0.0
28742,9,0.0,12.8,Smoothie-Green Machine,1,Cold Drinks,7.6,2,REG,7.6,2023-02-02 09:49:25,6.703924063787684,,,,,,,,,,,,0.0
28716,9,0.0,12.8,Smoothie-Green Machine,1,Cold Drinks,7.6,2,REG,7.6,2023-02-01 10:44:27,6.703924063787684,,,,,,,,,,,,0.0
28631,9,0.0,12.8,Smoothie-Green Machine,1,Cold Drinks,7.6,2,REG,7.6,2023-01-29 12:58:46,6.703924063787684,,,,,,,,,,,,0.0
28562,9,0.0,12.8,Smoothie-Green Machine,1,Cold Drinks,7.6,2,REG,7.6,2023-01-25 11:29:42,6.703924063787684,,,,,,,,,,,,0.0
28508,9,0.0,12.8,Smoothie-Green Machine,1,Cold Drinks,7.6,2,REG,7.6,2023-01-23 12:18:31,6.703924063787684,,,,,,,,,,,,0.0
28484,9,0.0,12.8,Smoothie-Green Machine,1,Cold Drinks,7.6,2,REG,7.6,2023-01-22 12:21:19,6.703924063787684,,,,,,,,,,,,0.0
28375,9,0.0,12.8,Smoothie-Green Machine,1,Cold Drinks,7.6,2,REG,7.6,2023-01-18 11:57:36,6.703924063787684,,,,,,,,,,,,0.0
28279,9,0.0,12.8,Smoothie-Green Machine,1,Cold Drinks,7.6,2,REG,7.6,2023-01-14 11:11:51,6.703924063787684,,,,,,,,,,,,0.0
28253,9,0.0,12.8,Smoothie-Green Machine,1,Cold Drinks,7.6,2,REG,7.6,2023-01-13 12:01:26,6.703924063787684,,,,,,,,,,,,0.0
28216,9,0.0,12.8,Smoothie-Green Machine,1,Cold Drinks,7.6,2,REG,7.6,2023-01-12 09:37:49,6.703924063787684,,,,,,,,,,,,0.0
28190,9,0.0,12.8,Smoothie-Green Machine,1,Cold Drinks,7.6,2,REG,7.6,2023-01-11 09:24:19,6.703924063787684,,,,,,,,,,,,0.0
28139,9,0.0,12.8,Smoothie-Green Machine,1,Cold Drinks,7.6,2,REG,7.6,2023-01-09 10:07:04,6.703924063787684,,,,,,,,,,,,0.0
31418,12,0.0,12.8,Smoothie-Mango Magic,1,Cold Drinks,7.6,2,REG,7.6,2023-05-03 08:43:08,30.753554335954057,,,,,,,,,,,,0.0
13278,20,0.0,12.8,Ice Latte,1,Cold Drinks,5.3,4,REG,4.8,2021-06-13 10:10:58,15.937429912097317,,Normal,,1,,,Skim,,Full,None,,0.5
12280,20,0.0,12.8,Ice Latte,1,Cold Drinks,5.3,4,REG,4.8,2021-05-05 09:09:09,15.937429912097317,,Normal,,1,,,Skim,,Full,None,,0.5
11599,20,0.0,12.8,Ice Latte,1,Cold Drinks,5.3,4,REG,4.8,2021-04-03 10:01:54,15.937429912097317,,Normal,,1,,,Skim,,Full,None,,0.5
10317,20,0.0,12.8,Ice Latte,1,Cold Drinks,5.3,4,REG,4.8,2021-01-30 10:53:43,15.937429912097317,,Normal,,1,,,Skim,,Full,None,,0.5
9914,20,0.0,12.8,Ice Latte,1,Cold Drinks,5.3,4,REG,4.8,2021-01-09 07:55:52,15.937429912097317,,Normal,,1,,,Skim,,Full,None,,0.5
39037,1569,0.0,12.8,Iced Coffee with Cream,1,Cold Drinks,6.4,1,REG,5.9,2024-01-11 11:15:15,42.224149344643855,With Cream,Normal,,1,,,Full Cream,,Full,Vanilla,,0.5
39037,1569,0.0,12.8,Iced Mocha with Cream,1,Cold Drinks,6.4,2,REG,6.4,2024-01-11 11:15:15,42.224149344643855,With Cream,Normal,,0,,,Full Cream,,Full,,,0.0
40327,324,0.0,12.8,Ice Chai,1,Cold Drinks,7.4,2,REG,6.4,2024-02-25 13:01:08,21.399972119696923,,,,0,,,Oat Milk,,Full,,,1.0
39286,324,0.0,12.8,Ice Chai,1,Cold Drinks,7.4,2,REG,6.4,2024-01-21 11:12:44,21.399972119696923,,,,0,,,Oat Milk,,Full,,,1.0
14904,846,0.0,12.8,Ice Latte,1,Cold Drinks,4.8,1,REG,4.8,2021-08-19 13:28:01,113.91735336941782,,Normal,,0,,,Full Cream,,Full,None,,0.0
14683,846,0.0,12.8,Ice Latte,1,Cold Drinks,4.8,1,REG,4.8,2021-08-10 11:15:00,113.91735336941782,,Normal,,0,,,Full Cream,,Full,None,,0.0
14659,846,0.0,12.8,Ice Latte,1,Cold Drinks,4.8,1,REG,4.8,2021-08-09 12:45:00,113.91735336941782,,Normal,,0,,,Skim,,Full,None,,0.0
26385,632,0.0,12.8,Ice Latte,1,Cold Drinks,4.8,1,REG,4.8,2022-10-31 09:45:42,37.43510177679527,,Decaf,,0,,,Full Cream,,Full,None,,0.0
38831,638,0.0,12.8,Iced Chocolate with Cream,1,Cold Drinks,5.9,2,REG,5.9,2023-12-24 10:12:17,23.137598007538326,No Cream,,,0,,,Full Cream,,Full,,,0.0
38831,638,0.0,12.8,Coffee Frappe,1,Cold Drinks,6.9,1,REG,6.9,2023-12-24 10:12:17,23.137598007538326,,Normal,,0,,,Full Cream,,Full,,,0.0
18314,161,0.0,12.8,Ice Latte,1,Cold Drinks,4.8,1,REG,4.8,2021-12-17 06:51:32,23.82515677258169,,Normal,,0,,,Full Cream,,Full,None,,0.0
9876,161,0.0,12.8,Ice Latte,1,Cold Drinks,4.8,1,REG,4.8,2021-01-06 11:42:50,23.82515677258169,,Normal,,0,,,Full Cream,,Full,None,,0.0
9795,161,0.0,12.8,Ice Latte,1,Cold Drinks,4.8,1,REG,4.8,2021-01-02 11:05:44,23.82515677258169,,Normal,,0,,,Full Cream,,Full,None,,0.0
20589,947,0.0,12.8,Ice Latte,1,Cold Drinks,4.8,2,REG,4.8,2022-03-30 12:47:14,119.96547122282429,,Normal,,0,,,Full Cream,,Full,Vanilla,,0.0
13034,248,0.0,12.8,Milkshake (Syrup)-Spearmint,1,Cold Drinks,3.9,2,SML,3.9,2021-06-04 10:57:46,89.37219093199812,,,,,,,Full Cream,,,,,0.0
13034,248,0.0,12.8,Milkshake (Syrup)-Cookies and Cream,1,Cold Drinks,3.9,3,SML,3.9,2021-06-04 10:57:46,89.37219093199812,,,,,,,Full Cream,,,,,0.0
17056,268,0.0,25.6,Iced Chocolate with Cream,1,Cold Drinks,5.5,2,REG,5.5,2021-10-31 09:24:23,86.00495109529,With Cream,,,0,,,Skim,,Full,,,0.0
29929,811,0.0,25.6,Freshly Squeezed Juice-Carrot,1,Cold Drinks,7.0,2,REG,6.5,2023-03-14 10:25:21,56.15160730560616,,,,,With Ice,"Lemon, Celery, Beetroot",,,,,,0.5
29929,811,0.0,25.6,Smoothie-Green Machine,1,Cold Drinks,7.6,4,REG,7.6,2023-03-14 10:25:21,56.15160730560616,,,,,,,,,,,,0.0
29929,811,0.0,25.6,Freshly Squeezed Juice-Carrot,1,Cold Drinks,7.0,3,REG,6.5,2023-03-14 10:25:21,56.15160730560616,,,,,With Ice,"Lemon, Celery, Beetroot",,,,,,0.5
22893,175,0.0,25.6,Milkshake (Syrup)-Strawberry,1,Cold Drinks,2.9,6,MINI,2.9,2022-06-25 10:34:45,10.277826498239987,,,,,,,Full Cream,,,,,0.0
32226,177,0.0,25.6,Milkshake (Syrup)-Chocolate,1,Cold Drinks,6.5,2,LRG,6.5,2023-05-28 08:58:58,187.55969716332987,,,,,,,Full Cream,,,,,0.0
32226,177,0.0,25.6,Iced Chocolate with Cream,1,Cold Drinks,5.7,1,REG,5.7,2023-05-28 08:58:58,187.55969716332987,With Cream,,,0,,,Full Cream,,Full,,,0.0
30657,12,2.56,28.16,Smoothie-Mango Magic,2,Cold Drinks,15.2,3,REG,7.6,2023-04-07 08:52:06,30.753554335954057,,,,,,,,,,,,0.0
20182,901,0.0,38.4,Smoothie-Mango Magic,1,Cold Drinks,7.6,4,REG,7.6,2022-03-14 13:00:31,189.9719277507425,,,,,,,,,,,,0.0
20182,901,0.0,38.4,Coffee Frappe,1,Cold Drinks,7.5,2,REG,6.5,2022-03-14 13:00:31,189.9719277507425,,Decaf,,0,,,Oat Milk,,Quarter,,,1.0
27957,12,0.0,64.0,Smoothie-Mango Magic,1,Cold Drinks,7.6,5,REG,7.6,2022-12-22 06:25:50,30.753554335954057,,,,,,,,,,,,0.0
27957,12,0.0,64.0,Smoothie-Mango Magic,1,Cold Drinks,7.6,6,REG,7.6,2022-12-22 06:25:50,30.753554335954057,,,,,,,,,,,,0.0
11212,32,0.0,7.7,Milkshake (Syrup)-Banana,1,Cold Drinks,2.9,2,MINI,2.9,2021-03-16 13:09:37,21.344574393513,,,,,,,Full Cream,,,,,0.0
10944,32,0.0,7.7,Milkshake (Syrup)-Chocolate,1,Cold Drinks,2.9,2,MINI,2.9,2021-03-03 09:22:49,21.344574393513,,,,,,,Full Cream,,,,,0.0
23218,49,0.0,7.7,Milkshake (Syrup)-Cookies and Cream,1,Cold Drinks,3.9,2,SML,3.9,2022-07-08 09:59:47,5.6913721453400745,,,,,,,Full Cream,,,,,0.0
37490,67,0.0,7.7,Freshly Squeezed Juice-Orange,1,Cold Drinks,7.7,1,REG,7.2,2023-11-10 13:06:49,49.80813085628067,,,,,With Ice,"Lemon, Ginger",,,,,,0.5
11559,667,0.0,7.7,Milkshake (Syrup)-Blue Heaven,1,Cold Drinks,2.9,2,MINI,2.9,2021-04-01 08:48:25,216.15334063267832,,,,,,,Full Cream,,,,,0.0
16878,421,0.0,7.7,Milkshake (Syrup)-Chocolate,1,Cold Drinks,2.9,2,MINI,2.9,2021-10-25 07:43:13,32.56254897822951,,,,,,,Full Cream,,,,,0.0
27508,175,0.0,7.7,Milkshake (Syrup)-Lime,1,Cold Drinks,2.9,2,MINI,2.9,2022-12-07 09:11:53,10.277826498239987,,,,,,,Full Cream,,,,,0.0
26646,175,0.0,7.7,Milkshake (Syrup)-Lime,1,Cold Drinks,2.9,2,MINI,2.9,2022-11-09 09:10:03,10.277826498239987,,,,,,,Full Cream,,,,,0.0
21991,175,0.0,7.7,Milkshake (Syrup)-Strawberry,1,Cold Drinks,2.9,2,MINI,2.9,2022-05-23 10:28:11,10.277826498239987,,,,,,,Full Cream,,,,,0.0
20914,175,0.0,7.7,Milkshake (Syrup)-Caramel,1,Cold Drinks,2.9,2,MINI,2.9,2022-04-11 10:07:49,10.277826498239987,,,,,,,Full Cream,,,,,0.0
29764,446,0.0,7.7,Coffee Frappe,1,Cold Drinks,7.7,1,REG,6.7,2023-03-08 14:38:58,6.801133915060578,,Normal,,0,,,Oat Milk,,Full,,,1.0
12754,446,0.0,7.7,Milkshake (Syrup)-Chocolate,1,Cold Drinks,2.9,2,MINI,2.9,2021-05-25 08:49:09,6.801133915060578,,,,,,,Full Cream,,,,,0.0
12003,446,0.0,7.7,Milkshake (Syrup)-Blue Heaven,1,Cold Drinks,2.9,2,MINI,2.9,2021-04-23 08:53:02,6.801133915060578,,,,,,,Full Cream,,,,,0.0
11530,446,0.0,7.7,Milkshake (Syrup)-Blue Heaven,1,Cold Drinks,2.9,2,MINI,2.9,2021-03-31 09:00:00,6.801133915060578,,,,,,,Full Cream,,,,,0.0
32489,20,0.0,20.5,Thickshake (Syrup)-Chocolate,1,Cold Drinks,6.9,2,SML,6.9,2023-06-05 08:55:08,15.937429912097317,,,,,,,,,,,,0.0
37070,1325,0.0,20.5,Ice Latte,1,Cold Drinks,5.2,1,REG,5.2,2023-10-27 10:05:50,62.76362582955774,,Normal,,0,,,Full Cream,,Full,None,,0.0
21381,49,0.0,20.5,Milkshake (Syrup)-Chocolate,1,Cold Drinks,3.9,5,SML,3.9,2022-04-30 10:09:10,5.6913721453400745,,,,,,,Full Cream,,,,,0.0
28252,1103,0.0,20.5,Ice Latte,1,Cold Drinks,5.7,3,REG,5.0,2023-01-13 11:37:45,45.17709261306771,,Normal,,0,,,Bonsoy,,Full,Vanilla,,0.7000000000000002
15776,873,0.0,20.5,Milkshake (Syrup)-Chocolate,1,Cold Drinks,6.0,2,LRG,6.0,2021-09-18 09:15:25,138.56983798792578,,,,,,,Full Cream,,,,,0.0
12029,403,0.0,20.5,Iced Mocha with Cream,1,Cold Drinks,6.0,2,REG,6.0,2021-04-24 12:56:08,162.73905493150684,With Cream,Normal,,0,,,Full Cream,,Full,,,0.0
27858,172,0.0,20.5,Freshly Squeezed Juice-Orange,1,Cold Drinks,7.0,1,REG,6.5,2022-12-18 10:04:56,5.2489316501187995,,,,,With Ice,"Orange, Lemon, Apple, Celery, Carrot, Ginger",,,,,,0.5
24467,172,0.0,20.5,Freshly Squeezed Juice-Orange,1,Cold Drinks,7.5,1,REG,6.5,2022-08-23 06:15:55,5.2489316501187995,,,,,With Ice,"Orange, Lemon, Apple, Celery, Carrot, Ginger, Beetroot",,,,,,1.0
24467,172,0.0,20.5,Freshly Squeezed Juice-Orange,1,Cold Drinks,7.5,2,REG,6.5,2022-08-23 06:15:55,5.2489316501187995,,,,,With Ice,"Orange, Lemon, Apple, Celery, Ginger, Beetroot",,,,,,1.0
26433,175,0.0,20.5,Milkshake (Syrup)-Strawberry,1,Cold Drinks,2.9,3,MINI,2.9,2022-11-02 09:51:45,10.277826498239987,,,,,,,Full Cream,,,,,0.0
38437,185,0.0,20.5,Milkshake (Syrup)-Banana,1,Cold Drinks,3.3,4,MINI,3.3,2023-12-11 10:00:51,280.4948801275663,,,,,,,Full Cream,,,,,0.0
12391,479,0.0,20.5,Freshly Squeezed Juice-Orange,1,Cold Drinks,6.5,1,REG,6.0,2021-05-09 12:53:12,35.83992187491485,,,,,With Ice,"Orange, Lemon, Apple, Celery, Carrot, Ginger",,,,,,0.5
15256,739,0.0,20.5,Milkshake (Syrup)-Strawberry,1,Cold Drinks,6.0,2,LRG,6.0,2021-08-31 12:10:49,416.218910932915,,,,,,,Full Cream,,,,,0.0
14685,739,0.0,20.5,Milkshake (Syrup)-Strawberry,1,Cold Drinks,6.0,2,LRG,6.0,2021-08-10 13:59:24,416.218910932915,,,,,,,Full Cream,,,,,0.0
14496,739,0.0,20.5,Milkshake (Syrup)-Strawberry,1,Cold Drinks,6.0,2,LRG,6.0,2021-08-03 12:42:30,416.218910932915,,,,,,,Full Cream,,,,,0.0
28022,234,0.0,20.5,Milkshake (Syrup)-Cookies and Cream,1,Cold Drinks,6.0,3,LRG,6.0,2022-12-24 09:12:11,3.306975953679214,,,,,,,Skim,,,,,0.0
27724,234,0.0,20.5,Milkshake (Syrup)-Cookies and Cream,1,Cold Drinks,6.0,3,LRG,6.0,2022-12-14 09:48:49,3.306975953679214,,,,,,,Skim,,,,,0.0
27363,234,0.0,20.5,Milkshake (Syrup)-Cookies and Cream,1,Cold Drinks,6.0,3,LRG,6.0,2022-12-02 09:46:39,3.306975953679214,,,,,,,Skim,,,,,0.0
27205,234,0.0,20.5,Milkshake (Syrup)-Vanilla,1,Cold Drinks,6.0,3,LRG,6.0,2022-11-27 10:03:36,3.306975953679214,,,,,,,Skim,,,,,0.0
27139,234,0.0,20.5,Milkshake (Syrup)-Cookies and Cream,1,Cold Drinks,6.0,3,LRG,6.0,2022-11-25 09:38:56,3.306975953679214,,,,,,,Skim,,,,,0.0
26980,234,0.0,20.5,Milkshake (Syrup)-Cookies and Cream,1,Cold Drinks,6.0,3,LRG,6.0,2022-11-20 10:05:39,3.306975953679214,,,,,,,Skim,,,,,0.0
26543,234,0.0,20.5,Milkshake (Syrup)-Cookies and Cream,1,Cold Drinks,6.0,3,LRG,6.0,2022-11-06 08:59:49,3.306975953679214,,,,,,,Skim,,,,,0.0
26382,234,0.0,20.5,Milkshake (Syrup)-Cookies and Cream,1,Cold Drinks,6.0,3,LRG,6.0,2022-10-31 09:21:44,3.306975953679214,,,,,,,Skim,,,,,0.0
26355,234,0.0,20.5,Milkshake (Syrup)-Cookies and Cream,1,Cold Drinks,6.0,3,LRG,6.0,2022-10-30 08:49:09,3.306975953679214,,,,,,,Skim,,,,,0.0
26184,234,0.0,20.5,Milkshake (Syrup)-Cookies and Cream,1,Cold Drinks,6.0,3,LRG,6.0,2022-10-23 09:53:04,3.306975953679214,,,,,,,Skim,,,,,0.0
25950,234,0.0,20.5,Milkshake (Syrup)-Cookies and Cream,1,Cold Drinks,6.0,3,LRG,6.0,2022-10-15 09:21:22,3.306975953679214,,,,,,,Skim,,,,,0.0
25819,234,0.0,20.5,Milkshake (Syrup)-Cookies and Cream,1,Cold Drinks,6.0,3,LRG,6.0,2022-10-10 09:44:29,3.306975953679214,,,,,,,Skim,,,,,0.0
25809,234,0.0,20.5,Milkshake (Syrup)-Vanilla,1,Cold Drinks,6.0,3,LRG,6.0,2022-10-09 10:23:16,3.306975953679214,,,,,,,Skim,,,,,0.0
22909,234,0.0,20.5,Milkshake (Syrup)-Vanilla,1,Cold Drinks,6.0,3,LRG,6.0,2022-06-26 09:01:21,3.306975953679214,,,,,,,Skim,,,,,0.0
22889,234,0.0,20.5,Milkshake (Syrup)-Cookies and Cream,1,Cold Drinks,6.0,3,LRG,6.0,2022-06-25 10:22:18,3.306975953679214,,,,,,,Skim,,,,,0.0
21962,234,0.0,20.5,Milkshake (Syrup)-Cookies and Cream,1,Cold Drinks,6.0,3,LRG,6.0,2022-05-22 09:28:06,3.306975953679214,,,,,,,Full Cream,,,,,0.0
38817,1269,0.0,20.5,Milkshake (Syrup)-Chocolate,2,Cold Drinks,6.6,3,MINI,3.3,2023-12-23 13:43:06,64.07821249080935,,,,,,,Full Cream,,,,,0.0
38817,1269,0.0,20.5,Milkshake (Syrup)-Strawberry,1,Cold Drinks,3.3,4,MINI,3.3,2023-12-23 13:43:06,64.07821249080935,,,,,,,Full Cream,,,,,0.0
39405,1569,0.0,33.3,Iced Mocha with Cream,1,Cold Drinks,6.9,2,REG,6.4,2024-01-25 10:21:33,42.224149344643855,With Cream,Normal,,1,,,Full Cream,,Full,,,0.5
39405,1569,0.0,33.3,Iced Mocha with Cream,1,Cold Drinks,6.4,3,REG,6.4,2024-01-25 10:21:33,42.224149344643855,With Cream,Normal,,0,,,Full Cream,,Full,,,0.0
24508,1144,0.0,33.3,Ice Latte,1,Cold Drinks,5.3,3,REG,4.8,2022-08-24 10:17:07,58.176580277235466,,Normal,,1,,,Skim,,Full,Vanilla,,0.5
40520,1752,0.0,33.3,Smoothie-Mango Magic,1,Cold Drinks,8.5,3,REG,8.5,2024-03-02 13:00:00,102.91074667455888,,,,,,,,,,,,0.0
14057,739,0.0,33.3,Freshly Squeezed Juice-Orange,1,Cold Drinks,6.5,2,REG,6.0,2021-07-16 12:48:05,416.218910932915,,,,,With Ice,"Orange, Apple, Celery, Carrot, Ginger",,,,,,0.5
14057,739,0.0,33.3,Milkshake (Syrup)-Strawberry,1,Cold Drinks,6.0,3,LRG,6.0,2021-07-16 12:48:05,416.218910932915,,,,,,,Full Cream,,,,,0.0
14861,537,0.0,46.1,Milkshake (Syrup)-Strawberry,1,Cold Drinks,3.9,6,SML,3.9,2021-08-17 12:04:34,158.16461185879868,,,,,,,Full Cream,,,,,0.0
14861,537,0.0,46.1,Milkshake (Syrup)-Chocolate,1,Cold Drinks,3.9,7,SML,3.9,2021-08-17 12:04:34,158.16461185879868,,,,,,,Full Cream,,,,,0.0
35515,1148,0.0,46.1,Milkshake (Syrup)-Lime,1,Cold Drinks,3.3,7,MINI,3.3,2023-09-09 08:59:31,21.754424527504998,,,,,,,Full Cream,,,,,0.0
8547,500,0.0,46.1,Smoothie-Mango Magic,1,Cold Drinks,7.6,3,REG,7.6,2020-11-01 10:59:02,102.91074667455888,,,,,,,,,,,,0.0
8547,500,0.0,46.1,Smoothie-Mango Magic,1,Cold Drinks,7.6,4,REG,7.6,2020-11-01 10:59:02,102.91074667455888,,,,,,,,,,,,0.0
12076,255,0.0,71.7,Milkshake (Syrup)-Chocolate,1,Cold Drinks,6.0,7,LRG,6.0,2021-04-26 12:30:00,56.13881858007836,,,,,,,Full Cream,,,,,0.0
12076,255,0.0,71.7,Ice Latte,1,Cold Drinks,4.8,5,REG,4.8,2021-04-26 12:30:00,56.13881858007836,,Normal,,0,,,Full Cream,,Full,Vanilla,,0.0
18121,1029,0.0,15.4,Iced Coffee with Cream,1,Cold Drinks,5.5,2,REG,5.5,2021-12-09 11:25:38,71.32647942150705,With Cream,Normal,,0,,,Full Cream,,Full,Vanilla,,0.0
17963,1029,0.0,15.4,Iced Coffee with Cream,1,Cold Drinks,5.5,2,REG,5.5,2021-12-03 11:00:48,71.32647942150705,With Cream,Normal,,0,,,Full Cream,,Full,Vanilla,,0.0
12202,20,0.0,15.4,Ice Latte,1,Cold Drinks,5.3,2,REG,4.8,2021-05-02 09:30:37,15.937429912097317,,Normal,,1,,,Skim,,Full,None,,0.5
12202,20,0.0,15.4,Milkshake (Syrup)-Chocolate,1,Cold Drinks,2.9,3,MINI,2.9,2021-05-02 09:30:37,15.937429912097317,,,,,,,Full Cream,,,,,0.0
12202,20,0.0,15.4,Milkshake (Syrup)-Chocolate,1,Cold Drinks,2.9,4,MINI,2.9,2021-05-02 09:30:37,15.937429912097317,,,,,,,Full Cream,,,,,0.0
7609,298,0.0,15.4,Freshly Squeezed Juice-Orange,1,Cold Drinks,6.0,4,REG,6.0,2020-09-30 08:11:34,103.43870180925002,,,,,With Ice,"Lemon, Apple, Celery",,,,,,0.0
7531,298,0.0,15.4,Freshly Squeezed Juice-Orange,1,Cold Drinks,6.0,4,REG,6.0,2020-09-27 09:02:54,103.43870180925002,,,,,With Ice,"Lemon, Apple, Celery",,,,,,0.0
7484,298,0.0,15.4,Freshly Squeezed Juice-Orange,1,Cold Drinks,6.0,4,REG,6.0,2020-09-25 09:17:10,103.43870180925002,,,,,With Ice,"Lemon, Apple, Celery",,,,,,0.0
7456,298,0.0,15.4,Freshly Squeezed Juice-Orange,1,Cold Drinks,6.0,4,REG,6.0,2020-09-24 09:14:52,103.43870180925002,,,,,With Ice,"Lemon, Apple, Celery",,,,,,0.0
7420,298,0.0,15.4,Freshly Squeezed Juice-Orange,1,Cold Drinks,6.0,4,REG,6.0,2020-09-23 07:52:57,103.43870180925002,,,,,With Ice,"Lemon, Apple, Celery",,,,,,0.0
7396,298,0.0,15.4,Freshly Squeezed Juice-Orange,1,Cold Drinks,6.0,4,REG,6.0,2020-09-22 09:08:52,103.43870180925002,,,,,With Ice,"Lemon, Apple, Celery",,,,,,0.0
7296,298,0.0,15.4,Freshly Squeezed Juice-Orange,1,Cold Drinks,6.0,4,REG,6.0,2020-09-18 09:58:58,103.43870180925002,,,,,With Ice,"Lemon, Apple, Celery",,,,,,0.0
7237,298,0.0,15.4,Freshly Squeezed Juice-Orange,1,Cold Drinks,6.0,4,REG,6.0,2020-09-16 07:37:30,103.43870180925002,,,,,With Ice,"Lemon, Apple, Celery",,,,,,0.0
7211,298,0.0,15.4,Freshly Squeezed Juice-Orange,1,Cold Drinks,6.0,4,REG,6.0,2020-09-15 07:56:28,103.43870180925002,,,,,With Ice,"Lemon, Apple, Celery",,,,,,0.0
7186,298,0.0,15.4,Freshly Squeezed Juice-Orange,1,Cold Drinks,6.0,4,REG,6.0,2020-09-14 09:48:40,103.43870180925002,,,,,With Ice,"Lemon, Apple, Celery",,,,,,0.0
7072,298,0.0,15.4,Freshly Squeezed Juice-Orange,1,Cold Drinks,6.0,4,REG,6.0,2020-09-10 07:31:20,103.43870180925002,,,,,With Ice,"Lemon, Apple, Celery",,,,,,0.0
7058,298,0.0,15.4,Freshly Squeezed Juice-Orange,1,Cold Drinks,6.0,4,REG,6.0,2020-09-09 09:41:33,103.43870180925002,,,,,With Ice,"Lemon, Apple, Celery",,,,,,0.0
7029,298,0.0,15.4,Freshly Squeezed Juice-Orange,1,Cold Drinks,6.0,4,REG,6.0,2020-09-08 08:08:56,103.43870180925002,,,,,With Ice,"Lemon, Apple, Celery",,,,,,0.0
7006,298,0.0,15.4,Freshly Squeezed Juice-Orange,1,Cold Drinks,6.0,4,REG,6.0,2020-09-07 09:19:43,103.43870180925002,,,,,With Ice,"Lemon, Apple, Celery",,,,,,0.0
6918,298,0.0,15.4,Freshly Squeezed Juice-Orange,1,Cold Drinks,6.0,4,REG,6.0,2020-09-04 09:58:12,103.43870180925002,,,,,With Ice,"Lemon, Apple, Celery",,,,,,0.0
6887,298,0.0,15.4,Freshly Squeezed Juice-Orange,1,Cold Drinks,6.0,4,REG,6.0,2020-09-03 08:35:45,103.43870180925002,,,,,With Ice,"Lemon, Apple, Celery",,,,,,0.0
6866,298,0.0,15.4,Freshly Squeezed Juice-Orange,1,Cold Drinks,6.0,4,REG,6.0,2020-09-02 09:37:09,103.43870180925002,,,,,With Ice,"Lemon, Apple, Celery",,,,,,0.0
6834,298,0.0,15.4,Freshly Squeezed Juice-Orange,1,Cold Drinks,6.0,4,REG,6.0,2020-09-01 09:19:20,103.43870180925002,,,,,With Ice,"Lemon, Apple, Celery",,,,,,0.0
6682,298,0.0,15.4,Freshly Squeezed Juice-Orange,1,Cold Drinks,6.0,4,REG,6.0,2020-08-26 09:08:36,103.43870180925002,,,,,With Ice,"Lemon, Apple, Celery",,,,,,0.0
6650,298,0.0,15.4,Freshly Squeezed Juice-Orange,1,Cold Drinks,6.0,4,REG,6.0,2020-08-25 08:01:26,103.43870180925002,,,,,With Ice,"Lemon, Apple, Celery",,,,,,0.0
6494,298,0.0,15.4,Freshly Squeezed Juice-Orange,1,Cold Drinks,6.0,4,REG,6.0,2020-08-18 09:54:15,103.43870180925002,,,,,With Ice,"Lemon, Apple, Celery",,,,,,0.0
36388,49,0.0,15.4,Iced Chocolate with Cream,1,Cold Drinks,5.9,3,REG,5.9,2023-10-07 10:38:52,5.6913721453400745,With Cream,,,0,,,Full Cream,,Full,,,0.0
6977,49,0.0,15.4,Milkshake (Syrup)-Chocolate,1,Cold Drinks,3.8,4,SML,3.8,2020-09-06 10:00:14,5.6913721453400745,,,,,,,Full Cream,,,,,0.0
6754,49,0.0,15.4,Milkshake (Syrup)-Chocolate,1,Cold Drinks,3.8,4,SML,3.8,2020-08-29 10:43:12,5.6913721453400745,,,,,,,Full Cream,,,,,0.0
5481,49,0.0,15.4,Milkshake (Syrup)-Chocolate,1,Cold Drinks,3.8,4,SML,3.8,2020-06-27 10:57:05,5.6913721453400745,,,,,,,Full Cream,,,,,0.0
18559,578,0.0,15.4,Milkshake (Syrup)-Strawberry,1,Cold Drinks,2.9,3,MINI,2.9,2022-01-09 11:41:48,52.26973255838355,,,,,,,Full Cream,,,,,0.0
18559,578,0.0,15.4,Coffee Frappe,1,Cold Drinks,6.5,1,REG,6.5,2022-01-09 11:41:48,52.26973255838355,,Normal,,0,,,Full Cream,,Full,,,0.0
26551,324,0.0,15.4,Iced Coffee with Cream,1,Cold Drinks,6.0,3,REG,5.5,2022-11-06 11:46:19,21.399972119696923,No Cream,Normal,,0,,,Lactose Free,,Full,Vanilla,,0.5
26211,324,0.0,15.4,Iced Coffee with Cream,1,Cold Drinks,6.0,3,REG,5.5,2022-10-24 10:30:30,21.399972119696923,No Cream,Normal,,0,,,Lactose Free,,Full,Vanilla,,0.5
19954,89,0.0,15.4,Freshly Squeezed Juice-Orange,1,Cold Drinks,7.2,3,REG,6.2,2022-03-05 11:47:39,151.01420580226997,,,,,With Ice,"Ginger, Beetroot",,,,,,1.0
19843,89,0.0,15.4,Freshly Squeezed Juice-Orange,1,Cold Drinks,7.2,3,REG,6.2,2022-03-02 08:14:08,151.01420580226997,,,,,With Ice,"Orange, Lemon, Apple, Celery, Carrot, Ginger, Beetroot",,,,,,1.0
30424,1191,0.0,15.4,Iced Coffee with Cream,1,Cold Drinks,5.7,3,REG,5.7,2023-03-30 09:30:37,37.61946146075213,With Cream,Normal,,0,,,Full Cream,,Full,Vanilla,,0.0
37694,175,0.0,15.4,Milkshake (Syrup)-Caramel,1,Cold Drinks,3.3,3,MINI,3.3,2023-11-17 10:30:20,10.277826498239987,,,,,,,Full Cream,,,,,0.0
36147,1463,1.4,15.4,Smoothie-Mango Magic,1,Cold Drinks,8.5,2,REG,8.5,2023-09-29 09:16:10,1.6209896585867094,,,,,,,,,,,,0.0
18957,711,0.0,15.4,Milkshake (Syrup)-Vanilla,1,Cold Drinks,3.9,2,SML,3.9,2022-01-28 09:03:56,42.62628297189423,,,,,,,Full Cream,,,,,0.0
15912,741,0.0,15.4,Iced Coffee with Cream,1,Cold Drinks,5.5,2,REG,5.5,2021-09-22 12:06:22,12.727922061357855,With Cream,Normal,,0,,,Full Cream,,Full,Vanilla,,0.0
26122,1271,0.0,15.4,Smoothie-Green Machine,1,Cold Drinks,7.6,3,REG,7.6,2022-10-21 07:58:03,37.048231112583885,,,,,,,,,,,,0.0
26122,1271,0.0,15.4,Milkshake (Syrup)-Chocolate,1,Cold Drinks,3.9,1,SML,3.9,2022-10-21 07:58:03,37.048231112583885,,,,,,,Full Cream,,,,,0.0
26122,1271,0.0,15.4,Milkshake (Syrup)-Cookies and Cream,1,Cold Drinks,3.9,2,SML,3.9,2022-10-21 07:58:03,37.048231112583885,,,,,,,Full Cream,,,,,0.0
9007,49,0.0,28.2,Milkshake (Syrup)-Chocolate,1,Cold Drinks,3.8,5,SML,3.8,2020-11-21 10:15:21,5.6913721453400745,,,,,,,Full Cream,,,,,0.0
9007,49,0.0,28.2,Milkshake (Syrup)-Chocolate,1,Cold Drinks,3.8,6,SML,3.8,2020-11-21 10:15:21,5.6913721453400745,,,,,,,Full Cream,,,,,0.0
9007,49,0.0,28.2,Milkshake (Syrup)-Vanilla,1,Cold Drinks,3.8,7,SML,3.8,2020-11-21 10:15:21,5.6913721453400745,,,,,,,Full Cream,,,,,0.0
16976,77,0.0,28.2,Smoothie-Mango Magic,1,Cold Drinks,7.6,3,REG,7.6,2021-10-28 09:34:35,20.45079035996667,,,,,,,,,,,,0.0
16976,77,0.0,28.2,Smoothie-Mango Magic,1,Cold Drinks,7.6,4,REG,7.6,2021-10-28 09:34:35,20.45079035996667,,,,,,,,,,,,0.0
33131,1527,0.0,28.2,Thickshake (Syrup)-Vanilla,1,Cold Drinks,6.9,3,SML,6.9,2023-06-26 12:33:17,102.91074667455888,,,,,,,,,,,,0.0
9585,591,0.0,41.0,Smoothie-Banana Buzz,1,Cold Drinks,7.6,4,REG,7.6,2020-12-15 09:15:00,102.91074667455888,,,,,,,,,,,,0.0
9585,591,0.0,41.0,Smoothie-Green Machine,1,Cold Drinks,7.6,5,REG,7.6,2020-12-15 09:15:00,102.91074667455888,,,,,,,,,,,,0.0
9585,591,0.0,41.0,Freshly Squeezed Juice-Orange,1,Cold Drinks,6.5,2,REG,6.0,2020-12-15 09:15:00,102.91074667455888,,,,,With Ice,"Orange, Apple, Carrot, Ginger",,,,,,0.5
37129,841,0.0,53.8,Freshly Squeezed Juice-Orange,2,Cold Drinks,14.4,3,REG,7.2,2023-10-29 12:25:32,202.39565212721345,,,,,With Ice,Orange,,,,,,0.0
15198,874,0.0,53.8,Milkshake (Syrup)-Chocolate,1,Cold Drinks,3.9,4,SML,3.9,2021-08-29 11:34:30,284.2569260369921,,,,,,,Full Cream,,,,,0.0
19200,146,0.0,53.8,Ice Latte,1,Cold Drinks,4.8,4,REG,4.8,2022-02-06 10:02:22,218.5940613016823,,Normal,,0,,,Full Cream,,Full,None,,0.0
8330,172,0.0,53.8,Freshly Squeezed Juice-Orange,1,Cold Drinks,7.0,1,REG,6.0,2020-10-25 08:53:49,5.2489316501187995,,,,,With Ice,"Orange, Lemon, Apple, Celery, Carrot, Ginger, Beetroot",,,,,,1.0
8330,172,0.0,53.8,Freshly Squeezed Juice-Orange,1,Cold Drinks,7.0,2,REG,6.0,2020-10-25 08:53:49,5.2489316501187995,,,,,With Ice,"Orange, Lemon, Apple, Celery, Carrot, Ginger, Beetroot",,,,,,1.0
8330,172,0.0,53.8,Freshly Squeezed Juice-Orange,1,Cold Drinks,7.0,3,REG,6.0,2020-10-25 08:53:49,5.2489316501187995,,,,,With Ice,"Orange, Lemon, Apple, Celery, Carrot, Ginger, Beetroot",,,,,,1.0
6104,14,0.0,10.3,Freshly Squeezed Juice-Orange,1,Cold Drinks,6.0,2,REG,6.0,2020-08-01 08:30:00,39.92548018814512,,,,,With Ice,"Orange, Lemon, Apple",,,,,,0.0
25431,320,0.0,10.3,Milkshake (Syrup)-Chocolate,1,Cold Drinks,6.0,2,LRG,6.0,2022-09-25 10:24:02,29.433951026585593,,,,,,,Full Cream,,,,,0.0
23718,320,0.0,10.3,Milkshake (Syrup)-Chocolate,1,Cold Drinks,6.0,2,LRG,6.0,2022-07-28 05:52:44,29.433951026585593,,,,,,,Full Cream,,,,,0.0
25339,1137,0.0,10.3,Ice Latte,1,Cold Drinks,5.5,1,REG,4.8,2022-09-21 13:45:00,102.91074667455888,,Normal,,0,,,Almond,,Full,Vanilla,,0.7000000000000002
25339,1137,0.0,10.3,Ice Latte,1,Cold Drinks,4.8,2,REG,4.8,2022-09-21 13:45:00,102.91074667455888,,Normal,,0,,,Full Cream,,Full,Vanilla,,0.0
30005,1148,0.0,10.3,Milkshake (Syrup)-Lime,1,Cold Drinks,4.5,1,SML,4.5,2023-03-16 14:16:08,21.754424527504998,,,,,,,Full Cream,,,,,0.0
30005,1148,0.0,10.3,Milkshake (Syrup)-Lime,1,Cold Drinks,2.9,2,MINI,2.9,2023-03-16 14:16:08,21.754424527504998,,,,,,,Full Cream,,,,,0.0
30005,1148,0.0,10.3,Milkshake (Syrup)-Strawberry,1,Cold Drinks,2.9,3,MINI,2.9,2023-03-16 14:16:08,21.754424527504998,,,,,,,Full Cream,,,,,0.0
11051,387,0.0,10.3,Iced Chocolate with Cream,1,Cold Drinks,5.5,1,REG,5.5,2021-03-09 10:57:41,89.20540707357817,With Cream,,,0,,,Full Cream,,Full,,,0.0
6459,402,0.0,10.3,Freshly Squeezed Juice-Orange,1,Cold Drinks,6.0,2,REG,6.0,2020-08-16 11:15:00,102.91074667455888,,,,,With Ice,"Orange, Apple",,,,,,0.0
14735,696,0.0,10.3,Thickshake (Syrup)-Cookies and Cream,1,Cold Drinks,6.0,2,SML,6.0,2021-08-12 12:35:52,135.3212716495325,,,,,,,,,,,,0.0
10465,185,0.0,10.3,Ice Latte,1,Cold Drinks,4.8,1,REG,4.8,2021-02-06 13:55:56,280.4948801275663,,Normal,,0,,,Full Cream,,Full,None,,0.0
10574,189,0.0,10.3,Iced Chocolate with Cream,1,Cold Drinks,5.5,2,REG,5.5,2021-02-12 09:05:22,9.699059222346209,With Cream,,,0,,,Skim,,Full,,,0.0
18352,220,0.0,10.3,Freshly Squeezed Juice-Orange,1,Cold Drinks,6.0,1,REG,6.0,2021-12-18 09:06:08,331.0164144973277,,,,,With Ice,Orange,,,,,,0.0
23242,233,0.0,10.3,Thickshake (Syrup)-Chocolate,1,Cold Drinks,6.0,2,SML,6.0,2022-07-09 11:30:06,14.254925248600953,,,,,,,,,,,,0.0
15277,521,0.0,23.1,Smoothie-Mango Magic,1,Cold Drinks,7.6,3,REG,7.6,2021-09-01 10:44:29,185.75564229728337,,,,,,,,,,,,0.0
21936,1044,0.0,23.1,Freshly Squeezed Juice-Orange,1,Cold Drinks,6.2,2,REG,6.2,2022-05-21 09:14:43,36.46887554972373,,,,,With Ice,Orange,,,,,,0.0
21936,1044,0.0,23.1,Smoothie-Koko Berries,1,Cold Drinks,7.6,4,REG,7.6,2022-05-21 09:14:43,36.46887554972373,,,,,,,,,,,,0.0
19403,1075,0.0,23.1,Freshly Squeezed Juice-Orange,1,Cold Drinks,6.2,2,REG,6.2,2022-02-13 13:15:00,366.2813126546316,,,,,With Ice,Orange,,,,,,0.0
37163,119,0.0,23.1,Freshly Squeezed Juice-Orange,1,Cold Drinks,7.2,1,REG,7.2,2023-10-30 13:51:50,948.7121094761395,,,,,With Ice,Orange,,,,,,0.0
40061,172,0.0,23.1,Freshly Squeezed Juice-Carrot,1,Cold Drinks,8.2,1,REG,7.2,2024-02-17 08:50:47,5.2489316501187995,,,,,With Ice,"Lemon, Celery, Ginger, Beetroot",,,,,,0.9999999999999991
36373,172,0.0,23.1,Freshly Squeezed Juice-Carrot,1,Cold Drinks,8.2,1,REG,7.2,2023-10-07 08:56:24,5.2489316501187995,,,,,With Ice,"Lemon, Celery, Ginger, Beetroot",,,,,,0.9999999999999991
34584,234,0.0,23.1,Milkshake (Syrup)-Cookies and Cream,1,Cold Drinks,7.2,3,LRG,7.2,2023-08-11 09:43:23,3.306975953679214,,,,,,,Skim,,,,,0.0
21589,1017,0.0,23.1,Smoothie-Koko Berries,1,Cold Drinks,7.6,4,REG,7.6,2022-05-08 08:08:01,44.7730470925372,,,,,,,,,,,,0.0
21589,1017,0.0,23.1,Freshly Squeezed Juice-Orange,1,Cold Drinks,6.2,2,REG,6.2,2022-05-08 08:08:01,44.7730470925372,,,,,With Ice,Orange,,,,,,0.0
22715,521,0.0,35.9,Ice Latte,1,Cold Drinks,5.8,6,REG,4.8,2022-06-18 12:15:37,185.75564229728337,,Normal,,0,,,Oat Milk,,Full,Vanilla,,1.0
15976,901,0.0,35.9,Smoothie-Mango Magic,1,Cold Drinks,7.6,4,REG,7.6,2021-09-24 12:51:48,189.9719277507425,,,,,,,,,,,,0.0
38624,1524,0.0,35.9,Milkshake (Syrup)-Chocolate,1,Cold Drinks,5.2,3,SML,5.2,2023-12-17 09:19:38,25.790363648906876,,,,,,,Full Cream,,,,,0.0
38624,1524,0.0,35.9,Milkshake (Syrup)-Chocolate,2,Cold Drinks,10.4,4,SML,5.2,2023-12-17 09:19:38,25.790363648906876,,,,,,,Full Cream,,,,,0.0
7134,452,0.0,48.7,Milkshake (Syrup)-Strawberry,1,Cold Drinks,3.8,5,SML,3.8,2020-09-12 10:00:00,102.91074667455888,,,,,,,Full Cream,,,,,0.0
7134,452,0.0,48.7,Milkshake (Syrup)-Strawberry,1,Cold Drinks,3.8,6,SML,3.8,2020-09-12 10:00:00,102.91074667455888,,,,,,,Full Cream,,,,,0.0
38197,546,0.0,61.5,Freshly Squeezed Juice-Orange,1,Cold Drinks,7.2,3,REG,7.2,2023-12-03 11:12:24,102.91074667455888,,,,,With Ice,Orange,,,,,,0.0
38197,546,0.0,61.5,Freshly Squeezed Juice-Orange,1,Cold Drinks,7.2,4,REG,7.2,2023-12-03 11:12:24,102.91074667455888,,,,,With Ice,Orange,,,,,,0.0
18920,889,0.0,61.5,Iced Coffee with Cream,1,Cold Drinks,5.5,3,REG,5.5,2022-01-26 13:30:00,72.61313012580209,With Cream,Normal,,0,,,Full Cream,,Full,Vanilla,,0.0
18920,889,0.0,61.5,Smoothie-Mango Magic,1,Cold Drinks,7.6,4,REG,7.6,2022-01-26 13:30:00,72.61313012580209,,,,,,,,,,,,0.0
18920,889,0.0,61.5,Smoothie-Mango Magic,1,Cold Drinks,7.6,5,REG,7.6,2022-01-26 13:30:00,72.61313012580209,,,,,,,,,,,,0.0
38261,1543,0.0,5.2,Ice Latte,1,Cold Drinks,5.2,1,REG,5.2,2023-12-05 14:44:46,69.86653944008772,,Normal,,0,,,Skim,,Full,None,,0.0
39941,20,0.0,5.2,Ice Latte,1,Cold Drinks,5.2,1,REG,5.2,2024-02-13 09:12:05,15.937429912097317,,Normal,,0,,,Skim,,Full,None,,0.0
34172,20,0.0,5.2,Milkshake (Syrup)-Chocolate,1,Cold Drinks,5.2,1,SML,5.2,2023-07-29 11:03:06,15.937429912097317,,,,,,,Full Cream,,,,,0.0
39580,791,0.0,5.2,Ice Latte,1,Cold Drinks,5.2,1,REG,5.2,2024-02-01 07:48:43,10.429845397602763,,Normal,,0,,,Full Cream,,Full,None,,0.0
9183,574,0.0,5.2,Ice Latte,1,Cold Drinks,5.2,1,REG,4.5,2020-11-28 10:46:24,102.91074667455888,,Normal,,0,,,Almond,,Full,None,,0.7000000000000002
39657,632,0.0,5.2,Ice Latte,1,Cold Drinks,5.2,1,REG,5.2,2024-02-03 10:59:37,37.43510177679527,,Decaf,,0,,,Full Cream,,Full,None,,0.0
37115,632,0.0,5.2,Ice Latte,1,Cold Drinks,5.2,1,REG,5.2,2023-10-29 08:58:31,37.43510177679527,,Decaf,,0,,,Full Cream,,Full,None,,0.0
35416,632,0.0,5.2,Ice Latte,1,Cold Drinks,5.2,1,REG,5.2,2023-09-07 07:39:42,37.43510177679527,,Decaf,,0,,,Full Cream,,Full,None,,0.0
34362,1005,0.0,5.2,Milkshake (Syrup)-Vanilla,1,Cold Drinks,5.2,1,SML,5.2,2023-08-04 15:49:41,315.7638358013786,,,,,,,Skim,,,,,0.0
29599,9,0.0,18.0,Smoothie-Green Machine,1,Cold Drinks,7.6,3,REG,7.6,2023-03-03 10:27:08,6.703924063787684,,,,,,,,,,,,0.0
35040,268,0.0,18.0,Milkshake (Syrup)-Cookies and Cream,1,Cold Drinks,7.2,3,LRG,7.2,2023-08-25 10:27:52,86.00495109529,,,,,,,Skim,,,,,0.0
25303,810,0.0,18.0,Ice Latte,1,Cold Drinks,5.5,2,REG,4.8,2022-09-20 10:32:38,144.58892088938225,,Normal,,0,,,Almond,,Full,Vanilla,,0.7000000000000002
25303,810,0.0,18.0,Freshly Squeezed Juice-Orange,1,Cold Drinks,7.0,1,REG,6.5,2022-09-20 10:32:38,144.58892088938225,,,,,With Ice,"Orange, Lemon, Apple, Celery, Carrot, Ginger",,,,,,0.5
25303,810,0.0,18.0,Ice Latte,1,Cold Drinks,5.5,3,REG,4.8,2022-09-20 10:32:38,144.58892088938225,,Normal,,0,,,Almond,,Full,Vanilla,,0.7000000000000002
16065,49,0.0,18.0,Milkshake (Syrup)-Chocolate,1,Cold Drinks,3.9,5,SML,3.9,2021-09-27 10:21:12,5.6913721453400745,,,,,,,Full Cream,,,,,0.0
17726,324,0.0,18.0,Iced Coffee with Cream,1,Cold Drinks,6.0,2,REG,5.5,2021-11-24 09:42:46,21.399972119696923,No Cream,Normal,,0,,,Lactose Free,,Full,Vanilla,,0.5
15549,871,0.0,18.0,Ice Latte,1,Cold Drinks,4.8,1,REG,4.8,2021-09-10 12:22:00,526.6966236205938,,Normal,,0,,,Full Cream,,Full,None,,0.0
20139,112,0.0,18.0,Milkshake (Syrup)-Chocolate,1,Cold Drinks,6.0,2,LRG,6.0,2022-03-12 12:57:55,137.31543763089678,,,,,,,Full Cream,,,,,0.0
29380,1405,0.0,18.0,Freshly Squeezed Juice-Orange,1,Cold Drinks,6.5,1,REG,6.5,2023-02-24 11:45:00,71.1488147909285,,,,,With Ice,Orange,,,,,,0.0
12864,674,0.0,18.0,Thickshake (Syrup)-Caramel,1,Cold Drinks,8.0,1,LRG,8.0,2021-05-29 10:58:16,40.622332688356025,,,,,,,,,,,,0.0
27916,189,0.0,18.0,Smoothie-Mango Magic,1,Cold Drinks,7.6,3,REG,7.6,2022-12-20 07:26:15,9.699059222346209,,,,,,,,,,,,0.0
36652,234,0.0,18.0,Milkshake (Syrup)-Cookies and Cream,1,Cold Drinks,7.2,3,LRG,7.2,2023-10-15 09:58:18,3.306975953679214,,,,,,,Skim,,,,,0.0
31533,234,0.0,18.0,Milkshake (Syrup)-Cookies and Cream,1,Cold Drinks,6.5,2,LRG,6.5,2023-05-06 09:41:49,3.306975953679214,,,,,,,Skim,,,,,0.0
37729,1267,0.0,18.0,Coffee Frappe,1,Cold Drinks,6.9,1,REG,6.9,2023-11-18 15:15:00,308.0541078014272,,Normal,,0,,,Full Cream,,Full,,,0.0
37729,1267,0.0,18.0,Iced Chocolate with Cream,1,Cold Drinks,5.9,2,REG,5.9,2023-11-18 15:15:00,308.0541078014272,No Cream,,,0,,,Full Cream,,Full,,,0.0
37729,1267,0.0,18.0,Milkshake (Syrup)-Chocolate,1,Cold Drinks,5.2,3,SML,5.2,2023-11-18 15:15:00,308.0541078014272,,,,,,,Full Cream,,,,,0.0
19376,341,0.0,30.8,Iced Coffee with Cream,1,Cold Drinks,5.5,2,REG,5.5,2022-02-12 09:55:51,86.43207290008986,With Cream,Normal,,0,,,Full Cream,,Full,Vanilla,,0.0
21554,888,0.0,30.8,Thickshake (Syrup)-Banana,1,Cold Drinks,6.0,2,SML,6.0,2022-05-06 15:45:00,57.14591310509777,,,,,,,,,,,,0.0
21554,888,0.0,30.8,Thickshake (Syrup)-Lime,1,Cold Drinks,6.0,3,SML,6.0,2022-05-06 15:45:00,57.14591310509777,,,,,,,,,,,,0.0
13179,757,0.0,30.8,Iced Chocolate with Cream,1,Cold Drinks,5.5,1,REG,5.5,2021-06-10 09:15:00,680.9767494807244,With Cream,,,0,,,Full Cream,,Full,,,0.0
36409,1626,0.0,43.6,Ice Latte,1,Cold Drinks,5.2,4,REG,5.2,2023-10-08 08:36:05,102.91074667455888,,Normal,,0,,,Full Cream,,Full,None,,0.0
36409,1626,0.0,43.6,Iced Coffee with Cream,1,Cold Drinks,5.9,5,REG,5.9,2023-10-08 08:36:05,102.91074667455888,With Cream,Normal,,0,,,Full Cream,,Full,Vanilla,,0.0
10037,351,0.0,43.6,Milkshake (Syrup)-Vanilla,1,Cold Drinks,2.9,5,MINI,2.9,2021-01-15 11:10:33,15.749687649741688,,,,,,,Full Cream,,,,,0.0
10037,351,0.0,43.6,Milkshake (Syrup)-Vanilla,1,Cold Drinks,2.9,6,MINI,2.9,2021-01-15 11:10:33,15.749687649741688,,,,,,,Full Cream,,,,,0.0
10037,351,0.0,43.6,Milkshake (Syrup)-Vanilla,1,Cold Drinks,2.9,7,MINI,2.9,2021-01-15 11:10:33,15.749687649741688,,,,,,,Full Cream,,,,,0.0
10037,351,0.0,43.6,Milkshake (Syrup)-Vanilla,1,Cold Drinks,2.9,8,MINI,2.9,2021-01-15 11:10:33,15.749687649741688,,,,,,,Full Cream,,,,,0.0
31840,443,0.0,43.6,Smoothie-Green Machine,1,Cold Drinks,7.6,3,REG,7.6,2023-05-15 12:15:00,259.95384205662356,,,,,,,,,,,,0.0
31840,443,0.0,43.6,Freshly Squeezed Juice-Orange,2,Cold Drinks,13.0,1,REG,6.5,2023-05-15 12:15:00,259.95384205662356,,,,,With Ice,Orange,,,,,,0.0
29823,1148,0.0,56.4,Ice Latte,1,Cold Drinks,5.0,3,REG,5.0,2023-03-10 14:54:36,21.754424527504998,,Normal,,0,,,Full Cream,,Full,None,,0.0
29823,1148,0.0,56.4,Milkshake (Syrup)-Lime,1,Cold Drinks,2.9,5,MINI,2.9,2023-03-10 14:54:36,21.754424527504998,,,,,,,Full Cream,,,,,0.0
29823,1148,0.0,56.4,Milkshake (Syrup)-Cookies and Cream,1,Cold Drinks,2.9,6,MINI,2.9,2023-03-10 14:54:36,21.754424527504998,,,,,,,Full Cream,,,,,0.0
10795,20,0.0,12.9,Ice Latte,1,Cold Drinks,5.3,3,REG,4.8,2021-02-23 10:00:03,15.937429912097317,,Normal,,1,,,Skim,,Full,None,,0.5
10795,20,0.0,12.9,Freshly Squeezed Juice-Orange,1,Cold Drinks,6.0,2,REG,6.0,2021-02-23 10:00:03,15.937429912097317,,,,,With Ice,"Orange, Apple",,,,,,0.0
4884,48,0.0,12.9,Milkshake (Syrup)-Chocolate,1,Cold Drinks,3.8,3,SML,3.8,2020-05-15 09:00:18,20.32398627078375,,,,,,,Full Cream,,,,,0.0
15387,308,0.0,12.9,Freshly Squeezed Juice-Orange,1,Cold Drinks,6.0,2,REG,6.0,2021-09-05 09:01:38,10.76198852605863,,,,,With Ice,Apple,,,,,,0.0
17826,839,0.0,12.9,Milkshake (Syrup)-Strawberry,1,Cold Drinks,2.9,3,MINI,2.9,2021-11-28 08:15:00,7.6513830729472705,,,,,,,Full Cream,,,,,0.0
16654,839,0.0,12.9,Milkshake (Syrup)-Strawberry,1,Cold Drinks,2.9,3,MINI,2.9,2021-10-17 09:00:00,7.6513830729472705,,,,,,,Full Cream,,,,,0.0
16246,839,0.0,12.9,Milkshake (Syrup)-Chocolate,1,Cold Drinks,2.9,3,MINI,2.9,2021-10-03 09:30:00,7.6513830729472705,,,,,,,Full Cream,,,,,0.0
16114,839,0.0,12.9,Milkshake (Syrup)-Chocolate,1,Cold Drinks,2.9,3,MINI,2.9,2021-09-29 08:15:00,7.6513830729472705,,,,,,,Full Cream,,,,,0.0
16054,839,0.0,12.9,Milkshake (Syrup)-Chocolate,1,Cold Drinks,2.9,3,MINI,2.9,2021-09-27 08:45:00,7.6513830729472705,,,,,,,Full Cream,,,,,0.0
16016,839,0.0,12.9,Milkshake (Syrup)-Chocolate,1,Cold Drinks,2.9,3,MINI,2.9,2021-09-26 08:30:00,7.6513830729472705,,,,,,,Full Cream,,,,,0.0
7772,387,0.0,12.9,Milkshake (Syrup)-Strawberry,1,Cold Drinks,3.8,3,SML,3.8,2020-10-06 09:50:30,89.20540707357817,,,,,,,Full Cream,,,,,0.0
7772,387,0.0,12.9,Iced Chocolate with Cream,1,Cold Drinks,5.0,1,REG,5.0,2020-10-06 09:50:30,89.20540707357817,With Cream,,,0,,,Full Cream,,Full,,,0.0
14729,146,0.0,12.9,Smoothie-Mango Magic,1,Cold Drinks,7.6,2,REG,7.6,2021-08-12 10:02:50,218.5940613016823,,,,,,,,,,,,0.0
12101,157,0.0,12.9,Milkshake (Syrup)-Strawberry,1,Cold Drinks,2.9,3,MINI,2.9,2021-04-27 11:50:13,131.96220818948092,,,,,,,Full Cream,,,,,0.0
29957,421,0.0,12.9,Milkshake (Syrup)-Strawberry,1,Cold Drinks,3.4,2,MINI,2.9,2023-03-15 09:06:44,32.56254897822951,,,,,,,Soy,,,,,0.5
33372,175,0.0,12.9,Milkshake (Syrup)-Caramel,1,Cold Drinks,2.9,3,MINI,2.9,2023-07-04 09:24:47,10.277826498239987,,,,,,,Full Cream,,,,,0.0
28904,175,0.0,12.9,Milkshake (Syrup)-Banana,1,Cold Drinks,2.9,3,MINI,2.9,2023-02-08 09:09:33,10.277826498239987,,,,,,,Full Cream,,,,,0.0
28711,175,0.0,12.9,Milkshake (Syrup)-Strawberry,1,Cold Drinks,2.9,3,MINI,2.9,2023-02-01 09:11:00,10.277826498239987,,,,,,,Full Cream,,,,,0.0
15190,175,0.0,12.9,Milkshake (Syrup)-Blue Heaven,1,Cold Drinks,2.9,3,MINI,2.9,2021-08-29 10:18:55,10.277826498239987,,,,,,,Full Cream,,,,,0.0
11902,175,0.0,12.9,Milkshake (Syrup)-Blue Heaven,1,Cold Drinks,2.9,3,MINI,2.9,2021-04-18 10:35:34,10.277826498239987,,,,,,,Full Cream,,,,,0.0
28788,234,0.0,12.9,Milkshake (Syrup)-Cookies and Cream,1,Cold Drinks,6.5,2,LRG,6.5,2023-02-04 09:45:33,3.306975953679214,,,,,,,Skim,,,,,0.0
28165,307,0.0,25.7,Iced Chocolate with Cream,1,Cold Drinks,5.7,3,REG,5.7,2023-01-10 10:15:43,37.82263636219195,With Cream,,,0,,,Full Cream,,Full,,,0.0
28165,307,0.0,25.7,Iced Chocolate with Cream,1,Cold Drinks,5.7,4,REG,5.7,2023-01-10 10:15:43,37.82263636219195,With Cream,,,0,,,Full Cream,,Full,,,0.0
28165,307,0.0,25.7,Milkshake (Syrup)-Lime,1,Cold Drinks,2.9,5,MINI,2.9,2023-01-10 10:15:43,37.82263636219195,,,,,,,Full Cream,,,,,0.0
37929,1017,0.0,25.7,Freshly Squeezed Juice-Apple,1,Cold Drinks,7.2,2,REG,7.2,2023-11-25 09:07:30,44.7730470925372,,,,,With Ice,Orange,,,,,,0.0
37929,1017,0.0,25.7,Freshly Squeezed Juice-Orange,1,Cold Drinks,7.2,3,REG,7.2,2023-11-25 09:07:30,44.7730470925372,,,,,With Ice,Orange,,,,,,0.0
25867,331,0.0,38.5,Smoothie-Koko Berries,1,Cold Drinks,7.6,2,REG,7.6,2022-10-12 11:34:02,177.61527753317512,,,,,,,,,,,,0.0
25867,331,0.0,38.5,Smoothie-Banana Buzz,1,Cold Drinks,7.6,3,REG,7.6,2022-10-12 11:34:02,177.61527753317512,,,,,,,,,,,,0.0
23630,175,0.0,38.5,Milkshake (Syrup)-Spearmint,1,Cold Drinks,2.9,5,MINI,2.9,2022-07-24 10:34:30,10.277826498239987,,,,,,,Full Cream,,,,,0.0
23630,175,0.0,38.5,Milkshake (Syrup)-Banana,1,Cold Drinks,3.9,6,SML,3.9,2022-07-24 10:34:30,10.277826498239987,,,,,,,Full Cream,,,,,0.0
35893,790,0.0,51.3,Ice Chai,1,Cold Drinks,6.4,4,REG,6.4,2023-09-21 11:06:34,1124.2997820866105,,,,0,,,Full Cream,,Full,,,0.0
35893,790,0.0,51.3,Iced Mocha with Cream,1,Cold Drinks,6.4,5,REG,6.4,2023-09-21 11:06:34,1124.2997820866105,With Cream,Normal,,0,,,Full Cream,,Full,,,0.0
24825,127,0.0,76.9,Ice Latte,1,Cold Drinks,4.8,4,REG,4.8,2022-09-04 09:47:37,77.04087019928528,,Normal,,0,,,Skim,,Full,None,,0.0
24825,127,0.0,76.9,Milkshake (Syrup)-Chocolate,1,Cold Drinks,6.0,6,LRG,6.0,2022-09-04 09:47:37,77.04087019928528,,,,,,,Full Cream,,,,,0.0
21322,812,0.0,7.8,Milkshake (Syrup)-Vanilla,1,Cold Drinks,3.9,1,SML,3.9,2022-04-28 11:12:42,79.96972545436999,,,,,,,Full Cream,,,,,0.0
21322,812,0.0,7.8,Milkshake (Syrup)-Vanilla,1,Cold Drinks,3.9,2,SML,3.9,2022-04-28 11:12:42,79.96972545436999,,,,,,,Full Cream,,,,,0.0
36295,1543,0.0,20.6,Thickshake (Syrup)-Chocolate,1,Cold Drinks,7.9,2,SML,7.9,2023-10-04 14:46:22,69.86653944008772,,,,,,,,,,,,0.0
36295,1543,0.0,20.6,Thickshake (Syrup)-Lime,1,Cold Drinks,7.9,3,SML,7.9,2023-10-04 14:46:22,69.86653944008772,,,,,,,,,,,,0.0
16769,12,0.0,20.6,Smoothie-Mango Magic,1,Cold Drinks,7.6,2,REG,7.6,2021-10-21 08:45:41,30.753554335954057,,,,,,,,,,,,0.0
9334,13,0.0,20.6,Smoothie-Mango Magic,1,Cold Drinks,7.6,2,REG,7.6,2020-12-05 07:18:02,44.810789212237296,,,,,,,,,,,,0.0
30810,308,0.0,20.6,Milkshake (Syrup)-Vanilla,1,Cold Drinks,2.9,4,MINI,2.9,2023-04-13 10:23:17,10.76198852605863,,,,,,,Full Cream,,,,,0.0
30810,308,0.0,20.6,Milkshake (Syrup)-Chocolate,1,Cold Drinks,2.9,5,MINI,2.9,2023-04-13 10:23:17,10.76198852605863,,,,,,,Full Cream,,,,,0.0
30810,308,0.0,20.6,Milkshake (Syrup)-Chocolate,1,Cold Drinks,2.9,6,MINI,2.9,2023-04-13 10:23:17,10.76198852605863,,,,,,,Full Cream,,,,,0.0
9006,351,0.0,20.6,Milkshake (Syrup)-Chocolate,1,Cold Drinks,3.8,3,SML,3.8,2020-11-21 09:52:44,15.749687649741688,,,,,,,Full Cream,,,,,0.0
9006,351,0.0,20.6,Milkshake (Syrup)-Chocolate,1,Cold Drinks,3.8,4,SML,3.8,2020-11-21 09:52:44,15.749687649741688,,,,,,,Full Cream,,,,,0.0
30988,197,0.0,20.6,Milkshake (Syrup)-Vanilla,1,Cold Drinks,5.0,3,SML,4.5,2023-04-19 10:11:37,8.972684535279665,,,,,,,Lactose Free,,,,,0.5
30988,197,0.0,20.6,Milkshake (Syrup)-Chocolate,1,Cold Drinks,4.5,4,SML,4.5,2023-04-19 10:11:37,8.972684535279665,,,,,,,Skim,,,,,0.0
25250,228,0.0,20.6,Milkshake (Syrup)-Lime,1,Cold Drinks,3.9,4,SML,3.9,2022-09-18 11:16:31,142.2871211013458,,,,,,,Full Cream,,,,,0.0
16134,776,0.0,33.4,Freshly Squeezed Juice-Orange,1,Cold Drinks,6.0,1,REG,6.0,2021-09-29 12:09:29,98.85342685005918,,,,,With Ice,Orange,,,,,,0.0
19581,1085,0.0,33.4,Milkshake (Syrup)-Strawberry,1,Cold Drinks,3.9,5,SML,3.9,2022-02-20 11:39:42,102.91074667455888,,,,,,,Full Cream,,,,,0.0
19581,1085,0.0,33.4,Milkshake (Syrup)-Caramel,1,Cold Drinks,3.9,6,SML,3.9,2022-02-20 11:39:42,102.91074667455888,,,,,,,Full Cream,,,,,0.0
19581,1085,0.0,33.4,Milkshake (Syrup)-Caramel,1,Cold Drinks,3.9,7,SML,3.9,2022-02-20 11:39:42,102.91074667455888,,,,,,,Full Cream,,,,,0.0
19581,1085,0.0,33.4,Milkshake (Syrup)-Chocolate,1,Cold Drinks,3.9,8,SML,3.9,2022-02-20 11:39:42,102.91074667455888,,,,,,,Full Cream,,,,,0.0
20630,839,0.0,33.4,Milkshake (Syrup)-Chocolate,1,Cold Drinks,2.9,4,MINI,2.9,2022-04-01 08:30:00,7.6513830729472705,,,,,,,Full Cream,,,,,0.0
36644,1614,0.0,33.4,Iced Chocolate with Cream,1,Cold Drinks,5.9,2,REG,5.9,2023-10-15 09:08:24,26.633312473917574,With Cream,,,0,,,Skim,,Full,,,0.0
12419,175,0.0,33.4,Milkshake (Syrup)-Strawberry,1,Cold Drinks,2.9,4,MINI,2.9,2021-05-10 10:06:51,10.277826498239987,,,,,,,Full Cream,,,,,0.0
12419,175,0.0,33.4,Milkshake (Syrup)-Banana,1,Cold Drinks,2.9,5,MINI,2.9,2021-05-10 10:06:51,10.277826498239987,,,,,,,Full Cream,,,,,0.0
26343,127,0.0,46.2,Milkshake (Syrup)-Chocolate,1,Cold Drinks,6.0,5,LRG,6.0,2022-10-29 10:21:05,77.04087019928528,,,,,,,Full Cream,,,,,0.0
29902,1192,4.2,46.2,Smoothie-Koko Berries,1,Cold Drinks,7.6,3,REG,7.6,2023-03-13 12:45:00,48.3676739574891,,,,,,,,,,,,0.0
35766,175,0.0,46.2,Milkshake (Syrup)-Banana,1,Cold Drinks,7.2,3,LRG,7.2,2023-09-17 10:30:39,10.277826498239987,,,,,,,Full Cream,,,,,0.0
35766,175,0.0,46.2,Smoothie-Mango Magic,1,Cold Drinks,8.5,4,REG,8.5,2023-09-17 10:30:39,10.277826498239987,,,,,,,,,,,,0.0
18531,754,0.0,46.2,Smoothie-Mango Magic,1,Cold Drinks,7.6,3,REG,7.6,2022-01-08 09:03:53,5.580993662182695,,,,,,,,,,,,0.0
31969,1485,0.0,59.0,Freshly Squeezed Juice-Orange,2,Cold Drinks,13.0,3,REG,6.5,2023-05-20 08:00:00,102.91074667455888,,,,,With Ice,Orange,,,,,,0.0
35304,127,0.0,71.8,Milkshake (Syrup)-Chocolate,1,Cold Drinks,7.2,6,LRG,7.2,2023-09-03 10:20:09,77.04087019928528,,,,,,,Full Cream,,,,,0.0
19972,754,0.0,71.8,Smoothie-Koko Berries,1,Cold Drinks,7.6,5,REG,7.6,2022-03-06 11:36:35,5.580993662182695,,,,,,,,,,,,0.0
19972,754,0.0,71.8,Smoothie-Mango Magic,1,Cold Drinks,7.6,6,REG,7.6,2022-03-06 11:36:35,5.580993662182695,,,,,,,,,,,,0.0
3716,47,0.0,15.5,Smoothie-Green Machine,1,Cold Drinks,7.5,2,REG,7.5,2019-10-20 13:53:36,169.9117417955569,,,,,,,,,,,,0.0
12894,49,0.0,15.5,Milkshake (Syrup)-Chocolate,1,Cold Drinks,3.9,4,SML,3.9,2021-05-30 11:19:40,5.6913721453400745,,,,,,,Full Cream,,,,,0.0
5774,49,0.0,15.5,Milkshake (Syrup)-Chocolate,1,Cold Drinks,3.8,4,SML,3.8,2020-07-16 08:45:31,5.6913721453400745,,,,,,,Full Cream,,,,,0.0
18190,575,0.0,15.5,Freshly Squeezed Juice-Orange,1,Cold Drinks,6.5,1,REG,6.0,2021-12-11 12:15:00,76.78296157615826,,,,,With Ice,"Orange, Lemon, Apple, Carrot, Ginger",,,,,,0.5
9189,575,0.0,15.5,Iced Coffee with Cream,1,Cold Drinks,5.5,1,REG,5.0,2020-11-28 14:53:17,76.78296157615826,No Cream,Normal,,0,,,Lactose Free,,Full,Vanilla,,0.5
22527,421,0.0,15.5,Milkshake (Syrup)-Strawberry,1,Cold Drinks,3.4,4,MINI,2.9,2022-06-11 09:10:18,32.56254897822951,,,,,,,Soy,,,,,0.5
12201,12,0.0,28.3,Smoothie-Mango Magic,1,Cold Drinks,7.6,4,REG,7.6,2021-05-02 09:19:06,30.753554335954057,,,,,,,,,,,,0.0
12201,12,0.0,28.3,Smoothie-Mango Magic,1,Cold Drinks,7.6,5,REG,7.6,2021-05-02 09:19:06,30.753554335954057,,,,,,,,,,,,0.0
26975,89,0.0,28.3,Milkshake (Syrup)-Chocolate,1,Cold Drinks,6.5,2,LRG,6.0,2022-11-20 08:59:53,151.01420580226997,,,,,,,Lactose Free,,,,,0.5
26975,89,0.0,28.3,Milkshake (Syrup)-Chocolate,1,Cold Drinks,3.9,3,SML,3.9,2022-11-20 08:59:53,151.01420580226997,,,,,,,Full Cream,,,,,0.0
26975,89,0.0,28.3,Milkshake (Syrup)-Chocolate,1,Cold Drinks,6.0,4,LRG,6.0,2022-11-20 08:59:53,151.01420580226997,,,,,,,Full Cream,,,,,0.0
20309,175,0.0,28.3,Milkshake (Syrup)-Caramel,1,Cold Drinks,2.9,6,MINI,2.9,2022-03-19 11:08:04,10.277826498239987,,,,,,,Full Cream,,,,,0.0
30295,228,0.0,28.3,Milkshake (Syrup)-Caramel,2,Cold Drinks,5.8,5,MINI,2.9,2023-03-26 10:30:26,142.2871211013458,,,,,,,Full Cream,,,,,0.0
30295,228,0.0,28.3,Ice Latte,1,Cold Drinks,6.0,2,REG,5.0,2023-03-26 10:30:26,142.2871211013458,,Normal,,0,,,Oat Milk,,Full,None,,1.0
11587,12,0.0,53.9,Smoothie-Mango Magic,1,Cold Drinks,7.6,4,REG,7.6,2021-04-02 12:18:44,30.753554335954057,,,,,,,,,,,,0.0
23590,49,0.0,10.4,Iced Mocha with Cream,1,Cold Drinks,6.0,2,REG,6.0,2022-07-23 09:53:00,5.6913721453400745,No Cream,Normal,,0,,,Full Cream,,Half,,,0.0
38365,1106,0.0,10.4,Milkshake (Syrup)-Chocolate,2,Cold Drinks,10.4,1,SML,5.2,2023-12-09 08:07:05,605.7950698599872,,,,,,,Full Cream,,,,,0.0
29084,1148,0.0,10.4,Milkshake (Syrup)-Chocolate,1,Cold Drinks,2.9,2,MINI,2.9,2023-02-14 09:59:24,21.754424527504998,,,,,,,Full Cream,,,,,0.0
29084,1148,0.0,10.4,Milkshake (Syrup)-Chocolate,1,Cold Drinks,2.9,3,MINI,2.9,2023-02-14 09:59:24,21.754424527504998,,,,,,,Full Cream,,,,,0.0
35958,387,0.0,10.4,Milkshake (Syrup)-Strawberry,1,Cold Drinks,5.2,1,SML,5.2,2023-09-23 11:04:01,89.20540707357817,,,,,,,Full Cream,,,,,0.0
35958,387,0.0,10.4,Milkshake (Syrup)-Cookies and Cream,1,Cold Drinks,5.2,2,SML,5.2,2023-09-23 11:04:01,89.20540707357817,,,,,,,Full Cream,,,,,0.0
20033,387,0.0,10.4,Iced Chocolate with Cream,1,Cold Drinks,5.5,1,REG,5.5,2022-03-08 13:55:26,89.20540707357817,With Cream,,,0,,,Full Cream,,Full,,,0.0
17729,954,0.0,10.4,Freshly Squeezed Juice-Orange,1,Cold Drinks,6.0,1,REG,6.0,2021-11-24 10:02:50,271.5290039756342,,,,,With Ice,"Orange, Apple",,,,,,0.0
25753,1277,0.0,10.4,Milkshake (Syrup)-Chocolate,1,Cold Drinks,3.9,1,SML,3.9,2022-10-07 11:15:00,27.543904346818127,,,,,,,Full Cream,,,,,0.0
25753,1277,0.0,10.4,Thickshake (Syrup)-Chocolate,1,Cold Drinks,6.5,2,SML,6.5,2022-10-07 11:15:00,27.543904346818127,,,,,,,,,,,,0.0
25407,1277,0.0,10.4,Thickshake (Syrup)-Chocolate,1,Cold Drinks,6.5,2,SML,6.5,2022-09-24 09:30:00,27.543904346818127,,,,,,,,,,,,0.0
25407,1277,0.0,10.4,Milkshake (Syrup)-Strawberry,1,Cold Drinks,3.9,1,SML,3.9,2022-09-24 09:30:00,27.543904346818127,,,,,,,Full Cream,,,,,0.0
17804,1024,0.0,23.2,Thickshake (Syrup)-Chocolate,1,Cold Drinks,6.0,3,SML,6.0,2021-11-27 09:14:21,102.91074667455888,,,,,,,,,,,,0.0
17804,1024,0.0,23.2,Thickshake (Syrup)-Chocolate,1,Cold Drinks,8.0,4,LRG,8.0,2021-11-27 09:14:21,102.91074667455888,,,,,,,,,,,,0.0
20852,268,0.0,23.2,Iced Chocolate with Cream,1,Cold Drinks,5.5,1,REG,5.5,2022-04-09 09:36:43,86.00495109529,With Cream,,,0,,,Skim,,Full,,,0.0
20852,268,0.0,23.2,Iced Chocolate with Cream,1,Cold Drinks,5.5,2,REG,5.5,2022-04-09 09:36:43,86.00495109529,No Cream,,,0,,,Skim,,Full,,,0.0
20852,268,0.0,23.2,Milkshake (Syrup)-Vanilla,1,Cold Drinks,3.9,4,SML,3.9,2022-04-09 09:36:43,86.00495109529,,,,,,,Full Cream,,,,,0.0
20852,268,0.0,23.2,Milkshake (Syrup)-Chocolate,1,Cold Drinks,3.9,5,SML,3.9,2022-04-09 09:36:43,86.00495109529,,,,,,,Full Cream,,,,,0.0
35774,1117,0.0,23.2,Thickshake (Syrup)-Chocolate,1,Cold Drinks,10.5,2,LRG,10.5,2023-09-17 12:27:05,55.207406274066905,,,,,,,,,,,,0.0
35774,1117,0.0,23.2,Thickshake (Syrup)-Chocolate,1,Cold Drinks,7.9,3,SML,7.9,2023-09-17 12:27:05,55.207406274066905,,,,,,,,,,,,0.0
29282,1379,0.0,23.2,Freshly Squeezed Juice-Orange,1,Cold Drinks,6.5,1,REG,6.5,2023-02-21 12:30:00,165.72668262332814,,,,,With Ice,Orange,,,,,,0.0
28686,888,0.0,23.2,Smoothie-Koko Berries,1,Cold Drinks,7.6,2,REG,7.6,2023-01-31 11:50:00,57.14591310509777,,,,,,,,,,,,0.0
36015,175,0.0,23.2,Milkshake (Syrup)-Caramel,1,Cold Drinks,3.3,3,MINI,3.3,2023-09-25 09:24:23,10.277826498239987,,,,,,,Full Cream,,,,,0.0
36015,175,0.0,23.2,Milkshake (Syrup)-Chocolate,2,Cold Drinks,6.6,4,MINI,3.3,2023-09-25 09:24:23,10.277826498239987,,,,,,,Full Cream,,,,,0.0
36015,175,0.0,23.2,Milkshake (Syrup)-Strawberry,1,Cold Drinks,3.3,5,MINI,3.3,2023-09-25 09:24:23,10.277826498239987,,,,,,,Full Cream,,,,,0.0
6207,197,0.0,23.2,Milkshake (Syrup)-Vanilla,1,Cold Drinks,2.5,5,MINI,2.5,2020-08-05 09:30:47,8.972684535279665,,,,,,,Full Cream,,,,,0.0
6207,197,0.0,23.2,Milkshake (Syrup)-Chocolate,1,Cold Drinks,2.5,6,MINI,2.5,2020-08-05 09:30:47,8.972684535279665,,,,,,,Full Cream,,,,,0.0
16215,233,0.0,23.2,Thickshake (Syrup)-Chocolate,1,Cold Drinks,6.0,3,SML,6.0,2021-10-02 08:10:45,14.254925248600953,,,,,,,,,,,,0.0
16215,233,0.0,23.2,Thickshake (Syrup)-Chocolate,1,Cold Drinks,8.0,4,LRG,8.0,2021-10-02 08:10:45,14.254925248600953,,,,,,,,,,,,0.0
16090,233,0.0,23.2,Thickshake (Syrup)-Chocolate,1,Cold Drinks,6.0,3,SML,6.0,2021-09-28 08:50:18,14.254925248600953,,,,,,,,,,,,0.0
16090,233,0.0,23.2,Thickshake (Syrup)-Chocolate,1,Cold Drinks,8.0,4,LRG,8.0,2021-09-28 08:50:18,14.254925248600953,,,,,,,,,,,,0.0
16008,233,0.0,23.2,Thickshake (Syrup)-Chocolate,1,Cold Drinks,6.0,3,SML,6.0,2021-09-25 12:11:54,14.254925248600953,,,,,,,,,,,,0.0
16008,233,0.0,23.2,Thickshake (Syrup)-Chocolate,1,Cold Drinks,8.0,4,LRG,8.0,2021-09-25 12:11:54,14.254925248600953,,,,,,,,,,,,0.0
15778,233,0.0,23.2,Thickshake (Syrup)-Chocolate,1,Cold Drinks,8.0,3,LRG,8.0,2021-09-18 09:21:31,14.254925248600953,,,,,,,,,,,,0.0
15778,233,0.0,23.2,Thickshake (Syrup)-Chocolate,1,Cold Drinks,6.0,4,SML,6.0,2021-09-18 09:21:31,14.254925248600953,,,,,,,,,,,,0.0
15590,233,0.0,23.2,Thickshake (Syrup)-Chocolate,1,Cold Drinks,6.0,3,SML,6.0,2021-09-12 08:49:23,14.254925248600953,,,,,,,,,,,,0.0
15590,233,0.0,23.2,Thickshake (Syrup)-Chocolate,1,Cold Drinks,8.0,4,LRG,8.0,2021-09-12 08:49:23,14.254925248600953,,,,,,,,,,,,0.0
15358,233,0.0,23.2,Thickshake (Syrup)-Chocolate,1,Cold Drinks,6.0,3,SML,6.0,2021-09-04 08:57:31,14.254925248600953,,,,,,,,,,,,0.0
15358,233,0.0,23.2,Thickshake (Syrup)-Chocolate,1,Cold Drinks,8.0,4,LRG,8.0,2021-09-04 08:57:31,14.254925248600953,,,,,,,,,,,,0.0
35549,234,0.0,23.2,Milkshake (Syrup)-Cookies and Cream,1,Cold Drinks,7.2,3,LRG,7.2,2023-09-10 09:26:14,3.306975953679214,,,,,,,Skim,,,,,0.0
34397,811,0.0,48.8,Smoothie-Koko Berries,1,Cold Drinks,8.5,2,REG,8.5,2023-08-05 14:06:12,56.15160730560616,,,,,,,,,,,,0.0
34397,811,0.0,48.8,Smoothie-Green Machine,1,Cold Drinks,8.5,3,REG,8.5,2023-08-05 14:06:12,56.15160730560616,,,,,,,,,,,,0.0
10668,330,0.0,61.6,Milkshake (Syrup)-Cookies and Cream,1,Cold Drinks,6.0,5,LRG,6.0,2021-02-16 12:11:29,130.7755117854968,,,,,,,Full Cream,,,,,0.0
10668,330,0.0,61.6,Smoothie-Mango Magic,1,Cold Drinks,7.6,7,REG,7.6,2021-02-16 12:11:29,130.7755117854968,,,,,,,,,,,,0.0
18605,20,0.0,5.3,Ice Latte,1,Cold Drinks,5.3,1,REG,4.8,2022-01-11 11:31:53,15.937429912097317,,Normal,,1,,,Skim,,Full,None,,0.5
17828,593,0.0,5.3,Ice Latte,1,Cold Drinks,5.3,1,REG,4.8,2021-11-28 08:11:27,114.66552061030718,,Normal,,1,,,Skim,,Full,Vanilla,,0.5
16546,342,0.0,5.3,Ice Latte,1,Cold Drinks,5.3,1,REG,4.8,2021-10-13 12:29:38,139.44147090992627,,Normal,,0,,,Soy,,Full,Vanilla,,0.5
20868,197,0.0,5.3,Ice Latte,1,Cold Drinks,5.3,1,REG,4.8,2022-04-09 12:28:36,8.972684535279665,,Normal,,0,,,Soy,,Full,None,,0.5
17889,197,0.0,5.3,Ice Latte,1,Cold Drinks,5.3,1,REG,4.8,2021-11-30 08:47:48,8.972684535279665,,Normal,,0,,,Soy,,Full,Vanilla,,0.5
19178,251,0.0,5.3,Ice Latte,1,Cold Drinks,5.3,1,REG,4.8,2022-02-05 09:19:09,60.441634282927495,,Normal,,0,,,Lactose Free,,Full,Vanilla,,0.5
19149,251,0.0,5.3,Ice Latte,1,Cold Drinks,5.3,1,REG,4.8,2022-02-04 09:09:52,60.441634282927495,,Normal,,0,,,Lactose Free,,Full,Vanilla,,0.5
19010,251,0.0,5.3,Ice Latte,1,Cold Drinks,5.3,1,REG,4.8,2022-01-30 11:00:00,60.441634282927495,,Normal,,0,,,Lactose Free,,Full,Vanilla,,0.5
23634,9,0.0,18.1,Smoothie-Green Machine,1,Cold Drinks,7.6,3,REG,7.6,2022-07-24 12:19:17,6.703924063787684,,,,,,,,,,,,0.0
23448,9,0.0,18.1,Smoothie-Green Machine,1,Cold Drinks,7.6,3,REG,7.6,2022-07-18 11:07:52,6.703924063787684,,,,,,,,,,,,0.0
13359,9,0.0,18.1,Smoothie-Green Machine,1,Cold Drinks,7.6,3,REG,7.6,2021-06-16 08:59:37,6.703924063787684,,,,,,,,,,,,0.0
11370,9,0.0,18.1,Smoothie-Green Machine,1,Cold Drinks,7.6,3,REG,7.6,2021-03-24 09:56:37,6.703924063787684,,,,,,,,,,,,0.0
11350,9,0.0,18.1,Smoothie-Green Machine,1,Cold Drinks,7.6,3,REG,7.6,2021-03-23 10:16:00,6.703924063787684,,,,,,,,,,,,0.0
10769,9,0.0,18.1,Smoothie-Green Machine,1,Cold Drinks,7.6,3,REG,7.6,2021-02-21 10:03:06,6.703924063787684,,,,,,,,,,,,0.0
34155,1395,0.0,18.1,Smoothie-Mango Magic,1,Cold Drinks,8.5,3,REG,8.5,2023-07-29 08:47:13,33.35922803720277,,,,,,,,,,,,0.0
32194,1395,0.0,18.1,Smoothie-Mango Magic,1,Cold Drinks,7.6,3,REG,7.6,2023-05-27 08:48:53,33.35922803720277,,,,,,,,,,,,0.0
32194,1395,0.0,18.1,Freshly Squeezed Juice-Orange,1,Cold Drinks,6.5,1,REG,6.5,2023-05-27 08:48:53,33.35922803720277,,,,,With Ice,Lemon,,,,,,0.0
29636,1395,0.0,18.1,Freshly Squeezed Juice-Orange,1,Cold Drinks,6.5,1,REG,6.5,2023-03-04 12:48:02,33.35922803720277,,,,,With Ice,"Orange, Lemon, Apple",,,,,,0.0
29203,1395,0.0,18.1,Freshly Squeezed Juice-Orange,1,Cold Drinks,6.5,1,REG,6.5,2023-02-18 12:10:52,33.35922803720277,,,,,With Ice,"Orange, Lemon",,,,,,0.0
29009,1395,0.0,18.1,Freshly Squeezed Juice-Orange,1,Cold Drinks,6.5,1,REG,6.5,2023-02-11 12:00:47,33.35922803720277,,,,,With Ice,"Orange, Lemon",,,,,,0.0
28710,1148,0.0,18.1,Milkshake (Syrup)-Chocolate,1,Cold Drinks,4.5,3,SML,4.5,2023-02-01 08:57:53,21.754424527504998,,,,,,,Full Cream,,,,,0.0
18893,146,0.0,18.1,Iced Coffee with Cream,1,Cold Drinks,5.5,2,REG,5.5,2022-01-25 11:15:47,218.5940613016823,No Cream,Normal,,0,,,Full Cream,,Full,Vanilla,,0.0
18893,146,0.0,18.1,Milkshake (Syrup)-Chocolate,1,Cold Drinks,6.0,3,LRG,6.0,2022-01-25 11:15:47,218.5940613016823,,,,,,,Full Cream,,,,,0.0
13047,419,0.0,18.1,Thickshake (Syrup)-Vanilla,1,Cold Drinks,6.0,4,SML,6.0,2021-06-05 08:26:27,102.91074667455888,,,,,,,,,,,,0.0
13047,419,0.0,18.1,Milkshake (Syrup)-Vanilla,1,Cold Drinks,2.9,3,MINI,2.9,2021-06-05 08:26:27,102.91074667455888,,,,,,,Full Cream,,,,,0.0
15554,421,0.0,18.1,Ice Latte,1,Cold Drinks,5.8,2,REG,4.8,2021-09-11 08:00:00,32.56254897822951,,Normal,,0,,,Oat Milk,,Full,Vanilla,,1.0
14930,175,0.0,18.1,Milkshake (Syrup)-Banana,1,Cold Drinks,2.9,4,MINI,2.9,2021-08-20 11:00:42,10.277826498239987,,,,,,,Full Cream,,,,,0.0
14930,175,0.0,18.1,Milkshake (Syrup)-Chocolate,1,Cold Drinks,2.9,5,MINI,2.9,2021-08-20 11:00:42,10.277826498239987,,,,,,,Full Cream,,,,,0.0
18562,189,0.0,18.1,Thickshake (Syrup)-Chocolate,1,Cold Drinks,6.0,3,SML,6.0,2022-01-09 13:35:29,9.699059222346209,,,,,,,,,,,,0.0
18562,189,0.0,18.1,Smoothie-Koko Berries,1,Cold Drinks,7.6,2,REG,7.6,2022-01-09 13:35:29,9.699059222346209,,,,,,,,,,,,0.0
14794,233,0.0,18.1,Thickshake (Syrup)-Chocolate,1,Cold Drinks,6.0,4,SML,6.0,2021-08-15 09:53:24,14.254925248600953,,,,,,,,,,,,0.0
14794,233,0.0,18.1,Milkshake (Syrup)-Vanilla,1,Cold Drinks,2.9,3,MINI,2.9,2021-08-15 09:53:24,14.254925248600953,,,,,,,Full Cream,,,,,0.0
13754,233,0.0,18.1,Thickshake (Syrup)-Chocolate,1,Cold Drinks,6.0,4,SML,6.0,2021-07-03 09:14:32,14.254925248600953,,,,,,,,,,,,0.0
13754,233,0.0,18.1,Milkshake (Syrup)-Vanilla,1,Cold Drinks,2.9,3,MINI,2.9,2021-07-03 09:14:32,14.254925248600953,,,,,,,Full Cream,,,,,0.0
13462,233,0.0,18.1,Thickshake (Syrup)-Chocolate,1,Cold Drinks,6.0,4,SML,6.0,2021-06-20 10:25:34,14.254925248600953,,,,,,,,,,,,0.0
13462,233,0.0,18.1,Milkshake (Syrup)-Vanilla,1,Cold Drinks,2.9,3,MINI,2.9,2021-06-20 10:25:34,14.254925248600953,,,,,,,Full Cream,,,,,0.0
13251,233,0.0,18.1,Milkshake (Syrup)-Vanilla,1,Cold Drinks,2.9,3,MINI,2.9,2021-06-12 09:15:31,14.254925248600953,,,,,,,Full Cream,,,,,0.0
13251,233,0.0,18.1,Thickshake (Syrup)-Chocolate,1,Cold Drinks,6.0,4,SML,6.0,2021-06-12 09:15:31,14.254925248600953,,,,,,,,,,,,0.0
18846,88,0.0,30.9,Iced Coffee with Cream,1,Cold Drinks,5.5,3,REG,5.5,2022-01-23 13:45:27,78.77380993269992,No Cream,Normal,,0,,,Full Cream,,Full,Vanilla,,0.0
18846,88,0.0,30.9,Iced Chocolate with Cream,1,Cold Drinks,6.0,2,REG,5.5,2022-01-23 13:45:27,78.77380993269992,No Cream,,,0,,,Soy,,Full,,,0.5
30765,1144,0.0,30.9,Ice Chai,1,Cold Drinks,6.7,2,REG,6.2,2023-04-11 11:23:10,58.176580277235466,,,,1,,,Skim,,Full,,,0.5
29724,1144,0.0,30.9,Iced Coffee with Cream,1,Cold Drinks,6.7,2,REG,5.7,2023-03-07 11:04:19,58.176580277235466,With Cream,Normal,,0,,,Oat Milk,,Full,Vanilla,,1.0
24775,446,0.0,30.9,Iced Chocolate with Cream,1,Cold Drinks,5.5,5,REG,5.5,2022-09-02 13:53:06,6.801133915060578,With Cream,,,0,,,Full Cream,,Full,,,0.0
24775,446,0.0,30.9,Coffee Frappe,1,Cold Drinks,6.5,4,REG,6.5,2022-09-02 13:53:06,6.801133915060578,,Decaf,,0,,,Full Cream,,Full,,,0.0
24775,446,0.0,30.9,Milkshake (Syrup)-Lime,1,Cold Drinks,3.9,6,SML,3.9,2022-09-02 13:53:06,6.801133915060578,,,,,,,Full Cream,,,,,0.0
18312,275,0.0,13.0,Freshly Squeezed Juice-Orange,1,Cold Drinks,6.0,1,REG,6.0,2021-12-17 06:44:13,9.182885244928025,,,,,With Ice,Orange,,,,,,0.0
18216,275,0.0,13.0,Freshly Squeezed Juice-Orange,1,Cold Drinks,6.0,1,REG,6.0,2021-12-13 06:23:29,9.182885244928025,,,,,With Ice,Orange,,,,,,0.0
18025,275,0.0,13.0,Freshly Squeezed Juice-Orange,1,Cold Drinks,6.0,1,REG,6.0,2021-12-06 07:54:01,9.182885244928025,,,,,With Ice,Orange,,,,,,0.0
17666,275,0.0,13.0,Freshly Squeezed Juice-Orange,1,Cold Drinks,6.0,1,REG,6.0,2021-11-22 08:02:33,9.182885244928025,,,,,With Ice,Orange,,,,,,0.0
17608,275,0.0,13.0,Freshly Squeezed Juice-Orange,1,Cold Drinks,6.0,1,REG,6.0,2021-11-20 07:38:10,9.182885244928025,,,,,With Ice,Orange,,,,,,0.0
16389,275,0.0,13.0,Freshly Squeezed Juice-Orange,1,Cold Drinks,6.0,1,REG,6.0,2021-10-08 07:30:51,9.182885244928025,,,,,With Ice,Orange,,,,,,0.0
15289,275,0.0,13.0,Freshly Squeezed Juice-Orange,1,Cold Drinks,6.0,1,REG,6.0,2021-09-02 06:11:58,9.182885244928025,,,,,With Ice,Orange,,,,,,0.0
12752,275,0.0,13.0,Freshly Squeezed Juice-Orange,1,Cold Drinks,6.0,1,REG,6.0,2021-05-25 08:34:55,9.182885244928025,,,,,With Ice,Orange,,,,,,0.0
11651,275,0.0,13.0,Freshly Squeezed Juice-Orange,1,Cold Drinks,6.0,1,REG,6.0,2021-04-07 07:04:18,9.182885244928025,,,,,With Ice,Orange,,,,,,0.0
11112,275,0.0,13.0,Freshly Squeezed Juice-Orange,1,Cold Drinks,6.0,1,REG,6.0,2021-03-12 07:28:26,9.182885244928025,,,,,With Ice,Orange,,,,,,0.0
10960,275,0.0,13.0,Freshly Squeezed Juice-Orange,1,Cold Drinks,6.0,1,REG,6.0,2021-03-04 07:47:33,9.182885244928025,,,,,With Ice,Orange,,,,,,0.0
10143,275,0.0,13.0,Freshly Squeezed Juice-Orange,1,Cold Drinks,6.0,1,REG,6.0,2021-01-21 06:50:49,9.182885244928025,,,,,With Ice,Orange,,,,,,0.0
9660,275,0.0,13.0,Freshly Squeezed Juice-Orange,1,Cold Drinks,6.0,1,REG,6.0,2020-12-19 07:59:05,9.182885244928025,,,,,With Ice,Orange,,,,,,0.0
9604,275,0.0,13.0,Freshly Squeezed Juice-Orange,1,Cold Drinks,6.0,1,REG,6.0,2020-12-16 08:22:57,9.182885244928025,,,,,With Ice,Orange,,,,,,0.0
9467,275,0.0,13.0,Freshly Squeezed Juice-Orange,1,Cold Drinks,6.0,1,REG,6.0,2020-12-10 07:15:53,9.182885244928025,,,,,With Ice,Orange,,,,,,0.0
9223,275,0.0,13.0,Freshly Squeezed Juice-Orange,1,Cold Drinks,6.0,1,REG,6.0,2020-11-30 07:54:48,9.182885244928025,,,,,With Ice,Orange,,,,,,0.0
9174,275,0.0,13.0,Freshly Squeezed Juice-Orange,1,Cold Drinks,6.0,1,REG,6.0,2020-11-28 09:10:46,9.182885244928025,,,,,With Ice,Orange,,,,,,0.0
9045,275,0.0,13.0,Freshly Squeezed Juice-Orange,1,Cold Drinks,6.0,1,REG,6.0,2020-11-23 07:12:27,9.182885244928025,,,,,With Ice,Orange,,,,,,0.0
8681,275,0.0,13.0,Freshly Squeezed Juice-Orange,1,Cold Drinks,6.0,1,REG,6.0,2020-11-07 07:22:43,9.182885244928025,,,,,With Ice,Orange,,,,,,0.0
7927,275,0.0,13.0,Freshly Squeezed Juice-Orange,1,Cold Drinks,6.0,1,REG,6.0,2020-10-12 09:48:52,9.182885244928025,,,,,With Ice,Orange,,,,,,0.0
7253,275,0.0,13.0,Freshly Squeezed Juice-Orange,1,Cold Drinks,6.0,1,REG,6.0,2020-09-17 06:02:40,9.182885244928025,,,,,With Ice,Orange,,,,,,0.0
7184,275,0.0,13.0,Freshly Squeezed Juice-Orange,1,Cold Drinks,6.0,1,REG,6.0,2020-09-14 08:32:35,9.182885244928025,,,,,With Ice,Orange,,,,,,0.0
6500,20,0.0,13.0,Ice Latte,1,Cold Drinks,5.0,3,REG,4.5,2020-08-18 12:03:18,15.937429912097317,,Normal,,1,,,Skim,,Full,None,,0.5
6500,20,0.0,13.0,Freshly Squeezed Juice-Orange,1,Cold Drinks,6.5,2,REG,6.0,2020-08-18 12:03:18,15.937429912097317,,,,,With Ice,"Orange, Apple, Ginger",,,,,,0.5
17752,537,0.0,13.0,Milkshake (Syrup)-Strawberry,1,Cold Drinks,3.9,3,SML,3.9,2021-11-25 09:03:58,158.16461185879868,,,,,,,Full Cream,,,,,0.0
19495,799,0.0,13.0,Thickshake (Syrup)-Strawberry,1,Cold Drinks,6.0,1,SML,6.0,2022-02-17 13:10:30,227.42422425453665,,,,,,,,,,,,0.0
28079,544,0.0,13.0,Freshly Squeezed Juice-Orange,1,Cold Drinks,6.5,1,REG,6.5,2023-01-06 14:02:16,467.86567058749426,,,,,With Ice,"Orange, Apple, Carrot",,,,,,0.0
28079,544,0.0,13.0,Freshly Squeezed Juice-Orange,1,Cold Drinks,6.5,2,REG,6.5,2023-01-06 14:02:16,467.86567058749426,,,,,With Ice,"Orange, Apple, Carrot",,,,,,0.0
26716,544,0.0,13.0,Freshly Squeezed Juice-Orange,1,Cold Drinks,6.5,1,REG,6.5,2022-11-11 11:40:13,467.86567058749426,,,,,With Ice,"Orange, Apple, Celery, Carrot",,,,,,0.0
26716,544,0.0,13.0,Freshly Squeezed Juice-Orange,1,Cold Drinks,6.5,2,REG,6.5,2022-11-11 11:40:13,467.86567058749426,,,,,With Ice,"Orange, Apple, Celery, Carrot",,,,,,0.0
24605,544,0.0,13.0,Freshly Squeezed Juice-Orange,1,Cold Drinks,6.5,1,REG,6.5,2022-08-27 15:15:00,467.86567058749426,,,,,With Ice,"Orange, Apple",,,,,,0.0
24605,544,0.0,13.0,Freshly Squeezed Juice-Orange,1,Cold Drinks,6.5,2,REG,6.5,2022-08-27 15:15:00,467.86567058749426,,,,,With Ice,"Orange, Apple",,,,,,0.0
9913,570,0.0,13.0,Milkshake (Syrup)-Chocolate,1,Cold Drinks,6.0,1,LRG,6.0,2021-01-08 13:45:00,23.230726778701236,,,,,,,Full Cream,,,,,0.0
11225,78,0.0,13.0,Iced Coffee with Cream,1,Cold Drinks,6.0,1,REG,5.5,2021-03-17 08:45:00,118.77749604723726,No Cream,Normal,,0,,,Lactose Free,,Full,Vanilla,,0.5
3600,78,0.0,13.0,Iced Mocha with Cream,1,Cold Drinks,6.0,1,REG,5.5,2019-09-20 08:43:04,118.77749604723726,With Cream,Normal,,0,,,Lactose Free,,Full,,,0.5
29661,1420,0.0,13.0,Freshly Squeezed Juice-Orange,1,Cold Drinks,6.5,2,REG,6.5,2023-03-05 12:29:15,102.91074667455888,,,,,With Ice,"Orange, Lemon, Apple",,,,,,0.0
18343,421,0.0,13.0,Freshly Squeezed Juice-Orange,1,Cold Drinks,7.0,1,REG,6.0,2021-12-18 07:30:54,32.56254897822951,,,,,With Ice,"Orange, Lemon, Apple, Celery, Carrot, Ginger, Beetroot",,,,,,1.0
39002,696,0.0,13.0,Smoothie-Mango Magic,1,Cold Drinks,8.5,2,REG,8.5,2024-01-10 10:00:35,135.3212716495325,,,,,,,,,,,,0.0
39371,189,0.0,13.0,Smoothie-Mango Magic,1,Cold Drinks,8.5,2,REG,8.5,2024-01-24 10:26:49,9.699059222346209,,,,,,,,,,,,0.0
37026,189,0.0,13.0,Smoothie-Mango Magic,1,Cold Drinks,8.5,2,REG,8.5,2023-10-26 09:02:31,9.699059222346209,,,,,,,,,,,,0.0
29445,1221,0.0,13.0,Freshly Squeezed Juice-Orange,2,Cold Drinks,13.0,1,REG,6.5,2023-02-26 12:38:49,56.73446924048907,,,,,With Ice,"Orange, Lemon, Apple, Carrot",,,,,,0.0
25789,1221,0.0,13.0,Freshly Squeezed Juice-Orange,1,Cold Drinks,6.5,1,REG,6.5,2022-10-08 13:59:34,56.73446924048907,,,,,With Ice,"Orange, Apple, Carrot",,,,,,0.0
25789,1221,0.0,13.0,Freshly Squeezed Juice-Orange,1,Cold Drinks,6.5,2,REG,6.5,2022-10-08 13:59:34,56.73446924048907,,,,,With Ice,"Orange, Apple, Carrot",,,,,,0.0
8333,472,0.0,13.0,Freshly Squeezed Juice-Orange,1,Cold Drinks,6.5,1,REG,6.0,2020-10-25 09:15:34,4.320493798938574,,,,,With Ice,"Orange, Lemon, Apple, Carrot, Ginger",,,,,,0.5
8333,472,0.0,13.0,Freshly Squeezed Juice-Orange,1,Cold Drinks,6.5,2,REG,6.0,2020-10-25 09:15:34,4.320493798938574,,,,,With Ice,"Orange, Lemon, Apple, Carrot, Ginger",,,,,,0.5
31539,233,0.0,13.0,Milkshake (Syrup)-Vanilla,1,Cold Drinks,6.5,1,LRG,6.5,2023-05-06 10:44:48,14.254925248600953,,,,,,,Full Cream,,,,,0.0
31539,233,0.0,13.0,Milkshake (Syrup)-Lime,1,Cold Drinks,6.5,2,LRG,6.5,2023-05-06 10:44:48,14.254925248600953,,,,,,,Full Cream,,,,,0.0
30524,233,0.0,13.0,Milkshake (Syrup)-Lime,1,Cold Drinks,6.5,1,LRG,6.5,2023-04-02 09:42:51,14.254925248600953,,,,,,,Full Cream,,,,,0.0
30524,233,0.0,13.0,Milkshake (Syrup)-Vanilla,1,Cold Drinks,6.5,2,LRG,6.5,2023-04-02 09:42:51,14.254925248600953,,,,,,,Full Cream,,,,,0.0
30064,233,0.0,13.0,Milkshake (Syrup)-Lime,1,Cold Drinks,6.5,1,LRG,6.5,2023-03-18 09:24:32,14.254925248600953,,,,,,,Full Cream,,,,,0.0
30064,233,0.0,13.0,Milkshake (Syrup)-Vanilla,1,Cold Drinks,6.5,2,LRG,6.5,2023-03-18 09:24:32,14.254925248600953,,,,,,,Full Cream,,,,,0.0
29412,233,0.0,13.0,Milkshake (Syrup)-Chocolate,1,Cold Drinks,6.5,1,LRG,6.5,2023-02-25 10:41:16,14.254925248600953,,,,,,,Full Cream,,,,,0.0
29412,233,0.0,13.0,Milkshake (Syrup)-Vanilla,1,Cold Drinks,6.5,2,LRG,6.5,2023-02-25 10:41:16,14.254925248600953,,,,,,,Full Cream,,,,,0.0
27828,233,0.0,13.0,Thickshake (Syrup)-Chocolate,1,Cold Drinks,6.5,1,SML,6.5,2022-12-17 09:13:05,14.254925248600953,,,,,,,,,,,,0.0
27828,233,0.0,13.0,Thickshake (Syrup)-Chocolate,1,Cold Drinks,6.5,2,SML,6.5,2022-12-17 09:13:05,14.254925248600953,,,,,,,,,,,,0.0
27180,233,0.0,13.0,Thickshake (Syrup)-Chocolate,1,Cold Drinks,6.5,1,SML,6.5,2022-11-26 10:28:04,14.254925248600953,,,,,,,,,,,,0.0
27180,233,0.0,13.0,Thickshake (Syrup)-Chocolate,1,Cold Drinks,6.5,2,SML,6.5,2022-11-26 10:28:04,14.254925248600953,,,,,,,,,,,,0.0
26508,233,0.0,13.0,Thickshake (Syrup)-Chocolate,1,Cold Drinks,6.5,1,SML,6.5,2022-11-05 07:20:41,14.254925248600953,,,,,,,,,,,,0.0
26508,233,0.0,13.0,Thickshake (Syrup)-Chocolate,1,Cold Drinks,6.5,2,SML,6.5,2022-11-05 07:20:41,14.254925248600953,,,,,,,,,,,,0.0
26186,233,0.0,13.0,Thickshake (Syrup)-Chocolate,1,Cold Drinks,6.5,1,SML,6.5,2022-10-23 11:03:32,14.254925248600953,,,,,,,,,,,,0.0
26186,233,0.0,13.0,Thickshake (Syrup)-Chocolate,1,Cold Drinks,6.5,2,SML,6.5,2022-10-23 11:03:32,14.254925248600953,,,,,,,,,,,,0.0
26165,233,0.0,13.0,Thickshake (Syrup)-Chocolate,1,Cold Drinks,6.5,1,SML,6.5,2022-10-22 10:24:30,14.254925248600953,,,,,,,,,,,,0.0
26165,233,0.0,13.0,Thickshake (Syrup)-Chocolate,1,Cold Drinks,6.5,2,SML,6.5,2022-10-22 10:24:30,14.254925248600953,,,,,,,,,,,,0.0
25951,233,0.0,13.0,Thickshake (Syrup)-Chocolate,1,Cold Drinks,6.5,1,SML,6.5,2022-10-15 09:34:44,14.254925248600953,,,,,,,,,,,,0.0
25951,233,0.0,13.0,Thickshake (Syrup)-Chocolate,1,Cold Drinks,6.5,2,SML,6.5,2022-10-15 09:34:44,14.254925248600953,,,,,,,,,,,,0.0
25293,233,0.0,13.0,Thickshake (Syrup)-Chocolate,1,Cold Drinks,6.5,1,SML,6.5,2022-09-20 07:45:54,14.254925248600953,,,,,,,,,,,,0.0
25293,233,0.0,13.0,Thickshake (Syrup)-Chocolate,1,Cold Drinks,6.5,2,SML,6.5,2022-09-20 07:45:54,14.254925248600953,,,,,,,,,,,,0.0
34844,234,0.0,13.0,Iced Mocha with Cream,1,Cold Drinks,6.4,1,REG,6.4,2023-08-20 07:57:39,3.306975953679214,With Cream,Normal,,0,,,Skim,,Full,,,0.0
27861,811,0.0,25.8,Smoothie-Mango Magic,1,Cold Drinks,7.6,2,REG,7.6,2022-12-18 11:02:04,56.15160730560616,,,,,,,,,,,,0.0
15371,316,0.0,25.8,Freshly Squeezed Juice-Orange,1,Cold Drinks,6.5,3,REG,6.0,2021-09-04 11:59:04,172.2840411926572,,,,,With Ice,"Orange, Lemon, Apple, Carrot, Ginger",,,,,,0.5
21097,1107,0.0,25.8,Ice Latte,1,Cold Drinks,4.8,1,REG,4.8,2022-04-20 11:22:48,30.252902261404525,,Normal,,0,,,Full Cream,,Half,None,,0.0
21097,1107,0.0,25.8,Iced Mocha with Cream,1,Cold Drinks,6.0,2,REG,6.0,2022-04-20 11:22:48,30.252902261404525,With Cream,Normal,,0,,,Full Cream,,Full,,,0.0
38856,1146,0.0,25.8,Iced Coffee with Cream,1,Cold Drinks,7.1,3,REG,5.9,2024-01-04 08:22:45,309.5179047055813,With Cream,Normal,,1,,,Almond,,Full,Vanilla,,1.1999999999999993
23612,392,0.0,25.8,Milkshake (Syrup)-Chocolate,1,Cold Drinks,6.0,5,LRG,6.0,2022-07-24 08:26:10,14.551929023255726,,,,,,,Full Cream,,,,,0.0
12026,685,0.0,25.8,Milkshake (Syrup)-Chocolate,1,Cold Drinks,6.0,3,LRG,6.0,2021-04-24 10:09:52,102.91074667455888,,,,,,,Full Cream,,,,,0.0
27629,1058,0.0,38.6,Smoothie-Mango Magic,1,Cold Drinks,7.6,3,REG,7.6,2022-12-11 11:45:10,140.34269744903983,,,,,,,,,,,,0.0
36420,1628,0.0,38.6,Coffee Frappe,1,Cold Drinks,6.9,3,REG,6.9,2023-10-08 10:58:57,57.536075639549836,,Normal,,0,,,Full Cream,,Full,,,0.0
15308,867,0.0,38.6,Thickshake (Syrup)-Chocolate,1,Cold Drinks,6.0,6,SML,6.0,2021-09-02 11:54:05,137.05619285533945,,,,,,,,,,,,0.0
16848,754,0.0,38.6,Thickshake (Syrup)-Strawberry,1,Cold Drinks,6.0,3,SML,6.0,2021-10-24 09:46:25,5.580993662182695,,,,,,,,,,,,0.0
17834,255,0.0,38.6,Iced Coffee with Cream,1,Cold Drinks,5.5,2,REG,5.5,2021-11-28 08:42:25,56.13881858007836,With Cream,Normal,,0,,,Skim,,Full,Vanilla,,0.0
17834,255,0.0,38.6,Iced Coffee with Cream,1,Cold Drinks,5.5,3,REG,5.5,2021-11-28 08:42:25,56.13881858007836,With Cream,Normal,,0,,,Full Cream,,Full,Vanilla,,0.0
17834,255,0.0,38.6,Smoothie-Mango Magic,1,Cold Drinks,7.6,4,REG,7.6,2021-11-28 08:42:25,56.13881858007836,,,,,,,,,,,,0.0
17834,255,0.0,38.6,Freshly Squeezed Juice-Orange,1,Cold Drinks,6.0,1,REG,6.0,2021-11-28 08:42:25,56.13881858007836,,,,,With Ice,Orange,,,,,,0.0
34297,288,0.0,51.4,Thickshake (Syrup)-Vanilla,1,Cold Drinks,10.5,4,LRG,10.5,2023-08-02 13:07:57,33.10473998574539,,,,,,,,,,,,0.0
34297,288,0.0,51.4,Thickshake (Syrup)-Chocolate,1,Cold Drinks,7.9,5,SML,7.9,2023-08-02 13:07:57,33.10473998574539,,,,,,,,,,,,0.0
22907,1202,0.0,77.0,Thickshake (Syrup)-Chocolate,1,Cold Drinks,6.0,8,SML,6.0,2022-06-26 08:27:11,102.91074667455888,,,,,,,,,,,,0.0
22907,1202,0.0,77.0,Smoothie-Koko Berries,1,Cold Drinks,7.6,6,REG,7.6,2022-06-26 08:27:11,102.91074667455888,,,,,,,,,,,,0.0
22907,1202,0.0,77.0,Smoothie-Koko Berries,1,Cold Drinks,7.6,7,REG,7.6,2022-06-26 08:27:11,102.91074667455888,,,,,,,,,,,,0.0
15870,831,0.0,7.9,Milkshake (Syrup)-Banana,1,Cold Drinks,3.9,1,SML,3.9,2021-09-21 08:49:07,242.97160327906633,,,,,,,Full Cream,,,,,0.0
18152,157,0.0,7.9,Milkshake (Syrup)-Vanilla,1,Cold Drinks,2.9,2,MINI,2.9,2021-12-10 09:06:13,131.96220818948092,,,,,,,Full Cream,,,,,0.0
17353,157,0.0,7.9,Milkshake (Syrup)-Vanilla,1,Cold Drinks,2.9,2,MINI,2.9,2021-11-11 09:07:05,131.96220818948092,,,,,,,Full Cream,,,,,0.0
11099,157,0.0,7.9,Milkshake (Syrup)-Strawberry,1,Cold Drinks,2.9,2,MINI,2.9,2021-03-11 09:56:40,131.96220818948092,,,,,,,Full Cream,,,,,0.0
10818,157,0.0,7.9,Milkshake (Syrup)-Strawberry,1,Cold Drinks,2.9,2,MINI,2.9,2021-02-24 10:19:27,131.96220818948092,,,,,,,Full Cream,,,,,0.0
39372,1708,0.0,7.9,Thickshake (Syrup)-Caramel,1,Cold Drinks,7.9,1,SML,7.9,2024-01-24 10:40:07,102.91074667455888,,,,,,,,,,,,0.0
32167,175,0.0,7.9,Milkshake (Syrup)-Chocolate,1,Cold Drinks,2.9,2,MINI,2.9,2023-05-26 09:00:42,10.277826498239987,,,,,,,Full Cream,,,,,0.0
31493,175,0.0,7.9,Milkshake (Syrup)-Vanilla,1,Cold Drinks,2.9,2,MINI,2.9,2023-05-05 08:46:51,10.277826498239987,,,,,,,Full Cream,,,,,0.0
30496,175,0.0,7.9,Milkshake (Syrup)-Caramel,1,Cold Drinks,2.9,2,MINI,2.9,2023-04-01 11:02:36,10.277826498239987,,,,,,,Full Cream,,,,,0.0
30242,175,0.0,7.9,Milkshake (Syrup)-Banana,1,Cold Drinks,2.9,2,MINI,2.9,2023-03-24 08:44:22,10.277826498239987,,,,,,,Full Cream,,,,,0.0
29817,175,0.0,7.9,Milkshake (Syrup)-Strawberry,1,Cold Drinks,2.9,2,MINI,2.9,2023-03-10 09:05:46,10.277826498239987,,,,,,,Full Cream,,,,,0.0
29593,175,0.0,7.9,Milkshake (Syrup)-Banana,1,Cold Drinks,2.9,2,MINI,2.9,2023-03-03 09:12:58,10.277826498239987,,,,,,,Full Cream,,,,,0.0
28969,175,0.0,7.9,Milkshake (Syrup)-Banana,1,Cold Drinks,2.9,2,MINI,2.9,2023-02-10 09:11:00,10.277826498239987,,,,,,,Full Cream,,,,,0.0
28776,175,0.0,7.9,Milkshake (Syrup)-Banana,1,Cold Drinks,2.9,2,MINI,2.9,2023-02-03 09:59:28,10.277826498239987,,,,,,,Full Cream,,,,,0.0
39807,1253,0.0,7.9,Thickshake (Syrup)-Caramel,1,Cold Drinks,7.9,1,SML,7.9,2024-02-08 10:02:46,17.271483649803734,,,,,,,,,,,,0.0
36542,1253,0.0,7.9,Thickshake (Syrup)-Caramel,1,Cold Drinks,7.9,1,SML,7.9,2023-10-12 08:45:16,17.271483649803734,,,,,,,,,,,,0.0
36310,1253,0.0,7.9,Thickshake (Syrup)-Caramel,1,Cold Drinks,7.9,1,SML,7.9,2023-10-05 08:33:39,17.271483649803734,,,,,,,,,,,,0.0
35115,1253,0.0,7.9,Thickshake (Syrup)-Caramel,1,Cold Drinks,7.9,1,SML,7.9,2023-08-28 08:24:21,17.271483649803734,,,,,,,,,,,,0.0
34354,1253,0.0,7.9,Thickshake (Syrup)-Caramel,1,Cold Drinks,7.9,1,SML,7.9,2023-08-04 09:26:32,17.271483649803734,,,,,,,,,,,,0.0
34092,1253,0.0,7.9,Thickshake (Syrup)-Caramel,1,Cold Drinks,7.9,1,SML,7.9,2023-07-27 08:20:04,17.271483649803734,,,,,,,,,,,,0.0
40246,1325,0.0,20.7,Ice Latte,1,Cold Drinks,5.2,2,REG,5.2,2024-02-22 10:55:03,62.76362582955774,,Normal,,0,,,Full Cream,,Full,None,,0.0
29484,1329,0.0,20.7,Freshly Squeezed Juice-Orange,1,Cold Drinks,6.5,2,REG,6.5,2023-02-28 06:59:34,69.03537932019783,,,,,With Ice,"Orange, Apple",,,,,,0.0
20935,308,0.0,20.7,Milkshake (Syrup)-Vanilla,1,Cold Drinks,2.9,2,MINI,2.9,2022-04-12 10:28:18,10.76198852605863,,,,,,,Full Cream,,,,,0.0
20935,308,0.0,20.7,Milkshake (Syrup)-Vanilla,1,Cold Drinks,2.9,3,MINI,2.9,2022-04-12 10:28:18,10.76198852605863,,,,,,,Full Cream,,,,,0.0
20935,308,0.0,20.7,Milkshake (Syrup)-Chocolate,1,Cold Drinks,2.9,4,MINI,2.9,2022-04-12 10:28:18,10.76198852605863,,,,,,,Full Cream,,,,,0.0
20935,308,0.0,20.7,Smoothie-Green Machine,1,Cold Drinks,7.6,5,REG,7.6,2022-04-12 10:28:18,10.76198852605863,,,,,,,,,,,,0.0
28226,324,0.0,20.7,Ice Latte,1,Cold Drinks,6.0,3,REG,5.0,2023-01-12 13:04:33,21.399972119696923,,Normal,,0,,,Oat Milk,,Full,None,,1.0
22700,839,0.0,20.7,Milkshake (Syrup)-Chocolate,1,Cold Drinks,2.9,3,MINI,2.9,2022-06-18 09:04:44,7.6513830729472705,,,,,,,Full Cream,,,,,0.0
29649,100,0.0,20.7,Ice Latte,1,Cold Drinks,5.5,1,REG,5.0,2023-03-05 09:30:41,18.372639920725167,,Normal,,0,,,Soy,,Full,Vanilla,,0.5
29649,100,0.0,20.7,Smoothie-Mango Magic,2,Cold Drinks,15.2,2,REG,7.6,2023-03-05 09:30:41,18.372639920725167,,,,,,,,,,,,0.0
37285,870,0.0,20.7,Freshly Squeezed Juice-Orange,1,Cold Drinks,7.2,2,REG,7.2,2023-11-03 07:55:54,218.74886666373078,,,,,With Ice,"Lemon, Celery",,,,,,0.0
7676,414,0.0,20.7,Milkshake (Syrup)-Chocolate,1,Cold Drinks,3.8,5,SML,3.8,2020-10-02 10:46:12,186.3138672854416,,,,,,,Full Cream,,,,,0.0
21159,421,0.0,20.7,Freshly Squeezed Juice-Orange,1,Cold Drinks,7.2,2,REG,6.2,2022-04-23 07:30:00,32.56254897822951,,,,,With Ice,"Orange, Lemon, Apple, Celery, Carrot, Ginger, Beetroot",,,,,,1.0
23757,1228,0.0,20.7,Freshly Squeezed Juice-Orange,1,Cold Drinks,6.2,2,REG,6.2,2022-07-29 07:06:06,102.91074667455888,,,,,With Ice,Orange,,,,,,0.0
26528,341,0.0,33.5,Freshly Squeezed Juice-Orange,1,Cold Drinks,6.5,1,REG,6.5,2022-11-05 10:43:06,86.43207290008986,,,,,With Ice,Orange,,,,,,0.0
26528,341,0.0,33.5,Thickshake (Syrup)-Vanilla,1,Cold Drinks,6.5,2,SML,6.5,2022-11-05 10:43:06,86.43207290008986,,,,,,,,,,,,0.0
10691,630,0.0,33.5,Freshly Squeezed Juice-Orange,1,Cold Drinks,7.0,1,REG,6.0,2021-02-17 09:31:43,102.91074667455888,,,,,With Ice,"Orange, Lemon, Apple, Celery, Carrot, Ginger, Beetroot",,,,,,1.0
10691,630,0.0,33.5,Freshly Squeezed Juice-Orange,1,Cold Drinks,7.0,2,REG,6.0,2021-02-17 09:31:43,102.91074667455888,,,,,With Ice,"Orange, Lemon, Apple, Celery, Carrot, Ginger, Beetroot",,,,,,1.0
27955,1144,0.0,33.5,Milkshake (Syrup)-Chocolate,1,Cold Drinks,6.0,3,LRG,6.0,2022-12-21 11:58:34,58.176580277235466,,,,,,,Skim,,,,,0.0
18348,172,0.0,33.5,Freshly Squeezed Juice-Orange,1,Cold Drinks,7.0,1,REG,6.0,2021-12-18 08:36:11,5.2489316501187995,,,,,With Ice,"Orange, Lemon, Apple, Celery, Carrot, Ginger, Beetroot",,,,,,1.0
18348,172,0.0,33.5,Freshly Squeezed Juice-Orange,1,Cold Drinks,7.0,2,REG,6.0,2021-12-18 08:36:11,5.2489316501187995,,,,,With Ice,"Orange, Lemon, Apple, Celery, Carrot, Ginger, Beetroot",,,,,,1.0
17230,172,0.0,33.5,Freshly Squeezed Juice-Orange,1,Cold Drinks,7.0,1,REG,6.0,2021-11-07 08:28:04,5.2489316501187995,,,,,With Ice,"Orange, Lemon, Apple, Celery, Carrot, Ginger, Beetroot",,,,,,1.0
17230,172,0.0,33.5,Freshly Squeezed Juice-Orange,1,Cold Drinks,7.0,2,REG,6.0,2021-11-07 08:28:04,5.2489316501187995,,,,,With Ice,"Orange, Lemon, Apple, Celery, Carrot, Ginger, Beetroot",,,,,,1.0
11598,172,0.0,33.5,Freshly Squeezed Juice-Orange,1,Cold Drinks,7.0,1,REG,6.0,2021-04-03 09:44:59,5.2489316501187995,,,,,With Ice,"Orange, Lemon, Apple, Celery, Carrot, Ginger, Beetroot",,,,,,1.0
11598,172,0.0,33.5,Freshly Squeezed Juice-Orange,1,Cold Drinks,7.0,2,REG,6.0,2021-04-03 09:44:59,5.2489316501187995,,,,,With Ice,"Orange, Lemon, Apple, Celery, Carrot, Ginger, Beetroot",,,,,,1.0
10468,172,0.0,33.5,Smoothie-Mango Magic,1,Cold Drinks,7.6,8,REG,7.6,2021-02-07 09:09:52,5.2489316501187995,,,,,,,,,,,,0.0
9525,172,0.0,33.5,Freshly Squeezed Juice-Orange,1,Cold Drinks,7.0,1,REG,6.0,2020-12-12 08:58:50,5.2489316501187995,,,,,With Ice,"Orange, Lemon, Apple, Celery, Carrot, Ginger, Beetroot",,,,,,1.0
9525,172,0.0,33.5,Freshly Squeezed Juice-Orange,1,Cold Drinks,7.0,2,REG,6.0,2020-12-12 08:58:50,5.2489316501187995,,,,,With Ice,"Orange, Lemon, Apple, Celery, Carrot, Ginger, Beetroot",,,,,,1.0
8839,172,0.0,33.5,Freshly Squeezed Juice-Orange,1,Cold Drinks,7.0,1,REG,6.0,2020-11-13 08:21:13,5.2489316501187995,,,,,With Ice,"Orange, Lemon, Apple, Celery, Carrot, Ginger, Beetroot",,,,,,1.0
8839,172,0.0,33.5,Freshly Squeezed Juice-Orange,1,Cold Drinks,7.0,2,REG,6.0,2020-11-13 08:21:13,5.2489316501187995,,,,,With Ice,"Orange, Lemon, Apple, Celery, Carrot, Ginger, Beetroot",,,,,,1.0
3325,5,0.0,46.3,Smoothie-Green Machine,1,Cold Drinks,7.5,5,REG,7.5,2019-05-27 20:29:59,159.94181122746923,,,,,,,,,,,,0.0
3325,5,0.0,46.3,Freshly Squeezed Juice-Orange,1,Cold Drinks,6.5,4,REG,6.0,2019-05-27 20:29:59,159.94181122746923,,,,,With Ice,"Orange, Apple, Beetroot",,,,,,0.5
15313,537,0.0,46.3,Milkshake (Syrup)-Strawberry,1,Cold Drinks,3.9,5,SML,3.9,2021-09-02 13:00:00,158.16461185879868,,,,,,,Full Cream,,,,,0.0
15313,537,0.0,46.3,Thickshake (Syrup)-Spearmint,1,Cold Drinks,8.0,7,LRG,8.0,2021-09-02 13:00:00,158.16461185879868,,,,,,,,,,,,0.0
15313,537,0.0,46.3,Milkshake (Syrup)-Chocolate,1,Cold Drinks,6.0,6,LRG,6.0,2021-09-02 13:00:00,158.16461185879868,,,,,,,Full Cream,,,,,0.0
18845,89,0.0,46.3,Iced Mocha with Cream,1,Cold Drinks,6.0,5,REG,6.0,2022-01-23 13:17:21,151.01420580226997,With Cream,Normal,,0,,,Full Cream,,Full,,,0.0
18278,716,0.0,46.3,Iced Coffee with Cream,1,Cold Drinks,5.5,5,REG,5.5,2021-12-15 11:00:26,132.98361061664963,With Cream,Normal,,0,,,Full Cream,,Full,Vanilla,,0.0
30682,489,5.14,56.54,Ice Latte,1,Cold Drinks,5.0,4,REG,5.0,2023-04-07 12:59:48,473.27060617226874,,Normal,,0,,,Full Cream,,Full,Vanilla,,0.0
30682,489,5.14,56.54,Ice Latte,1,Cold Drinks,5.0,5,REG,5.0,2023-04-07 12:59:48,473.27060617226874,,Normal,,0,,,Full Cream,,Full,None,,0.0
37752,228,0.0,59.1,Milkshake (Syrup)-Caramel,2,Cold Drinks,6.6,4,MINI,3.3,2023-11-19 10:58:49,142.2871211013458,,,,,,,Full Cream,,,,,0.0
37752,228,0.0,59.1,Milkshake (Syrup)-Banana,1,Cold Drinks,7.2,5,LRG,7.2,2023-11-19 10:58:49,142.2871211013458,,,,,,,Full Cream,,,,,0.0
8913,521,0.0,15.6,Ice Latte,1,Cold Drinks,6.0,2,REG,4.5,2020-11-16 10:30:00,185.75564229728337,,Normal,,1,,,Oat Milk,,Full,Vanilla,,1.5
8913,521,0.0,15.6,Iced Coffee with Cream,1,Cold Drinks,6.0,3,REG,5.0,2020-11-16 10:30:00,185.75564229728337,With Cream,Normal,,2,,,Full Cream,,Full,Vanilla,,1.0
15937,541,0.0,15.6,Iced Mocha with Cream,1,Cold Drinks,8.0,1,REG,6.0,2021-09-23 12:24:24,72.33584156997668,With Cream,Normal,,2,,,Oat Milk,,Full,,,2.0
15937,541,0.0,15.6,Smoothie-Koko Berries,1,Cold Drinks,7.6,2,REG,7.6,2021-09-23 12:24:24,72.33584156997668,,,,,,,,,,,,0.0
8966,541,0.0,15.6,Ice Latte,1,Cold Drinks,5.5,3,REG,4.5,2020-11-19 09:33:52,72.33584156997668,,Normal,,2,,,Full Cream,,Full,Vanilla,,1.0
18514,49,0.0,15.6,Milkshake (Syrup)-Chocolate,1,Cold Drinks,3.9,4,SML,3.9,2021-12-24 10:11:31,5.6913721453400745,,,,,,,Full Cream,,,,,0.0
4272,78,0.0,15.6,Smoothie-Koko Berries,1,Cold Drinks,7.6,2,REG,7.6,2020-02-28 08:16:58,118.77749604723726,,,,,,,,,,,,0.0
19757,639,0.0,15.6,Iced Chocolate with Cream,1,Cold Drinks,5.5,1,REG,5.5,2022-02-27 09:53:09,38.18376618407357,With Cream,,,0,,,Skim,,Full,,,0.0
39627,906,0.0,15.6,Milkshake (Syrup)-Chocolate,1,Cold Drinks,5.2,1,SML,5.2,2024-02-02 15:20:10,94.49445811463804,,,,,,,Full Cream,,,,,0.0
39627,906,0.0,15.6,Milkshake (Syrup)-Chocolate,1,Cold Drinks,5.2,2,SML,5.2,2024-02-02 15:20:10,94.49445811463804,,,,,,,Full Cream,,,,,0.0
39627,906,0.0,15.6,Milkshake (Syrup)-Banana,1,Cold Drinks,5.2,3,SML,5.2,2024-02-02 15:20:10,94.49445811463804,,,,,,,Full Cream,,,,,0.0
39547,906,0.0,15.6,Milkshake (Syrup)-Chocolate,2,Cold Drinks,10.4,1,SML,5.2,2024-01-30 15:31:08,94.49445811463804,,,,,,,Full Cream,,,,,0.0
39547,906,0.0,15.6,Milkshake (Syrup)-Caramel,1,Cold Drinks,5.2,2,SML,5.2,2024-01-30 15:31:08,94.49445811463804,,,,,,,Full Cream,,,,,0.0
10441,157,0.0,15.6,Milkshake (Syrup)-Vanilla,1,Cold Drinks,2.9,3,MINI,2.9,2021-02-05 09:24:47,131.96220818948092,,,,,,,Full Cream,,,,,0.0
10441,157,0.0,15.6,Milkshake (Syrup)-Vanilla,1,Cold Drinks,2.9,4,MINI,2.9,2021-02-05 09:24:47,131.96220818948092,,,,,,,Full Cream,,,,,0.0
7656,167,0.0,15.6,Smoothie-Banana Buzz,1,Cold Drinks,7.6,1,REG,7.6,2020-10-01 12:30:00,430.74926968403946,,,,,,,,,,,,0.0
39569,937,0.0,15.6,Milkshake (Syrup)-Chocolate,1,Cold Drinks,5.2,1,SML,5.2,2024-01-31 15:20:18,102.91074667455888,,,,,,,Full Cream,,,,,0.0
39569,937,0.0,15.6,Milkshake (Syrup)-Chocolate,1,Cold Drinks,5.2,2,SML,5.2,2024-01-31 15:20:18,102.91074667455888,,,,,,,Full Cream,,,,,0.0
39569,937,0.0,15.6,Milkshake (Syrup)-Lime,1,Cold Drinks,5.2,3,SML,5.2,2024-01-31 15:20:18,102.91074667455888,,,,,,,Full Cream,,,,,0.0
14276,189,0.0,15.6,Milkshake (Syrup)-Blue Heaven,1,Cold Drinks,2.9,4,MINI,2.9,2021-07-25 10:39:44,9.699059222346209,,,,,,,Full Cream,,,,,0.0
15143,197,0.0,15.6,Milkshake (Syrup)-Caramel,1,Cold Drinks,2.9,3,MINI,2.9,2021-08-27 14:35:27,8.972684535279665,,,,,,,Full Cream,,,,,0.0
15143,197,0.0,15.6,Milkshake (Syrup)-Vanilla,1,Cold Drinks,2.9,4,MINI,2.9,2021-08-27 14:35:27,8.972684535279665,,,,,,,Full Cream,,,,,0.0
8284,472,0.0,15.6,Freshly Squeezed Juice-Orange,1,Cold Drinks,6.5,1,REG,6.0,2020-10-23 09:17:12,4.320493798938574,,,,,With Ice,"Orange, Apple, Carrot, Ginger",,,,,,0.5
3565,18,0.0,28.4,Milkshake (Syrup)-Strawberry,1,Cold Drinks,3.5,4,SML,3.5,2019-09-10 08:56:26,102.91074667455888,,,,,,,Full Cream,,,,,0.0
19356,1077,0.0,28.4,Iced Coffee with Cream,1,Cold Drinks,5.5,4,REG,5.5,2022-02-11 12:33:32,102.91074667455888,With Cream,Normal,,0,,,Full Cream,,Full,Vanilla,,0.0
19356,1077,0.0,28.4,Coffee Frappe,1,Cold Drinks,6.5,1,REG,6.5,2022-02-11 12:33:32,102.91074667455888,,Normal,,0,,,Full Cream,,Full,,,0.0
5584,321,0.0,28.4,Milkshake (Syrup)-Chocolate,1,Cold Drinks,3.8,6,SML,3.8,2020-07-05 10:19:20,102.91074667455888,,,,,,,Full Cream,,,,,0.0
5584,321,0.0,28.4,Milkshake (Syrup)-Chocolate,1,Cold Drinks,3.8,7,SML,3.8,2020-07-05 10:19:20,102.91074667455888,,,,,,,Full Cream,,,,,0.0
16425,911,0.0,28.4,Milkshake (Syrup)-Caramel,1,Cold Drinks,2.9,3,MINI,2.9,2021-10-09 10:06:40,56.60107341270999,,,,,,,Full Cream,,,,,0.0
16425,911,0.0,28.4,Milkshake (Syrup)-Caramel,1,Cold Drinks,2.9,4,MINI,2.9,2021-10-09 10:06:40,56.60107341270999,,,,,,,Full Cream,,,,,0.0
5495,177,0.0,28.4,Milkshake (Syrup)-Chocolate,1,Cold Drinks,3.8,6,SML,3.8,2020-06-28 10:23:26,187.55969716332987,,,,,,,Full Cream,,,,,0.0
5495,177,0.0,28.4,Milkshake (Syrup)-Chocolate,1,Cold Drinks,3.8,7,SML,3.8,2020-06-28 10:23:26,187.55969716332987,,,,,,,Full Cream,,,,,0.0
26019,197,0.0,28.4,Smoothie-Banana Buzz,1,Cold Drinks,7.6,3,REG,7.6,2022-10-17 09:09:54,8.972684535279665,,,,,,,,,,,,0.0
34380,234,0.0,28.4,Milkshake (Syrup)-Cookies and Cream,1,Cold Drinks,7.2,3,LRG,7.2,2023-08-05 09:55:06,3.306975953679214,,,,,,,Skim,,,,,0.0
19401,1002,0.0,28.4,Smoothie-Mango Magic,1,Cold Drinks,7.6,6,REG,7.6,2022-02-13 11:59:23,43.034869582700026,,,,,,,,,,,,0.0
7329,165,0.0,41.2,Ice Chai,1,Cold Drinks,7.0,3,REG,6.0,2020-09-19 11:28:01,138.46479697020467,,,,0,,,Coconut Milk,,Full,,,1.0
7352,467,0.0,41.2,Smoothie-Banana Buzz,1,Cold Drinks,7.6,2,REG,7.6,2020-09-20 10:07:32,102.91074667455888,,,,,,,,,,,,0.0
7352,467,0.0,41.2,Smoothie-Banana Buzz,1,Cold Drinks,7.6,3,REG,7.6,2020-09-20 10:07:32,102.91074667455888,,,,,,,,,,,,0.0
11853,351,0.0,54.0,Milkshake (Syrup)-Vanilla,1,Cold Drinks,2.9,5,MINI,2.9,2021-04-16 09:18:56,15.749687649741688,,,,,,,Full Cream,,,,,0.0
11853,351,0.0,54.0,Milkshake (Syrup)-Vanilla,1,Cold Drinks,2.9,6,MINI,2.9,2021-04-16 09:18:56,15.749687649741688,,,,,,,Full Cream,,,,,0.0
11853,351,0.0,54.0,Milkshake (Syrup)-Vanilla,1,Cold Drinks,2.9,7,MINI,2.9,2021-04-16 09:18:56,15.749687649741688,,,,,,,Full Cream,,,,,0.0
11853,351,0.0,54.0,Milkshake (Syrup)-Vanilla,1,Cold Drinks,2.9,8,MINI,2.9,2021-04-16 09:18:56,15.749687649741688,,,,,,,Full Cream,,,,,0.0
39922,1536,0.0,10.5,Thickshake (Syrup)-Vanilla,1,Cold Drinks,10.5,1,LRG,10.5,2024-02-12 14:14:14,12.29437639009218,,,,,,,,,,,,0.0
26773,771,0.0,10.5,Iced Coffee with Cream,1,Cold Drinks,5.5,2,REG,5.5,2022-11-13 12:22:58,64.57491273581955,No Cream,Normal,,0,,,Full Cream,,Full,Vanilla,,0.0
39857,20,0.0,10.5,Ice Latte,1,Cold Drinks,5.7,2,REG,5.2,2024-02-10 07:40:24,15.937429912097317,,Normal,,1,,,Skim,,Full,None,,0.5
37511,20,0.0,10.5,Ice Latte,1,Cold Drinks,5.7,2,REG,5.2,2023-11-11 09:03:49,15.937429912097317,,Normal,,1,,,Skim,,Full,None,,0.5
37079,20,0.0,10.5,Ice Latte,1,Cold Drinks,5.7,2,REG,5.2,2023-10-28 07:49:36,15.937429912097317,,Normal,,1,,,Skim,,Full,None,,0.5
9096,42,0.0,10.5,Iced Chocolate with Cream,1,Cold Drinks,5.0,1,REG,5.0,2020-11-25 07:03:29,103.99667852237637,No Cream,,,0,,,Full Cream,,Full,,,0.0
9096,42,0.0,10.5,Iced Mocha with Cream,1,Cold Drinks,5.5,2,REG,5.5,2020-11-25 07:03:29,103.99667852237637,No Cream,Normal,,0,,,Skim,,Full,,,0.0
16099,308,0.0,10.5,Milkshake (Syrup)-Vanilla,1,Cold Drinks,2.9,2,MINI,2.9,2021-09-28 10:39:33,10.76198852605863,,,,,,,Full Cream,,,,,0.0
16099,308,0.0,10.5,Milkshake (Syrup)-Vanilla,1,Cold Drinks,2.9,3,MINI,2.9,2021-09-28 10:39:33,10.76198852605863,,,,,,,Full Cream,,,,,0.0
15467,324,0.0,10.5,Iced Coffee with Cream,1,Cold Drinks,5.5,2,REG,5.5,2021-09-07 14:07:01,21.399972119696923,No Cream,Normal,,0,,,Full Cream,,Full,Vanilla,,0.0
13388,324,0.0,10.5,Iced Coffee with Cream,1,Cold Drinks,5.5,2,REG,5.5,2021-06-17 12:29:45,21.399972119696923,No Cream,Normal,,0,,,Full Cream,,Full,None,,0.0
11351,324,0.0,10.5,Iced Coffee with Cream,1,Cold Drinks,5.5,2,REG,5.5,2021-03-23 11:13:21,21.399972119696923,No Cream,Normal,,0,,,Full Cream,,Full,Vanilla,,0.0
11102,324,0.0,10.5,Iced Coffee with Cream,1,Cold Drinks,5.5,2,REG,5.5,2021-03-11 11:31:18,21.399972119696923,No Cream,Normal,,0,,,Full Cream,,Full,Vanilla,,0.0
11076,324,0.0,10.5,Iced Coffee with Cream,1,Cold Drinks,5.5,2,REG,5.5,2021-03-10 13:04:49,21.399972119696923,No Cream,Normal,,0,,,Full Cream,,Full,Vanilla,,0.0
10621,324,0.0,10.5,Iced Coffee with Cream,1,Cold Drinks,5.5,2,REG,5.5,2021-02-14 12:01:24,21.399972119696923,No Cream,Normal,,0,,,Full Cream,,Full,Vanilla,,0.0
9806,324,0.0,10.5,Iced Coffee with Cream,1,Cold Drinks,5.5,2,REG,5.5,2021-01-03 10:33:25,21.399972119696923,No Cream,Normal,,0,,,Full Cream,,Full,Vanilla,,0.0
9800,324,0.0,10.5,Iced Coffee with Cream,1,Cold Drinks,5.5,2,REG,5.5,2021-01-02 13:19:27,21.399972119696923,No Cream,Normal,,0,,,Full Cream,,Full,Vanilla,,0.0
29651,593,0.0,10.5,Ice Latte,1,Cold Drinks,5.0,1,REG,5.0,2023-03-05 10:17:59,114.66552061030718,,Normal,,0,,,Skim,,Full,None,,0.0
29651,593,0.0,10.5,Ice Latte,1,Cold Drinks,5.5,2,REG,5.0,2023-03-05 10:17:59,114.66552061030718,,Normal,,1,,,Full Cream,,Full,None,,0.5
34177,387,0.0,10.5,Milkshake (Syrup)-Strawberry,1,Cold Drinks,5.2,2,SML,5.2,2023-07-29 12:16:37,89.20540707357817,,,,,,,Full Cream,,,,,0.0
34090,913,0.0,10.5,Milkshake (Syrup)-Vanilla,1,Cold Drinks,5.2,2,SML,5.2,2023-07-27 08:45:00,391.3029516883306,,,,,,,Full Cream,,,,,0.0
20055,405,0.0,10.5,Iced Chocolate with Cream,1,Cold Drinks,5.5,2,REG,5.5,2022-03-09 11:43:57,304.44448499594216,No Cream,,,0,,,Full Cream,,Full,,,0.0
8564,172,0.0,10.5,Milkshake (Syrup)-Lime,1,Cold Drinks,2.5,2,MINI,2.5,2020-11-02 08:46:49,5.2489316501187995,,,,,,,Full Cream,,,,,0.0
8564,172,0.0,10.5,Milkshake (Syrup)-Lime,1,Cold Drinks,2.5,3,MINI,2.5,2020-11-02 08:46:49,5.2489316501187995,,,,,,,Full Cream,,,,,0.0
5521,172,0.0,10.5,Milkshake (Syrup)-Lime,1,Cold Drinks,2.5,2,MINI,2.5,2020-06-30 09:53:48,5.2489316501187995,,,,,,,Full Cream,,,,,0.0
5521,172,0.0,10.5,Milkshake (Syrup)-Lime,1,Cold Drinks,2.5,3,MINI,2.5,2020-06-30 09:53:48,5.2489316501187995,,,,,,,Full Cream,,,,,0.0
18840,189,0.0,10.5,Smoothie-Mango Magic,1,Cold Drinks,7.6,2,REG,7.6,2022-01-23 09:39:20,9.699059222346209,,,,,,,,,,,,0.0
18840,189,0.0,10.5,Milkshake (Syrup)-Strawberry,1,Cold Drinks,2.9,1,MINI,2.9,2022-01-23 09:39:20,9.699059222346209,,,,,,,Full Cream,,,,,0.0
17502,446,0.0,10.5,Iced Chocolate with Cream,1,Cold Drinks,5.5,1,REG,5.5,2021-11-16 09:10:10,6.801133915060578,With Cream,,,0,,,Full Cream,,Full,,,0.0
7855,20,0.0,23.3,Ice Latte,1,Cold Drinks,5.0,5,REG,4.5,2020-10-10 08:10:36,15.937429912097317,,Normal,,1,,,Skim,,Full,None,,0.5
7855,20,0.0,23.3,Milkshake (Syrup)-Vanilla,1,Cold Drinks,2.5,6,MINI,2.5,2020-10-10 08:10:36,15.937429912097317,,,,,,,Full Cream,,,,,0.0
7855,20,0.0,23.3,Freshly Squeezed Juice-Orange,1,Cold Drinks,6.0,3,REG,6.0,2020-10-10 08:10:36,15.937429912097317,,,,,With Ice,"Orange, Apple",,,,,,0.0
20327,814,0.0,23.3,Milkshake (Syrup)-Banana,1,Cold Drinks,2.9,2,MINI,2.9,2022-03-20 09:39:05,144.56895356950722,,,,,,,Full Cream,,,,,0.0
20327,814,0.0,23.3,Iced Coffee with Cream,1,Cold Drinks,5.5,1,REG,5.5,2022-03-20 09:39:05,144.56895356950722,No Cream,Normal,,0,,,Full Cream,,Full,Vanilla,,0.0
16430,834,0.0,23.3,Ice Latte,1,Cold Drinks,5.5,3,REG,4.8,2021-10-09 11:07:16,137.71952173409065,,Normal,,0,,,Almond,,Full,Vanilla,,0.7000000000000002
12172,351,0.0,23.3,Freshly Squeezed Juice-Orange,1,Cold Drinks,6.0,2,REG,6.0,2021-04-30 09:54:51,15.749687649741688,,,,,With Ice,Apple,,,,,,0.0
6034,175,0.0,23.3,Milkshake (Syrup)-Banana,1,Cold Drinks,3.8,3,SML,3.8,2020-07-28 10:37:19,10.277826498239987,,,,,,,Full Cream,,,,,0.0
23843,9,0.0,36.1,Smoothie-Green Machine,1,Cold Drinks,7.6,3,REG,7.6,2022-07-31 11:40:20,6.703924063787684,,,,,,,,,,,,0.0
29656,810,0.0,36.1,Smoothie-Koko Berries,1,Cold Drinks,7.6,1,REG,7.6,2023-03-05 11:00:10,144.58892088938225,,,,,,,,,,,,0.0
15079,369,0.0,36.1,Coffee Milkshake,1,Cold Drinks,6.7,1,REG,6.0,2021-08-25 11:56:09,158.18133054609615,,Normal,,0,,,Bonsoy,,Full,,,0.7000000000000002
17819,889,0.0,36.1,Smoothie-Mango Magic,1,Cold Drinks,7.6,3,REG,7.6,2021-11-27 12:00:00,72.61313012580209,,,,,,,,,,,,0.0
36645,740,0.0,36.1,Thickshake (Syrup)-Chocolate,1,Cold Drinks,7.9,4,SML,7.9,2023-10-15 09:14:29,472.551937180807,,,,,,,,,,,,0.0
13304,234,0.0,36.1,Thickshake (Syrup)-Vanilla,1,Cold Drinks,8.0,4,LRG,8.0,2021-06-14 10:10:59,3.306975953679214,,,,,,,,,,,,0.0
13304,234,0.0,36.1,Thickshake (Syrup)-Vanilla,1,Cold Drinks,8.0,5,LRG,8.0,2021-06-14 10:10:59,3.306975953679214,,,,,,,,,,,,0.0
31158,77,3.98,43.78,Smoothie-Mango Magic,1,Cold Drinks,7.6,3,REG,7.6,2023-04-25 10:00:00,20.45079035996667,,,,,,,,,,,,0.0
29857,127,0.0,48.9,Milkshake (Syrup)-Chocolate,1,Cold Drinks,6.5,6,LRG,6.5,2023-03-11 11:18:11,77.04087019928528,,,,,,,Full Cream,,,,,0.0
25104,698,0.0,48.9,Smoothie-Mango Magic,1,Cold Drinks,7.6,3,REG,7.6,2022-09-13 08:50:40,86.16392645546176,,,,,,,,,,,,0.0
25104,698,0.0,48.9,Freshly Squeezed Juice-Orange,1,Cold Drinks,6.5,1,REG,6.5,2022-09-13 08:50:40,86.16392645546176,,,,,With Ice,"Orange, Lemon, Apple, Celery",,,,,,0.0
25104,698,0.0,48.9,Ice Latte,1,Cold Drinks,4.8,2,REG,4.8,2022-09-13 08:50:40,86.16392645546176,,Normal,,0,,,Full Cream,,Full,Vanilla,,0.0
15727,521,0.0,61.7,Iced Coffee with Cream,1,Cold Drinks,7.5,4,REG,5.5,2021-09-16 12:30:31,185.75564229728337,With Cream,Normal,,2,,,Oat Milk,,Full,Vanilla,,2.0
15727,521,0.0,61.7,Smoothie-Mango Magic,1,Cold Drinks,7.6,5,REG,7.6,2021-09-16 12:30:31,185.75564229728337,,,,,,,,,,,,0.0
20036,578,0.0,18.2,Freshly Squeezed Juice-Orange,1,Cold Drinks,6.2,2,REG,6.2,2022-03-09 06:50:02,52.26973255838355,,,,,With Ice,Orange,,,,,,0.0
16795,173,0.0,18.2,Milkshake (Syrup)-Chocolate,1,Cold Drinks,3.9,4,SML,3.9,2021-10-22 08:15:46,8.342553249041227,,,,,,,Full Cream,,,,,0.0
15183,173,0.0,18.2,Milkshake (Syrup)-Chocolate,1,Cold Drinks,3.9,4,SML,3.9,2021-08-29 09:07:57,8.342553249041227,,,,,,,Full Cream,,,,,0.0
33287,175,0.0,18.2,Smoothie-Mango Magic,1,Cold Drinks,7.6,3,REG,7.6,2023-07-01 10:21:35,10.277826498239987,,,,,,,,,,,,0.0
29616,175,0.0,18.2,Smoothie-Mango Magic,1,Cold Drinks,7.6,3,REG,7.6,2023-03-04 08:29:12,10.277826498239987,,,,,,,,,,,,0.0
28340,175,0.0,18.2,Milkshake (Syrup)-Blue Heaven,1,Cold Drinks,2.9,3,MINI,2.9,2023-01-17 10:03:15,10.277826498239987,,,,,,,Full Cream,,,,,0.0
28340,175,0.0,18.2,Milkshake (Syrup)-Strawberry,1,Cold Drinks,2.9,4,MINI,2.9,2023-01-17 10:03:15,10.277826498239987,,,,,,,Full Cream,,,,,0.0
28340,175,0.0,18.2,Milkshake (Syrup)-Strawberry,1,Cold Drinks,2.9,5,MINI,2.9,2023-01-17 10:03:15,10.277826498239987,,,,,,,Full Cream,,,,,0.0
40466,721,0.0,18.2,Ice Latte,1,Cold Drinks,5.7,1,REG,5.2,2024-03-01 07:41:11,22.483978525220593,,Normal,,1,,,Full Cream,,Full,None,,0.5
14127,223,0.0,18.2,Milkshake (Syrup)-Chocolate,1,Cold Drinks,2.9,4,MINI,2.9,2021-07-19 09:23:48,32.77916866786114,,,,,,,Full Cream,,,,,0.0
14127,223,0.0,18.2,Milkshake (Syrup)-Chocolate,1,Cold Drinks,2.9,5,MINI,2.9,2021-07-19 09:23:48,32.77916866786114,,,,,,,Full Cream,,,,,0.0
14127,223,0.0,18.2,Freshly Squeezed Juice-Orange,1,Cold Drinks,6.5,2,REG,6.0,2021-07-19 09:23:48,32.77916866786114,,,,,With Ice,"Orange, Lemon, Apple, Celery, Ginger",,,,,,0.5
18359,575,0.0,31.0,Freshly Squeezed Juice-Orange,1,Cold Drinks,6.5,1,REG,6.0,2021-12-18 11:46:45,76.78296157615826,,,,,With Ice,"Orange, Lemon, Apple, Carrot, Ginger",,,,,,0.5
18359,575,0.0,31.0,Freshly Squeezed Juice-Orange,1,Cold Drinks,6.5,2,REG,6.0,2021-12-18 11:46:45,76.78296157615826,,,,,With Ice,"Orange, Lemon, Apple, Carrot, Ginger",,,,,,0.5
25034,341,0.0,31.0,Freshly Squeezed Juice-Orange,1,Cold Drinks,6.5,2,REG,6.5,2022-09-11 07:34:21,86.43207290008986,,,,,With Ice,Orange,,,,,,0.0
19378,92,0.0,31.0,Iced Coffee with Cream,1,Cold Drinks,6.0,2,REG,5.5,2022-02-12 10:52:05,32.28859341322894,With Cream,Normal,,0,,,Soy,,Full,Vanilla,,0.5
19378,92,0.0,31.0,Iced Chocolate with Cream,1,Cold Drinks,5.5,1,REG,5.5,2022-02-12 10:52:05,32.28859341322894,No Cream,,,0,,,Full Cream,,Full,,,0.0
12032,686,0.0,31.0,Milkshake (Syrup)-Lime,1,Cold Drinks,2.9,7,MINI,2.9,2021-04-25 06:56:15,102.91074667455888,,,,,,,Full Cream,,,,,0.0
12032,686,0.0,31.0,Milkshake (Syrup)-Chocolate,1,Cold Drinks,2.9,8,MINI,2.9,2021-04-25 06:56:15,102.91074667455888,,,,,,,Full Cream,,,,,0.0
31166,1468,4.68,51.48,Milkshake (Syrup)-Chocolate,1,Cold Drinks,6.5,4,LRG,6.5,2023-04-25 11:10:49,146.23725015649512,,,,,,,Full Cream,,,,,0.0
31166,1468,4.68,51.48,Milkshake (Syrup)-Chocolate,1,Cold Drinks,4.5,5,SML,4.5,2023-04-25 11:10:49,146.23725015649512,,,,,,,Full Cream,,,,,0.0
6512,291,0.0,13.1,Smoothie-Mango Magic,1,Cold Drinks,7.6,2,REG,7.6,2020-08-19 09:32:27,117.65671017530349,,,,,,,,,,,,0.0
6512,291,0.0,13.1,Ice Latte,1,Cold Drinks,5.5,1,REG,4.5,2020-08-19 09:32:27,117.65671017530349,,Normal,,1,,,Soy,,Full,None,,1.0
12955,49,0.0,13.1,Milkshake (Syrup)-Chocolate,1,Cold Drinks,3.9,3,SML,3.9,2021-06-01 11:29:09,5.6913721453400745,,,,,,,Full Cream,,,,,0.0
12955,49,0.0,13.1,Iced Coffee with Cream,1,Cold Drinks,5.5,2,REG,5.5,2021-06-01 11:29:09,5.6913721453400745,With Cream,Normal,,0,,,Full Cream,,Half,Vanilla,,0.0
9783,49,0.0,13.1,Milkshake (Syrup)-Chocolate,1,Cold Drinks,3.8,3,SML,3.8,2020-12-24 10:40:17,5.6913721453400745,,,,,,,Full Cream,,,,,0.0
9783,49,0.0,13.1,Iced Coffee with Cream,1,Cold Drinks,5.0,2,REG,5.0,2020-12-24 10:40:17,5.6913721453400745,With Cream,Decaf,,0,,,Full Cream,,Full,Vanilla,,0.0
9528,49,0.0,13.1,Milkshake (Syrup)-Chocolate,1,Cold Drinks,3.8,3,SML,3.8,2020-12-12 09:32:09,5.6913721453400745,,,,,,,Full Cream,,,,,0.0
9528,49,0.0,13.1,Iced Coffee with Cream,1,Cold Drinks,5.0,2,REG,5.0,2020-12-12 09:32:09,5.6913721453400745,With Cream,Normal,,0,,,Full Cream,,Full,Vanilla,,0.0
40539,638,0.0,13.1,Freshly Squeezed Juice-Orange,1,Cold Drinks,7.2,1,REG,7.2,2024-03-03 09:37:09,23.137598007538326,,,,,With Ice,Orange,,,,,,0.0
27162,175,0.0,13.1,Milkshake (Syrup)-Strawberry,1,Cold Drinks,2.9,3,MINI,2.9,2022-11-26 08:09:47,10.277826498239987,,,,,,,Full Cream,,,,,0.0
16199,197,0.0,13.1,Ice Latte,1,Cold Drinks,5.3,2,REG,4.8,2021-10-01 10:46:45,8.972684535279665,,Normal,,0,,,Soy,,Full,Vanilla,,0.5
37596,1509,0.0,13.1,Freshly Squeezed Juice-Orange,1,Cold Drinks,7.2,2,REG,7.2,2023-11-14 09:50:54,10.756873033568699,,,,,With Ice,Orange,,,,,,0.0
36282,1509,0.0,13.1,Freshly Squeezed Juice-Orange,1,Cold Drinks,7.2,2,REG,7.2,2023-10-04 08:46:40,10.756873033568699,,,,,With Ice,Orange,,,,,,0.0
23811,13,0.0,25.9,Coffee Frappe,1,Cold Drinks,6.5,2,REG,6.5,2022-07-30 09:40:52,44.810789212237296,,Normal,,0,,,Full Cream,,Full,,,0.0
16860,543,0.0,25.9,Smoothie-Mango Magic,1,Cold Drinks,7.6,2,REG,7.6,2021-10-24 11:08:40,128.72796467313887,,,,,,,,,,,,0.0
22681,1103,0.0,25.9,Ice Latte,1,Cold Drinks,5.5,2,REG,4.8,2022-06-17 11:28:10,45.17709261306771,,Normal,,0,,,Bonsoy,,Full,Vanilla,,0.7000000000000002
10034,609,0.0,25.9,Freshly Squeezed Juice-Orange,1,Cold Drinks,6.0,2,REG,6.0,2021-01-15 09:46:26,102.91074667455888,,,,,With Ice,Orange,,,,,,0.0
10034,609,0.0,25.9,Milkshake (Syrup)-Chocolate,1,Cold Drinks,3.9,4,SML,3.9,2021-01-15 09:46:26,102.91074667455888,,,,,,,Full Cream,,,,,0.0
10034,609,0.0,25.9,Milkshake (Syrup)-Chocolate,1,Cold Drinks,3.9,5,SML,3.9,2021-01-15 09:46:26,102.91074667455888,,,,,,,Full Cream,,,,,0.0
10034,609,0.0,25.9,Milkshake (Syrup)-Strawberry,1,Cold Drinks,3.9,6,SML,3.9,2021-01-15 09:46:26,102.91074667455888,,,,,,,Full Cream,,,,,0.0
35528,157,0.0,25.9,Thickshake (Syrup)-Vanilla,2,Cold Drinks,15.8,3,SML,7.9,2023-09-09 11:10:12,131.96220818948092,,,,,,,,,,,,0.0
32796,1253,0.0,25.9,Thickshake (Syrup)-Caramel,1,Cold Drinks,6.9,1,SML,6.9,2023-06-15 11:01:25,17.271483649803734,,,,,,,,,,,,0.0
36390,233,0.0,25.9,Thickshake (Syrup)-Chocolate,1,Cold Drinks,7.9,3,SML,7.9,2023-10-07 11:05:52,14.254925248600953,,,,,,,,,,,,0.0
36390,233,0.0,25.9,Thickshake (Syrup)-Chocolate,1,Cold Drinks,7.9,4,SML,7.9,2023-10-07 11:05:52,14.254925248600953,,,,,,,,,,,,0.0
35841,233,0.0,25.9,Thickshake (Syrup)-Chocolate,1,Cold Drinks,7.9,3,SML,7.9,2023-09-20 07:56:58,14.254925248600953,,,,,,,,,,,,0.0
35841,233,0.0,25.9,Thickshake (Syrup)-Chocolate,1,Cold Drinks,7.9,4,SML,7.9,2023-09-20 07:56:58,14.254925248600953,,,,,,,,,,,,0.0
8990,331,0.0,38.7,Smoothie-Koko Berries,1,Cold Drinks,7.6,3,REG,7.6,2020-11-20 09:36:08,177.61527753317512,,,,,,,,,,,,0.0
8990,331,0.0,38.7,Smoothie-Koko Berries,1,Cold Drinks,7.6,4,REG,7.6,2020-11-20 09:36:08,177.61527753317512,,,,,,,,,,,,0.0
33312,172,0.0,38.7,Freshly Squeezed Juice-Carrot,1,Cold Drinks,7.5,1,REG,6.5,2023-07-02 09:02:49,5.2489316501187995,,,,,With Ice,"Lemon, Celery, Ginger, Beetroot",,,,,,1.0
33312,172,0.0,38.7,Freshly Squeezed Juice-Apple,1,Cold Drinks,7.5,2,REG,6.5,2023-07-02 09:02:49,5.2489316501187995,,,,,With Ice,"Lemon, Celery, Ginger, Beetroot",,,,,,1.0
4094,79,0.0,8.0,Thickshake (Syrup)-Chocolate,1,Cold Drinks,8.0,1,LRG,8.0,2020-01-22 15:24:35,44.926900403068,,,,,,,,,,,,0.0
29559,392,0.0,8.0,Milkshake (Syrup)-Banana,1,Cold Drinks,2.9,2,MINI,2.9,2023-03-02 09:16:56,14.551929023255726,,,,,,,Full Cream,,,,,0.0
23739,446,0.0,8.0,Milkshake (Syrup)-Lime,1,Cold Drinks,2.9,2,MINI,2.9,2022-07-28 09:01:50,6.801133915060578,,,,,,,Full Cream,,,,,0.0
17250,994,0.0,8.0,Thickshake (Syrup)-Blue Heaven,1,Cold Drinks,8.0,1,LRG,8.0,2021-11-07 15:47:20,102.91074667455888,,,,,,,,,,,,0.0
17646,268,0.0,20.8,Iced Chocolate with Cream,1,Cold Drinks,5.5,2,REG,5.5,2021-11-21 10:16:09,86.00495109529,With Cream,,,0,,,Skim,,Full,,,0.0
13258,268,0.0,20.8,Iced Chocolate with Cream,1,Cold Drinks,5.5,2,REG,5.5,2021-06-12 09:57:27,86.00495109529,With Cream,,,0,,,Skim,,Full,,,0.0
10878,32,0.0,20.8,Milkshake (Syrup)-Strawberry,1,Cold Drinks,2.9,4,MINI,2.9,2021-02-27 13:00:00,21.344574393513,,,,,,,Full Cream,,,,,0.0
10878,32,0.0,20.8,Milkshake (Syrup)-Strawberry,1,Cold Drinks,2.9,5,MINI,2.9,2021-02-27 13:00:00,21.344574393513,,,,,,,Full Cream,,,,,0.0
10878,32,0.0,20.8,Milkshake (Syrup)-Vanilla,1,Cold Drinks,2.9,6,MINI,2.9,2021-02-27 13:00:00,21.344574393513,,,,,,,Full Cream,,,,,0.0
35849,308,0.0,20.8,Milkshake (Syrup)-Vanilla,1,Cold Drinks,3.3,5,MINI,3.3,2023-09-20 10:23:32,10.76198852605863,,,,,,,Full Cream,,,,,0.0
28740,1387,0.0,20.8,Milkshake (Syrup)-Strawberry,1,Cold Drinks,6.5,4,LRG,6.5,2023-02-02 09:41:21,102.91074667455888,,,,,,,Full Cream,,,,,0.0
26550,175,0.0,20.8,Milkshake (Syrup)-Strawberry,1,Cold Drinks,2.9,4,MINI,2.9,2022-11-06 11:27:43,10.277826498239987,,,,,,,Full Cream,,,,,0.0
26550,175,0.0,20.8,Milkshake (Syrup)-Lime,1,Cold Drinks,2.9,5,MINI,2.9,2022-11-06 11:27:43,10.277826498239987,,,,,,,Full Cream,,,,,0.0
23088,233,0.0,20.8,Thickshake (Syrup)-Chocolate,1,Cold Drinks,6.0,3,SML,6.0,2022-07-03 09:54:22,14.254925248600953,,,,,,,,,,,,0.0
23088,233,0.0,20.8,Thickshake (Syrup)-Chocolate,1,Cold Drinks,6.0,4,SML,6.0,2022-07-03 09:54:22,14.254925248600953,,,,,,,,,,,,0.0
28998,234,0.0,20.8,Milkshake (Syrup)-Cookies and Cream,1,Cold Drinks,6.5,3,LRG,6.5,2023-02-11 09:47:15,3.306975953679214,,,,,,,Skim,,,,,0.0
7130,234,0.0,20.8,Iced Chocolate with Cream,1,Cold Drinks,5.0,2,REG,5.0,2020-09-12 09:25:59,3.306975953679214,With Cream,,,0,,,Full Cream,,Full,,,0.0
4900,14,0.0,33.6,Freshly Squeezed Juice-Orange,1,Cold Drinks,6.0,4,REG,6.0,2020-05-16 09:00:00,39.92548018814512,,,,,With Ice,Orange,,,,,,0.0
9034,541,0.0,33.6,Ice Latte,1,Cold Drinks,5.2,2,REG,4.5,2020-11-22 12:00:00,72.33584156997668,,Normal,,0,,,Almond,,Full,Vanilla,,0.7000000000000002
8944,351,0.0,33.6,Milkshake (Syrup)-Chocolate,1,Cold Drinks,2.5,5,MINI,2.5,2020-11-18 10:26:37,15.749687649741688,,,,,,,Full Cream,,,,,0.0
8944,351,0.0,33.6,Milkshake (Syrup)-Chocolate,1,Cold Drinks,2.5,6,MINI,2.5,2020-11-18 10:26:37,15.749687649741688,,,,,,,Full Cream,,,,,0.0
15952,754,0.0,33.6,Thickshake (Syrup)-Banana,1,Cold Drinks,8.0,3,LRG,8.0,2021-09-24 08:51:35,5.580993662182695,,,,,,,,,,,,0.0
15771,754,0.0,33.6,Thickshake (Syrup)-Lime,1,Cold Drinks,8.0,3,LRG,8.0,2021-09-18 08:48:39,5.580993662182695,,,,,,,,,,,,0.0
10601,350,0.0,46.4,Milkshake (Syrup)-Chocolate,1,Cold Drinks,6.0,6,LRG,6.0,2021-02-13 12:15:36,11.867248162373972,,,,,,,Full Cream,,,,,0.0
10601,350,0.0,46.4,Iced Chocolate with Cream,1,Cold Drinks,6.0,5,REG,5.5,2021-02-13 12:15:36,11.867248162373972,With Cream,,,0,,,Soy,,Full,,,0.5
14073,801,0.0,84.8,Freshly Squeezed Juice-Orange,1,Cold Drinks,6.0,6,REG,6.0,2021-07-17 11:39:34,102.91074667455888,,,,,With Ice,"Orange, Apple, Carrot",,,,,,0.0
10156,49,0.0,15.7,Milkshake (Syrup)-Chocolate,1,Cold Drinks,3.9,3,SML,3.9,2021-01-21 09:38:49,5.6913721453400745,,,,,,,Full Cream,,,,,0.0
10156,49,0.0,15.7,Milkshake (Syrup)-Chocolate,1,Cold Drinks,3.9,4,SML,3.9,2021-01-21 09:38:49,5.6913721453400745,,,,,,,Full Cream,,,,,0.0
7142,49,0.0,15.7,Milkshake (Syrup)-Chocolate,1,Cold Drinks,3.8,4,SML,3.8,2020-09-12 10:42:58,5.6913721453400745,,,,,,,Full Cream,,,,,0.0
5586,49,0.0,15.7,Milkshake (Syrup)-Chocolate,1,Cold Drinks,3.8,2,SML,3.8,2020-07-05 10:38:04,5.6913721453400745,,,,,,,Full Cream,,,,,0.0
5586,49,0.0,15.7,Milkshake (Syrup)-Chocolate,1,Cold Drinks,3.8,3,SML,3.8,2020-07-05 10:38:04,5.6913721453400745,,,,,,,Full Cream,,,,,0.0
5586,49,0.0,15.7,Milkshake (Syrup)-Chocolate,1,Cold Drinks,3.8,4,SML,3.8,2020-07-05 10:38:04,5.6913721453400745,,,,,,,Full Cream,,,,,0.0
28204,1373,0.0,15.7,Ice Chai,1,Cold Drinks,6.2,1,REG,6.2,2023-01-12 06:10:14,9.0,,,,0,,,Full Cream,,Full,,,0.0
34774,913,0.0,15.7,Milkshake (Syrup)-Lime,1,Cold Drinks,7.2,1,LRG,7.2,2023-08-17 13:30:00,391.3029516883306,,,,,,,Full Cream,,,,,0.0
34774,913,0.0,15.7,Smoothie-Koko Berries,1,Cold Drinks,8.5,2,REG,8.5,2023-08-17 13:30:00,391.3029516883306,,,,,,,,,,,,0.0
35811,1444,0.0,15.7,Smoothie-Banana Buzz,1,Cold Drinks,8.5,2,REG,8.5,2023-09-19 07:52:17,28.269114898469265,,,,,,,,,,,,0.0
35811,1444,0.0,15.7,Milkshake (Syrup)-Lime,1,Cold Drinks,7.2,1,LRG,7.2,2023-09-19 07:52:17,28.269114898469265,,,,,,,Full Cream,,,,,0.0
36817,1463,0.0,15.7,Freshly Squeezed Juice-Orange,1,Cold Drinks,7.2,3,REG,7.2,2023-10-20 07:12:24,1.6209896585867094,,,,,With Ice,Orange,,,,,,0.0
40365,721,0.0,15.7,Ice Latte,1,Cold Drinks,5.2,1,REG,5.2,2024-02-27 07:20:00,22.483978525220593,,Normal,,0,,,Full Cream,,Full,None,,0.0
38678,721,0.0,15.7,Ice Latte,1,Cold Drinks,5.2,1,REG,5.2,2023-12-19 07:58:10,22.483978525220593,,Normal,,0,,,Full Cream,,Full,None,,0.0
38334,721,0.0,15.7,Ice Latte,1,Cold Drinks,5.2,1,REG,5.2,2023-12-08 07:56:02,22.483978525220593,,Normal,,0,,,Full Cream,,Full,None,,0.0
38271,721,0.0,15.7,Ice Latte,1,Cold Drinks,5.2,1,REG,5.2,2023-12-06 07:42:56,22.483978525220593,,Normal,,0,,,Full Cream,,Full,None,,0.0
16540,351,0.0,28.5,Milkshake (Syrup)-Vanilla,1,Cold Drinks,2.9,4,MINI,2.9,2021-10-13 10:22:53,15.749687649741688,,,,,,,Full Cream,,,,,0.0
16540,351,0.0,28.5,Milkshake (Syrup)-Vanilla,1,Cold Drinks,2.9,5,MINI,2.9,2021-10-13 10:22:53,15.749687649741688,,,,,,,Full Cream,,,,,0.0
16494,351,0.0,28.5,Milkshake (Syrup)-Strawberry,1,Cold Drinks,2.9,4,MINI,2.9,2021-10-11 12:44:06,15.749687649741688,,,,,,,Full Cream,,,,,0.0
16494,351,0.0,28.5,Milkshake (Syrup)-Strawberry,1,Cold Drinks,2.9,5,MINI,2.9,2021-10-11 12:44:06,15.749687649741688,,,,,,,Full Cream,,,,,0.0
16494,351,0.0,28.5,Milkshake (Syrup)-Strawberry,1,Cold Drinks,2.9,6,MINI,2.9,2021-10-11 12:44:06,15.749687649741688,,,,,,,Full Cream,,,,,0.0
26548,101,0.0,28.5,Milkshake (Syrup)-Chocolate,1,Cold Drinks,6.0,1,LRG,6.0,2022-11-06 11:11:44,58.06680913565154,,,,,,,Full Cream,,,,,0.0
26548,101,0.0,28.5,Milkshake (Syrup)-Chocolate,1,Cold Drinks,3.9,2,SML,3.9,2022-11-06 11:11:44,58.06680913565154,,,,,,,Full Cream,,,,,0.0
26548,101,0.0,28.5,Smoothie-Mango Magic,1,Cold Drinks,7.6,5,REG,7.6,2022-11-06 11:11:44,58.06680913565154,,,,,,,,,,,,0.0
25717,172,0.0,28.5,Freshly Squeezed Juice-Orange,1,Cold Drinks,7.5,1,REG,6.5,2022-10-06 09:22:00,5.2489316501187995,,,,,With Ice,"Orange, Lemon, Apple, Celery, Carrot, Ginger, Beetroot",,,,,,1.0
25717,172,0.0,28.5,Freshly Squeezed Juice-Orange,1,Cold Drinks,7.5,2,REG,6.5,2022-10-06 09:22:00,5.2489316501187995,,,,,With Ice,"Orange, Lemon, Apple, Celery, Carrot, Ginger, Beetroot",,,,,,1.0
10265,208,0.0,28.5,Milkshake (Syrup)-Chocolate,1,Cold Drinks,3.9,4,SML,3.9,2021-01-28 09:31:41,143.6961079103099,,,,,,,Full Cream,,,,,0.0
22296,223,0.0,28.5,Milkshake (Syrup)-Strawberry,1,Cold Drinks,2.9,5,MINI,2.9,2022-06-02 09:15:00,32.77916866786114,,,,,,,Full Cream,,,,,0.0
22296,223,0.0,28.5,Milkshake (Syrup)-Strawberry,1,Cold Drinks,2.9,6,MINI,2.9,2022-06-02 09:15:00,32.77916866786114,,,,,,,Full Cream,,,,,0.0
22296,223,0.0,28.5,Freshly Squeezed Juice-Orange,1,Cold Drinks,6.7,3,REG,6.2,2022-06-02 09:15:00,32.77916866786114,,,,,With Ice,"Orange, Apple, Ginger",,,,,,0.5
40117,233,0.0,28.5,Thickshake (Syrup)-Chocolate,1,Cold Drinks,7.9,2,SML,7.9,2024-02-18 13:05:28,14.254925248600953,,,,,,,,,,,,0.0
40117,233,0.0,28.5,Thickshake (Syrup)-Chocolate,1,Cold Drinks,7.9,3,SML,7.9,2024-02-18 13:05:28,14.254925248600953,,,,,,,,,,,,0.0
40117,233,0.0,28.5,Thickshake (Syrup)-Chocolate,1,Cold Drinks,7.9,4,SML,7.9,2024-02-18 13:05:28,14.254925248600953,,,,,,,,,,,,0.0
24064,1026,0.0,41.3,Freshly Squeezed Juice-Orange,1,Cold Drinks,6.5,3,REG,6.5,2022-08-07 10:50:43,24.170229622409465,,,,,With Ice,"Orange, Lemon, Apple",,,,,,0.0
30529,175,0.0,41.3,Milkshake (Syrup)-Blue Heaven,1,Cold Drinks,2.9,6,MINI,2.9,2023-04-02 10:53:23,10.277826498239987,,,,,,,Full Cream,,,,,0.0
30529,175,0.0,41.3,Milkshake (Syrup)-Banana,1,Cold Drinks,2.9,7,MINI,2.9,2023-04-02 10:53:23,10.277826498239987,,,,,,,Full Cream,,,,,0.0
9002,567,0.0,10.6,Milkshake (Syrup)-Strawberry,1,Cold Drinks,3.8,2,SML,3.8,2020-11-21 09:20:56,212.13203435596427,,,,,,,Full Cream,,,,,0.0
9002,567,0.0,10.6,Milkshake (Syrup)-Caramel,1,Cold Drinks,2.5,3,MINI,2.5,2020-11-21 09:20:56,212.13203435596427,,,,,,,Full Cream,,,,,0.0
35928,1342,0.0,10.6,Iced Mocha with Cream,1,Cold Drinks,6.4,1,REG,6.4,2023-09-22 11:00:44,3.5178538052384973,With Cream,Normal,,0,,,Full Cream,,Full,,,0.0
37104,1599,0.0,10.6,Ice Latte,1,Cold Drinks,5.2,2,REG,5.2,2023-10-28 11:48:50,9.365322908632537,,Normal,,0,,,Full Cream,,Full,Vanilla,,0.0
4179,78,0.0,10.6,Smoothie-Koko Berries,1,Cold Drinks,7.6,2,REG,7.6,2020-02-12 08:23:39,118.77749604723726,,,,,,,,,,,,0.0
20662,1110,0.0,10.6,Freshly Squeezed Juice-Orange,1,Cold Drinks,6.2,2,REG,6.2,2022-04-02 10:33:06,244.92720006837405,,,,,With Ice,"Orange, Lemon, Apple, Celery, Carrot",,,,,,0.0
34917,387,0.0,10.6,Iced Chocolate with Cream,1,Cold Drinks,5.9,1,REG,5.9,2023-08-22 08:56:50,89.20540707357817,With Cream,,,0,,,Full Cream,,Full,,,0.0
22939,175,0.0,10.6,Milkshake (Syrup)-Caramel,1,Cold Drinks,2.9,2,MINI,2.9,2022-06-27 10:33:40,10.277826498239987,,,,,,,Full Cream,,,,,0.0
22939,175,0.0,10.6,Milkshake (Syrup)-Cookies and Cream,1,Cold Drinks,2.9,3,MINI,2.9,2022-06-27 10:33:40,10.277826498239987,,,,,,,Full Cream,,,,,0.0
24214,20,0.0,23.4,Iced Coffee with Cream,1,Cold Drinks,5.5,5,REG,5.5,2022-08-13 10:37:43,15.937429912097317,With Cream,Normal,,0,,,Skim,,Full,Vanilla,,0.0
24214,20,0.0,23.4,Ice Latte,1,Cold Drinks,5.3,4,REG,4.8,2022-08-13 10:37:43,15.937429912097317,,Normal,,1,,,Skim,,Full,None,,0.5
24214,20,0.0,23.4,Milkshake (Syrup)-Chocolate,1,Cold Drinks,3.9,6,SML,3.9,2022-08-13 10:37:43,15.937429912097317,,,,,,,Full Cream,,,,,0.0
24214,20,0.0,23.4,Milkshake (Syrup)-Chocolate,1,Cold Drinks,3.9,7,SML,3.9,2022-08-13 10:37:43,15.937429912097317,,,,,,,Full Cream,,,,,0.0
7371,298,0.0,23.4,Freshly Squeezed Juice-Orange,1,Cold Drinks,6.0,4,REG,6.0,2020-09-21 08:18:52,103.43870180925002,,,,,With Ice,"Lemon, Apple, Celery",,,,,,0.0
29340,1148,0.0,23.4,Milkshake (Syrup)-Vanilla,1,Cold Drinks,2.9,5,MINI,2.9,2023-02-23 09:39:54,21.754424527504998,,,,,,,Full Cream,,,,,0.0
29340,1148,0.0,23.4,Iced Chocolate with Cream,1,Cold Drinks,5.7,3,REG,5.7,2023-02-23 09:39:54,21.754424527504998,No Cream,,,0,,,Full Cream,,Full,,,0.0
21201,175,0.0,23.4,Milkshake (Syrup)-Caramel,1,Cold Drinks,2.9,5,MINI,2.9,2022-04-24 09:26:44,10.277826498239987,,,,,,,Full Cream,,,,,0.0
29877,846,0.0,36.2,Smoothie-Mango Magic,1,Cold Drinks,7.6,2,REG,7.6,2023-03-12 12:15:00,113.91735336941782,,,,,,,,,,,,0.0
29877,846,0.0,36.2,Smoothie-Banana Buzz,1,Cold Drinks,7.6,3,REG,7.6,2023-03-12 12:15:00,113.91735336941782,,,,,,,,,,,,0.0
3317,5,0.0,49.0,Affogato,1,Cold Drinks,4.5,1,REG,4.5,2019-05-26 12:00:38,159.94181122746923,,Normal,0,0,,,,0,Full,,0,0.0
3317,5,0.0,49.0,Smoothie-Green Machine,1,Cold Drinks,7.5,7,REG,7.5,2019-05-26 12:00:38,159.94181122746923,,,,,,,,,,,,0.0
3317,5,0.0,49.0,Freshly Squeezed Juice-Orange,1,Cold Drinks,6.5,4,REG,6.0,2019-05-26 12:00:38,159.94181122746923,,,,,With Ice,"Orange, Carrot, Ginger",,,,,,0.5
11590,20,0.0,5.5,Iced Coffee with Cream,1,Cold Drinks,5.5,1,REG,5.5,2021-04-02 13:27:52,15.937429912097317,With Cream,Normal,,0,,,Skim,,Full,Vanilla,,0.0
14898,791,0.0,5.5,Ice Latte,1,Cold Drinks,5.5,1,REG,4.8,2021-08-19 10:40:41,10.429845397602763,,Normal,,0,,,Almond,,Full,None,,0.7000000000000002
17956,799,0.0,5.5,Iced Coffee with Cream,1,Cold Drinks,5.5,1,REG,5.5,2021-12-03 07:59:07,227.42422425453665,With Cream,Normal,,0,,,Full Cream,,Full,Vanilla,,0.0
17861,799,0.0,5.5,Iced Coffee with Cream,1,Cold Drinks,5.5,1,REG,5.5,2021-11-29 08:04:45,227.42422425453665,With Cream,Normal,,0,,,Full Cream,,Full,Vanilla,,0.0
18811,1060,0.0,5.5,Ice Latte,1,Cold Drinks,5.5,1,REG,4.8,2022-01-22 07:37:28,325.80894196855104,,Normal,,0,,,Almond,,Full,Vanilla,,0.7000000000000002
29765,551,0.0,5.5,Ice Latte,1,Cold Drinks,5.5,1,REG,5.0,2023-03-08 14:50:56,90.8151122632385,,Normal,,1,,,Full Cream,,Full,Vanilla,,0.5
9144,42,0.0,5.5,Iced Mocha with Cream,1,Cold Drinks,5.5,1,REG,5.5,2020-11-27 06:56:26,103.99667852237637,No Cream,Normal,,0,,,Skim,,Full,,,0.0
22024,1069,0.0,5.5,Iced Coffee with Cream,1,Cold Drinks,5.5,1,REG,5.5,2022-05-24 13:37:35,111.99887068882937,No Cream,Normal,,0,,,Full Cream,,Full,Vanilla,,0.0
28376,1325,0.0,5.5,Ice Latte,1,Cold Drinks,5.5,1,REG,5.0,2023-01-18 15:26:37,62.76362582955774,,Normal,,1,,,Full Cream,,Full,None,,0.5
28351,1325,0.0,5.5,Ice Latte,1,Cold Drinks,5.5,1,REG,5.0,2023-01-17 15:30:39,62.76362582955774,,Normal,,1,,,Full Cream,,Full,None,,0.5
17649,308,0.0,5.5,Ice Latte,1,Cold Drinks,5.5,1,REG,4.8,2021-11-21 11:32:50,10.76198852605863,,Normal,,0,,,Almond,,Full,None,,0.7000000000000002
17594,308,0.0,5.5,Ice Latte,1,Cold Drinks,5.5,1,REG,4.8,2021-11-19 09:44:08,10.76198852605863,,Normal,,0,,,Almond,,Full,None,,0.7000000000000002
17395,308,0.0,5.5,Ice Latte,1,Cold Drinks,5.5,1,REG,4.8,2021-11-12 09:30:38,10.76198852605863,,Normal,,0,,,Almond,,Full,None,,0.7000000000000002
17297,308,0.0,5.5,Ice Latte,1,Cold Drinks,5.5,1,REG,4.8,2021-11-09 08:08:39,10.76198852605863,,Normal,,0,,,Almond,,Full,None,,0.7000000000000002
17193,308,0.0,5.5,Ice Latte,1,Cold Drinks,5.5,1,REG,4.8,2021-11-05 09:08:13,10.76198852605863,,Normal,,0,,,Almond,,Full,None,,0.7000000000000002
10318,308,0.0,5.5,Ice Latte,1,Cold Drinks,5.5,1,REG,4.8,2021-01-30 15:00:12,10.76198852605863,,Normal,,0,,,Almond,,Full,None,,0.7000000000000002
33991,1342,0.0,5.5,Ice Latte,1,Cold Drinks,5.5,1,REG,5.0,2023-07-24 07:34:56,3.5178538052384973,,Normal,,1,,,Full Cream,,Full,None,,0.5
10882,324,0.0,5.5,Iced Coffee with Cream,1,Cold Drinks,5.5,1,REG,5.5,2021-02-28 08:16:20,21.399972119696923,No Cream,Normal,,0,,,Full Cream,,Full,Vanilla,,0.0
20775,1100,0.0,5.5,Iced Coffee with Cream,1,Cold Drinks,5.5,1,REG,5.5,2022-04-06 12:12:37,35.35533905932738,With Cream,Normal,,0,,,Skim,,Full,None,,0.0
29125,593,0.0,5.5,Ice Latte,1,Cold Drinks,5.5,1,REG,5.0,2023-02-16 07:26:18,114.66552061030718,,Normal,,1,,,Skim,,Full,None,,0.5
28497,1367,0.0,5.5,Ice Latte,1,Cold Drinks,5.5,1,REG,5.0,2023-01-23 08:15:58,6.339439479592366,,Normal,,0,,,Soy,,Full,None,,0.5
28128,1367,0.0,5.5,Ice Latte,1,Cold Drinks,5.5,1,REG,5.0,2023-01-09 08:07:45,6.339439479592366,,Normal,,0,,,Soy,,Full,None,,0.5
28066,1367,0.0,5.5,Ice Latte,1,Cold Drinks,5.5,1,REG,5.0,2023-01-06 08:31:50,6.339439479592366,,Normal,,0,,,Soy,,Full,None,,0.5
22250,170,0.0,5.5,Iced Chocolate with Cream,1,Cold Drinks,5.5,1,REG,5.5,2022-06-01 08:00:00,12.764566012322078,With Cream,,,0,,,Full Cream,,Full,,,0.0
30807,1455,0.0,5.5,Ice Latte,1,Cold Drinks,5.5,1,REG,5.0,2023-04-13 09:30:10,102.91074667455888,,Normal,,0,,,Lactose Free,,Full,Vanilla,,0.5
14806,189,0.0,5.5,Iced Chocolate with Cream,1,Cold Drinks,5.5,1,REG,5.5,2021-08-15 13:07:40,9.699059222346209,No Cream,,,0,,,Skim,,Full,,,0.0
40597,1544,0.0,18.3,Milkshake (Syrup)-Chocolate,1,Cold Drinks,7.2,4,LRG,7.2,2024-03-05 08:57:18,24.192696205830433,,,,,,,Full Cream,,,,,0.0
40169,1544,0.0,18.3,Freshly Squeezed Juice-Apple,1,Cold Drinks,7.2,3,REG,7.2,2024-02-20 09:00:41,24.192696205830433,,,,,With Ice,Orange,,,,,,0.0
39738,1544,0.0,18.3,Freshly Squeezed Juice-Apple,1,Cold Drinks,7.2,3,REG,7.2,2024-02-06 09:02:27,24.192696205830433,,,,,With Ice,Orange,,,,,,0.0
9721,20,0.0,18.3,Ice Latte,1,Cold Drinks,5.0,3,REG,4.5,2020-12-21 09:13:17,15.937429912097317,,Normal,,1,,,Skim,,Full,None,,0.5
9721,20,0.0,18.3,Milkshake (Syrup)-Chocolate,1,Cold Drinks,2.5,4,MINI,2.5,2020-12-21 09:13:17,15.937429912097317,,,,,,,Full Cream,,,,,0.0
9721,20,0.0,18.3,Milkshake (Syrup)-Chocolate,1,Cold Drinks,2.5,5,MINI,2.5,2020-12-21 09:13:17,15.937429912097317,,,,,,,Full Cream,,,,,0.0
9721,20,0.0,18.3,Milkshake (Syrup)-Chocolate,1,Cold Drinks,2.5,6,MINI,2.5,2020-12-21 09:13:17,15.937429912097317,,,,,,,Full Cream,,,,,0.0
16535,49,0.0,18.3,Milkshake (Syrup)-Chocolate,1,Cold Drinks,3.9,4,SML,3.9,2021-10-13 08:39:10,5.6913721453400745,,,,,,,Full Cream,,,,,0.0
15312,308,0.0,18.3,Milkshake (Syrup)-Strawberry,1,Cold Drinks,2.9,3,MINI,2.9,2021-09-02 12:35:11,10.76198852605863,,,,,,,Full Cream,,,,,0.0
15312,308,0.0,18.3,Ice Latte,1,Cold Drinks,5.5,2,REG,4.8,2021-09-02 12:35:11,10.76198852605863,,Normal,,0,,,Almond,,Full,None,,0.7000000000000002
20585,89,0.0,18.3,Milkshake (Syrup)-Chocolate,1,Cold Drinks,2.9,4,MINI,2.9,2022-03-30 09:21:38,151.01420580226997,,,,,,,Full Cream,,,,,0.0
20585,89,0.0,18.3,Milkshake (Syrup)-Chocolate,1,Cold Drinks,2.9,5,MINI,2.9,2022-03-30 09:21:38,151.01420580226997,,,,,,,Full Cream,,,,,0.0
21133,1145,0.0,18.3,Smoothie-Mango Magic,1,Cold Drinks,7.6,3,REG,7.6,2022-04-22 06:30:00,102.91074667455888,,,,,,,,,,,,0.0
16166,642,0.0,18.3,Milkshake (Syrup)-Banana,1,Cold Drinks,6.0,3,LRG,6.0,2021-09-30 14:11:40,129.8272536468121,,,,,,,Full Cream,,,,,0.0
21494,387,0.0,18.3,Milkshake (Syrup)-Vanilla,1,Cold Drinks,3.9,4,SML,3.9,2022-05-04 12:13:55,89.20540707357817,,,,,,,Full Cream,,,,,0.0
21494,387,0.0,18.3,Iced Chocolate with Cream,1,Cold Drinks,5.5,2,REG,5.5,2022-05-04 12:13:55,89.20540707357817,With Cream,,,0,,,Full Cream,,Full,,,0.0
20718,391,0.0,18.3,Ice Latte,1,Cold Drinks,4.8,2,REG,4.8,2022-04-04 14:24:34,186.28197264720313,,Normal,,0,,,Skim,,Full,None,,0.0
38734,446,0.0,18.3,Freshly Squeezed Juice-Orange,1,Cold Drinks,7.2,2,REG,7.2,2023-12-20 09:54:04,6.801133915060578,,,,,With Ice,Orange,,,,,,0.0
34169,234,0.0,18.3,Milkshake (Syrup)-Cookies and Cream,1,Cold Drinks,7.2,2,LRG,7.2,2023-07-29 10:31:57,3.306975953679214,,,,,,,Skim,,,,,0.0
13856,541,0.0,31.1,Smoothie-Mango Magic,1,Cold Drinks,7.6,4,REG,7.6,2021-07-07 13:11:14,72.33584156997668,,,,,,,,,,,,0.0
28030,810,0.0,31.1,Iced Chocolate with Cream,1,Cold Drinks,5.5,2,REG,5.5,2022-12-24 12:32:52,144.58892088938225,With Cream,,,0,,,Full Cream,,Full,,,0.0
28030,810,0.0,31.1,Smoothie-Koko Berries,1,Cold Drinks,7.6,3,REG,7.6,2022-12-24 12:32:52,144.58892088938225,,,,,,,,,,,,0.0
21585,92,0.0,31.1,Freshly Squeezed Juice-Orange,1,Cold Drinks,6.2,1,REG,6.2,2022-05-08 07:56:14,32.28859341322894,,,,,With Ice,Orange,,,,,,0.0
7065,442,0.0,31.1,Ice Chai,1,Cold Drinks,6.0,4,REG,6.0,2020-09-09 12:03:10,102.91074667455888,,,,0,,,Full Cream,,Full,,,0.0
8433,443,0.0,31.1,Iced Mocha with Cream,1,Cold Drinks,5.5,1,REG,5.5,2020-10-28 12:29:07,259.95384205662356,No Cream,Normal,,0,,,Full Cream,,Full,,,0.0
8433,443,0.0,31.1,Milkshake (Syrup)-Chocolate,1,Cold Drinks,3.8,2,SML,3.8,2020-10-28 12:29:07,259.95384205662356,,,,,,,Full Cream,,,,,0.0
19735,1002,0.0,31.1,Smoothie-Mango Magic,1,Cold Drinks,7.6,7,REG,7.6,2022-02-26 10:02:10,43.034869582700026,,,,,,,,,,,,0.0
9281,521,0.0,43.9,Coffee Milkshake,1,Cold Drinks,7.5,2,LRG,7.0,2020-12-02 10:30:00,185.75564229728337,,Normal,,1,,,Full Cream,,Full,,,0.5
5377,24,0.0,43.9,Ice Chai,1,Cold Drinks,6.5,3,REG,6.0,2020-06-20 11:03:43,102.91074667455888,,,,0,,,Soy,,Full,,,0.5
21127,1144,0.0,43.9,Iced Coffee with Cream,1,Cold Drinks,7.0,2,REG,5.5,2022-04-21 11:32:57,58.176580277235466,With Cream,Normal,,1,,,Oat Milk,,Full,Vanilla,,1.5
29966,1026,0.0,13.2,Freshly Squeezed Juice-Orange,1,Cold Drinks,7.0,1,REG,6.5,2023-03-15 12:46:02,24.170229622409465,,,,,With Ice,"Celery, Ginger",,,,,,0.5
21234,1026,0.0,13.2,Milkshake (Syrup)-Strawberry,1,Cold Drinks,2.9,3,MINI,2.9,2022-04-25 11:08:59,24.170229622409465,,,,,,,Full Cream,,,,,0.0
20133,1026,0.0,13.2,Milkshake (Syrup)-Strawberry,1,Cold Drinks,2.9,3,MINI,2.9,2022-03-12 10:13:37,24.170229622409465,,,,,,,Full Cream,,,,,0.0
25790,261,0.0,13.2,Milkshake (Syrup)-Chocolate,1,Cold Drinks,3.9,3,SML,3.9,2022-10-08 14:04:51,15.87426905030864,,,,,,,Skim,,,,,0.0
20604,275,0.0,13.2,Freshly Squeezed Juice-Orange,1,Cold Drinks,6.2,1,REG,6.2,2022-03-31 08:13:24,9.182885244928025,,,,,With Ice,Orange,,,,,,0.0
20265,275,0.0,13.2,Freshly Squeezed Juice-Orange,1,Cold Drinks,6.2,1,REG,6.2,2022-03-18 08:01:48,9.182885244928025,,,,,With Ice,Orange,,,,,,0.0
20006,275,0.0,13.2,Freshly Squeezed Juice-Orange,1,Cold Drinks,6.2,1,REG,6.2,2022-03-08 06:15:33,9.182885244928025,,,,,With Ice,Orange,,,,,,0.0
19483,275,0.0,13.2,Freshly Squeezed Juice-Orange,1,Cold Drinks,6.2,1,REG,6.2,2022-02-17 07:56:53,9.182885244928025,,,,,With Ice,Orange,,,,,,0.0
18810,275,0.0,13.2,Freshly Squeezed Juice-Orange,1,Cold Drinks,6.2,1,REG,6.2,2022-01-22 07:36:07,9.182885244928025,,,,,With Ice,Orange,,,,,,0.0
18711,275,0.0,13.2,Freshly Squeezed Juice-Orange,1,Cold Drinks,6.2,1,REG,6.2,2022-01-17 06:55:52,9.182885244928025,,,,,With Ice,Orange,,,,,,0.0
18649,275,0.0,13.2,Freshly Squeezed Juice-Orange,1,Cold Drinks,6.2,1,REG,6.2,2022-01-14 05:56:29,9.182885244928025,,,,,With Ice,Orange,,,,,,0.0
18638,275,0.0,13.2,Freshly Squeezed Juice-Orange,1,Cold Drinks,6.2,1,REG,6.2,2022-01-13 08:40:12,9.182885244928025,,,,,With Ice,Orange,,,,,,0.0
18563,275,0.0,13.2,Freshly Squeezed Juice-Orange,1,Cold Drinks,6.2,1,REG,6.2,2022-01-10 05:59:10,9.182885244928025,,,,,With Ice,Orange,,,,,,0.0
14856,20,0.0,13.2,Ice Latte,1,Cold Drinks,5.3,2,REG,4.8,2021-08-17 10:07:34,15.937429912097317,,Normal,,1,,,Skim,,Full,None,,0.5
14856,20,0.0,13.2,Milkshake (Syrup)-Chocolate,1,Cold Drinks,2.9,3,MINI,2.9,2021-08-17 10:07:34,15.937429912097317,,,,,,,Full Cream,,,,,0.0
21887,1060,0.0,13.2,Smoothie-Mango Magic,1,Cold Drinks,7.6,2,REG,7.6,2022-05-19 12:35:00,325.80894196855104,,,,,,,,,,,,0.0
20915,1060,0.0,13.2,Smoothie-Mango Magic,1,Cold Drinks,7.6,2,REG,7.6,2022-04-11 10:22:02,325.80894196855104,,,,,,,,,,,,0.0
19204,1071,0.0,13.2,Milkshake (Syrup)-Strawberry,1,Cold Drinks,2.9,3,MINI,2.9,2022-02-06 10:46:55,344.24603604592653,,,,,,,Full Cream,,,,,0.0
23589,1073,0.0,13.2,Milkshake (Syrup)-Blue Heaven,1,Cold Drinks,2.9,3,MINI,2.9,2022-07-23 09:47:30,23.118424220987432,,,,,,,Full Cream,,,,,0.0
39591,308,0.0,13.2,Milkshake (Syrup)-Vanilla,1,Cold Drinks,3.3,3,MINI,3.3,2024-02-01 09:34:42,10.76198852605863,,,,,,,Full Cream,,,,,0.0
9138,351,0.0,13.2,Milkshake (Syrup)-Vanilla,1,Cold Drinks,2.5,2,MINI,2.5,2020-11-26 10:43:01,15.749687649741688,,,,,,,Full Cream,,,,,0.0
9138,351,0.0,13.2,Milkshake (Syrup)-Vanilla,1,Cold Drinks,2.5,3,MINI,2.5,2020-11-26 10:43:01,15.749687649741688,,,,,,,Full Cream,,,,,0.0
31513,172,0.0,13.2,Freshly Squeezed Juice-Orange,1,Cold Drinks,7.5,1,REG,6.5,2023-05-06 07:23:49,5.2489316501187995,,,,,With Ice,"Lemon, Celery, Ginger, Beetroot",,,,,,1.0
15768,173,0.0,13.2,Milkshake (Syrup)-Chocolate,1,Cold Drinks,3.9,3,SML,3.9,2021-09-18 08:00:27,8.342553249041227,,,,,,,Full Cream,,,,,0.0
15300,173,0.0,13.2,Milkshake (Syrup)-Chocolate,1,Cold Drinks,3.9,3,SML,3.9,2021-09-02 08:59:47,8.342553249041227,,,,,,,Full Cream,,,,,0.0
5406,268,0.0,26.0,Iced Chocolate with Cream,1,Cold Drinks,5.0,2,REG,5.0,2020-06-22 10:10:21,86.00495109529,With Cream,,,0,,,Skim,,Full,,,0.0
5406,268,0.0,26.0,Thickshake (Syrup)-Vanilla,1,Cold Drinks,8.0,3,LRG,8.0,2020-06-22 10:10:21,86.00495109529,,,,,,,,,,,,0.0
5406,268,0.0,26.0,Thickshake (Syrup)-Vanilla,1,Cold Drinks,8.0,4,LRG,8.0,2020-06-22 10:10:21,86.00495109529,,,,,,,,,,,,0.0
27836,275,0.0,26.0,Iced Chocolate with Cream,1,Cold Drinks,5.5,3,REG,5.5,2022-12-17 10:34:35,9.182885244928025,With Cream,,,0,,,Full Cream,,Full,,,0.0
8569,543,0.0,26.0,Freshly Squeezed Juice-Orange,1,Cold Drinks,6.0,2,REG,6.0,2020-11-02 09:56:10,128.72796467313887,,,,,With Ice,Orange,,,,,,0.0
16824,49,0.0,26.0,Milkshake (Syrup)-Chocolate,1,Cold Drinks,3.9,7,SML,3.9,2021-10-23 10:14:51,5.6913721453400745,,,,,,,Full Cream,,,,,0.0
26933,1109,0.0,26.0,Milkshake (Syrup)-Chocolate,1,Cold Drinks,6.0,5,LRG,6.0,2022-11-18 10:15:00,121.41987363807341,,,,,,,Skim,,,,,0.0
12692,88,0.0,26.0,Iced Chocolate with Cream,1,Cold Drinks,6.5,1,REG,5.5,2021-05-22 11:41:44,78.77380993269992,No Cream,,,0,,,Oat Milk,,Full,,,1.0
3886,116,0.0,26.0,Iced Chocolate with Cream,1,Cold Drinks,5.0,1,REG,5.0,2019-11-24 12:46:53,102.91074667455888,With Cream,,,0,,,Full Cream,,Full,,,0.0
3886,116,0.0,26.0,Iced Coffee with Cream,1,Cold Drinks,5.0,2,REG,5.0,2019-11-24 12:46:53,102.91074667455888,No Cream,Normal,,0,,,Full Cream,,Full,None,,0.0
16196,890,0.0,26.0,Ice Chai,1,Cold Drinks,6.5,2,REG,6.0,2021-10-01 10:36:33,118.40101350917567,,,,1,,,Full Cream,,Full,,,0.5
16196,890,0.0,26.0,Smoothie-Green Machine,1,Cold Drinks,7.6,3,REG,7.6,2021-10-01 10:36:33,118.40101350917567,,,,,,,,,,,,0.0
18338,391,0.0,26.0,Iced Coffee with Cream,1,Cold Drinks,6.0,1,REG,5.5,2021-12-17 13:34:46,186.28197264720313,With Cream,Normal,,1,,,Skim,,Full,Vanilla,,0.5
18338,391,0.0,26.0,Iced Coffee with Cream,1,Cold Drinks,6.0,2,REG,5.5,2021-12-17 13:34:46,186.28197264720313,With Cream,Normal,,1,,,Skim,,Full,Vanilla,,0.5
7384,444,0.0,26.0,Freshly Squeezed Juice-Orange,1,Cold Drinks,6.0,1,REG,6.0,2020-09-21 14:37:18,74.95331880577403,,,,,With Ice,"Orange, Lemon, Apple, Celery",,,,,,0.0
7384,444,0.0,26.0,Freshly Squeezed Juice-Orange,1,Cold Drinks,6.0,2,REG,6.0,2020-09-21 14:37:18,74.95331880577403,,,,,With Ice,"Orange, Lemon, Apple, Celery",,,,,,0.0
28248,446,0.0,26.0,Smoothie-Koko Berries,1,Cold Drinks,7.6,4,REG,7.6,2023-01-13 09:42:31,6.801133915060578,,,,,,,,,,,,0.0
28248,446,0.0,26.0,Freshly Squeezed Juice-Orange,1,Cold Drinks,6.5,2,REG,6.5,2023-01-13 09:42:31,6.801133915060578,,,,,With Ice,Orange,,,,,,0.0
28248,446,0.0,26.0,Iced Chocolate with Cream,1,Cold Drinks,5.7,3,REG,5.7,2023-01-13 09:42:31,6.801133915060578,With Cream,,,0,,,Full Cream,,Full,,,0.0
9993,607,0.0,51.6,Smoothie-Mango Magic,1,Cold Drinks,7.6,4,REG,7.6,2021-01-13 11:11:55,102.91074667455888,,,,,,,,,,,,0.0
9993,607,0.0,51.6,Smoothie-Mango Magic,1,Cold Drinks,7.6,5,REG,7.6,2021-01-13 11:11:55,102.91074667455888,,,,,,,,,,,,0.0
9993,607,0.0,51.6,Smoothie-Green Machine,1,Cold Drinks,7.6,6,REG,7.6,2021-01-13 11:11:55,102.91074667455888,,,,,,,,,,,,0.0
12103,32,0.0,8.1,Milkshake (Syrup)-Strawberry,1,Cold Drinks,3.9,2,SML,3.9,2021-04-27 13:50:43,21.344574393513,,,,,,,Full Cream,,,,,0.0
38807,554,0.0,8.1,Milkshake (Syrup)-Strawberry,1,Cold Drinks,3.3,2,MINI,3.3,2023-12-23 10:10:23,123.28913637193408,,,,,,,Full Cream,,,,,0.0
36201,554,0.0,8.1,Milkshake (Syrup)-Strawberry,1,Cold Drinks,3.3,2,MINI,3.3,2023-10-01 10:49:24,123.28913637193408,,,,,,,Full Cream,,,,,0.0
35062,554,0.0,8.1,Milkshake (Syrup)-Strawberry,1,Cold Drinks,3.3,2,MINI,3.3,2023-08-26 09:21:11,123.28913637193408,,,,,,,Full Cream,,,,,0.0
6949,49,0.0,8.1,Milkshake (Syrup)-Chocolate,1,Cold Drinks,3.8,2,SML,3.8,2020-09-05 10:51:06,5.6913721453400745,,,,,,,Full Cream,,,,,0.0
5376,49,0.0,8.1,Milkshake (Syrup)-Chocolate,1,Cold Drinks,3.8,2,SML,3.8,2020-06-20 10:22:35,5.6913721453400745,,,,,,,Full Cream,,,,,0.0
5996,356,0.0,8.1,Milkshake (Syrup)-Banana,1,Cold Drinks,3.8,2,SML,3.8,2020-07-26 12:00:00,44.73626418615365,,,,,,,Full Cream,,,,,0.0
5970,356,0.0,8.1,Milkshake (Syrup)-Lime,1,Cold Drinks,3.8,2,SML,3.8,2020-07-25 11:00:00,44.73626418615365,,,,,,,Full Cream,,,,,0.0
20146,79,0.0,20.9,Milkshake (Syrup)-Strawberry,1,Cold Drinks,3.9,3,SML,3.9,2022-03-13 08:18:09,44.926900403068,,,,,,,Full Cream,,,,,0.0
38574,175,0.0,20.9,Smoothie-Mango Magic,1,Cold Drinks,8.5,3,REG,8.5,2023-12-15 11:00:04,10.277826498239987,,,,,,,,,,,,0.0
38574,175,0.0,20.9,Milkshake (Syrup)-Banana,1,Cold Drinks,7.2,2,LRG,7.2,2023-12-15 11:00:04,10.277826498239987,,,,,,,Full Cream,,,,,0.0
35079,175,0.0,20.9,Milkshake (Syrup)-Strawberry,2,Cold Drinks,6.6,3,MINI,3.3,2023-08-26 10:44:49,10.277826498239987,,,,,,,Full Cream,,,,,0.0
35079,175,0.0,20.9,Milkshake (Syrup)-Cookies and Cream,1,Cold Drinks,3.3,4,MINI,3.3,2023-08-26 10:44:49,10.277826498239987,,,,,,,Full Cream,,,,,0.0
29415,175,0.0,20.9,Milkshake (Syrup)-Banana,1,Cold Drinks,4.5,3,SML,4.5,2023-02-25 10:58:22,10.277826498239987,,,,,,,Full Cream,,,,,0.0
29415,175,0.0,20.9,Milkshake (Syrup)-Caramel,1,Cold Drinks,2.9,4,MINI,2.9,2023-02-25 10:58:22,10.277826498239987,,,,,,,Full Cream,,,,,0.0
29415,175,0.0,20.9,Milkshake (Syrup)-Caramel,1,Cold Drinks,2.9,5,MINI,2.9,2023-02-25 10:58:22,10.277826498239987,,,,,,,Full Cream,,,,,0.0
20998,698,0.0,20.9,Thickshake (Syrup)-Chocolate,1,Cold Drinks,6.0,2,SML,6.0,2022-04-14 09:38:59,86.16392645546176,,,,,,,,,,,,0.0
31019,189,0.0,20.9,Thickshake (Syrup)-Chocolate,1,Cold Drinks,6.9,4,SML,6.9,2023-04-20 10:02:20,9.699059222346209,,,,,,,,,,,,0.0
31019,189,0.0,20.9,Smoothie-Mango Magic,1,Cold Drinks,7.6,3,REG,7.6,2023-04-20 10:02:20,9.699059222346209,,,,,,,,,,,,0.0
38228,446,0.0,20.9,Milkshake (Syrup)-Lime,1,Cold Drinks,3.3,4,MINI,3.3,2023-12-04 15:43:51,6.801133915060578,,,,,,,Full Cream,,,,,0.0
38228,446,0.0,20.9,Iced Chocolate with Cream,1,Cold Drinks,5.9,2,REG,5.9,2023-12-04 15:43:51,6.801133915060578,With Cream,,,0,,,Full Cream,,Full,,,0.0
38228,446,0.0,20.9,Iced Chocolate with Cream,1,Cold Drinks,5.9,3,REG,5.9,2023-12-04 15:43:51,6.801133915060578,With Cream,,,0,,,Full Cream,,Full,,,0.0
23139,268,0.0,33.7,Milkshake (Syrup)-Vanilla,1,Cold Drinks,6.0,3,LRG,6.0,2022-07-05 10:00:21,86.00495109529,,,,,,,Skim,,,,,0.0
7894,498,0.0,33.7,Milkshake (Syrup)-Cookies and Cream,1,Cold Drinks,3.8,4,SML,3.8,2020-10-11 09:50:59,102.91074667455888,,,,,,,Full Cream,,,,,0.0
7894,498,0.0,33.7,Milkshake (Syrup)-Cookies and Cream,1,Cold Drinks,3.8,5,SML,3.8,2020-10-11 09:50:59,102.91074667455888,,,,,,,Full Cream,,,,,0.0
7894,498,0.0,33.7,Milkshake (Syrup)-Chocolate,1,Cold Drinks,3.8,6,SML,3.8,2020-10-11 09:50:59,102.91074667455888,,,,,,,Full Cream,,,,,0.0
15640,261,0.0,15.8,Milkshake (Syrup)-Blue Heaven,1,Cold Drinks,3.9,3,SML,3.9,2021-09-13 11:31:27,15.87426905030864,,,,,,,Full Cream,,,,,0.0
15640,261,0.0,15.8,Milkshake (Syrup)-Chocolate,1,Cold Drinks,3.9,4,SML,3.9,2021-09-13 11:31:27,15.87426905030864,,,,,,,Full Cream,,,,,0.0
14879,20,0.0,15.8,Freshly Squeezed Juice-Orange,1,Cold Drinks,6.5,2,REG,6.0,2021-08-18 10:18:40,15.937429912097317,,,,,With Ice,"Apple, Carrot, Ginger",,,,,,0.5
23803,49,0.0,15.8,Milkshake (Syrup)-Vanilla,1,Cold Drinks,3.9,4,SML,3.9,2022-07-30 09:12:31,5.6913721453400745,,,,,,,Full Cream,,,,,0.0
28268,324,0.0,15.8,Ice Latte,1,Cold Drinks,6.0,3,REG,5.0,2023-01-14 09:08:08,21.399972119696923,,Normal,,0,,,Oat Milk,,Full,None,,1.0
27157,593,0.0,15.8,Ice Latte,1,Cold Drinks,4.8,1,REG,4.8,2022-11-26 07:53:16,114.66552061030718,,Normal,,0,,,Skim,,Full,None,,0.0
16334,387,0.0,15.8,Iced Chocolate with Cream,1,Cold Drinks,5.5,1,REG,5.5,2021-10-06 10:03:07,89.20540707357817,With Cream,,,0,,,Full Cream,,Full,,,0.0
16334,387,0.0,15.8,Iced Chocolate with Cream,1,Cold Drinks,5.5,2,REG,5.5,2021-10-06 10:03:07,89.20540707357817,With Cream,,,0,,,Full Cream,,Full,,,0.0
16158,387,0.0,15.8,Iced Chocolate with Cream,1,Cold Drinks,5.5,1,REG,5.5,2021-09-30 10:20:53,89.20540707357817,With Cream,,,0,,,Full Cream,,Full,,,0.0
16158,387,0.0,15.8,Iced Chocolate with Cream,1,Cold Drinks,5.5,2,REG,5.5,2021-09-30 10:20:53,89.20540707357817,With Cream,,,0,,,Full Cream,,Full,,,0.0
15996,387,0.0,15.8,Iced Chocolate with Cream,1,Cold Drinks,5.5,1,REG,5.5,2021-09-25 10:05:08,89.20540707357817,With Cream,,,0,,,Full Cream,,Full,,,0.0
15996,387,0.0,15.8,Iced Chocolate with Cream,1,Cold Drinks,5.5,2,REG,5.5,2021-09-25 10:05:08,89.20540707357817,With Cream,,,0,,,Full Cream,,Full,,,0.0
10981,643,0.0,15.8,Iced Mocha with Cream,1,Cold Drinks,6.0,2,REG,6.0,2021-03-05 09:29:26,102.91074667455888,With Cream,Normal,,0,,,Skim,,Full,,,0.0
38886,1690,0.0,15.8,Thickshake (Syrup)-Chocolate,1,Cold Drinks,7.9,1,SML,7.9,2024-01-05 12:01:12,102.91074667455888,,,,,,,,,,,,0.0
38886,1690,0.0,15.8,Thickshake (Syrup)-Chocolate,1,Cold Drinks,7.9,2,SML,7.9,2024-01-05 12:01:12,102.91074667455888,,,,,,,,,,,,0.0
19556,175,0.0,15.8,Milkshake (Syrup)-Strawberry,1,Cold Drinks,2.9,4,MINI,2.9,2022-02-19 11:33:35,10.277826498239987,,,,,,,Full Cream,,,,,0.0
18763,175,0.0,15.8,Milkshake (Syrup)-Spearmint,1,Cold Drinks,2.9,4,MINI,2.9,2022-01-19 09:46:40,10.277826498239987,,,,,,,Full Cream,,,,,0.0
20176,234,0.0,15.8,Milkshake (Syrup)-Chocolate,1,Cold Drinks,2.9,3,MINI,2.9,2022-03-14 09:48:07,3.306975953679214,,,,,,,Full Cream,,,,,0.0
20176,234,0.0,15.8,Milkshake (Syrup)-Chocolate,1,Cold Drinks,2.9,4,MINI,2.9,2022-03-14 09:48:07,3.306975953679214,,,,,,,Full Cream,,,,,0.0
13249,575,0.0,28.6,Ice Latte,1,Cold Drinks,5.3,1,REG,4.8,2021-06-12 09:00:00,76.78296157615826,,Normal,,0,,,Lactose Free,,Full,Vanilla,,0.5
12828,575,0.0,28.6,Ice Latte,1,Cold Drinks,5.3,1,REG,4.8,2021-05-28 08:58:18,76.78296157615826,,Normal,,0,,,Lactose Free,,Full,Vanilla,,0.5
24583,593,0.0,28.6,Ice Latte,1,Cold Drinks,4.8,1,REG,4.8,2022-08-27 09:18:51,114.66552061030718,,Normal,,0,,,Skim,,Full,Vanilla,,0.0
24583,593,0.0,28.6,Ice Latte,1,Cold Drinks,4.8,2,REG,4.8,2022-08-27 09:18:51,114.66552061030718,,Normal,,0,,,Skim,,Full,None,,0.0
8748,443,0.0,41.4,Iced Coffee with Cream,1,Cold Drinks,5.0,1,REG,5.0,2020-11-09 12:12:36,259.95384205662356,No Cream,Normal,,0,,,Full Cream,,Full,Vanilla,,0.0
8748,443,0.0,41.4,Smoothie-Koko Berries,1,Cold Drinks,7.6,4,REG,7.6,2020-11-09 12:12:36,259.95384205662356,,,,,,,,,,,,0.0
17444,1003,0.0,41.4,Iced Chocolate with Cream,1,Cold Drinks,5.5,3,REG,5.5,2021-11-14 11:15:00,102.91074667455888,With Cream,,,0,,,Full Cream,,Full,,,0.0
17444,1003,0.0,41.4,Ice Chai,1,Cold Drinks,6.0,2,REG,6.0,2021-11-14 11:15:00,102.91074667455888,,,,0,,,Full Cream,,Full,,,0.0
23846,811,0.0,54.2,Smoothie-Koko Berries,1,Cold Drinks,7.6,3,REG,7.6,2022-07-31 12:12:55,56.15160730560616,,,,,,,,,,,,0.0
23846,811,0.0,54.2,Thickshake (Syrup)-Blue Heaven,1,Cold Drinks,6.5,4,SML,6.5,2022-07-31 12:12:55,56.15160730560616,,,,,,,,,,,,0.0
12740,12,0.0,67.0,Smoothie-Mango Magic,1,Cold Drinks,7.6,5,REG,7.6,2021-05-25 06:31:03,30.753554335954057,,,,,,,,,,,,0.0
12740,12,0.0,67.0,Smoothie-Mango Magic,1,Cold Drinks,7.6,6,REG,7.6,2021-05-25 06:31:03,30.753554335954057,,,,,,,,,,,,0.0
37387,251,0.74,8.14,Ice Chai,1,Cold Drinks,7.4,1,REG,6.4,2023-11-07 13:30:00,60.441634282927495,,,,1,,,Soy,,Full,,,1.0
3851,20,0.0,10.7,Ice Latte,1,Cold Drinks,5.0,3,REG,4.5,2019-11-19 06:59:46,15.937429912097317,,Normal,,1,,,Skim,,Full,None,,0.5
3638,20,0.0,10.7,Ice Latte,1,Cold Drinks,5.0,3,REG,4.5,2019-10-03 12:20:33,15.937429912097317,,Normal,,1,,,Skim,,Full,None,,0.5
3612,20,0.0,10.7,Ice Latte,1,Cold Drinks,5.0,3,REG,4.5,2019-09-24 08:06:51,15.937429912097317,,Normal,,1,,,Skim,,Full,None,,0.5
3363,20,0.0,10.7,Ice Latte,1,Cold Drinks,5.0,3,REG,4.5,2019-06-27 10:17:29,15.937429912097317,,Normal,,1,,,Skim,,Full,None,,0.5
29158,1399,0.0,10.7,Ice Latte,1,Cold Drinks,5.7,1,REG,5.0,2023-02-17 08:15:00,102.91074667455888,,Normal,,0,,,Bonsoy,,Full,None,,0.7000000000000002
29158,1399,0.0,10.7,Ice Latte,1,Cold Drinks,5.0,2,REG,5.0,2023-02-17 08:15:00,102.91074667455888,,Normal,,0,,,Skim,,Half,Vanilla,,0.0
28651,913,0.0,10.7,Milkshake (Syrup)-Cookies and Cream,1,Cold Drinks,4.5,2,SML,4.5,2023-01-30 10:00:00,391.3029516883306,,,,,,,Full Cream,,,,,0.0
9350,150,0.0,10.7,Ice Latte,1,Cold Drinks,5.0,1,REG,4.5,2020-12-05 11:47:41,193.96618868488696,,Normal,,1,,,Full Cream,,Full,None,,0.5
9350,150,0.0,10.7,Ice Latte,1,Cold Drinks,5.7,2,REG,4.5,2020-12-05 11:47:41,193.96618868488696,,Normal,,1,,,Almond,,Full,None,,1.2000000000000002
20939,197,0.0,10.7,Milkshake (Syrup)-Vanilla,1,Cold Drinks,2.9,2,MINI,2.9,2022-04-12 11:59:02,8.972684535279665,,,,,,,Full Cream,,,,,0.0
20939,197,0.0,10.7,Milkshake (Syrup)-Chocolate,1,Cold Drinks,2.9,3,MINI,2.9,2022-04-12 11:59:02,8.972684535279665,,,,,,,Full Cream,,,,,0.0
14926,788,0.0,23.5,Iced Coffee with Cream,1,Cold Drinks,5.5,1,REG,5.5,2021-08-20 10:00:16,248.71957818279722,With Cream,Normal,,0,,,Full Cream,,Full,Vanilla,,0.0
14926,788,0.0,23.5,Thickshake (Syrup)-Chocolate,1,Cold Drinks,8.0,2,LRG,8.0,2021-08-20 10:00:16,248.71957818279722,,,,,,,,,,,,0.0
7608,421,0.0,23.5,Freshly Squeezed Juice-Orange,1,Cold Drinks,6.5,3,REG,6.0,2020-09-30 07:53:36,32.56254897822951,,,,,With Ice,"Orange, Apple, Celery, Carrot, Ginger",,,,,,0.5
22375,172,0.0,23.5,Iced Chocolate with Cream,1,Cold Drinks,7.0,1,REG,5.5,2022-06-05 10:18:34,5.2489316501187995,With Cream,,,3,,,Full Cream,,Full,,,1.5
22375,172,0.0,23.5,Iced Chocolate with Cream,1,Cold Drinks,5.5,2,REG,5.5,2022-06-05 10:18:34,5.2489316501187995,With Cream,,,0,,,Full Cream,,Full,,,0.0
22375,172,0.0,23.5,Iced Chocolate with Cream,1,Cold Drinks,5.5,3,REG,5.5,2022-06-05 10:18:34,5.2489316501187995,With Cream,,,0,,,Full Cream,,Full,,,0.0
15159,173,0.0,23.5,Ice Latte,1,Cold Drinks,5.3,3,REG,4.8,2021-08-28 10:00:56,8.342553249041227,,Normal,,0,,,Soy,,Full,None,,0.5
15159,173,0.0,23.5,Milkshake (Syrup)-Chocolate,1,Cold Drinks,3.9,5,SML,3.9,2021-08-28 10:00:56,8.342553249041227,,,,,,,Full Cream,,,,,0.0
36631,197,0.0,23.5,Milkshake (Syrup)-Vanilla,1,Cold Drinks,5.7,4,SML,5.2,2023-10-14 11:56:41,8.972684535279665,,,,,,,Lactose Free,,,,,0.5
16979,981,0.0,23.5,Ice Latte,1,Cold Drinks,5.3,2,REG,4.8,2021-10-28 10:21:22,102.91074667455888,,Normal,,1,,,Full Cream,,Full,None,,0.5
40270,1144,0.0,36.3,Iced Mocha with Cream,1,Cold Drinks,6.9,3,REG,6.4,2024-02-23 08:35:44,58.176580277235466,With Cream,Normal,,1,,,Skim,,Full,,,0.5
40077,1730,0.0,36.3,Smoothie-Koko Berries,1,Cold Drinks,8.5,2,REG,8.5,2024-02-17 11:31:17,102.91074667455888,,,,,,,,,,,,0.0
16165,541,0.0,49.1,Smoothie-Mango Magic,1,Cold Drinks,7.6,8,REG,7.6,2021-09-30 12:37:24,72.33584156997668,,,,,,,,,,,,0.0
6982,127,0.0,49.1,Iced Chocolate with Cream,1,Cold Drinks,5.0,3,REG,5.0,2020-09-06 10:11:10,77.04087019928528,No Cream,,,0,,,Full Cream,,Full,,,0.0
24001,727,0.0,61.9,Thickshake (Syrup)-Chocolate,1,Cold Drinks,9.0,5,LRG,9.0,2022-08-05 12:31:22,352.13917703090067,,,,,,,,,,,,0.0
24001,727,0.0,61.9,Iced Chocolate with Cream,1,Cold Drinks,5.5,3,REG,5.5,2022-08-05 12:31:22,352.13917703090067,With Cream,,,0,,,Full Cream,,Full,,,0.0
34896,1551,0.0,18.4,Smoothie-Koko Berries,1,Cold Drinks,8.5,3,REG,8.5,2023-08-21 10:13:02,16.15473210728448,,,,,,,,,,,,0.0
14595,49,0.0,18.4,Milkshake (Syrup)-Vanilla,1,Cold Drinks,3.9,5,SML,3.9,2021-08-07 10:14:21,5.6913721453400745,,,,,,,Full Cream,,,,,0.0
26969,1073,0.0,18.4,Freshly Squeezed Juice-Orange,1,Cold Drinks,6.5,3,REG,6.5,2022-11-20 08:18:48,23.118424220987432,,,,,With Ice,Orange,,,,,,0.0
31803,307,0.0,18.4,Smoothie-Koko Berries,1,Cold Drinks,7.6,3,REG,7.6,2023-05-14 09:52:27,37.82263636219195,,,,,,,,,,,,0.0
35674,1337,0.0,18.4,Iced Coffee with Cream,1,Cold Drinks,5.9,1,REG,5.9,2023-09-14 11:43:25,170.7020796592707,No Cream,Normal,,0,,,Skim,,Full,None,,0.0
27537,175,0.0,18.4,Smoothie-Mango Magic,1,Cold Drinks,7.6,3,REG,7.6,2022-12-08 09:58:42,10.277826498239987,,,,,,,,,,,,0.0
17236,175,0.0,18.4,Milkshake (Syrup)-Lime,1,Cold Drinks,2.9,4,MINI,2.9,2021-11-07 10:17:25,10.277826498239987,,,,,,,Full Cream,,,,,0.0
14252,175,0.0,18.4,Milkshake (Syrup)-Caramel,1,Cold Drinks,2.9,4,MINI,2.9,2021-07-24 10:34:07,10.277826498239987,,,,,,,Full Cream,,,,,0.0
29612,223,0.0,18.4,Milkshake (Syrup)-Strawberry,2,Cold Drinks,5.8,2,MINI,2.9,2023-03-04 08:02:40,32.77916866786114,,,,,,,Full Cream,,,,,0.0
29612,223,0.0,18.4,Milkshake (Syrup)-Chocolate,1,Cold Drinks,2.9,3,MINI,2.9,2023-03-04 08:02:40,32.77916866786114,,,,,,,Full Cream,,,,,0.0
32737,1510,0.0,18.4,Smoothie-Banana Buzz,1,Cold Drinks,7.6,3,REG,7.6,2023-06-14 07:01:46,16.78861135604633,,,,,,,,,,,,0.0
26745,234,0.0,18.4,Milkshake (Syrup)-Cookies and Cream,1,Cold Drinks,3.9,3,SML,3.9,2022-11-12 09:26:00,3.306975953679214,,,,,,,Skim,,,,,0.0
7873,495,0.0,18.4,Ice Latte,1,Cold Drinks,4.5,2,REG,4.5,2020-10-10 11:09:26,102.91074667455888,,Normal,,0,,,Skim,,Full,None,,0.0
35213,1523,0.0,18.4,Iced Coffee with Cream,1,Cold Drinks,5.9,2,REG,5.9,2023-08-31 13:24:17,20.29778313018444,With Cream,Normal,,0,,,Full Cream,,Full,None,,0.0
27048,1255,0.0,31.2,Iced Coffee with Cream,1,Cold Drinks,5.5,2,REG,5.5,2022-11-22 13:41:38,30.29186071202668,With Cream,Normal,,0,,,Full Cream,,Full,Vanilla,,0.0
29568,1221,0.0,44.0,Freshly Squeezed Juice-Orange,2,Cold Drinks,13.0,3,REG,6.5,2023-03-02 12:30:00,56.73446924048907,,,,,With Ice,"Orange, Lemon, Apple, Carrot",,,,,,0.0
35248,1585,0.0,56.8,Thickshake (Syrup)-Chocolate,2,Cold Drinks,21.0,3,LRG,10.5,2023-09-01 13:24:32,102.91074667455888,,,,,,,,,,,,0.0
22374,1026,0.0,13.3,Milkshake (Syrup)-Chocolate,1,Cold Drinks,2.9,3,MINI,2.9,2022-06-05 09:47:38,24.170229622409465,,,,,,,Full Cream,,,,,0.0
7144,47,0.0,13.3,Milkshake (Syrup)-Strawberry,1,Cold Drinks,3.8,1,SML,3.8,2020-09-12 11:13:11,169.9117417955569,,,,,,,Full Cream,,,,,0.0
7144,47,0.0,13.3,Milkshake (Syrup)-Banana,1,Cold Drinks,2.5,2,MINI,2.5,2020-09-12 11:13:11,169.9117417955569,,,,,,,Full Cream,,,,,0.0
37029,308,0.0,13.3,Milkshake (Syrup)-Vanilla,1,Cold Drinks,3.3,4,MINI,3.3,2023-10-26 09:54:58,10.76198852605863,,,,,,,Full Cream,,,,,0.0
8076,62,0.0,13.3,Smoothie-Green Machine,1,Cold Drinks,7.6,2,REG,7.6,2020-10-17 07:34:46,48.921002509326165,,,,,,,,,,,,0.0
8909,66,0.0,13.3,Milkshake (Syrup)-Vanilla,1,Cold Drinks,3.8,3,SML,3.8,2020-11-16 08:54:56,102.94415553912648,,,,,,,Full Cream,,,,,0.0
36019,1603,0.0,13.3,Smoothie-Mango Magic,1,Cold Drinks,8.5,2,REG,8.5,2023-09-25 09:50:02,102.91074667455888,,,,,,,,,,,,0.0
38188,1131,0.0,13.3,Thickshake (Syrup)-Chocolate,1,Cold Drinks,7.9,2,SML,7.9,2023-12-03 09:41:09,35.55952755591671,,,,,,,,,,,,0.0
37921,1665,0.0,13.3,Iced Mocha with Cream,1,Cold Drinks,6.9,2,REG,6.4,2023-11-25 08:00:11,102.91074667455888,With Cream,Normal,,1,,,Skim,,Full,,,0.5
37921,1665,0.0,13.3,Iced Coffee with Cream,1,Cold Drinks,6.4,1,REG,5.9,2023-11-25 08:00:11,102.91074667455888,With Cream,Normal,,1,,,Full Cream,,Full,Vanilla,,0.5
32965,408,0.0,13.3,Smoothie-Mango Magic,1,Cold Drinks,7.6,2,REG,7.6,2023-06-21 08:35:20,12.291788020714451,,,,,,,,,,,,0.0
30618,223,0.0,13.3,Milkshake (Syrup)-Strawberry,3,Cold Drinks,8.7,2,MINI,2.9,2023-04-05 12:05:08,32.77916866786114,,,,,,,Full Cream,,,,,0.0
30698,234,2.14,23.54,Milkshake (Syrup)-Cookies and Cream,1,Cold Drinks,6.5,3,LRG,6.5,2023-04-08 09:06:12,3.306975953679214,,,,,,,Skim,,,,,0.0
29892,234,2.14,23.54,Milkshake (Syrup)-Cookies and Cream,1,Cold Drinks,6.5,3,LRG,6.5,2023-03-13 09:37:57,3.306975953679214,,,,,,,Skim,,,,,0.0
28576,234,2.14,23.54,Milkshake (Syrup)-Cookies and Cream,1,Cold Drinks,6.5,3,LRG,6.5,2023-01-26 10:02:30,3.306975953679214,,,,,,,Skim,,,,,0.0
23818,9,0.0,26.1,Smoothie-Green Machine,1,Cold Drinks,7.6,3,REG,7.6,2022-07-30 12:07:56,6.703924063787684,,,,,,,,,,,,0.0
23245,9,0.0,26.1,Smoothie-Green Machine,1,Cold Drinks,7.6,3,REG,7.6,2022-07-09 11:53:43,6.703924063787684,,,,,,,,,,,,0.0
20210,782,0.0,26.1,Freshly Squeezed Juice-Orange,1,Cold Drinks,6.2,1,REG,6.2,2022-03-16 06:16:24,19.67803524808997,,,,,With Ice,"Orange, Apple, Carrot",,,,,,0.0
20066,291,0.0,26.1,Smoothie-Mango Magic,1,Cold Drinks,7.6,3,REG,7.6,2022-03-10 07:30:00,117.65671017530349,,,,,,,,,,,,0.0
17620,814,0.0,26.1,Milkshake (Syrup)-Chocolate,1,Cold Drinks,2.9,3,MINI,2.9,2021-11-20 09:15:49,144.56895356950722,,,,,,,Full Cream,,,,,0.0
32892,175,0.0,26.1,Smoothie-Mango Magic,1,Cold Drinks,7.6,3,REG,7.6,2023-06-18 10:41:18,10.277826498239987,,,,,,,,,,,,0.0
28049,175,0.0,26.1,Milkshake (Syrup)-Lime,1,Cold Drinks,2.9,5,MINI,2.9,2023-01-05 10:15:39,10.277826498239987,,,,,,,Full Cream,,,,,0.0
28049,175,0.0,26.1,Milkshake (Syrup)-Lime,1,Cold Drinks,2.9,6,MINI,2.9,2023-01-05 10:15:39,10.277826498239987,,,,,,,Full Cream,,,,,0.0
16267,233,0.0,26.1,Milkshake (Syrup)-Vanilla,1,Cold Drinks,2.9,3,MINI,2.9,2021-10-03 11:53:14,14.254925248600953,,,,,,,Full Cream,,,,,0.0
16267,233,0.0,26.1,Thickshake (Syrup)-Chocolate,1,Cold Drinks,6.0,4,SML,6.0,2021-10-03 11:53:14,14.254925248600953,,,,,,,,,,,,0.0
16267,233,0.0,26.1,Thickshake (Syrup)-Chocolate,1,Cold Drinks,8.0,5,LRG,8.0,2021-10-03 11:53:14,14.254925248600953,,,,,,,,,,,,0.0
8625,546,0.0,38.9,Freshly Squeezed Juice-Orange,1,Cold Drinks,6.0,3,REG,6.0,2020-11-04 13:20:38,102.91074667455888,,,,,With Ice,Orange,,,,,,0.0
17198,255,0.0,38.9,Thickshake (Syrup)-Chocolate,1,Cold Drinks,8.0,2,LRG,8.0,2021-11-05 13:00:00,56.13881858007836,,,,,,,,,,,,0.0
17198,255,0.0,38.9,Thickshake (Syrup)-Chocolate,1,Cold Drinks,8.0,3,LRG,8.0,2021-11-05 13:00:00,56.13881858007836,,,,,,,,,,,,0.0
15391,23,0.0,64.5,Smoothie-Mango Magic,1,Cold Drinks,7.6,5,REG,7.6,2021-09-05 10:00:00,102.91074667455888,,,,,,,,,,,,0.0
15391,23,0.0,64.5,Smoothie-Mango Magic,1,Cold Drinks,7.6,6,REG,7.6,2021-09-05 10:00:00,102.91074667455888,,,,,,,,,,,,0.0
25378,175,3.77,41.47,Milkshake (Syrup)-Blue Heaven,1,Cold Drinks,3.9,5,SML,3.9,2022-09-23 08:44:39,10.277826498239987,,,,,,,Full Cream,,,,,0.0
25378,175,3.77,41.47,Milkshake (Syrup)-Banana,1,Cold Drinks,3.9,6,SML,3.9,2022-09-23 08:44:39,10.277826498239987,,,,,,,Full Cream,,,,,0.0
12555,49,0.0,8.2,Milkshake (Syrup)-Chocolate,1,Cold Drinks,3.9,2,SML,3.9,2021-05-16 09:31:57,5.6913721453400745,,,,,,,Full Cream,,,,,0.0
12205,49,0.0,8.2,Milkshake (Syrup)-Chocolate,1,Cold Drinks,3.9,2,SML,3.9,2021-05-02 10:19:26,5.6913721453400745,,,,,,,Full Cream,,,,,0.0
16250,308,0.0,8.2,Milkshake (Syrup)-Vanilla,1,Cold Drinks,2.9,2,MINI,2.9,2021-10-03 09:54:38,10.76198852605863,,,,,,,Full Cream,,,,,0.0
16043,308,0.0,8.2,Milkshake (Syrup)-Vanilla,1,Cold Drinks,2.9,2,MINI,2.9,2021-09-26 14:29:31,10.76198852605863,,,,,,,Full Cream,,,,,0.0
15930,308,0.0,8.2,Milkshake (Syrup)-Vanilla,1,Cold Drinks,2.9,2,MINI,2.9,2021-09-23 09:34:48,10.76198852605863,,,,,,,Full Cream,,,,,0.0
15375,308,0.0,8.2,Milkshake (Syrup)-Strawberry,1,Cold Drinks,2.9,2,MINI,2.9,2021-09-04 12:38:56,10.76198852605863,,,,,,,Full Cream,,,,,0.0
40390,1641,0.0,8.2,Milkshake (Syrup)-Strawberry,1,Cold Drinks,3.3,2,MINI,3.3,2024-02-28 06:17:44,7.860372827856691,,,,,,,Full Cream,,,,,0.0
40065,1641,0.0,8.2,Milkshake (Syrup)-Strawberry,1,Cold Drinks,3.3,2,MINI,3.3,2024-02-17 09:09:48,7.860372827856691,,,,,,,Full Cream,,,,,0.0
39946,1641,0.0,8.2,Milkshake (Syrup)-Strawberry,1,Cold Drinks,3.3,2,MINI,3.3,2024-02-14 06:20:12,7.860372827856691,,,,,,,Full Cream,,,,,0.0
39902,1641,0.0,8.2,Milkshake (Syrup)-Strawberry,1,Cold Drinks,3.3,2,MINI,3.3,2024-02-12 06:19:23,7.860372827856691,,,,,,,Full Cream,,,,,0.0
39750,1641,0.0,8.2,Milkshake (Syrup)-Strawberry,1,Cold Drinks,3.3,2,MINI,3.3,2024-02-07 06:17:23,7.860372827856691,,,,,,,Full Cream,,,,,0.0
39516,1641,0.0,8.2,Milkshake (Syrup)-Strawberry,1,Cold Drinks,3.3,2,MINI,3.3,2024-01-30 06:18:31,7.860372827856691,,,,,,,Full Cream,,,,,0.0
39316,1641,0.0,8.2,Milkshake (Syrup)-Strawberry,1,Cold Drinks,3.3,2,MINI,3.3,2024-01-23 06:14:36,7.860372827856691,,,,,,,Full Cream,,,,,0.0
39290,1641,0.0,8.2,Milkshake (Syrup)-Strawberry,1,Cold Drinks,3.3,2,MINI,3.3,2024-01-22 06:18:23,7.860372827856691,,,,,,,Full Cream,,,,,0.0
39188,1641,0.0,8.2,Milkshake (Syrup)-Strawberry,1,Cold Drinks,3.3,2,MINI,3.3,2024-01-18 06:13:50,7.860372827856691,,,,,,,Full Cream,,,,,0.0
39133,1641,0.0,8.2,Milkshake (Syrup)-Strawberry,1,Cold Drinks,3.3,2,MINI,3.3,2024-01-16 06:20:17,7.860372827856691,,,,,,,Full Cream,,,,,0.0
39072,1641,0.0,8.2,Milkshake (Syrup)-Strawberry,1,Cold Drinks,3.3,2,MINI,3.3,2024-01-13 08:42:04,7.860372827856691,,,,,,,Full Cream,,,,,0.0
39039,1641,0.0,8.2,Milkshake (Syrup)-Strawberry,1,Cold Drinks,3.3,2,MINI,3.3,2024-01-12 06:20:42,7.860372827856691,,,,,,,Full Cream,,,,,0.0
39014,1641,0.0,8.2,Milkshake (Syrup)-Strawberry,1,Cold Drinks,3.3,2,MINI,3.3,2024-01-11 06:19:05,7.860372827856691,,,,,,,Full Cream,,,,,0.0
38983,1641,0.0,8.2,Milkshake (Syrup)-Strawberry,1,Cold Drinks,3.3,2,MINI,3.3,2024-01-10 06:15:45,7.860372827856691,,,,,,,Full Cream,,,,,0.0
38740,1641,0.0,8.2,Milkshake (Syrup)-Strawberry,1,Cold Drinks,3.3,2,MINI,3.3,2023-12-21 06:13:06,7.860372827856691,,,,,,,Full Cream,,,,,0.0
38708,1641,0.0,8.2,Milkshake (Syrup)-Strawberry,1,Cold Drinks,3.3,2,MINI,3.3,2023-12-20 06:15:11,7.860372827856691,,,,,,,Full Cream,,,,,0.0
38637,1641,0.0,8.2,Milkshake (Syrup)-Strawberry,1,Cold Drinks,3.3,2,MINI,3.3,2023-12-18 06:18:21,7.860372827856691,,,,,,,Full Cream,,,,,0.0
38544,1641,0.0,8.2,Milkshake (Syrup)-Strawberry,1,Cold Drinks,3.3,2,MINI,3.3,2023-12-15 06:24:03,7.860372827856691,,,,,,,Full Cream,,,,,0.0
38514,1641,0.0,8.2,Milkshake (Syrup)-Strawberry,1,Cold Drinks,3.3,2,MINI,3.3,2023-12-14 06:21:04,7.860372827856691,,,,,,,Full Cream,,,,,0.0
38482,1641,0.0,8.2,Milkshake (Syrup)-Strawberry,1,Cold Drinks,3.3,2,MINI,3.3,2023-12-13 06:26:52,7.860372827856691,,,,,,,Full Cream,,,,,0.0
20082,387,0.0,8.2,Milkshake (Syrup)-Strawberry,1,Cold Drinks,3.9,2,SML,3.9,2022-03-10 13:12:49,89.20540707357817,,,,,,,Full Cream,,,,,0.0
38448,1681,0.0,8.2,Milkshake (Syrup)-Strawberry,1,Cold Drinks,3.3,2,MINI,3.3,2023-12-12 06:27:03,102.91074667455888,,,,,,,Full Cream,,,,,0.0
39380,1709,0.0,8.2,Milkshake (Syrup)-Strawberry,1,Cold Drinks,3.3,2,MINI,3.3,2024-01-25 06:15:54,102.91074667455888,,,,,,,Full Cream,,,,,0.0
39239,1536,0.0,21.0,Smoothie-Koko Berries,1,Cold Drinks,8.5,2,REG,8.5,2024-01-19 13:48:04,12.29437639009218,,,,,,,,,,,,0.0
33843,1544,0.0,21.0,Thickshake (Syrup)-Chocolate,1,Cold Drinks,9.5,2,LRG,9.5,2023-07-19 11:23:06,24.192696205830433,,,,,,,,,,,,0.0
40302,1568,0.0,21.0,Smoothie-Mango Magic,1,Cold Drinks,8.5,2,REG,8.5,2024-02-24 09:27:44,206.47518010647187,,,,,,,,,,,,0.0
39648,1568,0.0,21.0,Smoothie-Mango Magic,1,Cold Drinks,8.5,2,REG,8.5,2024-02-03 09:16:41,206.47518010647187,,,,,,,,,,,,0.0
31811,1063,0.0,21.0,Thickshake (Syrup)-Chocolate,1,Cold Drinks,9.5,2,LRG,9.5,2023-05-14 12:42:51,102.91074667455888,,,,,,,,,,,,0.0
5129,49,0.0,21.0,Milkshake (Syrup)-Chocolate,1,Cold Drinks,3.8,4,SML,3.8,2020-06-02 10:40:48,5.6913721453400745,,,,,,,Full Cream,,,,,0.0
5129,49,0.0,21.0,Milkshake (Syrup)-Chocolate,1,Cold Drinks,3.8,5,SML,3.8,2020-06-02 10:40:48,5.6913721453400745,,,,,,,Full Cream,,,,,0.0
5129,49,0.0,21.0,Milkshake (Syrup)-Chocolate,1,Cold Drinks,3.8,6,SML,3.8,2020-06-02 10:40:48,5.6913721453400745,,,,,,,Full Cream,,,,,0.0
26435,341,0.0,21.0,Freshly Squeezed Juice-Orange,1,Cold Drinks,6.5,2,REG,6.5,2022-11-02 10:39:42,86.43207290008986,,,,,With Ice,Orange,,,,,,0.0
39485,1372,0.0,21.0,Smoothie-Mango Magic,1,Cold Drinks,8.5,2,REG,8.5,2024-01-28 11:29:11,102.91074667455888,,,,,,,,,,,,0.0
7019,391,0.0,21.0,Iced Coffee with Cream,1,Cold Drinks,5.0,3,REG,5.0,2020-09-07 14:48:38,186.28197264720313,With Cream,Normal,,0,,,Full Cream,,Full,None,,0.0
7019,391,0.0,21.0,Iced Coffee with Cream,1,Cold Drinks,5.0,4,REG,5.0,2020-09-07 14:48:38,186.28197264720313,With Cream,Normal,,0,,,Full Cream,,Full,None,,0.0
7019,391,0.0,21.0,Iced Coffee with Cream,1,Cold Drinks,5.0,5,REG,5.0,2020-09-07 14:48:38,186.28197264720313,With Cream,Normal,,0,,,Full Cream,,Full,None,,0.0
23805,917,0.0,21.0,Ice Chai,1,Cold Drinks,6.0,3,REG,6.0,2022-07-30 10:30:00,148.00386095349964,,,,0,,,Full Cream,,Full,,,0.0
23805,917,0.0,21.0,Ice Chai,1,Cold Drinks,6.0,4,REG,6.0,2022-07-30 10:30:00,148.00386095349964,,,,0,,,Full Cream,,Full,,,0.0
11329,172,0.0,21.0,Freshly Squeezed Juice-Orange,1,Cold Drinks,7.0,1,REG,6.0,2021-03-22 08:30:05,5.2489316501187995,,,,,With Ice,"Orange, Lemon, Apple, Celery, Carrot, Ginger, Beetroot",,,,,,1.0
11329,172,0.0,21.0,Freshly Squeezed Juice-Orange,1,Cold Drinks,7.0,2,REG,6.0,2021-03-22 08:30:05,5.2489316501187995,,,,,With Ice,"Orange, Lemon, Apple, Celery, Carrot, Ginger, Beetroot",,,,,,1.0
16344,951,0.0,21.0,Thickshake (Syrup)-Spearmint,1,Cold Drinks,8.0,2,LRG,8.0,2021-10-06 13:30:43,272.8833694700601,,,,,,,,,,,,0.0
24440,1221,0.0,21.0,Freshly Squeezed Juice-Orange,1,Cold Drinks,6.5,3,REG,6.5,2022-08-21 13:00:00,56.73446924048907,,,,,With Ice,"Orange, Apple",,,,,,0.0
24440,1221,0.0,21.0,Freshly Squeezed Juice-Orange,1,Cold Drinks,6.5,4,REG,6.5,2022-08-21 13:00:00,56.73446924048907,,,,,With Ice,"Orange, Apple",,,,,,0.0
10081,233,0.0,21.0,Milkshake (Syrup)-Cookies and Cream,1,Cold Drinks,6.0,3,LRG,6.0,2021-01-17 15:34:10,14.254925248600953,,,,,,,Full Cream,,,,,0.0
10081,233,0.0,21.0,Milkshake (Syrup)-Vanilla,1,Cold Drinks,2.9,4,MINI,2.9,2021-01-17 15:34:10,14.254925248600953,,,,,,,Full Cream,,,,,0.0
10081,233,0.0,21.0,Milkshake (Syrup)-Lime,1,Cold Drinks,2.9,5,MINI,2.9,2021-01-17 15:34:10,14.254925248600953,,,,,,,Full Cream,,,,,0.0
9700,489,0.0,21.0,Ice Latte,1,Cold Drinks,5.0,1,REG,4.5,2020-12-20 10:36:59,473.27060617226874,,Normal,,0,,,Soy,,Full,None,,0.5
20154,234,0.0,21.0,Iced Chocolate with Cream,1,Cold Drinks,5.5,1,REG,5.5,2022-03-13 09:59:44,3.306975953679214,With Cream,,,0,,,Skim,,Full,,,0.0
20154,234,0.0,21.0,Iced Chocolate with Cream,1,Cold Drinks,5.5,2,REG,5.5,2022-03-13 09:59:44,3.306975953679214,No Cream,,,0,,,Skim,,Full,,,0.0
37493,1517,0.0,21.0,Thickshake (Syrup)-Chocolate,1,Cold Drinks,7.9,2,SML,7.9,2023-11-10 14:45:00,13.6180135261227,,,,,,,,,,,,0.0
37493,1517,0.0,21.0,Thickshake (Syrup)-Lime,1,Cold Drinks,7.9,3,SML,7.9,2023-11-10 14:45:00,13.6180135261227,,,,,,,,,,,,0.0
37493,1517,0.0,21.0,Ice Latte,1,Cold Drinks,5.2,1,REG,5.2,2023-11-10 14:45:00,13.6180135261227,,Normal,,0,,,Skim,,Full,None,,0.0
6969,285,0.0,33.8,Thickshake (Syrup)-Chocolate,1,Cold Drinks,6.0,3,SML,6.0,2020-09-06 09:14:27,65.63332486879918,,,,,,,,,,,,0.0
34897,1569,0.0,33.8,Iced Mocha with Cream,1,Cold Drinks,6.4,4,REG,6.4,2023-08-21 12:18:20,42.224149344643855,With Cream,Normal,,0,,,Full Cream,,Full,,,0.0
34897,1569,0.0,33.8,Iced Coffee with Cream,1,Cold Drinks,6.4,3,REG,5.9,2023-08-21 12:18:20,42.224149344643855,With Cream,Normal,,1,,,Full Cream,,Full,Vanilla,,0.5
39681,1716,0.0,33.8,Iced Coffee with Cream,1,Cold Drinks,5.9,2,REG,5.9,2024-02-04 14:30:00,102.91074667455888,With Cream,Normal,,0,,,Full Cream,,Full,Vanilla,,0.0
39681,1716,0.0,33.8,Iced Mocha with Cream,1,Cold Drinks,6.4,3,REG,6.4,2024-02-04 14:30:00,102.91074667455888,With Cream,Normal,,0,,,Full Cream,,Full,,,0.0
6350,330,0.0,46.6,Iced Chocolate with Cream,1,Cold Drinks,5.0,4,REG,5.0,2020-08-11 12:08:23,130.7755117854968,No Cream,,,0,,,Full Cream,,Full,,,0.0
9548,351,0.0,46.6,Milkshake (Syrup)-Vanilla,1,Cold Drinks,2.5,7,MINI,2.5,2020-12-13 09:48:04,15.749687649741688,,,,,,,Full Cream,,,,,0.0
9548,351,0.0,46.6,Milkshake (Syrup)-Vanilla,1,Cold Drinks,2.5,8,MINI,2.5,2020-12-13 09:48:04,15.749687649741688,,,,,,,Full Cream,,,,,0.0
15907,917,0.0,46.6,Iced Chocolate with Cream,1,Cold Drinks,5.5,4,REG,5.5,2021-09-22 10:57:01,148.00386095349964,With Cream,,,0,,,Full Cream,,Full,,,0.0
15907,917,0.0,46.6,Thickshake (Syrup)-Banana,1,Cold Drinks,6.0,5,SML,6.0,2021-09-22 10:57:01,148.00386095349964,,,,,,,,,,,,0.0
15956,12,0.0,59.4,Smoothie-Mango Magic,1,Cold Drinks,7.6,5,REG,7.6,2021-09-24 09:16:33,30.753554335954057,,,,,,,,,,,,0.0
39678,1715,0.0,59.4,Milkshake (Syrup)-Strawberry,1,Cold Drinks,7.2,1,LRG,7.2,2024-02-04 10:50:41,102.91074667455888,,,,,,,Full Cream,,,,,0.0
39678,1715,0.0,59.4,Milkshake (Syrup)-Banana,1,Cold Drinks,7.2,2,LRG,7.2,2024-02-04 10:50:41,102.91074667455888,,,,,,,Full Cream,,,,,0.0
40315,1536,0.0,15.9,Smoothie-Koko Berries,1,Cold Drinks,8.5,2,REG,8.5,2024-02-24 14:23:05,12.29437639009218,,,,,,,,,,,,0.0
40315,1536,0.0,15.9,Coffee Frappe,1,Cold Drinks,7.4,1,REG,6.9,2024-02-24 14:23:05,12.29437639009218,,Normal,,1,,,Skim,,Full,,,0.5
24069,261,0.0,15.9,Milkshake (Syrup)-Chocolate,1,Cold Drinks,3.9,3,SML,3.9,2022-08-07 12:14:31,15.87426905030864,,,,,,,Skim,,,,,0.0
24069,261,0.0,15.9,Milkshake (Syrup)-Blue Heaven,1,Cold Drinks,3.9,4,SML,3.9,2022-08-07 12:14:31,15.87426905030864,,,,,,,Full Cream,,,,,0.0
40550,1551,0.0,15.9,Coffee Frappe,1,Cold Drinks,7.4,1,REG,6.9,2024-03-03 12:09:12,16.15473210728448,,Normal,,1,,,Skim,,Full,,,0.5
40550,1551,0.0,15.9,Smoothie-Koko Berries,1,Cold Drinks,8.5,2,REG,8.5,2024-03-03 12:09:12,16.15473210728448,,,,,,,,,,,,0.0
40088,1551,0.0,15.9,Smoothie-Koko Berries,1,Cold Drinks,8.5,2,REG,8.5,2024-02-17 15:29:17,16.15473210728448,,,,,,,,,,,,0.0
40088,1551,0.0,15.9,Coffee Frappe,1,Cold Drinks,7.4,1,REG,6.9,2024-02-17 15:29:17,16.15473210728448,,Normal,,1,,,Skim,,Full,,,0.5
18388,1042,0.0,15.9,Iced Mocha with Cream,1,Cold Drinks,6.0,2,REG,6.0,2021-12-19 12:07:51,137.17871555019022,With Cream,Normal,,0,,,Full Cream,,Full,,,0.0
7143,298,0.0,15.9,Freshly Squeezed Juice-Orange,1,Cold Drinks,6.5,4,REG,6.0,2020-09-12 11:00:03,103.43870180925002,,,,,With Ice,"Orange, Lemon, Ginger",,,,,,0.5
7112,298,0.0,15.9,Freshly Squeezed Juice-Orange,1,Cold Drinks,6.5,4,REG,6.0,2020-09-11 10:12:57,103.43870180925002,,,,,With Ice,"Orange, Lemon, Ginger",,,,,,0.5
38858,1325,0.0,15.9,Ice Latte,1,Cold Drinks,5.2,1,REG,5.2,2024-01-04 09:00:19,62.76362582955774,,Normal,,0,,,Full Cream,,Full,None,,0.0
16984,308,0.0,15.9,Freshly Squeezed Juice-Orange,1,Cold Drinks,6.0,2,REG,6.0,2021-10-28 12:12:34,10.76198852605863,,,,,With Ice,Orange,,,,,,0.0
33300,387,0.0,15.9,Iced Chocolate with Cream,1,Cold Drinks,5.7,2,REG,5.7,2023-07-01 13:17:47,89.20540707357817,With Cream,,,0,,,Full Cream,,Full,,,0.0
28632,387,0.0,15.9,Iced Chocolate with Cream,1,Cold Drinks,5.7,1,REG,5.7,2023-01-29 14:17:34,89.20540707357817,With Cream,,,0,,,Full Cream,,Full,,,0.0
28632,387,0.0,15.9,Iced Chocolate with Cream,1,Cold Drinks,5.7,2,REG,5.7,2023-01-29 14:17:34,89.20540707357817,With Cream,,,0,,,Full Cream,,Full,,,0.0
6733,391,0.0,15.9,Iced Coffee with Cream,1,Cold Drinks,5.0,1,REG,5.0,2020-08-28 15:07:33,186.28197264720313,With Cream,Normal,,0,,,Full Cream,,Full,None,,0.0
11454,649,0.0,15.9,Smoothie-Mango Magic,1,Cold Drinks,7.6,3,REG,7.6,2021-03-28 11:24:17,20.19900987672416,,,,,,,,,,,,0.0
6565,412,0.0,15.9,Thickshake (Syrup)-Vanilla,1,Cold Drinks,6.0,2,SML,6.0,2020-08-21 12:00:03,131.63586137523467,,,,,,,,,,,,0.0
16418,92,0.0,41.5,Iced Coffee with Cream,1,Cold Drinks,6.5,4,REG,5.5,2021-10-09 09:03:09,32.28859341322894,With Cream,Normal,,1,,,Soy,,Full,Vanilla,,1.0
16418,92,0.0,41.5,Iced Chocolate with Cream,1,Cold Drinks,6.0,3,REG,5.5,2021-10-09 09:03:09,32.28859341322894,No Cream,,,0,,,Soy,,Full,,,0.5
23831,1026,0.0,10.8,Freshly Squeezed Juice-Orange,1,Cold Drinks,6.5,2,REG,6.5,2022-07-31 08:28:33,24.170229622409465,,,,,With Ice,"Orange, Celery, Carrot",,,,,,0.0
33961,275,0.0,10.8,Iced Chocolate with Cream,1,Cold Drinks,5.7,2,REG,5.7,2023-07-23 08:36:28,9.182885244928025,No Cream,,,0,,,Full Cream,,Full,,,0.0
33825,275,0.0,10.8,Iced Chocolate with Cream,1,Cold Drinks,5.7,2,REG,5.7,2023-07-19 08:15:35,9.182885244928025,No Cream,,,0,,,Skim,,Full,,,0.0
16737,20,0.0,10.8,Freshly Squeezed Juice-Orange,1,Cold Drinks,6.5,2,REG,6.0,2021-10-20 07:56:39,15.937429912097317,,,,,With Ice,"Apple, Carrot, Ginger",,,,,,0.5
15637,20,0.0,10.8,Freshly Squeezed Juice-Orange,1,Cold Drinks,6.5,2,REG,6.0,2021-09-13 10:39:14,15.937429912097317,,,,,With Ice,"Apple, Carrot, Ginger",,,,,,0.5
15049,20,0.0,10.8,Freshly Squeezed Juice-Orange,1,Cold Drinks,6.5,2,REG,6.0,2021-08-24 08:56:42,15.937429912097317,,,,,With Ice,"Apple, Carrot, Ginger",,,,,,0.5
14562,20,0.0,10.8,Freshly Squeezed Juice-Orange,1,Cold Drinks,6.5,2,REG,6.0,2021-08-06 08:58:55,15.937429912097317,,,,,With Ice,"Apple, Carrot, Ginger",,,,,,0.5
13416,20,0.0,10.8,Freshly Squeezed Juice-Orange,1,Cold Drinks,6.5,2,REG,6.0,2021-06-18 09:05:41,15.937429912097317,,,,,With Ice,"Apple, Carrot, Ginger",,,,,,0.5
13184,20,0.0,10.8,Freshly Squeezed Juice-Orange,1,Cold Drinks,6.5,2,REG,6.0,2021-06-10 09:20:43,15.937429912097317,,,,,With Ice,"Apple, Carrot, Ginger",,,,,,0.5
13023,20,0.0,10.8,Freshly Squeezed Juice-Orange,1,Cold Drinks,6.5,2,REG,6.0,2021-06-04 09:14:12,15.937429912097317,,,,,With Ice,"Apple, Carrot, Ginger",,,,,,0.5
7795,20,0.0,10.8,Ice Latte,1,Cold Drinks,5.0,3,REG,4.5,2020-10-07 08:45:40,15.937429912097317,,Normal,,1,,,Skim,,Full,None,,0.5
5939,20,0.0,10.8,Ice Latte,1,Cold Drinks,5.0,3,REG,4.5,2020-07-24 08:46:00,15.937429912097317,,Normal,,1,,,Skim,,Full,None,,0.5
5894,20,0.0,10.8,Ice Latte,1,Cold Drinks,5.0,3,REG,4.5,2020-07-22 08:34:22,15.937429912097317,,Normal,,1,,,Skim,,Full,None,,0.5
5333,20,0.0,10.8,Ice Latte,1,Cold Drinks,5.0,3,REG,4.5,2020-06-17 09:21:44,15.937429912097317,,Normal,,1,,,Skim,,Full,None,,0.5
20532,107,0.0,10.8,Ice Latte,1,Cold Drinks,5.3,1,REG,4.8,2022-03-28 14:33:35,147.7070796589702,,Normal,,0,,,Soy,,Full,Vanilla,,0.5
30836,175,0.0,10.8,Milkshake (Syrup)-Caramel,1,Cold Drinks,2.9,2,MINI,2.9,2023-04-14 09:34:46,10.277826498239987,,,,,,,Full Cream,,,,,0.0
30836,175,0.0,10.8,Milkshake (Syrup)-Caramel,1,Cold Drinks,2.9,3,MINI,2.9,2023-04-14 09:34:46,10.277826498239987,,,,,,,Full Cream,,,,,0.0
10966,446,0.0,10.8,Thickshake (Syrup)-Blue Heaven,1,Cold Drinks,6.0,2,SML,6.0,2021-03-04 09:00:00,6.801133915060578,,,,,,,,,,,,0.0
9910,446,0.0,10.8,Thickshake (Syrup)-Chocolate,1,Cold Drinks,6.0,2,SML,6.0,2021-01-08 10:22:54,6.801133915060578,,,,,,,,,,,,0.0
31834,725,0.0,10.8,Smoothie-Banana Buzz,1,Cold Drinks,7.6,2,REG,7.6,2023-05-15 09:00:52,194.44279364378613,,,,,,,,,,,,0.0
31009,725,0.0,10.8,Smoothie-Banana Buzz,1,Cold Drinks,7.6,2,REG,7.6,2023-04-20 08:29:27,194.44279364378613,,,,,,,,,,,,0.0
7871,494,0.0,10.8,Ice Chai,1,Cold Drinks,6.0,1,REG,6.0,2020-10-10 11:00:00,7.0710678118654755,,,,0,,,Full Cream,,Full,,,0.0
25375,308,1.68,18.48,Milkshake (Syrup)-Vanilla,1,Cold Drinks,3.9,4,SML,3.9,2022-09-23 08:00:17,10.76198852605863,,,,,,,Full Cream,,,,,0.0
25375,308,1.68,18.48,Freshly Squeezed Juice-Orange,1,Cold Drinks,6.5,2,REG,6.5,2022-09-23 08:00:17,10.76198852605863,,,,,With Ice,Orange,,,,,,0.0
32679,754,1.68,18.48,Smoothie-Koko Berries,1,Cold Drinks,7.6,3,REG,7.6,2023-06-12 07:29:09,5.580993662182695,,,,,,,,,,,,0.0
3324,5,0.0,23.6,Freshly Squeezed Juice-Orange,1,Cold Drinks,7.0,2,REG,6.0,2019-05-27 16:05:19,159.94181122746923,,,,,With Ice,"Orange, Lemon, Apple, Celery, Carrot, Ginger, Beetroot",,,,,,1.0
12838,9,0.0,23.6,Smoothie-Green Machine,1,Cold Drinks,7.6,4,REG,7.6,2021-05-28 10:47:11,6.703924063787684,,,,,,,,,,,,0.0
36411,275,0.0,23.6,Freshly Squeezed Juice-Orange,1,Cold Drinks,7.2,1,REG,7.2,2023-10-08 08:58:44,9.182885244928025,,,,,With Ice,Orange,,,,,,0.0
36411,275,0.0,23.6,Iced Chocolate with Cream,1,Cold Drinks,5.9,2,REG,5.9,2023-10-08 08:58:44,9.182885244928025,No Cream,,,0,,,Full Cream,,Full,,,0.0
16337,20,0.0,23.6,Milkshake (Syrup)-Chocolate,1,Cold Drinks,2.9,3,MINI,2.9,2021-10-06 10:15:16,15.937429912097317,,,,,,,Full Cream,,,,,0.0
16337,20,0.0,23.6,Milkshake (Syrup)-Chocolate,1,Cold Drinks,2.9,4,MINI,2.9,2021-10-06 10:15:16,15.937429912097317,,,,,,,Full Cream,,,,,0.0
16337,20,0.0,23.6,Milkshake (Syrup)-Chocolate,1,Cold Drinks,2.9,5,MINI,2.9,2021-10-06 10:15:16,15.937429912097317,,,,,,,Full Cream,,,,,0.0
16337,20,0.0,23.6,Milkshake (Syrup)-Chocolate,1,Cold Drinks,2.9,6,MINI,2.9,2021-10-06 10:15:16,15.937429912097317,,,,,,,Full Cream,,,,,0.0
16337,20,0.0,23.6,Milkshake (Syrup)-Chocolate,1,Cold Drinks,2.9,7,MINI,2.9,2021-10-06 10:15:16,15.937429912097317,,,,,,,Full Cream,,,,,0.0
14408,811,0.0,23.6,Smoothie-Mango Magic,1,Cold Drinks,7.6,2,REG,7.6,2021-07-30 14:21:38,56.15160730560616,,,,,,,,,,,,0.0
21039,578,0.0,23.6,Freshly Squeezed Juice-Orange,1,Cold Drinks,6.2,1,REG,6.2,2022-04-17 08:32:43,52.26973255838355,,,,,With Ice,Orange,,,,,,0.0
21039,578,0.0,23.6,Smoothie-Koko Berries,1,Cold Drinks,7.6,4,REG,7.6,2022-04-17 08:32:43,52.26973255838355,,,,,,,,,,,,0.0
18872,391,0.0,23.6,Ice Latte,1,Cold Drinks,4.8,1,REG,4.8,2022-01-24 14:54:03,186.28197264720313,,Normal,,0,,,Skim,,Full,None,,0.0
18872,391,0.0,23.6,Ice Latte,1,Cold Drinks,4.8,2,REG,4.8,2022-01-24 14:54:03,186.28197264720313,,Normal,,0,,,Skim,,Full,None,,0.0
38534,446,0.0,23.6,Milkshake (Syrup)-Lime,1,Cold Drinks,3.3,4,MINI,3.3,2023-12-14 08:51:43,6.801133915060578,,,,,,,Full Cream,,,,,0.0
14426,814,0.0,36.4,Milkshake (Syrup)-Banana,1,Cold Drinks,6.0,3,LRG,6.0,2021-07-31 11:46:12,144.56895356950722,,,,,,,Full Cream,,,,,0.0
14426,814,0.0,36.4,Milkshake (Syrup)-Chocolate,1,Cold Drinks,6.0,4,LRG,6.0,2021-07-31 11:46:12,144.56895356950722,,,,,,,Full Cream,,,,,0.0
9658,351,0.0,36.4,Milkshake (Syrup)-Vanilla,1,Cold Drinks,2.5,5,MINI,2.5,2020-12-18 11:02:59,15.749687649741688,,,,,,,Full Cream,,,,,0.0
9658,351,0.0,36.4,Milkshake (Syrup)-Vanilla,1,Cold Drinks,2.5,6,MINI,2.5,2020-12-18 11:02:59,15.749687649741688,,,,,,,Full Cream,,,,,0.0
9658,351,0.0,36.4,Milkshake (Syrup)-Vanilla,1,Cold Drinks,2.5,7,MINI,2.5,2020-12-18 11:02:59,15.749687649741688,,,,,,,Full Cream,,,,,0.0
21407,12,0.0,49.2,Smoothie-Mango Magic,1,Cold Drinks,7.6,3,REG,7.6,2022-05-01 09:52:10,30.753554335954057,,,,,,,,,,,,0.0
21407,12,0.0,49.2,Smoothie-Mango Magic,1,Cold Drinks,7.6,4,REG,7.6,2022-05-01 09:52:10,30.753554335954057,,,,,,,,,,,,0.0
35606,446,0.0,49.2,Smoothie-Koko Berries,1,Cold Drinks,8.5,6,REG,8.5,2023-09-12 09:09:02,6.801133915060578,,,,,,,,,,,,0.0
29633,1166,0.0,113.2,Smoothie-Banana Buzz,1,Cold Drinks,7.6,8,REG,7.6,2023-03-04 13:00:00,181.01933598375618,,,,,,,,,,,,0.0
32528,1027,0.0,5.7,Iced Coffee with Cream,1,Cold Drinks,5.7,1,REG,5.7,2023-06-06 13:00:07,74.56256748924513,With Cream,Normal,,0,,,Full Cream,,Full,Vanilla,,0.0
31693,270,0.0,5.7,Iced Coffee with Cream,1,Cold Drinks,5.7,1,REG,5.7,2023-05-11 07:38:22,499.110675769079,With Cream,Normal,,0,,,Full Cream,,Full,None,,0.0
31624,270,0.0,5.7,Iced Coffee with Cream,1,Cold Drinks,5.7,1,REG,5.7,2023-05-09 07:54:53,499.110675769079,With Cream,Normal,,0,,,Full Cream,,Full,None,,0.0
28166,307,0.0,5.7,Iced Chocolate with Cream,1,Cold Drinks,5.7,1,REG,5.7,2023-01-10 10:31:01,37.82263636219195,With Cream,,,0,,,Full Cream,,Full,,,0.0
28316,1376,0.0,5.7,Ice Latte,1,Cold Drinks,5.7,1,REG,5.0,2023-01-16 09:08:08,22.627416997969522,,Normal,,0,,,Almond,,Full,None,,0.7000000000000002
28614,1382,0.0,5.7,Ice Latte,1,Cold Drinks,5.7,1,REG,5.0,2023-01-28 11:19:41,16.184616119692148,,Normal,,0,,,Almond,,Full,None,,0.7000000000000002
33464,387,0.0,5.7,Iced Chocolate with Cream,1,Cold Drinks,5.7,1,REG,5.7,2023-07-07 13:38:28,89.20540707357817,With Cream,,,0,,,Full Cream,,Full,,,0.0
40212,172,0.0,5.7,Ice Latte,1,Cold Drinks,5.7,1,REG,5.2,2024-02-21 13:51:31,5.2489316501187995,,Normal,,0,,,Soy,,Full,None,,0.5
40150,172,0.0,5.7,Ice Latte,1,Cold Drinks,5.7,1,REG,5.2,2024-02-19 15:26:11,5.2489316501187995,,Normal,,0,,,Soy,,Full,None,,0.5
40086,172,0.0,5.7,Ice Latte,1,Cold Drinks,5.7,1,REG,5.2,2024-02-17 14:42:46,5.2489316501187995,,Normal,,0,,,Soy,,Full,None,,0.5
39782,172,0.0,5.7,Ice Latte,1,Cold Drinks,5.7,1,REG,5.2,2024-02-07 14:55:35,5.2489316501187995,,Normal,,0,,,Soy,,Full,None,,0.5
39030,172,0.0,5.7,Ice Latte,1,Cold Drinks,5.7,1,REG,5.2,2024-01-11 15:32:05,5.2489316501187995,,Normal,,0,,,Soy,,Full,None,,0.5
38142,172,0.0,5.7,Ice Latte,1,Cold Drinks,5.7,1,REG,5.2,2023-12-01 13:03:28,5.2489316501187995,,Normal,,0,,,Soy,,Full,None,,0.5
38293,1524,0.0,5.7,Ice Latte,1,Cold Drinks,5.7,1,REG,5.2,2023-12-06 11:11:05,25.790363648906876,,Normal,,1,,,Full Cream,,Full,None,,0.5
33457,1535,0.0,5.7,Iced Chocolate with Cream,1,Cold Drinks,5.7,1,REG,5.7,2023-07-07 10:00:00,102.91074667455888,With Cream,,,0,,,Full Cream,,Full,,,0.0
19071,20,0.0,18.5,Ice Latte,1,Cold Drinks,4.8,2,REG,4.8,2022-02-01 12:57:54,15.937429912097317,,Normal,,0,,,Skim,,Full,None,,0.0
19071,20,0.0,18.5,Freshly Squeezed Juice-Orange,1,Cold Drinks,6.7,1,REG,6.2,2022-02-01 12:57:54,15.937429912097317,,,,,With Ice,"Apple, Carrot, Ginger",,,,,,0.5
27550,844,0.0,18.5,Iced Chocolate with Cream,1,Cold Drinks,5.5,1,REG,5.5,2022-12-09 07:38:58,309.55774905500266,With Cream,,,0,,,Full Cream,,Full,,,0.0
27338,844,0.0,18.5,Iced Chocolate with Cream,1,Cold Drinks,5.5,1,REG,5.5,2022-12-02 06:45:47,309.55774905500266,With Cream,,,0,,,Full Cream,,Full,,,0.0
19360,888,0.0,18.5,Thickshake (Syrup)-Blue Heaven,1,Cold Drinks,6.0,2,SML,6.0,2022-02-11 15:45:00,57.14591310509777,,,,,,,,,,,,0.0
19360,888,0.0,18.5,Thickshake (Syrup)-Lime,1,Cold Drinks,6.0,3,SML,6.0,2022-02-11 15:45:00,57.14591310509777,,,,,,,,,,,,0.0
19360,888,0.0,18.5,Coffee Frappe,1,Cold Drinks,6.5,1,REG,6.5,2022-02-11 15:45:00,57.14591310509777,,Normal,,0,,,Full Cream,,Full,,,0.0
38885,387,0.0,18.5,Thickshake (Syrup)-Strawberry,1,Cold Drinks,7.9,3,SML,7.9,2024-01-05 11:57:49,89.20540707357817,,,,,,,,,,,,0.0
38885,387,0.0,18.5,Iced Chocolate with Cream,1,Cold Drinks,5.9,1,REG,5.9,2024-01-05 11:57:49,89.20540707357817,With Cream,,,0,,,Full Cream,,Full,,,0.0
36231,725,0.0,18.5,Smoothie-Banana Buzz,1,Cold Drinks,8.5,1,REG,8.5,2023-10-02 09:21:15,194.44279364378613,,,,,,,,,,,,0.0
34293,725,0.0,18.5,Smoothie-Banana Buzz,1,Cold Drinks,8.5,1,REG,8.5,2023-08-02 09:16:27,194.44279364378613,,,,,,,,,,,,0.0
29517,1017,0.0,18.5,Smoothie-Koko Berries,1,Cold Drinks,7.6,3,REG,7.6,2023-03-01 07:42:53,44.7730470925372,,,,,,,,,,,,0.0
15415,831,0.0,31.3,Milkshake (Syrup)-Chocolate,1,Cold Drinks,6.0,3,LRG,6.0,2021-09-05 14:02:00,242.97160327906633,,,,,,,Full Cream,,,,,0.0
15415,831,0.0,31.3,Milkshake (Syrup)-Banana,1,Cold Drinks,3.9,4,SML,3.9,2021-09-05 14:02:00,242.97160327906633,,,,,,,Full Cream,,,,,0.0
13656,488,0.0,31.3,Iced Coffee with Cream,1,Cold Drinks,5.5,1,REG,5.5,2021-06-28 14:23:50,408.7989645370856,With Cream,Normal,,0,,,Full Cream,,Full,Vanilla,,0.0
13656,488,0.0,31.3,Iced Coffee with Cream,1,Cold Drinks,5.5,2,REG,5.5,2021-06-28 14:23:50,408.7989645370856,With Cream,Normal,,0,,,Full Cream,,Full,None,,0.0
35712,790,0.0,44.1,Ice Latte,1,Cold Drinks,5.2,2,REG,5.2,2023-09-15 11:44:20,1124.2997820866105,,Normal,,0,,,Full Cream,,Full,None,,0.0
35712,790,0.0,44.1,Iced Coffee with Cream,1,Cold Drinks,5.9,3,REG,5.9,2023-09-15 11:44:20,1124.2997820866105,With Cream,Normal,,0,,,Full Cream,,Full,Vanilla,,0.0
16436,889,0.0,44.1,Smoothie-Mango Magic,1,Cold Drinks,7.6,3,REG,7.6,2021-10-09 13:30:00,72.61313012580209,,,,,,,,,,,,0.0
11449,661,0.0,56.9,Ice Chai,1,Cold Drinks,6.0,4,REG,6.0,2021-03-28 10:21:21,102.91074667455888,,,,0,,,Full Cream,,Full,,,0.0
11449,661,0.0,56.9,Milkshake (Syrup)-Chocolate,1,Cold Drinks,6.0,5,LRG,6.0,2021-03-28 10:21:21,102.91074667455888,,,,,,,Full Cream,,,,,0.0
14547,521,0.0,13.4,Smoothie-Koko Berries,1,Cold Drinks,7.6,2,REG,7.6,2021-08-05 11:15:52,185.75564229728337,,,,,,,,,,,,0.0
32372,551,0.0,13.4,Freshly Squeezed Juice-Orange,1,Cold Drinks,7.0,1,REG,6.5,2023-06-01 10:59:55,90.8151122632385,,,,,With Ice,"Lemon, Ginger",,,,,,0.5
32297,551,0.0,13.4,Freshly Squeezed Juice-Orange,1,Cold Drinks,7.0,1,REG,6.5,2023-05-30 08:46:03,90.8151122632385,,,,,With Ice,"Lemon, Ginger",,,,,,0.5
27189,839,0.0,13.4,Milkshake (Syrup)-Banana,1,Cold Drinks,2.9,3,MINI,2.9,2022-11-27 07:45:00,7.6513830729472705,,,,,,,Full Cream,,,,,0.0
26877,839,0.0,13.4,Milkshake (Syrup)-Chocolate,1,Cold Drinks,2.9,3,MINI,2.9,2022-11-17 07:00:00,7.6513830729472705,,,,,,,Full Cream,,,,,0.0
26761,839,0.0,13.4,Milkshake (Syrup)-Chocolate,1,Cold Drinks,2.9,3,MINI,2.9,2022-11-13 09:45:00,7.6513830729472705,,,,,,,Full Cream,,,,,0.0
22367,839,0.0,13.4,Milkshake (Syrup)-Chocolate,1,Cold Drinks,2.9,3,MINI,2.9,2022-06-05 08:51:19,7.6513830729472705,,,,,,,Full Cream,,,,,0.0
22157,839,0.0,13.4,Milkshake (Syrup)-Strawberry,1,Cold Drinks,2.9,3,MINI,2.9,2022-05-29 08:15:00,7.6513830729472705,,,,,,,Full Cream,,,,,0.0
18471,839,0.0,13.4,Milkshake (Syrup)-Chocolate,1,Cold Drinks,2.9,3,MINI,2.9,2021-12-23 08:00:00,7.6513830729472705,,,,,,,Full Cream,,,,,0.0
28036,844,0.0,13.4,Milkshake (Syrup)-Chocolate,1,Cold Drinks,2.9,3,MINI,2.9,2023-01-05 08:03:52,309.55774905500266,,,,,,,Full Cream,,,,,0.0
5301,78,0.0,13.4,Iced Coffee with Cream,1,Cold Drinks,5.5,1,REG,5.0,2020-06-15 11:06:17,118.77749604723726,With Cream,Normal,,1,,,Full Cream,,Full,Vanilla,,0.5
6297,157,0.0,13.4,Milkshake (Syrup)-Lime,1,Cold Drinks,2.5,3,MINI,2.5,2020-08-09 11:38:08,131.96220818948092,,,,,,,Full Cream,,,,,0.0
6297,157,0.0,13.4,Milkshake (Syrup)-Vanilla,1,Cold Drinks,2.5,4,MINI,2.5,2020-08-09 11:38:08,131.96220818948092,,,,,,,Full Cream,,,,,0.0
6696,418,0.0,13.4,Milkshake (Syrup)-Banana,1,Cold Drinks,2.5,1,MINI,2.5,2020-08-26 12:45:00,102.91074667455888,,,,,,,Full Cream,,,,,0.0
11777,172,0.0,13.4,Milkshake (Syrup)-Lime,1,Cold Drinks,3.9,2,SML,3.9,2021-04-13 08:36:45,5.2489316501187995,,,,,,,Full Cream,,,,,0.0
37328,175,0.0,13.4,Milkshake (Syrup)-Banana,1,Cold Drinks,7.2,2,LRG,7.2,2023-11-04 14:44:53,10.277826498239987,,,,,,,Full Cream,,,,,0.0
37328,175,0.0,13.4,Ice Latte,1,Cold Drinks,6.2,1,REG,5.2,2023-11-04 14:44:53,10.277826498239987,,Normal,,0,,,Oat Milk,,Full,None,,1.0
19006,89,0.0,26.2,Freshly Squeezed Juice-Orange,1,Cold Drinks,7.2,3,REG,6.2,2022-01-30 09:32:51,151.01420580226997,,,,,With Ice,"Orange, Lemon, Apple, Celery, Carrot, Ginger, Beetroot",,,,,,1.0
37718,1649,0.0,26.2,Thickshake (Syrup)-Chocolate,1,Cold Drinks,10.5,4,LRG,10.5,2023-11-18 10:12:54,9.121403400793103,,,,,,,,,,,,0.0
39233,1253,0.0,26.2,Milkshake (Syrup)-Caramel,1,Cold Drinks,5.2,1,SML,5.2,2024-01-19 09:51:50,17.271483649803734,,,,,,,Full Cream,,,,,0.0
7697,234,0.0,26.2,Iced Chocolate with Cream,1,Cold Drinks,5.0,2,REG,5.0,2020-10-03 09:55:14,3.306975953679214,With Cream,,,0,,,Skim,,Full,,,0.0
7697,234,0.0,26.2,Iced Chocolate with Cream,1,Cold Drinks,5.0,3,REG,5.0,2020-10-03 09:55:14,3.306975953679214,With Cream,,,0,,,Skim,,Full,,,0.0
7697,234,0.0,26.2,Iced Chocolate with Cream,1,Cold Drinks,5.0,4,REG,5.0,2020-10-03 09:55:14,3.306975953679214,With Cream,,,0,,,Skim,,Full,,,0.0
34124,1524,0.0,26.2,Smoothie-Mango Magic,1,Cold Drinks,8.5,3,REG,8.5,2023-07-28 08:11:25,25.790363648906876,,,,,,,,,,,,0.0
17451,767,0.0,26.2,Freshly Squeezed Juice-Orange,1,Cold Drinks,6.0,1,REG,6.0,2021-11-14 14:08:43,91.77508739667135,,,,,With Ice,Orange,,,,,,0.0
17451,767,0.0,26.2,Freshly Squeezed Juice-Orange,1,Cold Drinks,6.0,2,REG,6.0,2021-11-14 14:08:43,91.77508739667135,,,,,With Ice,Apple,,,,,,0.0
36399,288,0.0,39.0,Coffee Frappe,1,Cold Drinks,6.9,2,REG,6.9,2023-10-07 14:43:07,33.10473998574539,,Normal,,0,,,Full Cream,,Full,,,0.0
8969,336,0.0,39.0,Smoothie-Koko Berries,1,Cold Drinks,7.6,3,REG,7.6,2020-11-19 12:38:40,468.10468914549443,,,,,,,,,,,,0.0
28080,112,0.0,39.0,Milkshake (Syrup)-Chocolate,1,Cold Drinks,4.5,4,SML,4.5,2023-01-06 14:27:00,137.31543763089678,,,,,,,Full Cream,,,,,0.0
16651,421,0.0,39.0,Milkshake (Syrup)-Chocolate,1,Cold Drinks,2.9,5,MINI,2.9,2021-10-17 08:45:00,32.56254897822951,,,,,,,Full Cream,,,,,0.0
22704,446,0.0,39.0,Milkshake (Syrup)-Lime,1,Cold Drinks,2.9,5,MINI,2.9,2022-06-18 09:35:21,6.801133915060578,,,,,,,Full Cream,,,,,0.0
22704,446,0.0,39.0,Iced Chocolate with Cream,1,Cold Drinks,5.5,3,REG,5.5,2022-06-18 09:35:21,6.801133915060578,With Cream,,,0,,,Full Cream,,Full,,,0.0
7829,248,0.0,39.0,Milkshake (Syrup)-Chocolate,1,Cold Drinks,6.0,3,LRG,6.0,2020-10-08 12:26:17,89.37219093199812,,,,,,,Full Cream,,,,,0.0
7829,248,0.0,39.0,Milkshake (Syrup)-Blue Heaven,1,Cold Drinks,6.0,4,LRG,6.0,2020-10-08 12:26:17,89.37219093199812,,,,,,,Full Cream,,,,,0.0
30676,1448,5.64,62.04,Thickshake (Syrup)-Banana,1,Cold Drinks,9.5,4,LRG,9.5,2023-04-07 10:38:15,102.91074667455888,,,,,,,,,,,,0.0
26404,234,2.15,23.65,Milkshake (Syrup)-Cookies and Cream,1,Cold Drinks,6.0,3,LRG,6.0,2022-11-01 09:46:21,3.306975953679214,,,,,,,Skim,,,,,0.0
27978,49,0.0,8.3,Milkshake (Syrup)-Chocolate,1,Cold Drinks,3.9,2,SML,3.9,2022-12-22 11:08:03,5.6913721453400745,,,,,,,Full Cream,,,,,0.0
26547,49,0.0,8.3,Milkshake (Syrup)-Chocolate,1,Cold Drinks,3.9,2,SML,3.9,2022-11-06 10:09:54,5.6913721453400745,,,,,,,Full Cream,,,,,0.0
21942,49,0.0,8.3,Milkshake (Syrup)-Chocolate,1,Cold Drinks,3.9,2,SML,3.9,2022-05-21 09:44:41,5.6913721453400745,,,,,,,Full Cream,,,,,0.0
20859,49,0.0,8.3,Milkshake (Syrup)-Chocolate,1,Cold Drinks,3.9,2,SML,3.9,2022-04-09 11:11:11,5.6913721453400745,,,,,,,Full Cream,,,,,0.0
19736,49,0.0,8.3,Milkshake (Syrup)-Strawberry,1,Cold Drinks,3.9,2,SML,3.9,2022-02-26 10:04:40,5.6913721453400745,,,,,,,Full Cream,,,,,0.0
25898,1148,0.0,8.3,Milkshake (Syrup)-Chocolate,1,Cold Drinks,3.9,2,SML,3.9,2022-10-13 14:54:53,21.754424527504998,,,,,,,Full Cream,,,,,0.0
27851,166,0.0,8.3,Milkshake (Syrup)-Blue Heaven,1,Cold Drinks,2.9,3,MINI,2.9,2022-12-18 09:19:40,80.17974459831028,,,,,,,Full Cream,,,,,0.0
18906,173,0.0,8.3,Milkshake (Syrup)-Chocolate,1,Cold Drinks,3.9,2,SML,3.9,2022-01-26 09:07:04,8.342553249041227,,,,,,,Full Cream,,,,,0.0
18560,173,0.0,8.3,Milkshake (Syrup)-Chocolate,1,Cold Drinks,3.9,2,SML,3.9,2022-01-09 11:45:05,8.342553249041227,,,,,,,Full Cream,,,,,0.0
31369,1329,0.0,21.1,Freshly Squeezed Juice-Orange,1,Cold Drinks,6.5,1,REG,6.5,2023-05-02 06:49:21,69.03537932019783,,,,,With Ice,Orange,,,,,,0.0
11268,157,0.0,21.1,Milkshake (Syrup)-Vanilla,1,Cold Drinks,2.9,3,MINI,2.9,2021-03-19 09:05:01,131.96220818948092,,,,,,,Full Cream,,,,,0.0
11268,157,0.0,21.1,Milkshake (Syrup)-Vanilla,1,Cold Drinks,2.9,4,MINI,2.9,2021-03-19 09:05:01,131.96220818948092,,,,,,,Full Cream,,,,,0.0
36808,939,0.0,21.1,Milkshake (Syrup)-Blue Heaven,1,Cold Drinks,5.2,4,SML,5.2,2023-10-19 11:30:30,859.6751324386051,,,,,,,Full Cream,,,,,0.0
35878,172,0.0,21.1,Milkshake (Syrup)-Banana,1,Cold Drinks,5.2,3,SML,5.2,2023-09-21 08:06:53,5.2489316501187995,,,,,,,Full Cream,,,,,0.0
15160,233,0.0,21.1,Thickshake (Syrup)-Chocolate,1,Cold Drinks,8.0,4,LRG,8.0,2021-08-28 10:01:17,14.254925248600953,,,,,,,,,,,,0.0
15160,233,0.0,21.1,Milkshake (Syrup)-Vanilla,1,Cold Drinks,3.9,3,SML,3.9,2021-08-28 10:01:17,14.254925248600953,,,,,,,Full Cream,,,,,0.0
35435,1269,0.0,21.1,Milkshake (Syrup)-Chocolate,1,Cold Drinks,3.3,3,MINI,3.3,2023-09-07 12:26:47,64.07821249080935,,,,,,,Full Cream,,,,,0.0
25201,1278,0.0,33.9,Smoothie-Mango Magic,1,Cold Drinks,7.6,4,REG,7.6,2022-09-16 12:30:00,95.04384952922167,,,,,,,,,,,,0.0
35507,1577,0.0,46.7,Iced Coffee with Cream,1,Cold Drinks,6.4,1,REG,5.9,2023-09-09 08:09:26,62.22539674441618,With Cream,Normal,,1,,,Skim,,Full,None,,0.5
30686,446,0.29,3.19,Milkshake (Syrup)-Chocolate,1,Cold Drinks,2.9,1,MINI,2.9,2023-04-08 07:46:30,6.801133915060578,,,,,,,Full Cream,,,,,0.0
15178,270,0.0,16.0,Freshly Squeezed Juice-Orange,1,Cold Drinks,6.0,1,REG,6.0,2021-08-29 08:30:00,499.110675769079,,,,,With Ice,Orange,,,,,,0.0
14947,270,0.0,16.0,Freshly Squeezed Juice-Orange,1,Cold Drinks,6.0,1,REG,6.0,2021-08-21 08:30:00,499.110675769079,,,,,With Ice,Orange,,,,,,0.0
14579,270,0.0,16.0,Freshly Squeezed Juice-Orange,1,Cold Drinks,6.0,1,REG,6.0,2021-08-07 08:30:00,499.110675769079,,,,,With Ice,Orange,,,,,,0.0
28019,275,0.0,16.0,Freshly Squeezed Juice-Orange,1,Cold Drinks,6.5,1,REG,6.5,2022-12-24 08:59:59,9.182885244928025,,,,,With Ice,Orange,,,,,,0.0
26615,275,0.0,16.0,Freshly Squeezed Juice-Orange,1,Cold Drinks,6.5,1,REG,6.5,2022-11-08 09:25:33,9.182885244928025,,,,,With Ice,Orange,,,,,,0.0
24907,275,0.0,16.0,Freshly Squeezed Juice-Orange,1,Cold Drinks,6.5,1,REG,6.5,2022-09-07 07:31:37,9.182885244928025,,,,,With Ice,Orange,,,,,,0.0
15022,20,0.0,16.0,Milkshake (Syrup)-Chocolate,1,Cold Drinks,2.9,4,MINI,2.9,2021-08-23 10:18:50,15.937429912097317,,,,,,,Full Cream,,,,,0.0
15022,20,0.0,16.0,Freshly Squeezed Juice-Orange,1,Cold Drinks,6.5,3,REG,6.0,2021-08-23 10:18:50,15.937429912097317,,,,,With Ice,"Apple, Carrot, Ginger",,,,,,0.5
26169,1308,0.0,16.0,Iced Coffee with Cream,1,Cold Drinks,6.0,3,REG,5.5,2022-10-22 12:14:24,102.91074667455888,With Cream,Normal,,0,,,Lactose Free,,Full,Vanilla,,0.5
40015,1337,0.0,16.0,Smoothie-Mango Magic,1,Cold Drinks,8.5,2,REG,8.5,2024-02-15 11:37:46,170.7020796592707,,,,,,,,,,,,0.0
27071,324,0.0,16.0,Iced Coffee with Cream,1,Cold Drinks,6.0,3,REG,5.5,2022-11-23 09:34:45,21.399972119696923,No Cream,Normal,,0,,,Lactose Free,,Full,Vanilla,,0.5
26679,324,0.0,16.0,Iced Coffee with Cream,1,Cold Drinks,6.0,3,REG,5.5,2022-11-10 11:14:14,21.399972119696923,No Cream,Normal,,0,,,Lactose Free,,Full,Vanilla,,0.5
26021,324,0.0,16.0,Iced Coffee with Cream,1,Cold Drinks,6.0,3,REG,5.5,2022-10-17 10:28:47,21.399972119696923,No Cream,Normal,,0,,,Lactose Free,,Full,Vanilla,,0.5
26968,839,0.0,16.0,Iced Chocolate with Cream,1,Cold Drinks,5.5,2,REG,5.5,2022-11-20 07:49:14,7.6513830729472705,With Cream,,,0,,,Full Cream,,Full,,,0.0
28715,1380,0.0,16.0,Freshly Squeezed Juice-Orange,1,Cold Drinks,6.5,1,REG,6.5,2023-02-01 11:25:35,31.834991230824404,,,,,With Ice,"Lemon, Apple, Celery",,,,,,0.0
20865,622,0.0,16.0,Thickshake (Syrup)-Blue Heaven,1,Cold Drinks,6.0,1,SML,6.0,2022-04-09 11:52:55,372.866374634846,,,,,,,,,,,,0.0
4167,147,0.0,16.0,Thickshake (Syrup)-Blue Heaven,1,Cold Drinks,8.0,1,LRG,8.0,2020-02-08 13:34:04,102.91074667455888,,,,,,,,,,,,0.0
4167,147,0.0,16.0,Thickshake (Syrup)-Chocolate,1,Cold Drinks,8.0,2,LRG,8.0,2020-02-08 13:34:04,102.91074667455888,,,,,,,,,,,,0.0
28800,175,0.0,16.0,Milkshake (Syrup)-Blue Heaven,1,Cold Drinks,4.5,2,SML,4.5,2023-02-04 11:06:08,10.277826498239987,,,,,,,Full Cream,,,,,0.0
28800,175,0.0,16.0,Milkshake (Syrup)-Banana,1,Cold Drinks,6.5,3,LRG,6.5,2023-02-04 11:06:08,10.277826498239987,,,,,,,Full Cream,,,,,0.0
27620,175,0.0,16.0,Milkshake (Syrup)-Strawberry,1,Cold Drinks,2.9,3,MINI,2.9,2022-12-11 09:41:04,10.277826498239987,,,,,,,Full Cream,,,,,0.0
27620,175,0.0,16.0,Milkshake (Syrup)-Lime,1,Cold Drinks,2.9,4,MINI,2.9,2022-12-11 09:41:04,10.277826498239987,,,,,,,Full Cream,,,,,0.0
16407,721,0.0,16.0,Iced Mocha with Cream,1,Cold Drinks,6.0,1,REG,6.0,2021-10-08 11:51:08,22.483978525220593,With Cream,Normal,,0,,,Full Cream,,Full,,,0.0
10872,233,0.0,16.0,Milkshake (Syrup)-Vanilla,1,Cold Drinks,2.9,3,MINI,2.9,2021-02-27 10:08:53,14.254925248600953,,,,,,,Full Cream,,,,,0.0
10872,233,0.0,16.0,Milkshake (Syrup)-Lime,1,Cold Drinks,3.9,4,SML,3.9,2021-02-27 10:08:53,14.254925248600953,,,,,,,Full Cream,,,,,0.0
27411,234,0.0,16.0,Milkshake (Syrup)-Cookies and Cream,1,Cold Drinks,6.0,3,LRG,6.0,2022-12-04 09:20:32,3.306975953679214,,,,,,,Skim,,,,,0.0
9778,234,0.0,16.0,Iced Chocolate with Cream,1,Cold Drinks,5.0,1,REG,5.0,2020-12-24 09:07:22,3.306975953679214,With Cream,,,0,,,Skim,,Full,,,0.0
32868,1515,0.0,16.0,Milkshake (Syrup)-Spearmint,1,Cold Drinks,4.5,2,SML,4.5,2023-06-17 15:02:14,102.91074667455888,,,,,,,Full Cream,,,,,0.0
32868,1515,0.0,16.0,Thickshake (Syrup)-Chocolate,1,Cold Drinks,6.9,3,SML,6.9,2023-06-17 15:02:14,102.91074667455888,,,,,,,,,,,,0.0
20326,1044,0.0,28.8,Milkshake (Syrup)-Chocolate,1,Cold Drinks,3.9,2,SML,3.9,2022-03-20 09:37:08,36.46887554972373,,,,,,,Full Cream,,,,,0.0
20326,1044,0.0,28.8,Smoothie-Koko Berries,1,Cold Drinks,7.6,4,REG,7.6,2022-03-20 09:37:08,36.46887554972373,,,,,,,,,,,,0.0
39082,307,0.0,28.8,Smoothie-Koko Berries,1,Cold Drinks,8.5,5,REG,8.5,2024-01-13 10:26:23,37.82263636219195,,,,,,,,,,,,0.0
39082,307,0.0,28.8,Milkshake (Syrup)-Lime,1,Cold Drinks,5.2,3,SML,5.2,2024-01-13 10:26:23,37.82263636219195,,,,,,,Full Cream,,,,,0.0
7038,446,0.0,28.8,Smoothie-Koko Berries,1,Cold Drinks,7.6,1,REG,7.6,2020-09-08 10:09:58,6.801133915060578,,,,,,,,,,,,0.0
7038,446,0.0,28.8,Smoothie-Banana Buzz,1,Cold Drinks,7.6,2,REG,7.6,2020-09-08 10:09:58,6.801133915060578,,,,,,,,,,,,0.0
7038,446,0.0,28.8,Smoothie-Koko Berries,1,Cold Drinks,7.6,3,REG,7.6,2020-09-08 10:09:58,6.801133915060578,,,,,,,,,,,,0.0
7038,446,0.0,28.8,Thickshake (Syrup)-Chocolate,1,Cold Drinks,6.0,4,SML,6.0,2020-09-08 10:09:58,6.801133915060578,,,,,,,,,,,,0.0
16257,948,0.0,41.6,Thickshake (Syrup)-Vanilla,1,Cold Drinks,8.0,3,LRG,8.0,2021-10-03 10:55:16,102.91074667455888,,,,,,,,,,,,0.0
16257,948,0.0,41.6,Smoothie-Mango Magic,1,Cold Drinks,7.6,2,REG,7.6,2021-10-03 10:55:16,102.91074667455888,,,,,,,,,,,,0.0
24186,551,0.0,10.9,Freshly Squeezed Juice-Orange,1,Cold Drinks,7.0,1,REG,6.5,2022-08-12 09:08:36,90.8151122632385,,,,,With Ice,"Orange, Lemon, Ginger",,,,,,0.5
24186,551,0.0,10.9,Milkshake (Syrup)-Chocolate,1,Cold Drinks,3.9,2,SML,3.9,2022-08-12 09:08:36,90.8151122632385,,,,,,,Skim,,,,,0.0
27306,1329,0.0,10.9,Freshly Squeezed Juice-Orange,1,Cold Drinks,6.5,1,REG,6.5,2022-12-01 07:25:37,69.03537932019783,,,,,With Ice,"Orange, Apple, Celery",,,,,,0.0
39022,308,0.0,10.9,Milkshake (Syrup)-Vanilla,1,Cold Drinks,3.3,3,MINI,3.3,2024-01-11 07:29:40,10.76198852605863,,,,,,,Full Cream,,,,,0.0
38760,308,0.0,10.9,Milkshake (Syrup)-Vanilla,1,Cold Drinks,3.3,3,MINI,3.3,2023-12-21 09:00:47,10.76198852605863,,,,,,,Full Cream,,,,,0.0
38311,308,0.0,10.9,Milkshake (Syrup)-Vanilla,1,Cold Drinks,3.3,3,MINI,3.3,2023-12-07 08:51:42,10.76198852605863,,,,,,,Full Cream,,,,,0.0
34105,308,0.0,10.9,Milkshake (Syrup)-Vanilla,1,Cold Drinks,3.3,3,MINI,3.3,2023-07-27 09:31:26,10.76198852605863,,,,,,,Full Cream,,,,,0.0
25776,308,0.0,10.9,Milkshake (Syrup)-Vanilla,1,Cold Drinks,3.9,3,SML,3.9,2022-10-08 09:07:40,10.76198852605863,,,,,,,Full Cream,,,,,0.0
37507,866,0.0,10.9,Ice Latte,1,Cold Drinks,5.2,1,REG,5.2,2023-11-11 08:44:07,294.0538499436229,,Normal,,0,,,Skim,,Full,None,,0.0
37507,866,0.0,10.9,Ice Latte,1,Cold Drinks,5.7,2,REG,5.2,2023-11-11 08:44:07,294.0538499436229,,Normal,,0,,,Soy,,Full,None,,0.5
33271,234,0.0,10.9,Milkshake (Syrup)-Cookies and Cream,1,Cold Drinks,4.5,2,SML,4.5,2023-07-01 08:51:33,3.306975953679214,,,,,,,Skim,,,,,0.0
32850,234,0.0,10.9,Milkshake (Syrup)-Cookies and Cream,1,Cold Drinks,4.5,2,SML,4.5,2023-06-17 09:11:00,3.306975953679214,,,,,,,Skim,,,,,0.0
24804,811,0.0,23.7,Freshly Squeezed Juice-Orange,1,Cold Drinks,7.0,2,REG,6.5,2022-09-03 11:15:00,56.15160730560616,,,,,With Ice,"Orange, Lemon, Apple, Celery, Carrot, Ginger",,,,,,0.5
35675,1379,0.0,23.7,Milkshake (Syrup)-Blue Heaven,1,Cold Drinks,7.2,1,LRG,7.2,2023-09-14 11:42:57,165.72668262332814,,,,,,,Full Cream,,,,,0.0
38868,1395,0.0,23.7,Freshly Squeezed Juice-Orange,1,Cold Drinks,7.2,1,REG,7.2,2024-01-04 12:52:06,33.35922803720277,,,,,With Ice,Lemon,,,,,,0.0
14565,387,0.0,23.7,Iced Coffee with Cream,1,Cold Drinks,5.5,3,REG,5.5,2021-08-06 09:51:39,89.20540707357817,With Cream,Normal,,0,,,Full Cream,,Full,Vanilla,,0.0
14565,387,0.0,23.7,Iced Chocolate with Cream,1,Cold Drinks,5.5,2,REG,5.5,2021-08-06 09:51:39,89.20540707357817,With Cream,,,0,,,Full Cream,,Full,,,0.0
13312,662,0.0,23.7,Ice Latte,1,Cold Drinks,4.8,1,REG,4.8,2021-06-14 11:41:58,50.707001488946275,,Normal,,0,,,Skim,,Full,None,,0.0
40223,172,0.0,23.7,Freshly Squeezed Juice-Carrot,1,Cold Drinks,8.2,3,REG,7.2,2024-02-22 07:19:06,5.2489316501187995,,,,,With Ice,"Lemon, Celery, Ginger, Beetroot",,,,,,0.9999999999999991
34375,175,0.0,23.7,Smoothie-Mango Magic,1,Cold Drinks,8.5,4,REG,8.5,2023-08-05 09:25:41,10.277826498239987,,,,,,,,,,,,0.0
10518,475,0.0,23.7,Freshly Squeezed Juice-Orange,1,Cold Drinks,6.0,2,REG,6.0,2021-02-09 11:22:04,194.8814713583307,,,,,With Ice,Orange,,,,,,0.0
40310,233,0.0,23.7,Thickshake (Syrup)-Chocolate,1,Cold Drinks,7.9,1,SML,7.9,2024-02-24 10:20:23,14.254925248600953,,,,,,,,,,,,0.0
40310,233,0.0,23.7,Thickshake (Syrup)-Chocolate,1,Cold Drinks,7.9,2,SML,7.9,2024-02-24 10:20:23,14.254925248600953,,,,,,,,,,,,0.0
40310,233,0.0,23.7,Thickshake (Syrup)-Chocolate,1,Cold Drinks,7.9,3,SML,7.9,2024-02-24 10:20:23,14.254925248600953,,,,,,,,,,,,0.0
25771,172,0.0,36.5,Freshly Squeezed Juice-Orange,1,Cold Drinks,7.5,1,REG,6.5,2022-10-08 08:41:11,5.2489316501187995,,,,,With Ice,"Orange, Lemon, Apple, Celery, Carrot, Ginger, Beetroot",,,,,,1.0
25771,172,0.0,36.5,Freshly Squeezed Juice-Orange,1,Cold Drinks,7.5,2,REG,6.5,2022-10-08 08:41:11,5.2489316501187995,,,,,With Ice,"Orange, Lemon, Apple, Celery, Carrot, Ginger, Beetroot",,,,,,1.0
16375,919,0.0,49.3,Iced Chocolate with Cream,1,Cold Drinks,5.5,1,REG,5.5,2021-10-07 14:29:07,370.9185509361474,With Cream,,,0,,,Full Cream,,Full,,,0.0
16375,919,0.0,49.3,Iced Coffee with Cream,1,Cold Drinks,5.5,2,REG,5.5,2021-10-07 14:29:07,370.9185509361474,With Cream,Normal,,0,,,Full Cream,,Full,Vanilla,,0.0
16375,919,0.0,49.3,Thickshake (Syrup)-Blue Heaven,1,Cold Drinks,8.0,7,LRG,8.0,2021-10-07 14:29:07,370.9185509361474,,,,,,,,,,,,0.0
33313,1534,0.0,49.3,Smoothie-Green Machine,1,Cold Drinks,7.6,2,REG,7.6,2023-07-02 09:04:58,102.91074667455888,,,,,,,,,,,,0.0
20795,308,0.0,5.8,Milkshake (Syrup)-Vanilla,1,Cold Drinks,2.9,1,MINI,2.9,2022-04-07 08:20:29,10.76198852605863,,,,,,,Full Cream,,,,,0.0
20795,308,0.0,5.8,Milkshake (Syrup)-Vanilla,1,Cold Drinks,2.9,2,MINI,2.9,2022-04-07 08:20:29,10.76198852605863,,,,,,,Full Cream,,,,,0.0
17512,308,0.0,5.8,Milkshake (Syrup)-Vanilla,1,Cold Drinks,2.9,1,MINI,2.9,2021-11-16 14:38:34,10.76198852605863,,,,,,,Full Cream,,,,,0.0
17512,308,0.0,5.8,Milkshake (Syrup)-Vanilla,1,Cold Drinks,2.9,2,MINI,2.9,2021-11-16 14:38:34,10.76198852605863,,,,,,,Full Cream,,,,,0.0
15465,308,0.0,5.8,Milkshake (Syrup)-Strawberry,1,Cold Drinks,2.9,1,MINI,2.9,2021-09-07 13:18:38,10.76198852605863,,,,,,,Full Cream,,,,,0.0
15465,308,0.0,5.8,Milkshake (Syrup)-Vanilla,1,Cold Drinks,2.9,2,MINI,2.9,2021-09-07 13:18:38,10.76198852605863,,,,,,,Full Cream,,,,,0.0
19349,1076,0.0,5.8,Ice Latte,1,Cold Drinks,5.8,1,REG,4.8,2022-02-11 09:35:39,472.34732983261375,,Normal,,0,,,Oat Milk,,Full,Vanilla,,1.0
12868,446,0.0,5.8,Milkshake (Syrup)-Blue Heaven,1,Cold Drinks,2.9,1,MINI,2.9,2021-05-29 11:54:49,6.801133915060578,,,,,,,Full Cream,,,,,0.0
12868,446,0.0,5.8,Milkshake (Syrup)-Strawberry,1,Cold Drinks,2.9,2,MINI,2.9,2021-05-29 11:54:49,6.801133915060578,,,,,,,Full Cream,,,,,0.0
18886,197,0.0,5.8,Ice Latte,1,Cold Drinks,5.8,1,REG,4.8,2022-01-25 09:30:42,8.972684535279665,,Normal,,1,,,Soy,,Full,Vanilla,,1.0
17914,197,0.0,5.8,Ice Latte,1,Cold Drinks,5.8,1,REG,4.8,2021-12-01 08:51:00,8.972684535279665,,Normal,,1,,,Soy,,Full,Vanilla,,1.0
16923,197,0.0,5.8,Ice Latte,1,Cold Drinks,5.8,1,REG,4.8,2021-10-26 12:28:22,8.972684535279665,,Normal,,1,,,Soy,,Full,Vanilla,,1.0
16068,197,0.0,5.8,Ice Latte,1,Cold Drinks,5.8,1,REG,4.8,2021-09-27 11:27:24,8.972684535279665,,Normal,,1,,,Soy,,Full,Vanilla,,1.0
19230,251,0.0,5.8,Ice Latte,1,Cold Drinks,5.8,1,REG,4.8,2022-02-07 09:23:57,60.441634282927495,,Normal,,0,,,Oat Milk,,Full,Vanilla,,1.0
11963,251,0.0,5.8,Ice Latte,1,Cold Drinks,5.8,1,REG,4.8,2021-04-21 09:52:26,60.441634282927495,,Normal,,0,,,Oat Milk,,Full,Vanilla,,1.0
11809,9,0.0,18.6,Smoothie-Green Machine,1,Cold Drinks,7.6,3,REG,7.6,2021-04-14 10:30:10,6.703924063787684,,,,,,,,,,,,0.0
11702,9,0.0,18.6,Smoothie-Green Machine,1,Cold Drinks,7.6,3,REG,7.6,2021-04-09 09:15:46,6.703924063787684,,,,,,,,,,,,0.0
11337,9,0.0,18.6,Smoothie-Green Machine,1,Cold Drinks,7.6,3,REG,7.6,2021-03-22 11:02:02,6.703924063787684,,,,,,,,,,,,0.0
11192,9,0.0,18.6,Smoothie-Green Machine,1,Cold Drinks,7.6,3,REG,7.6,2021-03-15 10:48:01,6.703924063787684,,,,,,,,,,,,0.0
13232,49,0.0,18.6,Milkshake (Syrup)-Vanilla,1,Cold Drinks,3.9,5,SML,3.9,2021-06-11 10:12:26,5.6913721453400745,,,,,,,Full Cream,,,,,0.0
18843,578,0.0,18.6,Milkshake (Syrup)-Strawberry,1,Cold Drinks,3.9,3,SML,3.9,2022-01-23 11:19:30,52.26973255838355,,,,,,,Full Cream,,,,,0.0
18843,578,0.0,18.6,Milkshake (Syrup)-Strawberry,1,Cold Drinks,3.9,4,SML,3.9,2022-01-23 11:19:30,52.26973255838355,,,,,,,Full Cream,,,,,0.0
18843,578,0.0,18.6,Ice Latte,1,Cold Drinks,4.8,2,REG,4.8,2022-01-23 11:19:30,52.26973255838355,,Normal,,0,,,Full Cream,,Full,None,,0.0
20421,175,0.0,18.6,Milkshake (Syrup)-Caramel,1,Cold Drinks,2.9,4,MINI,2.9,2022-03-24 08:40:49,10.277826498239987,,,,,,,Full Cream,,,,,0.0
18557,175,0.0,18.6,Milkshake (Syrup)-Cookies and Cream,1,Cold Drinks,2.9,4,MINI,2.9,2022-01-09 11:19:27,10.277826498239987,,,,,,,Full Cream,,,,,0.0
16907,446,0.0,18.6,Freshly Squeezed Juice-Orange,1,Cold Drinks,6.0,1,REG,6.0,2021-10-26 08:39:49,6.801133915060578,,,,,With Ice,Apple,,,,,,0.0
16907,446,0.0,18.6,Smoothie-Banana Buzz,1,Cold Drinks,7.6,3,REG,7.6,2021-10-26 08:39:49,6.801133915060578,,,,,,,,,,,,0.0
24066,1245,0.0,18.6,Milkshake (Syrup)-Caramel,1,Cold Drinks,3.9,3,SML,3.9,2022-08-07 10:55:46,102.91074667455888,,,,,,,Full Cream,,,,,0.0
24066,1245,0.0,18.6,Milkshake (Syrup)-Banana,1,Cold Drinks,3.9,4,SML,3.9,2022-08-07 10:55:46,102.91074667455888,,,,,,,Full Cream,,,,,0.0
27843,839,0.0,31.4,Milkshake (Syrup)-Chocolate,1,Cold Drinks,3.9,4,SML,3.9,2022-12-18 07:45:00,7.6513830729472705,,,,,,,Full Cream,,,,,0.0
9892,92,0.0,31.4,Iced Chocolate with Cream,1,Cold Drinks,6.5,2,REG,5.5,2021-01-07 11:00:00,32.28859341322894,No Cream,,,0,,,Oat Milk,,Full,,,1.0
9892,92,0.0,31.4,Iced Coffee with Cream,1,Cold Drinks,5.5,3,REG,5.5,2021-01-07 11:00:00,32.28859341322894,No Cream,Normal,,0,,,Full Cream,,Full,Vanilla,,0.0
35857,100,0.0,31.4,Smoothie-Mango Magic,3,Cold Drinks,25.5,2,REG,8.5,2023-09-20 11:15:00,18.372639920725167,,,,,,,,,,,,0.0
8319,376,0.0,31.4,Smoothie-Mango Magic,1,Cold Drinks,7.6,3,REG,7.6,2020-10-24 12:30:00,4.504030453114259,,,,,,,,,,,,0.0
8319,376,0.0,31.4,Smoothie-Mango Magic,1,Cold Drinks,7.6,4,REG,7.6,2020-10-24 12:30:00,4.504030453114259,,,,,,,,,,,,0.0
8319,376,0.0,31.4,Smoothie-Koko Berries,1,Cold Drinks,7.6,5,REG,7.6,2020-10-24 12:30:00,4.504030453114259,,,,,,,,,,,,0.0
16103,888,0.0,31.4,Thickshake (Syrup)-Blue Heaven,1,Cold Drinks,6.0,3,SML,6.0,2021-09-28 13:15:37,57.14591310509777,,,,,,,,,,,,0.0
16103,888,0.0,31.4,Thickshake (Syrup)-Chocolate,1,Cold Drinks,6.0,4,SML,6.0,2021-09-28 13:15:37,57.14591310509777,,,,,,,,,,,,0.0
16103,888,0.0,31.4,Thickshake (Syrup)-Banana,1,Cold Drinks,6.0,5,SML,6.0,2021-09-28 13:15:37,57.14591310509777,,,,,,,,,,,,0.0
16103,888,0.0,31.4,Thickshake (Syrup)-Banana,1,Cold Drinks,6.0,6,SML,6.0,2021-09-28 13:15:37,57.14591310509777,,,,,,,,,,,,0.0
28587,1383,0.0,44.2,Iced Chocolate with Cream,1,Cold Drinks,5.7,6,REG,5.7,2023-01-27 13:15:00,102.91074667455888,With Cream,,,0,,,Full Cream,,Full,,,0.0
28587,1383,0.0,44.2,Freshly Squeezed Juice-Orange,1,Cold Drinks,6.5,5,REG,6.5,2023-01-27 13:15:00,102.91074667455888,,,,,With Ice,"Orange, Lemon, Apple",,,,,,0.0
36892,228,0.0,44.2,Smoothie-Mango Magic,1,Cold Drinks,8.5,4,REG,8.5,2023-10-22 10:22:47,142.2871211013458,,,,,,,,,,,,0.0
25756,1289,0.0,13.5,Iced Coffee with Cream,1,Cold Drinks,5.5,1,REG,5.5,2022-10-07 11:45:22,674.5798692519663,No Cream,Normal,,0,,,Skim,,Full,None,,0.0
3362,19,0.0,13.5,Smoothie-Green Machine,1,Cold Drinks,7.5,2,REG,7.5,2019-06-27 07:32:15,423.08706747744804,,,,,,,,,,,,0.0
31064,20,0.0,13.5,Ice Latte,1,Cold Drinks,5.5,3,REG,5.0,2023-04-22 07:23:47,15.937429912097317,,Normal,,1,,,Skim,,Full,None,,0.5
33261,811,0.0,13.5,Freshly Squeezed Juice-Apple,1,Cold Drinks,6.5,1,REG,6.5,2023-06-30 14:01:25,56.15160730560616,,,,,With Ice,Celery,,,,,,0.0
33261,811,0.0,13.5,Freshly Squeezed Juice-Carrot,1,Cold Drinks,7.0,2,REG,6.5,2023-06-30 14:01:25,56.15160730560616,,,,,With Ice,"Lemon, Celery, Ginger",,,,,,0.5
5976,44,0.0,13.5,Thickshake (Syrup)-Chocolate,1,Cold Drinks,8.0,2,LRG,8.0,2020-07-25 15:10:11,21.368767595046826,,,,,,,,,,,,0.0
28173,1373,0.0,13.5,Ice Latte,1,Cold Drinks,5.0,2,REG,5.0,2023-01-11 06:14:36,9.0,,Normal,,0,,,Full Cream,,Full,Vanilla,,0.0
10985,115,0.0,13.5,Iced Chocolate with Cream,1,Cold Drinks,5.5,1,REG,5.5,2021-03-05 11:10:01,167.1294907150341,No Cream,,,0,,,Full Cream,,Full,,,0.0
14756,642,0.0,13.5,Milkshake (Syrup)-Banana,1,Cold Drinks,6.0,2,LRG,6.0,2021-08-13 12:41:42,129.8272536468121,,,,,,,Full Cream,,,,,0.0
14313,642,0.0,13.5,Milkshake (Syrup)-Banana,1,Cold Drinks,6.0,2,LRG,6.0,2021-07-26 12:48:53,129.8272536468121,,,,,,,Full Cream,,,,,0.0
15562,666,0.0,13.5,Freshly Squeezed Juice-Orange,1,Cold Drinks,6.5,1,REG,6.0,2021-09-11 08:37:44,190.90276757204614,,,,,With Ice,"Orange, Lemon, Apple, Celery, Carrot, Ginger",,,,,,0.5
12533,666,0.0,13.5,Freshly Squeezed Juice-Orange,1,Cold Drinks,6.5,1,REG,6.0,2021-05-15 09:03:32,190.90276757204614,,,,,With Ice,"Orange, Lemon, Apple, Celery, Carrot, Ginger",,,,,,0.5
11554,666,0.0,13.5,Freshly Squeezed Juice-Orange,1,Cold Drinks,6.5,1,REG,6.0,2021-04-01 08:13:53,190.90276757204614,,,,,With Ice,"Orange, Lemon, Apple, Celery, Carrot, Ginger",,,,,,0.5
17897,161,0.0,13.5,Ice Latte,1,Cold Drinks,5.5,1,REG,4.8,2021-12-01 06:02:37,23.82515677258169,,Normal,,0,,,Almond,,Full,None,,0.7000000000000002
15944,421,0.0,13.5,Freshly Squeezed Juice-Orange,1,Cold Drinks,6.5,1,REG,6.0,2021-09-24 07:22:49,32.56254897822951,,,,,With Ice,"Orange, Lemon, Apple, Celery, Carrot, Ginger",,,,,,0.5
10393,421,0.0,13.5,Freshly Squeezed Juice-Orange,1,Cold Drinks,6.5,1,REG,6.0,2021-02-03 07:38:57,32.56254897822951,,,,,With Ice,"Orange, Apple, Celery, Carrot, Ginger",,,,,,0.5
9756,421,0.0,13.5,Freshly Squeezed Juice-Orange,1,Cold Drinks,6.5,1,REG,6.0,2020-12-23 07:56:41,32.56254897822951,,,,,With Ice,"Orange, Apple, Celery, Carrot, Ginger",,,,,,0.5
9601,421,0.0,13.5,Freshly Squeezed Juice-Orange,1,Cold Drinks,6.5,1,REG,6.0,2020-12-16 08:00:50,32.56254897822951,,,,,With Ice,"Orange, Apple, Celery, Carrot, Ginger",,,,,,0.5
9578,421,0.0,13.5,Freshly Squeezed Juice-Orange,1,Cold Drinks,6.5,1,REG,6.0,2020-12-14 14:13:03,32.56254897822951,,,,,With Ice,"Orange, Apple, Celery, Carrot, Ginger",,,,,,0.5
20616,947,0.0,13.5,Iced Coffee with Cream,1,Cold Drinks,5.5,2,REG,5.5,2022-03-31 12:31:09,119.96547122282429,With Cream,Normal,,0,,,Full Cream,,Full,Vanilla,,0.0
26736,1203,0.0,13.5,Iced Chocolate with Cream,1,Cold Drinks,5.5,2,REG,5.5,2022-11-12 08:34:45,162.23241705299574,No Cream,,,0,,,Full Cream,,Full,,,0.0
29353,721,0.0,13.5,Ice Latte,1,Cold Drinks,5.0,1,REG,5.0,2023-02-24 07:32:08,22.483978525220593,,Normal,,0,,,Full Cream,,Full,None,,0.0
8914,472,0.0,13.5,Freshly Squeezed Juice-Orange,1,Cold Drinks,7.0,1,REG,6.0,2020-11-16 09:46:56,4.320493798938574,,,,,With Ice,"Lemon, Apple, Carrot, Ginger, Beetroot",,,,,,1.0
8914,472,0.0,13.5,Freshly Squeezed Juice-Orange,1,Cold Drinks,6.5,2,REG,6.0,2020-11-16 09:46:56,4.320493798938574,,,,,With Ice,"Orange, Lemon, Carrot, Ginger",,,,,,0.5
28097,228,0.0,13.5,Milkshake (Syrup)-Lime,1,Cold Drinks,2.9,3,MINI,2.9,2023-01-07 11:44:47,142.2871211013458,,,,,,,Full Cream,,,,,0.0
37250,1536,0.0,26.3,Smoothie-Koko Berries,1,Cold Drinks,8.5,3,REG,8.5,2023-11-02 08:18:51,12.29437639009218,,,,,,,,,,,,0.0
19676,10,0.0,26.3,Milkshake (Syrup)-Banana,1,Cold Drinks,3.9,3,SML,3.9,2022-02-24 08:55:04,55.12194523194774,,,,,,,Full Cream,,,,,0.0
17108,268,0.0,26.3,Iced Chocolate with Cream,1,Cold Drinks,5.5,2,REG,5.5,2021-11-02 09:23:29,86.00495109529,With Cream,,,0,,,Skim,,Full,,,0.0
17108,268,0.0,26.3,Iced Chocolate with Cream,1,Cold Drinks,5.5,3,REG,5.5,2021-11-02 09:23:29,86.00495109529,With Cream,,,0,,,Skim,,Full,,,0.0
13880,279,0.0,26.3,Iced Coffee with Cream,1,Cold Drinks,5.5,2,REG,5.5,2021-07-08 13:16:56,426.5645711182931,With Cream,Normal,,0,,,Full Cream,,Full,Vanilla,,0.0
14082,803,0.0,26.3,Milkshake (Syrup)-Strawberry,1,Cold Drinks,6.0,2,LRG,6.0,2021-07-17 13:29:18,102.91074667455888,,,,,,,Full Cream,,,,,0.0
4106,44,0.0,26.3,Freshly Squeezed Juice-Orange,1,Cold Drinks,6.0,3,REG,6.0,2020-01-24 08:30:08,21.368767595046826,,,,,With Ice,"Orange, Apple",,,,,,0.0
14589,814,0.0,26.3,Iced Coffee with Cream,1,Cold Drinks,5.5,2,REG,5.5,2021-08-07 09:28:17,144.56895356950722,No Cream,Normal,,0,,,Full Cream,,Full,Vanilla,,0.0
29067,1329,0.0,26.3,Smoothie-Koko Berries,1,Cold Drinks,7.6,4,REG,7.6,2023-02-14 06:38:24,69.03537932019783,,,,,,,,,,,,0.0
17988,916,0.0,26.3,Smoothie-Koko Berries,1,Cold Drinks,7.6,2,REG,7.6,2021-12-04 09:48:52,52.79835856034415,,,,,,,,,,,,0.0
15403,234,0.0,26.3,Iced Chocolate with Cream,1,Cold Drinks,5.5,2,REG,5.5,2021-09-05 10:29:38,3.306975953679214,With Cream,,,0,,,Skim,,Full,,,0.0
15403,234,0.0,26.3,Iced Chocolate with Cream,1,Cold Drinks,5.5,3,REG,5.5,2021-09-05 10:29:38,3.306975953679214,With Cream,,,0,,,Skim,,Full,,,0.0
28454,101,0.0,39.1,Milkshake (Syrup)-Chocolate,1,Cold Drinks,6.5,6,LRG,6.5,2023-01-21 09:59:07,58.06680913565154,,,,,,,Full Cream,,,,,0.0
28454,101,0.0,39.1,Milkshake (Syrup)-Chocolate,1,Cold Drinks,4.5,7,SML,4.5,2023-01-21 09:59:07,58.06680913565154,,,,,,,Full Cream,,,,,0.0
20183,141,0.0,39.1,Freshly Squeezed Juice-Orange,1,Cold Drinks,6.2,1,REG,6.2,2022-03-14 13:10:06,17.86202799623168,,,,,With Ice,"Orange, Apple, Carrot",,,,,,0.0
20835,1127,0.0,64.7,Freshly Squeezed Juice-Orange,1,Cold Drinks,6.2,2,REG,6.2,2022-04-08 10:46:24,57.19255320662376,,,,,With Ice,Orange,,,,,,0.0
20835,1127,0.0,64.7,Ice Latte,1,Cold Drinks,5.3,3,REG,4.8,2022-04-08 10:46:24,57.19255320662376,,Normal,,0,,,Lactose Free,,Full,Vanilla,,0.5
17232,308,0.0,8.4,Ice Latte,1,Cold Drinks,5.5,1,REG,4.8,2021-11-07 08:46:59,10.76198852605863,,Normal,,0,,,Almond,,Full,None,,0.7000000000000002
17232,308,0.0,8.4,Milkshake (Syrup)-Vanilla,1,Cold Drinks,2.9,2,MINI,2.9,2021-11-07 08:46:59,10.76198852605863,,,,,,,Full Cream,,,,,0.0
17153,308,0.0,8.4,Ice Latte,1,Cold Drinks,5.5,1,REG,4.8,2021-11-04 08:00:22,10.76198852605863,,Normal,,0,,,Almond,,Full,None,,0.7000000000000002
17153,308,0.0,8.4,Milkshake (Syrup)-Vanilla,1,Cold Drinks,2.9,2,MINI,2.9,2021-11-04 08:00:22,10.76198852605863,,,,,,,Full Cream,,,,,0.0
17039,308,0.0,8.4,Ice Latte,1,Cold Drinks,5.5,1,REG,4.8,2021-10-30 09:18:51,10.76198852605863,,Normal,,0,,,Almond,,Full,None,,0.7000000000000002
17039,308,0.0,8.4,Milkshake (Syrup)-Vanilla,1,Cold Drinks,2.9,2,MINI,2.9,2021-10-30 09:18:51,10.76198852605863,,,,,,,Full Cream,,,,,0.0
11410,446,0.0,8.4,Milkshake (Syrup)-Blue Heaven,1,Cold Drinks,2.9,2,MINI,2.9,2021-03-26 09:00:00,6.801133915060578,,,,,,,Full Cream,,,,,0.0
11222,446,0.0,8.4,Milkshake (Syrup)-Blue Heaven,1,Cold Drinks,2.9,2,MINI,2.9,2021-03-17 09:00:00,6.801133915060578,,,,,,,Full Cream,,,,,0.0
20303,14,0.0,21.2,Freshly Squeezed Juice-Orange,1,Cold Drinks,6.2,3,REG,6.2,2022-03-19 09:42:19,39.92548018814512,,,,,With Ice,"Orange, Lemon, Apple",,,,,,0.0
20303,14,0.0,21.2,Freshly Squeezed Juice-Orange,1,Cold Drinks,6.2,4,REG,6.2,2022-03-19 09:42:19,39.92548018814512,,,,,With Ice,"Orange, Lemon, Apple",,,,,,0.0
20857,1073,0.0,21.2,Milkshake (Syrup)-Chocolate,1,Cold Drinks,2.9,3,MINI,2.9,2022-04-09 10:10:14,23.118424220987432,,,,,,,Full Cream,,,,,0.0
26538,325,0.0,21.2,Freshly Squeezed Juice-Orange,1,Cold Drinks,6.5,2,REG,6.5,2022-11-06 08:08:39,58.48327818411425,,,,,With Ice,Orange,,,,,,0.0
22640,839,0.0,21.2,Milkshake (Syrup)-Strawberry,1,Cold Drinks,2.9,4,MINI,2.9,2022-06-16 08:15:00,7.6513830729472705,,,,,,,Full Cream,,,,,0.0
35281,1395,0.0,21.2,Freshly Squeezed Juice-Orange,1,Cold Drinks,7.2,1,REG,7.2,2023-09-02 13:00:00,33.35922803720277,,,,,With Ice,Lemon,,,,,,0.0
40643,1192,0.0,21.2,Coffee Frappe,1,Cold Drinks,7.9,1,REG,6.9,2024-03-06 11:55:59,48.3676739574891,,Normal,,1,,,Lactose Free,,Full,,,1.0
40643,1192,0.0,21.2,Coffee Frappe,1,Cold Drinks,7.4,2,REG,6.9,2024-03-06 11:55:59,48.3676739574891,,Normal,,0,,,Lactose Free,,Full,,,0.5
21968,175,0.0,21.2,Milkshake (Syrup)-Caramel,1,Cold Drinks,2.9,5,MINI,2.9,2022-05-22 10:49:36,10.277826498239987,,,,,,,Full Cream,,,,,0.0
18530,233,0.0,21.2,Thickshake (Syrup)-Chocolate,1,Cold Drinks,6.0,3,SML,6.0,2022-01-08 08:43:03,14.254925248600953,,,,,,,,,,,,0.0
18530,233,0.0,21.2,Thickshake (Syrup)-Chocolate,1,Cold Drinks,6.0,4,SML,6.0,2022-01-08 08:43:03,14.254925248600953,,,,,,,,,,,,0.0
18182,233,0.0,21.2,Thickshake (Syrup)-Chocolate,1,Cold Drinks,6.0,3,SML,6.0,2021-12-11 09:11:42,14.254925248600953,,,,,,,,,,,,0.0
18182,233,0.0,21.2,Thickshake (Syrup)-Chocolate,1,Cold Drinks,6.0,4,SML,6.0,2021-12-11 09:11:42,14.254925248600953,,,,,,,,,,,,0.0
17994,233,0.0,21.2,Thickshake (Syrup)-Chocolate,1,Cold Drinks,6.0,3,SML,6.0,2021-12-05 07:50:41,14.254925248600953,,,,,,,,,,,,0.0
17994,233,0.0,21.2,Thickshake (Syrup)-Chocolate,1,Cold Drinks,6.0,4,SML,6.0,2021-12-05 07:50:41,14.254925248600953,,,,,,,,,,,,0.0
16830,233,0.0,21.2,Thickshake (Syrup)-Chocolate,1,Cold Drinks,6.0,3,SML,6.0,2021-10-23 11:43:07,14.254925248600953,,,,,,,,,,,,0.0
16830,233,0.0,21.2,Thickshake (Syrup)-Chocolate,1,Cold Drinks,6.0,4,SML,6.0,2021-10-23 11:43:07,14.254925248600953,,,,,,,,,,,,0.0
16637,233,0.0,21.2,Thickshake (Syrup)-Chocolate,1,Cold Drinks,6.0,3,SML,6.0,2021-10-16 11:19:35,14.254925248600953,,,,,,,,,,,,0.0
16637,233,0.0,21.2,Thickshake (Syrup)-Chocolate,1,Cold Drinks,6.0,4,SML,6.0,2021-10-16 11:19:35,14.254925248600953,,,,,,,,,,,,0.0
16417,233,0.0,21.2,Thickshake (Syrup)-Chocolate,1,Cold Drinks,6.0,3,SML,6.0,2021-10-09 08:53:20,14.254925248600953,,,,,,,,,,,,0.0
16417,233,0.0,21.2,Thickshake (Syrup)-Chocolate,1,Cold Drinks,6.0,4,SML,6.0,2021-10-09 08:53:20,14.254925248600953,,,,,,,,,,,,0.0
28046,234,0.0,21.2,Milkshake (Syrup)-Cookies and Cream,1,Cold Drinks,6.5,3,LRG,6.5,2023-01-05 09:54:00,3.306975953679214,,,,,,,Skim,,,,,0.0
8693,234,0.0,21.2,Iced Coffee with Cream,1,Cold Drinks,5.0,3,REG,5.0,2020-11-07 10:17:47,3.306975953679214,With Cream,Normal,,0,,,Skim,,Full,Vanilla,,0.0
8693,234,0.0,21.2,Iced Chocolate with Cream,1,Cold Drinks,5.0,2,REG,5.0,2020-11-07 10:17:47,3.306975953679214,With Cream,,,0,,,Skim,,Full,,,0.0
8542,234,0.0,21.2,Iced Coffee with Cream,1,Cold Drinks,5.0,3,REG,5.0,2020-11-01 10:31:52,3.306975953679214,With Cream,Normal,,0,,,Skim,,Full,Vanilla,,0.0
8542,234,0.0,21.2,Iced Chocolate with Cream,1,Cold Drinks,5.0,2,REG,5.0,2020-11-01 10:31:52,3.306975953679214,With Cream,,,0,,,Skim,,Full,,,0.0
7159,234,0.0,21.2,Iced Chocolate with Cream,1,Cold Drinks,5.0,1,REG,5.0,2020-09-13 10:19:16,3.306975953679214,With Cream,,,0,,,Skim,,Full,,,0.0
7159,234,0.0,21.2,Iced Chocolate with Cream,1,Cold Drinks,5.0,2,REG,5.0,2020-09-13 10:19:16,3.306975953679214,With Cream,,,0,,,Skim,,Full,,,0.0
7159,234,0.0,21.2,Iced Chocolate with Cream,1,Cold Drinks,5.0,3,REG,5.0,2020-09-13 10:19:16,3.306975953679214,With Cream,,,0,,,Skim,,Full,,,0.0
4725,244,0.0,21.2,Milkshake (Syrup)-Banana,1,Cold Drinks,3.8,3,SML,3.8,2020-05-03 09:10:30,857.8166082172421,,,,,,,Full Cream,,,,,0.0
4725,244,0.0,21.2,Milkshake (Syrup)-Blue Heaven,1,Cold Drinks,2.5,4,MINI,2.5,2020-05-03 09:10:30,857.8166082172421,,,,,,,Full Cream,,,,,0.0
14411,833,0.0,34.0,Iced Chocolate with Cream,1,Cold Drinks,6.0,1,REG,5.5,2021-07-31 07:36:20,1081.8733752154178,With Cream,,,1,,,Full Cream,,Full,,,0.5
14411,833,0.0,34.0,Thickshake (Syrup)-Caramel,1,Cold Drinks,8.0,2,LRG,8.0,2021-07-31 07:36:20,1081.8733752154178,,,,,,,,,,,,0.0
24713,331,0.0,34.0,Smoothie-Koko Berries,1,Cold Drinks,7.6,3,REG,7.6,2022-08-31 12:45:08,177.61527753317512,,,,,,,,,,,,0.0
24713,331,0.0,34.0,Freshly Squeezed Juice-Orange,1,Cold Drinks,6.5,2,REG,6.5,2022-08-31 12:45:08,177.61527753317512,,,,,With Ice,"Orange, Lemon, Apple",,,,,,0.0
15359,215,0.0,34.0,Milkshake (Syrup)-Strawberry,1,Cold Drinks,3.9,3,SML,3.9,2021-09-04 09:20:46,83.56363072381927,,,,,,,Full Cream,,,,,0.0
37360,1577,0.0,46.8,Iced Coffee with Cream,1,Cold Drinks,5.9,1,REG,5.9,2023-11-06 09:37:20,62.22539674441618,With Cream,Normal,,0,,,Full Cream,,Full,None,,0.0
37360,1577,0.0,46.8,Iced Coffee with Cream,1,Cold Drinks,5.9,2,REG,5.9,2023-11-06 09:37:20,62.22539674441618,With Cream,Normal,,0,,,Skim,,Full,Vanilla,,0.0
17625,1015,0.0,46.8,Milkshake (Syrup)-Chocolate,1,Cold Drinks,3.9,6,SML,3.9,2021-11-20 10:05:38,102.91074667455888,,,,,,,Full Cream,,,,,0.0
18963,906,0.0,59.6,Milkshake (Syrup)-Banana,1,Cold Drinks,3.9,4,SML,3.9,2022-01-28 13:17:52,94.49445811463804,,,,,,,Full Cream,,,,,0.0
18963,906,0.0,59.6,Milkshake (Syrup)-Lime,1,Cold Drinks,3.9,5,SML,3.9,2022-01-28 13:17:52,94.49445811463804,,,,,,,Full Cream,,,,,0.0
18963,906,0.0,59.6,Milkshake (Syrup)-Cookies and Cream,1,Cold Drinks,3.9,6,SML,3.9,2022-01-28 13:17:52,94.49445811463804,,,,,,,Full Cream,,,,,0.0
18963,906,0.0,59.6,Milkshake (Syrup)-Chocolate,1,Cold Drinks,3.9,7,SML,3.9,2022-01-28 13:17:52,94.49445811463804,,,,,,,Full Cream,,,,,0.0
22488,620,0.0,72.4,Freshly Squeezed Juice-Orange,1,Cold Drinks,6.2,5,REG,6.2,2022-06-10 08:15:00,22.38981952840671,,,,,With Ice,Orange,,,,,,0.0
22087,261,0.0,16.1,Milkshake (Syrup)-Blue Heaven,1,Cold Drinks,3.9,4,SML,3.9,2022-05-26 09:21:14,15.87426905030864,,,,,,,Full Cream,,,,,0.0
18919,1029,0.0,16.1,Freshly Squeezed Juice-Orange,1,Cold Drinks,6.2,2,REG,6.2,2022-01-26 12:48:10,71.32647942150705,,,,,With Ice,Orange,,,,,,0.0
7858,298,0.0,16.1,Freshly Squeezed Juice-Orange,1,Cold Drinks,6.0,4,REG,6.0,2020-10-10 08:35:41,103.43870180925002,,,,,With Ice,"Lemon, Apple, Celery",,,,,,0.0
7822,298,0.0,16.1,Freshly Squeezed Juice-Orange,1,Cold Drinks,6.0,4,REG,6.0,2020-10-08 09:13:12,103.43870180925002,,,,,With Ice,"Lemon, Apple, Celery",,,,,,0.0
19631,49,0.0,16.1,Milkshake (Syrup)-Chocolate,1,Cold Drinks,3.9,2,SML,3.9,2022-02-22 10:13:43,5.6913721453400745,,,,,,,Full Cream,,,,,0.0
19631,49,0.0,16.1,Milkshake (Syrup)-Chocolate,1,Cold Drinks,3.9,3,SML,3.9,2022-02-22 10:13:43,5.6913721453400745,,,,,,,Full Cream,,,,,0.0
19631,49,0.0,16.1,Milkshake (Syrup)-Chocolate,1,Cold Drinks,3.9,4,SML,3.9,2022-02-22 10:13:43,5.6913721453400745,,,,,,,Full Cream,,,,,0.0
13054,49,0.0,16.1,Milkshake (Syrup)-Chocolate,1,Cold Drinks,3.9,4,SML,3.9,2021-06-05 09:52:36,5.6913721453400745,,,,,,,Full Cream,,,,,0.0
6112,356,0.0,16.1,Thickshake (Syrup)-Chocolate,1,Cold Drinks,8.0,3,LRG,8.0,2020-08-01 10:15:00,44.73626418615365,,,,,,,,,,,,0.0
6112,356,0.0,16.1,Milkshake (Syrup)-Lime,1,Cold Drinks,3.8,2,SML,3.8,2020-08-01 10:15:00,44.73626418615365,,,,,,,Full Cream,,,,,0.0
32464,101,0.0,16.1,Milkshake (Syrup)-Chocolate,1,Cold Drinks,6.5,1,LRG,6.5,2023-06-04 11:25:54,58.06680913565154,,,,,,,Full Cream,,,,,0.0
32464,101,0.0,16.1,Milkshake (Syrup)-Chocolate,1,Cold Drinks,4.5,2,SML,4.5,2023-06-04 11:25:54,58.06680913565154,,,,,,,Full Cream,,,,,0.0
20647,888,0.0,16.1,Thickshake (Syrup)-Spearmint,1,Cold Drinks,8.5,2,LRG,8.5,2022-04-01 15:45:00,57.14591310509777,,,,,,,,,,,,0.0
20647,888,0.0,16.1,Smoothie-Koko Berries,1,Cold Drinks,7.6,1,REG,7.6,2022-04-01 15:45:00,57.14591310509777,,,,,,,,,,,,0.0
19159,888,0.0,16.1,Thickshake (Syrup)-Banana,1,Cold Drinks,6.0,2,SML,6.0,2022-02-04 15:45:00,57.14591310509777,,,,,,,,,,,,0.0
19159,888,0.0,16.1,Thickshake (Syrup)-Banana,1,Cold Drinks,6.0,3,SML,6.0,2022-02-04 15:45:00,57.14591310509777,,,,,,,,,,,,0.0
14050,197,0.0,16.1,Milkshake (Syrup)-Chocolate,1,Cold Drinks,3.9,3,SML,3.9,2021-07-16 10:21:17,8.972684535279665,,,,,,,Full Cream,,,,,0.0
14050,197,0.0,16.1,Milkshake (Syrup)-Vanilla,1,Cold Drinks,3.9,4,SML,3.9,2021-07-16 10:21:17,8.972684535279665,,,,,,,Full Cream,,,,,0.0
30184,725,0.0,16.1,Smoothie-Banana Buzz,1,Cold Drinks,7.6,1,REG,7.6,2023-03-22 09:21:18,194.44279364378613,,,,,,,,,,,,0.0
4604,224,0.0,16.1,Iced Mocha with Cream,1,Cold Drinks,6.2,2,REG,5.5,2020-04-22 13:22:35,102.91074667455888,With Cream,Normal,,0,,,Almond,,Full,,,0.7000000000000002
7249,255,0.0,16.1,Ice Latte,1,Cold Drinks,4.5,2,REG,4.5,2020-09-16 13:00:00,56.13881858007836,,Normal,,0,,,Full Cream,,Full,Vanilla,,0.0
32900,101,0.0,28.9,Milkshake (Syrup)-Chocolate,1,Cold Drinks,6.5,1,LRG,6.5,2023-06-18 13:11:37,58.06680913565154,,,,,,,Full Cream,,,,,0.0
32900,101,0.0,28.9,Milkshake (Syrup)-Chocolate,1,Cold Drinks,4.5,2,SML,4.5,2023-06-18 13:11:37,58.06680913565154,,,,,,,Full Cream,,,,,0.0
32900,101,0.0,28.9,Milkshake (Syrup)-Vanilla,1,Cold Drinks,6.5,3,LRG,6.5,2023-06-18 13:11:37,58.06680913565154,,,,,,,Full Cream,,,,,0.0
13743,642,0.0,28.9,Milkshake (Syrup)-Strawberry,1,Cold Drinks,6.0,4,LRG,6.0,2021-07-02 13:03:42,129.8272536468121,,,,,,,Full Cream,,,,,0.0
40409,1253,0.0,28.9,Thickshake (Syrup)-Caramel,1,Cold Drinks,7.9,1,SML,7.9,2024-02-28 09:20:42,17.271483649803734,,,,,,,,,,,,0.0
39543,1253,0.0,28.9,Thickshake (Syrup)-Blue Heaven,1,Cold Drinks,7.9,1,SML,7.9,2024-01-30 10:26:27,17.271483649803734,,,,,,,,,,,,0.0
35711,1253,0.0,28.9,Thickshake (Syrup)-Caramel,1,Cold Drinks,7.9,1,SML,7.9,2023-09-15 10:27:50,17.271483649803734,,,,,,,,,,,,0.0
35373,1253,0.0,28.9,Thickshake (Syrup)-Caramel,1,Cold Drinks,7.9,1,SML,7.9,2023-09-05 10:07:03,17.271483649803734,,,,,,,,,,,,0.0
34262,1253,0.0,28.9,Thickshake (Syrup)-Caramel,1,Cold Drinks,7.9,1,SML,7.9,2023-08-01 10:07:36,17.271483649803734,,,,,,,,,,,,0.0
24436,873,0.0,41.7,Freshly Squeezed Juice-Orange,1,Cold Drinks,7.0,2,REG,6.5,2022-08-21 11:11:36,138.56983798792578,,,,,With Ice,"Orange, Lemon, Apple, Carrot, Ginger",,,,,,0.5
28077,771,0.0,11.0,Ice Latte,1,Cold Drinks,6.0,2,REG,5.0,2023-01-06 12:08:09,64.57491273581955,,Normal,,0,,,Oat Milk,,Full,None,,1.0
19947,771,0.0,11.0,Iced Coffee with Cream,1,Cold Drinks,6.0,2,REG,5.5,2022-03-05 10:20:54,64.57491273581955,No Cream,Normal,,0,,,Lactose Free,,Full,Vanilla,,0.5
19741,771,0.0,11.0,Iced Coffee with Cream,1,Cold Drinks,6.0,2,REG,5.5,2022-02-26 11:37:18,64.57491273581955,No Cream,Normal,,0,,,Lactose Free,,Full,Vanilla,,0.5
18829,771,0.0,11.0,Iced Coffee with Cream,1,Cold Drinks,6.0,2,REG,5.5,2022-01-22 10:50:14,64.57491273581955,No Cream,Normal,,0,,,Lactose Free,,Full,Vanilla,,0.5
17421,771,0.0,11.0,Iced Coffee with Cream,1,Cold Drinks,6.0,2,REG,5.5,2021-11-13 09:45:51,64.57491273581955,With Cream,Normal,,0,,,Lactose Free,,Full,Vanilla,,0.5
16700,771,0.0,11.0,Iced Coffee with Cream,1,Cold Drinks,6.0,2,REG,5.5,2021-10-18 12:54:53,64.57491273581955,No Cream,Normal,,0,,,Lactose Free,,Full,Vanilla,,0.5
15342,9,0.0,11.0,Milkshake (Syrup)-Chocolate,1,Cold Drinks,6.0,2,LRG,6.0,2021-09-03 11:58:24,6.703924063787684,,,,,,,Full Cream,,,,,0.0
11141,13,0.0,11.0,Freshly Squeezed Juice-Orange,1,Cold Drinks,6.0,1,REG,6.0,2021-03-13 08:18:55,44.810789212237296,,,,,With Ice,Apple,,,,,,0.0
3503,19,0.0,11.0,Freshly Squeezed Juice-Orange,1,Cold Drinks,6.0,1,REG,6.0,2019-08-23 13:45:00,423.08706747744804,,,,,With Ice,"Orange, Carrot",,,,,,0.0
3503,19,0.0,11.0,Ice Latte,1,Cold Drinks,5.0,2,REG,4.5,2019-08-23 13:45:00,423.08706747744804,,Normal,,0,,,Soy,,Full,Vanilla,,0.5
3916,20,0.0,11.0,Ice Latte,1,Cold Drinks,4.5,2,REG,4.5,2019-11-29 15:17:48,15.937429912097317,,Normal,,0,,,Skim,,Full,None,,0.0
3916,20,0.0,11.0,Ice Latte,1,Cold Drinks,5.0,3,REG,4.5,2019-11-29 15:17:48,15.937429912097317,,Normal,,1,,,Skim,,Full,None,,0.5
18626,1051,0.0,11.0,Iced Coffee with Cream,1,Cold Drinks,6.0,2,REG,5.5,2022-01-12 12:46:36,102.91074667455888,No Cream,Normal,,0,,,Lactose Free,,Full,Vanilla,,0.5
10203,308,0.0,11.0,Freshly Squeezed Juice-Orange,1,Cold Drinks,6.0,1,REG,6.0,2021-01-25 08:52:15,10.76198852605863,,,,,With Ice,Orange,,,,,,0.0
6981,59,0.0,11.0,Freshly Squeezed Juice-Orange,1,Cold Drinks,6.0,2,REG,6.0,2020-09-06 10:09:35,162.9431685910035,,,,,With Ice,Orange,,,,,,0.0
28058,324,0.0,11.0,Ice Latte,1,Cold Drinks,6.0,2,REG,5.0,2023-01-05 14:21:36,21.399972119696923,,Normal,,0,,,Oat Milk,,Full,None,,1.0
27327,324,0.0,11.0,Iced Coffee with Cream,1,Cold Drinks,6.0,2,REG,5.5,2022-12-01 11:09:05,21.399972119696923,No Cream,Normal,,0,,,Lactose Free,,Full,Vanilla,,0.5
25998,324,0.0,11.0,Iced Coffee with Cream,1,Cold Drinks,6.0,2,REG,5.5,2022-10-16 13:12:32,21.399972119696923,No Cream,Normal,,0,,,Lactose Free,,Full,Vanilla,,0.5
25592,324,0.0,11.0,Iced Coffee with Cream,1,Cold Drinks,6.0,2,REG,5.5,2022-10-01 12:54:46,21.399972119696923,No Cream,Normal,,0,,,Lactose Free,,Full,Vanilla,,0.5
22580,324,0.0,11.0,Iced Coffee with Cream,1,Cold Drinks,6.0,2,REG,5.5,2022-06-13 11:36:38,21.399972119696923,No Cream,Normal,,0,,,Lactose Free,,Full,Vanilla,,0.5
21406,324,0.0,11.0,Iced Coffee with Cream,1,Cold Drinks,6.0,2,REG,5.5,2022-05-01 09:47:58,21.399972119696923,No Cream,Normal,,0,,,Lactose Free,,Full,Vanilla,,0.5
20137,324,0.0,11.0,Iced Coffee with Cream,1,Cold Drinks,6.0,2,REG,5.5,2022-03-12 10:47:27,21.399972119696923,No Cream,Normal,,0,,,Lactose Free,,Full,Vanilla,,0.5
19203,324,0.0,11.0,Iced Coffee with Cream,1,Cold Drinks,6.0,2,REG,5.5,2022-02-06 10:32:49,21.399972119696923,No Cream,Normal,,0,,,Lactose Free,,Full,Vanilla,,0.5
19179,324,0.0,11.0,Iced Coffee with Cream,1,Cold Drinks,6.0,2,REG,5.5,2022-02-05 09:27:13,21.399972119696923,No Cream,Normal,,0,,,Lactose Free,,Full,Vanilla,,0.5
18995,324,0.0,11.0,Iced Coffee with Cream,1,Cold Drinks,6.0,2,REG,5.5,2022-01-29 13:08:08,21.399972119696923,No Cream,Normal,,0,,,Lactose Free,,Full,Vanilla,,0.5
18917,324,0.0,11.0,Iced Coffee with Cream,1,Cold Drinks,6.0,2,REG,5.5,2022-01-26 11:05:06,21.399972119696923,No Cream,Normal,,0,,,Lactose Free,,Full,Vanilla,,0.5
18647,324,0.0,11.0,Iced Coffee with Cream,1,Cold Drinks,6.0,2,REG,5.5,2022-01-13 12:29:54,21.399972119696923,No Cream,Normal,,0,,,Lactose Free,,Full,Vanilla,,0.5
18485,324,0.0,11.0,Iced Coffee with Cream,1,Cold Drinks,6.0,2,REG,5.5,2021-12-23 10:25:45,21.399972119696923,No Cream,Normal,,0,,,Lactose Free,,Full,Vanilla,,0.5
18386,324,0.0,11.0,Iced Coffee with Cream,1,Cold Drinks,6.0,2,REG,5.5,2021-12-19 11:03:22,21.399972119696923,No Cream,Normal,,0,,,Lactose Free,,Full,Vanilla,,0.5
18282,324,0.0,11.0,Iced Coffee with Cream,1,Cold Drinks,6.0,2,REG,5.5,2021-12-15 13:40:19,21.399972119696923,No Cream,Normal,,0,,,Lactose Free,,Full,Vanilla,,0.5
18208,324,0.0,11.0,Iced Coffee with Cream,1,Cold Drinks,6.0,2,REG,5.5,2021-12-12 10:11:02,21.399972119696923,With Cream,Normal,,0,,,Lactose Free,,Full,Vanilla,,0.5
18120,324,0.0,11.0,Iced Coffee with Cream,1,Cold Drinks,6.0,2,REG,5.5,2021-12-09 11:11:20,21.399972119696923,No Cream,Normal,,0,,,Lactose Free,,Full,Vanilla,,0.5
18072,324,0.0,11.0,Iced Coffee with Cream,1,Cold Drinks,6.0,2,REG,5.5,2021-12-07 13:18:26,21.399972119696923,With Cream,Normal,,0,,,Lactose Free,,Full,Vanilla,,0.5
17944,324,0.0,11.0,Iced Coffee with Cream,1,Cold Drinks,6.0,2,REG,5.5,2021-12-02 12:48:06,21.399972119696923,No Cream,Normal,,0,,,Lactose Free,,Full,Vanilla,,0.5
17922,324,0.0,11.0,Iced Coffee with Cream,1,Cold Drinks,6.0,2,REG,5.5,2021-12-01 11:16:33,21.399972119696923,No Cream,Normal,,0,,,Lactose Free,,Full,Vanilla,,0.5
17780,324,0.0,11.0,Iced Coffee with Cream,1,Cold Drinks,6.0,2,REG,5.5,2021-11-26 12:16:34,21.399972119696923,No Cream,Normal,,0,,,Lactose Free,,Full,Vanilla,,0.5
17559,324,0.0,11.0,Iced Coffee with Cream,1,Cold Drinks,6.0,2,REG,5.5,2021-11-18 11:59:20,21.399972119696923,No Cream,Normal,,0,,,Lactose Free,,Full,Vanilla,,0.5
17532,324,0.0,11.0,Iced Coffee with Cream,1,Cold Drinks,6.0,2,REG,5.5,2021-11-17 11:16:20,21.399972119696923,No Cream,Normal,,0,,,Lactose Free,,Full,Vanilla,,0.5
17510,324,0.0,11.0,Iced Coffee with Cream,1,Cold Drinks,6.0,2,REG,5.5,2021-11-16 12:10:43,21.399972119696923,No Cream,Normal,,0,,,Lactose Free,,Full,Vanilla,,0.5
17406,324,0.0,11.0,Iced Coffee with Cream,1,Cold Drinks,6.0,2,REG,5.5,2021-11-12 11:15:52,21.399972119696923,No Cream,Normal,,0,,,Lactose Free,,Full,Vanilla,,0.5
17325,324,0.0,11.0,Iced Coffee with Cream,1,Cold Drinks,6.0,2,REG,5.5,2021-11-10 10:06:17,21.399972119696923,No Cream,Normal,,0,,,Lactose Free,,Full,Vanilla,,0.5
17305,324,0.0,11.0,Iced Coffee with Cream,1,Cold Drinks,6.0,2,REG,5.5,2021-11-09 10:04:40,21.399972119696923,No Cream,Normal,,0,,,Lactose Free,,Full,Vanilla,,0.5
17165,324,0.0,11.0,Iced Coffee with Cream,1,Cold Drinks,6.0,2,REG,5.5,2021-11-04 10:55:40,21.399972119696923,No Cream,Normal,,0,,,Lactose Free,,Full,Vanilla,,0.5
17144,324,0.0,11.0,Iced Coffee with Cream,1,Cold Drinks,6.0,2,REG,5.5,2021-11-03 12:30:24,21.399972119696923,No Cream,Normal,,0,,,Lactose Free,,Full,Vanilla,,0.5
17088,324,0.0,11.0,Iced Coffee with Cream,1,Cold Drinks,6.0,2,REG,5.5,2021-11-01 09:52:14,21.399972119696923,No Cream,Normal,,0,,,Lactose Free,,Full,Vanilla,,0.5
17049,324,0.0,11.0,Iced Coffee with Cream,1,Cold Drinks,6.0,2,REG,5.5,2021-10-30 11:39:17,21.399972119696923,No Cream,Normal,,0,,,Lactose Free,,Full,Vanilla,,0.5
16982,324,0.0,11.0,Iced Coffee with Cream,1,Cold Drinks,6.0,2,REG,5.5,2021-10-28 11:04:29,21.399972119696923,No Cream,Normal,,0,,,Lactose Free,,Full,Vanilla,,0.5
16916,324,0.0,11.0,Iced Coffee with Cream,1,Cold Drinks,6.0,2,REG,5.5,2021-10-26 09:57:24,21.399972119696923,No Cream,Normal,,0,,,Lactose Free,,Full,Vanilla,,0.5
16780,324,0.0,11.0,Iced Coffee with Cream,1,Cold Drinks,6.0,2,REG,5.5,2021-10-21 11:25:37,21.399972119696923,No Cream,Normal,,0,,,Lactose Free,,Full,Vanilla,,0.5
16729,324,0.0,11.0,Iced Coffee with Cream,1,Cold Drinks,6.0,2,REG,5.5,2021-10-19 13:28:05,21.399972119696923,No Cream,Normal,,0,,,Lactose Free,,Full,Vanilla,,0.5
16543,324,0.0,11.0,Iced Coffee with Cream,1,Cold Drinks,6.0,2,REG,5.5,2021-10-13 11:45:21,21.399972119696923,No Cream,Normal,,0,,,Lactose Free,,Full,Vanilla,,0.5
16374,324,0.0,11.0,Iced Coffee with Cream,1,Cold Drinks,6.0,2,REG,5.5,2021-10-07 13:02:52,21.399972119696923,No Cream,Normal,,0,,,Lactose Free,,Full,Vanilla,,0.5
16346,324,0.0,11.0,Iced Coffee with Cream,1,Cold Drinks,6.0,2,REG,5.5,2021-10-06 13:35:23,21.399972119696923,No Cream,Normal,,0,,,Lactose Free,,Full,Vanilla,,0.5
16274,324,0.0,11.0,Iced Coffee with Cream,1,Cold Drinks,6.0,2,REG,5.5,2021-10-03 13:57:41,21.399972119696923,No Cream,Normal,,0,,,Lactose Free,,Full,Vanilla,,0.5
16160,324,0.0,11.0,Iced Coffee with Cream,1,Cold Drinks,6.0,2,REG,5.5,2021-09-30 11:08:14,21.399972119696923,No Cream,Normal,,0,,,Lactose Free,,Full,Vanilla,,0.5
16129,324,0.0,11.0,Iced Coffee with Cream,1,Cold Drinks,6.0,2,REG,5.5,2021-09-29 11:17:01,21.399972119696923,No Cream,Normal,,0,,,Lactose Free,,Full,Vanilla,,0.5
16101,324,0.0,11.0,Iced Coffee with Cream,1,Cold Drinks,6.0,2,REG,5.5,2021-09-28 11:20:53,21.399972119696923,No Cream,Normal,,0,,,Lactose Free,,Full,Vanilla,,0.5
16070,324,0.0,11.0,Iced Coffee with Cream,1,Cold Drinks,6.0,2,REG,5.5,2021-09-27 12:28:28,21.399972119696923,No Cream,Normal,,0,,,Lactose Free,,Full,Vanilla,,0.5
15905,324,0.0,11.0,Iced Coffee with Cream,1,Cold Drinks,6.0,2,REG,5.5,2021-09-22 09:51:06,21.399972119696923,No Cream,Normal,,0,,,Lactose Free,,Full,Vanilla,,0.5
15885,324,0.0,11.0,Iced Coffee with Cream,1,Cold Drinks,6.0,2,REG,5.5,2021-09-21 15:37:53,21.399972119696923,No Cream,Normal,,0,,,Lactose Free,,Full,Vanilla,,0.5
15851,324,0.0,11.0,Iced Coffee with Cream,1,Cold Drinks,6.0,2,REG,5.5,2021-09-20 12:16:39,21.399972119696923,No Cream,Normal,,0,,,Lactose Free,,Full,Vanilla,,0.5
15731,324,0.0,11.0,Iced Coffee with Cream,1,Cold Drinks,6.0,2,REG,5.5,2021-09-16 14:48:36,21.399972119696923,No Cream,Normal,,0,,,Lactose Free,,Full,Vanilla,,0.5
15702,324,0.0,11.0,Iced Coffee with Cream,1,Cold Drinks,6.0,2,REG,5.5,2021-09-15 12:46:26,21.399972119696923,No Cream,Normal,,0,,,Lactose Free,,Full,Vanilla,,0.5
15615,324,0.0,11.0,Iced Coffee with Cream,1,Cold Drinks,6.0,2,REG,5.5,2021-09-12 12:10:43,21.399972119696923,No Cream,Normal,,0,,,Lactose Free,,Full,Vanilla,,0.5
15515,324,0.0,11.0,Iced Coffee with Cream,1,Cold Drinks,6.0,2,REG,5.5,2021-09-09 11:40:41,21.399972119696923,No Cream,Normal,,0,,,Lactose Free,,Full,Vanilla,,0.5
15490,324,0.0,11.0,Iced Coffee with Cream,1,Cold Drinks,6.0,2,REG,5.5,2021-09-08 12:15:50,21.399972119696923,No Cream,Normal,,0,,,Lactose Free,,Full,Vanilla,,0.5
15343,324,0.0,11.0,Iced Coffee with Cream,1,Cold Drinks,6.0,2,REG,5.5,2021-09-03 12:21:38,21.399972119696923,No Cream,Normal,,0,,,Lactose Free,,Full,Vanilla,,0.5
14712,324,0.0,11.0,Iced Coffee with Cream,1,Cold Drinks,6.0,2,REG,5.5,2021-08-11 13:28:30,21.399972119696923,No Cream,Normal,,0,,,Lactose Free,,Full,Vanilla,,0.5
14636,324,0.0,11.0,Iced Coffee with Cream,1,Cold Drinks,6.0,2,REG,5.5,2021-08-08 14:07:57,21.399972119696923,With Cream,Normal,,0,,,Lactose Free,,Full,Vanilla,,0.5
14495,324,0.0,11.0,Iced Coffee with Cream,1,Cold Drinks,6.0,2,REG,5.5,2021-08-03 12:00:27,21.399972119696923,No Cream,Normal,,0,,,Lactose Free,,Full,Vanilla,,0.5
14422,324,0.0,11.0,Iced Coffee with Cream,1,Cold Drinks,6.0,2,REG,5.5,2021-07-31 10:23:11,21.399972119696923,No Cream,Normal,,0,,,Lactose Free,,Full,Vanilla,,0.5
14322,324,0.0,11.0,Iced Coffee with Cream,1,Cold Drinks,6.0,2,REG,5.5,2021-07-27 08:34:15,21.399972119696923,No Cream,Normal,,0,,,Lactose Free,,Full,Vanilla,,0.5
13944,324,0.0,11.0,Iced Coffee with Cream,1,Cold Drinks,6.0,2,REG,5.5,2021-07-11 12:49:11,21.399972119696923,No Cream,Normal,,0,,,Lactose Free,,Full,Vanilla,,0.5
13857,324,0.0,11.0,Iced Coffee with Cream,1,Cold Drinks,6.0,2,REG,5.5,2021-07-07 13:33:51,21.399972119696923,No Cream,Normal,,0,,,Lactose Free,,Full,Vanilla,,0.5
10685,103,0.0,11.0,Iced Coffee with Cream,1,Cold Drinks,5.5,1,REG,5.5,2021-02-17 09:13:28,75.90131341198325,With Cream,Normal,,0,,,Full Cream,,Full,Vanilla,,0.0
10685,103,0.0,11.0,Iced Coffee with Cream,1,Cold Drinks,5.5,2,REG,5.5,2021-02-17 09:13:28,75.90131341198325,With Cream,Normal,,0,,,Full Cream,,Full,Vanilla,,0.0
20890,1133,0.0,11.0,Iced Coffee with Cream,1,Cold Drinks,6.0,2,REG,5.5,2022-04-10 10:19:28,102.91074667455888,No Cream,Normal,,0,,,Lactose Free,,Full,Vanilla,,0.5
4077,112,0.0,11.0,Milkshake (Syrup)-Chocolate,1,Cold Drinks,6.0,2,LRG,6.0,2020-01-18 12:53:08,137.31543763089678,,,,,,,Full Cream,,,,,0.0
15744,905,0.0,11.0,Iced Chocolate with Cream,1,Cold Drinks,5.5,1,REG,5.5,2021-09-17 08:45:00,102.91074667455888,With Cream,,,0,,,Full Cream,,Full,,,0.0
15744,905,0.0,11.0,Iced Chocolate with Cream,1,Cold Drinks,5.5,2,REG,5.5,2021-09-17 08:45:00,102.91074667455888,With Cream,,,0,,,Full Cream,,Full,,,0.0
16484,663,0.0,11.0,Freshly Squeezed Juice-Orange,1,Cold Drinks,6.0,2,REG,6.0,2021-10-11 10:11:47,81.72819241790091,,,,,With Ice,"Orange, Apple",,,,,,0.0
15939,921,0.0,11.0,Iced Coffee with Cream,1,Cold Drinks,6.0,2,REG,5.5,2021-09-23 12:44:44,102.91074667455888,No Cream,Normal,,0,,,Lactose Free,,Full,Vanilla,,0.5
12435,233,0.0,11.0,Freshly Squeezed Juice-Orange,1,Cold Drinks,6.0,2,REG,6.0,2021-05-11 07:49:08,14.254925248600953,,,,,With Ice,Orange,,,,,,0.0
7550,10,0.0,23.8,Milkshake (Syrup)-Banana,1,Cold Drinks,6.0,4,LRG,6.0,2020-09-27 12:25:45,55.12194523194774,,,,,,,Full Cream,,,,,0.0
16031,795,0.0,23.8,Ice Latte,1,Cold Drinks,4.8,2,REG,4.8,2021-09-26 11:16:06,326.20096055448187,,Normal,,0,,,Full Cream,,Full,Vanilla,,0.0
16031,795,0.0,23.8,Thickshake (Syrup)-Chocolate,1,Cold Drinks,6.0,3,SML,6.0,2021-09-26 11:16:06,326.20096055448187,,,,,,,,,,,,0.0
5964,49,0.0,23.8,Milkshake (Syrup)-Chocolate,1,Cold Drinks,3.8,4,SML,3.8,2020-07-25 09:22:48,5.6913721453400745,,,,,,,Full Cream,,,,,0.0
5964,49,0.0,23.8,Milkshake (Syrup)-Chocolate,1,Cold Drinks,3.8,5,SML,3.8,2020-07-25 09:22:48,5.6913721453400745,,,,,,,Full Cream,,,,,0.0
5964,49,0.0,23.8,Milkshake (Syrup)-Vanilla,1,Cold Drinks,3.8,6,SML,3.8,2020-07-25 09:22:48,5.6913721453400745,,,,,,,Full Cream,,,,,0.0
20664,1073,0.0,23.8,Milkshake (Syrup)-Chocolate,1,Cold Drinks,2.9,3,MINI,2.9,2022-04-02 10:38:07,23.118424220987432,,,,,,,Full Cream,,,,,0.0
19714,888,0.0,23.8,Thickshake (Syrup)-Cookies and Cream,1,Cold Drinks,6.0,2,SML,6.0,2022-02-25 15:45:00,57.14591310509777,,,,,,,,,,,,0.0
19714,888,0.0,23.8,Thickshake (Syrup)-Spearmint,1,Cold Drinks,6.0,3,SML,6.0,2022-02-25 15:45:00,57.14591310509777,,,,,,,,,,,,0.0
16913,175,0.0,23.8,Milkshake (Syrup)-Caramel,1,Cold Drinks,2.9,5,MINI,2.9,2021-10-26 09:22:04,10.277826498239987,,,,,,,Full Cream,,,,,0.0
12996,690,0.0,23.8,Iced Chocolate with Cream,1,Cold Drinks,5.5,4,REG,5.5,2021-06-03 08:38:22,14.926486525636232,With Cream,,,0,,,Full Cream,,Full,,,0.0
19729,233,0.0,23.8,Thickshake (Syrup)-Chocolate,1,Cold Drinks,6.0,3,SML,6.0,2022-02-26 09:05:13,14.254925248600953,,,,,,,,,,,,0.0
19729,233,0.0,23.8,Thickshake (Syrup)-Chocolate,1,Cold Drinks,8.5,4,LRG,8.5,2022-02-26 09:05:13,14.254925248600953,,,,,,,,,,,,0.0
19603,788,0.0,36.6,Thickshake (Syrup)-Chocolate,1,Cold Drinks,6.0,2,SML,6.0,2022-02-21 10:30:51,248.71957818279722,,,,,,,,,,,,0.0
10429,351,0.0,36.6,Iced Chocolate with Cream,1,Cold Drinks,5.5,4,REG,5.5,2021-02-04 13:05:33,15.749687649741688,With Cream,,,0,,,Full Cream,,Full,,,0.0
10429,351,0.0,36.6,Milkshake (Syrup)-Vanilla,1,Cold Drinks,2.9,5,MINI,2.9,2021-02-04 13:05:33,15.749687649741688,,,,,,,Full Cream,,,,,0.0
10429,351,0.0,36.6,Milkshake (Syrup)-Vanilla,1,Cold Drinks,2.9,6,MINI,2.9,2021-02-04 13:05:33,15.749687649741688,,,,,,,Full Cream,,,,,0.0
10429,351,0.0,36.6,Milkshake (Syrup)-Vanilla,1,Cold Drinks,2.9,7,MINI,2.9,2021-02-04 13:05:33,15.749687649741688,,,,,,,Full Cream,,,,,0.0
15791,867,0.0,36.6,Milkshake (Syrup)-Chocolate,1,Cold Drinks,6.0,4,LRG,6.0,2021-09-18 11:30:19,137.05619285533945,,,,,,,Full Cream,,,,,0.0
10428,231,0.0,36.6,Smoothie-Banana Buzz,1,Cold Drinks,7.6,3,REG,7.6,2021-02-04 12:29:33,7.019214570393231,,,,,,,,,,,,0.0
14797,754,0.0,36.6,Thickshake (Syrup)-Blue Heaven,1,Cold Drinks,8.0,4,LRG,8.0,2021-08-15 10:45:00,5.580993662182695,,,,,,,,,,,,0.0
14797,754,0.0,36.6,Milkshake (Syrup)-Caramel,1,Cold Drinks,6.0,3,LRG,6.0,2021-08-15 10:45:00,5.580993662182695,,,,,,,Full Cream,,,,,0.0
37726,1551,0.0,49.4,Iced Coffee with Cream,1,Cold Drinks,6.9,3,REG,5.9,2023-11-18 13:00:22,16.15473210728448,With Cream,Normal,,1,,,Lactose Free,,Full,Vanilla,,1.0
37726,1551,0.0,49.4,Smoothie-Koko Berries,1,Cold Drinks,8.5,4,REG,8.5,2023-11-18 13:00:22,16.15473210728448,,,,,,,,,,,,0.0
39375,1229,0.0,49.4,Smoothie-Koko Berries,1,Cold Drinks,8.5,2,REG,8.5,2024-01-24 12:26:21,147.0606513137867,,,,,,,,,,,,0.0
39375,1229,0.0,49.4,Thickshake (Syrup)-Chocolate,1,Cold Drinks,10.5,3,LRG,10.5,2024-01-24 12:26:21,147.0606513137867,,,,,,,,,,,,0.0
11157,645,0.0,62.2,Ice Chai,1,Cold Drinks,6.0,4,REG,6.0,2021-03-13 12:19:00,172.60359208313133,,,,0,,,Full Cream,,Full,,,0.0
11157,645,0.0,62.2,Thickshake (Syrup)-Caramel,1,Cold Drinks,6.0,6,SML,6.0,2021-03-13 12:19:00,172.60359208313133,,,,,,,,,,,,0.0
35932,811,0.0,75.0,Smoothie-Green Machine,1,Cold Drinks,8.5,4,REG,8.5,2023-09-22 14:24:47,56.15160730560616,,,,,,,,,,,,0.0
35932,811,0.0,75.0,Freshly Squeezed Juice-Orange,1,Cold Drinks,8.2,3,REG,7.2,2023-09-22 14:24:47,56.15160730560616,,,,,With Ice,"Lemon, Celery, Ginger, Beetroot",,,,,,0.9999999999999991
39680,20,0.0,5.9,Iced Coffee with Cream,1,Cold Drinks,5.9,1,REG,5.9,2024-02-04 13:39:11,15.937429912097317,With Cream,Normal,,0,,,Skim,,Full,Vanilla,,0.0
40408,554,0.0,5.9,Iced Coffee with Cream,1,Cold Drinks,5.9,1,REG,5.9,2024-02-28 09:06:01,123.28913637193408,With Cream,Normal,,0,,,Full Cream,,Full,Vanilla,,0.0
38887,1691,0.0,5.9,Iced Chocolate with Cream,1,Cold Drinks,5.9,1,REG,5.9,2024-01-05 12:14:22,102.91074667455888,With Cream,,,0,,,Skim,,Full,,,0.0
40236,1736,0.0,5.9,Ice Latte,1,Cold Drinks,5.9,1,REG,5.2,2024-02-22 08:29:06,102.91074667455888,,Normal,,0,,,Almond,,Full,Vanilla,,0.7000000000000002
40222,209,0.0,5.9,Ice Latte,1,Cold Drinks,5.9,1,REG,5.2,2024-02-22 07:17:51,5.200553012323491,,Normal,,0,,,Almond,,Full,Vanilla,,0.7000000000000002
31018,268,0.0,18.7,Milkshake (Syrup)-Vanilla,1,Cold Drinks,4.5,3,SML,4.5,2023-04-20 09:51:31,86.00495109529,,,,,,,Skim,,,,,0.0
31018,268,0.0,18.7,Iced Chocolate with Cream,1,Cold Drinks,5.7,1,REG,5.7,2023-04-20 09:51:31,86.00495109529,With Cream,,,0,,,Skim,,Full,,,0.0
4009,13,0.0,18.7,Smoothie-Koko Berries,1,Cold Drinks,7.5,2,REG,7.5,2019-12-21 08:40:32,44.810789212237296,,,,,,,,,,,,0.0
29190,330,0.0,18.7,Iced Mocha with Cream,1,Cold Drinks,7.2,1,REG,6.2,2023-02-18 08:59:51,130.7755117854968,No Cream,Normal,,0,,,Oat Milk,,Full,,,1.0
37602,421,0.0,18.7,Milkshake (Syrup)-Blue Heaven,1,Cold Drinks,3.8,3,MINI,3.3,2023-11-14 15:07:59,32.56254897822951,,,,,,,Soy,,,,,0.5
18561,1050,0.0,31.5,Iced Coffee with Cream,1,Cold Drinks,5.5,2,REG,5.5,2022-01-09 12:24:37,267.26291674429257,With Cream,Normal,,0,,,Full Cream,,Full,Vanilla,,0.0
23056,1148,0.0,31.5,Milkshake (Syrup)-Lime,1,Cold Drinks,3.9,3,SML,3.9,2022-07-02 10:39:48,21.754424527504998,,,,,,,Full Cream,,,,,0.0
23056,1148,0.0,31.5,Milkshake (Syrup)-Lime,1,Cold Drinks,2.9,4,MINI,2.9,2022-07-02 10:39:48,21.754424527504998,,,,,,,Full Cream,,,,,0.0
10295,255,0.0,31.5,Ice Latte,1,Cold Drinks,4.8,2,REG,4.8,2021-01-29 13:00:00,56.13881858007836,,Normal,,0,,,Skim,,Full,None,,0.0
10295,255,0.0,31.5,Milkshake (Syrup)-Chocolate,1,Cold Drinks,6.0,3,LRG,6.0,2021-01-29 13:00:00,56.13881858007836,,,,,,,Full Cream,,,,,0.0
14281,298,0.0,44.3,Milkshake (Syrup)-Banana,1,Cold Drinks,3.9,5,SML,3.9,2021-07-25 11:38:11,103.43870180925002,,,,,,,Full Cream,,,,,0.0
9642,180,0.0,44.3,Freshly Squeezed Juice-Orange,1,Cold Drinks,6.0,3,REG,6.0,2020-12-17 12:57:51,41.012193308819754,,,,,With Ice,"Orange, Lemon, Apple",,,,,,0.0
9642,180,0.0,44.3,Freshly Squeezed Juice-Orange,1,Cold Drinks,6.0,4,REG,6.0,2020-12-17 12:57:51,41.012193308819754,,,,,With Ice,"Orange, Lemon, Apple",,,,,,0.0
9642,180,0.0,44.3,Freshly Squeezed Juice-Orange,1,Cold Drinks,6.5,5,REG,6.0,2020-12-17 12:57:51,41.012193308819754,,,,,With Ice,"Lemon, Apple, Celery, Ginger",,,,,,0.5
9642,180,0.0,44.3,Freshly Squeezed Juice-Orange,1,Cold Drinks,6.0,6,REG,6.0,2020-12-17 12:57:51,41.012193308819754,,,,,With Ice,"Orange, Lemon, Apple",,,,,,0.0
6489,12,0.0,82.7,Thickshake (Syrup)-Chocolate,1,Cold Drinks,6.0,6,SML,6.0,2020-08-18 08:36:10,30.753554335954057,,,,,,,,,,,,0.0
6489,12,0.0,82.7,Thickshake (Syrup)-Chocolate,1,Cold Drinks,6.0,7,SML,6.0,2020-08-18 08:36:10,30.753554335954057,,,,,,,,,,,,0.0
5832,49,0.0,13.6,Milkshake (Syrup)-Chocolate,1,Cold Drinks,3.8,3,SML,3.8,2020-07-18 11:23:48,5.6913721453400745,,,,,,,Full Cream,,,,,0.0
5832,49,0.0,13.6,Iced Mocha with Cream,1,Cold Drinks,5.5,2,REG,5.5,2020-07-18 11:23:48,5.6913721453400745,With Cream,Normal,,0,,,Full Cream,,Full,,,0.0
8164,324,0.0,13.6,Iced Coffee with Cream,1,Cold Drinks,5.0,3,REG,5.0,2020-10-19 13:15:08,21.399972119696923,No Cream,Normal,,0,,,Full Cream,,Full,Vanilla,,0.0
7627,324,0.0,13.6,Iced Coffee with Cream,1,Cold Drinks,5.0,3,REG,5.0,2020-09-30 14:55:57,21.399972119696923,No Cream,Normal,,0,,,Full Cream,,Full,Vanilla,,0.0
5811,324,0.0,13.6,Iced Coffee with Cream,1,Cold Drinks,5.0,3,REG,5.0,2020-07-17 11:26:50,21.399972119696923,No Cream,Normal,,0,,,Full Cream,,Full,Vanilla,,0.0
39872,1641,0.0,13.6,Milkshake (Syrup)-Strawberry,1,Cold Drinks,3.3,3,MINI,3.3,2024-02-10 09:44:24,7.860372827856691,,,,,,,Full Cream,,,,,0.0
39818,1641,0.0,13.6,Milkshake (Syrup)-Strawberry,1,Cold Drinks,3.3,3,MINI,3.3,2024-02-09 06:19:47,7.860372827856691,,,,,,,Full Cream,,,,,0.0
38962,1641,0.0,13.6,Milkshake (Syrup)-Strawberry,1,Cold Drinks,3.3,3,MINI,3.3,2024-01-09 06:20:32,7.860372827856691,,,,,,,Full Cream,,,,,0.0
38848,1641,0.0,13.6,Milkshake (Syrup)-Strawberry,1,Cold Drinks,3.3,3,MINI,3.3,2024-01-04 06:18:22,7.860372827856691,,,,,,,Full Cream,,,,,0.0
37582,172,0.0,13.6,Freshly Squeezed Juice-Carrot,1,Cold Drinks,7.7,1,REG,7.2,2023-11-14 08:15:07,5.2489316501187995,,,,,With Ice,"Lemon, Celery, Ginger",,,,,,0.5
9310,194,0.0,13.6,Iced Coffee with Cream,1,Cold Drinks,5.0,2,REG,5.0,2020-12-04 06:45:00,12.572189033566163,With Cream,Normal,,0,,,Full Cream,,Full,Vanilla,,0.0
15285,749,0.0,13.6,Milkshake (Syrup)-Vanilla,1,Cold Drinks,6.0,1,LRG,6.0,2021-09-01 14:18:08,102.91074667455888,,,,,,,Full Cream,,,,,0.0
15285,749,0.0,13.6,Smoothie-Mango Magic,1,Cold Drinks,7.6,2,REG,7.6,2021-09-01 14:18:08,102.91074667455888,,,,,,,,,,,,0.0
29143,1273,0.0,13.6,Ice Latte,1,Cold Drinks,6.0,1,REG,5.0,2023-02-16 12:01:09,167.45506860050548,,Normal,,0,,,Oat Milk,,Full,None,,1.0
29143,1273,0.0,13.6,Smoothie-Green Machine,1,Cold Drinks,7.6,2,REG,7.6,2023-02-16 12:01:09,167.45506860050548,,,,,,,,,,,,0.0
40207,811,0.0,26.4,Smoothie-Green Machine,1,Cold Drinks,8.5,2,REG,8.5,2024-02-21 10:00:32,56.15160730560616,,,,,,,,,,,,0.0
15695,351,0.0,26.4,Milkshake (Syrup)-Cookies and Cream,1,Cold Drinks,2.9,3,MINI,2.9,2021-09-15 10:21:56,15.749687649741688,,,,,,,Full Cream,,,,,0.0
15695,351,0.0,26.4,Milkshake (Syrup)-Cookies and Cream,1,Cold Drinks,2.9,4,MINI,2.9,2021-09-15 10:21:56,15.749687649741688,,,,,,,Full Cream,,,,,0.0
34420,175,0.0,26.4,Smoothie-Mango Magic,1,Cold Drinks,8.5,4,REG,8.5,2023-08-06 11:46:57,10.277826498239987,,,,,,,,,,,,0.0
37194,996,0.0,26.4,Milkshake (Syrup)-Vanilla,1,Cold Drinks,3.3,4,MINI,3.3,2023-10-31 11:47:06,49.50410976169951,,,,,,,Full Cream,,,,,0.0
11889,421,0.0,39.2,Freshly Squeezed Juice-Orange,1,Cold Drinks,6.5,3,REG,6.0,2021-04-18 07:51:43,32.56254897822951,,,,,With Ice,"Orange, Lemon, Apple, Celery, Carrot, Ginger",,,,,,0.5
25194,172,0.0,52.0,Freshly Squeezed Juice-Orange,1,Cold Drinks,7.5,1,REG,6.5,2022-09-16 09:06:09,5.2489316501187995,,,,,With Ice,"Orange, Lemon, Apple, Celery, Carrot, Ginger, Beetroot",,,,,,1.0
25194,172,0.0,52.0,Freshly Squeezed Juice-Orange,1,Cold Drinks,7.5,2,REG,6.5,2022-09-16 09:06:09,5.2489316501187995,,,,,With Ice,"Orange, Lemon, Apple, Celery, Carrot, Ginger, Beetroot",,,,,,1.0
25194,172,0.0,52.0,Freshly Squeezed Juice-Orange,1,Cold Drinks,7.5,3,REG,6.5,2022-09-16 09:06:09,5.2489316501187995,,,,,With Ice,"Orange, Lemon, Apple, Celery, Carrot, Ginger, Beetroot",,,,,,1.0
35731,435,0.0,52.0,Ice Latte,1,Cold Drinks,5.2,4,REG,5.2,2023-09-16 09:32:45,163.8681583875688,,Normal,,0,,,Skim,,Full,None,,0.0
36148,554,1.47,16.17,Milkshake (Syrup)-Chocolate,3,Cold Drinks,9.9,2,MINI,3.3,2023-09-29 09:16:35,123.28913637193408,,,,,,,Full Cream,,,,,4.440892098500626e-16
40358,9,0.0,8.5,Smoothie-Green Machine,1,Cold Drinks,8.5,1,REG,8.5,2024-02-26 13:08:34,6.703924063787684,,,,,,,,,,,,0.0
37488,9,0.0,8.5,Smoothie-Green Machine,1,Cold Drinks,8.5,1,REG,8.5,2023-11-10 12:12:14,6.703924063787684,,,,,,,,,,,,0.0
36523,9,0.0,8.5,Smoothie-Green Machine,1,Cold Drinks,8.5,1,REG,8.5,2023-10-11 13:14:41,6.703924063787684,,,,,,,,,,,,0.0
32762,812,0.0,8.5,Milkshake (Syrup)-Strawberry,1,Cold Drinks,4.5,2,SML,4.5,2023-06-14 14:07:21,79.96972545436999,,,,,,,Full Cream,,,,,0.0
39801,308,0.0,8.5,Milkshake (Syrup)-Vanilla,1,Cold Drinks,3.3,2,MINI,3.3,2024-02-08 08:37:33,10.76198852605863,,,,,,,Full Cream,,,,,0.0
38921,308,0.0,8.5,Milkshake (Syrup)-Vanilla,1,Cold Drinks,3.3,2,MINI,3.3,2024-01-07 09:29:04,10.76198852605863,,,,,,,Full Cream,,,,,0.0
30636,308,0.0,8.5,Milkshake (Syrup)-Vanilla,1,Cold Drinks,2.9,2,MINI,2.9,2023-04-06 08:12:02,10.76198852605863,,,,,,,Full Cream,,,,,0.0
21052,632,0.0,8.5,Thickshake (Syrup)-Strawberry,1,Cold Drinks,8.5,1,LRG,8.5,2022-04-18 09:51:11,37.43510177679527,,,,,,,,,,,,0.0
11601,662,0.0,8.5,Ice Latte,1,Cold Drinks,4.8,1,REG,4.8,2021-04-03 10:29:56,50.707001488946275,,Normal,,0,,,Full Cream,,Full,None,,0.0
16210,919,0.0,8.5,Iced Coffee with Cream,1,Cold Drinks,5.5,2,REG,5.5,2021-10-01 15:20:21,370.9185509361474,With Cream,Normal,,0,,,Full Cream,,Full,Vanilla,,0.0
38357,421,0.0,8.5,Smoothie-Mango Magic,1,Cold Drinks,8.5,1,REG,8.5,2023-12-08 14:36:03,32.56254897822951,,,,,,,,,,,,0.0
40277,175,0.0,8.5,Milkshake (Syrup)-Caramel,1,Cold Drinks,3.3,2,MINI,3.3,2024-02-23 09:04:30,10.277826498239987,,,,,,,Full Cream,,,,,0.0
38217,175,0.0,8.5,Milkshake (Syrup)-Blue Heaven,1,Cold Drinks,3.3,2,MINI,3.3,2023-12-04 09:06:50,10.277826498239987,,,,,,,Full Cream,,,,,0.0
38131,175,0.0,8.5,Milkshake (Syrup)-Strawberry,1,Cold Drinks,3.3,2,MINI,3.3,2023-12-01 09:03:28,10.277826498239987,,,,,,,Full Cream,,,,,0.0
35821,175,0.0,8.5,Milkshake (Syrup)-Blue Heaven,1,Cold Drinks,3.3,2,MINI,3.3,2023-09-19 09:45:32,10.277826498239987,,,,,,,Full Cream,,,,,0.0
40432,1742,0.0,8.5,Smoothie-Green Machine,1,Cold Drinks,8.5,1,REG,8.5,2024-02-29 07:45:20,102.91074667455888,,,,,,,,,,,,0.0
35694,1271,0.0,8.5,Smoothie-Green Machine,1,Cold Drinks,8.5,1,REG,8.5,2023-09-15 07:59:33,37.048231112583885,,,,,,,,,,,,0.0
34787,1271,0.0,8.5,Smoothie-Green Machine,1,Cold Drinks,8.5,1,REG,8.5,2023-08-18 07:54:44,37.048231112583885,,,,,,,,,,,,0.0
3321,5,0.0,21.3,Iced Chocolate with Cream,1,Cold Drinks,5.7,1,REG,5.0,2019-05-27 15:55:00,159.94181122746923,With Cream,,,0,,,Happy Soy Boy,,Full,,,0.7000000000000002
17234,268,0.0,21.3,Iced Mocha with Cream,1,Cold Drinks,6.0,1,REG,6.0,2021-11-07 09:08:35,86.00495109529,With Cream,Normal,,0,,,Skim,,Full,,,0.0
36394,1551,0.0,21.3,Smoothie-Koko Berries,1,Cold Drinks,8.5,2,REG,8.5,2023-10-07 12:40:55,16.15473210728448,,,,,,,,,,,,0.0
38536,20,0.0,21.3,Ice Latte,1,Cold Drinks,5.7,3,REG,5.2,2023-12-14 09:06:52,15.937429912097317,,Normal,,1,,,Skim,,Full,None,,0.5
10101,351,0.0,21.3,Milkshake (Syrup)-Vanilla,1,Cold Drinks,2.9,3,MINI,2.9,2021-01-18 10:42:59,15.749687649741688,,,,,,,Full Cream,,,,,0.0
10101,351,0.0,21.3,Milkshake (Syrup)-Vanilla,1,Cold Drinks,2.9,4,MINI,2.9,2021-01-18 10:42:59,15.749687649741688,,,,,,,Full Cream,,,,,0.0
10101,351,0.0,21.3,Milkshake (Syrup)-Vanilla,1,Cold Drinks,2.9,5,MINI,2.9,2021-01-18 10:42:59,15.749687649741688,,,,,,,Full Cream,,,,,0.0
10101,351,0.0,21.3,Milkshake (Syrup)-Vanilla,1,Cold Drinks,2.9,6,MINI,2.9,2021-01-18 10:42:59,15.749687649741688,,,,,,,Full Cream,,,,,0.0
28397,446,0.0,21.3,Freshly Squeezed Juice-Orange,1,Cold Drinks,6.5,2,REG,6.5,2023-01-19 10:11:47,6.801133915060578,,,,,With Ice,Orange,,,,,,0.0
28397,446,0.0,21.3,Milkshake (Syrup)-Chocolate,1,Cold Drinks,2.9,3,MINI,2.9,2023-01-19 10:11:47,6.801133915060578,,,,,,,Full Cream,,,,,0.0
23591,233,0.0,21.3,Thickshake (Syrup)-Chocolate,1,Cold Drinks,6.0,3,SML,6.0,2022-07-23 09:59:31,14.254925248600953,,,,,,,,,,,,0.0
23591,233,0.0,21.3,Thickshake (Syrup)-Chocolate,1,Cold Drinks,6.0,4,SML,6.0,2022-07-23 09:59:31,14.254925248600953,,,,,,,,,,,,0.0
23061,233,0.0,21.3,Thickshake (Syrup)-Chocolate,1,Cold Drinks,6.0,3,SML,6.0,2022-07-02 11:31:50,14.254925248600953,,,,,,,,,,,,0.0
23061,233,0.0,21.3,Thickshake (Syrup)-Chocolate,1,Cold Drinks,6.0,4,SML,6.0,2022-07-02 11:31:50,14.254925248600953,,,,,,,,,,,,0.0
22691,233,0.0,21.3,Thickshake (Syrup)-Chocolate,1,Cold Drinks,6.0,3,SML,6.0,2022-06-18 08:14:31,14.254925248600953,,,,,,,,,,,,0.0
22691,233,0.0,21.3,Thickshake (Syrup)-Chocolate,1,Cold Drinks,6.0,4,SML,6.0,2022-06-18 08:14:31,14.254925248600953,,,,,,,,,,,,0.0
22336,233,0.0,21.3,Thickshake (Syrup)-Chocolate,1,Cold Drinks,6.0,3,SML,6.0,2022-06-04 08:16:19,14.254925248600953,,,,,,,,,,,,0.0
22336,233,0.0,21.3,Thickshake (Syrup)-Chocolate,1,Cold Drinks,6.0,4,SML,6.0,2022-06-04 08:16:19,14.254925248600953,,,,,,,,,,,,0.0
22139,233,0.0,21.3,Thickshake (Syrup)-Chocolate,1,Cold Drinks,6.0,3,SML,6.0,2022-05-28 09:12:36,14.254925248600953,,,,,,,,,,,,0.0
22139,233,0.0,21.3,Thickshake (Syrup)-Chocolate,1,Cold Drinks,6.0,4,SML,6.0,2022-05-28 09:12:36,14.254925248600953,,,,,,,,,,,,0.0
21932,233,0.0,21.3,Thickshake (Syrup)-Chocolate,1,Cold Drinks,6.0,3,SML,6.0,2022-05-21 08:50:00,14.254925248600953,,,,,,,,,,,,0.0
21932,233,0.0,21.3,Thickshake (Syrup)-Chocolate,1,Cold Drinks,6.0,4,SML,6.0,2022-05-21 08:50:00,14.254925248600953,,,,,,,,,,,,0.0
21747,233,0.0,21.3,Thickshake (Syrup)-Chocolate,1,Cold Drinks,6.0,3,SML,6.0,2022-05-14 07:48:01,14.254925248600953,,,,,,,,,,,,0.0
21747,233,0.0,21.3,Thickshake (Syrup)-Chocolate,1,Cold Drinks,6.0,4,SML,6.0,2022-05-14 07:48:01,14.254925248600953,,,,,,,,,,,,0.0
21233,233,0.0,21.3,Thickshake (Syrup)-Chocolate,1,Cold Drinks,6.0,3,SML,6.0,2022-04-25 11:04:07,14.254925248600953,,,,,,,,,,,,0.0
21233,233,0.0,21.3,Thickshake (Syrup)-Chocolate,1,Cold Drinks,6.0,4,SML,6.0,2022-04-25 11:04:07,14.254925248600953,,,,,,,,,,,,0.0
21212,233,0.0,21.3,Thickshake (Syrup)-Chocolate,1,Cold Drinks,6.0,3,SML,6.0,2022-04-24 11:12:24,14.254925248600953,,,,,,,,,,,,0.0
21212,233,0.0,21.3,Thickshake (Syrup)-Chocolate,1,Cold Drinks,6.0,4,SML,6.0,2022-04-24 11:12:24,14.254925248600953,,,,,,,,,,,,0.0
20315,233,0.0,21.3,Thickshake (Syrup)-Chocolate,1,Cold Drinks,6.0,3,SML,6.0,2022-03-19 14:25:54,14.254925248600953,,,,,,,,,,,,0.0
20315,233,0.0,21.3,Thickshake (Syrup)-Chocolate,1,Cold Drinks,6.0,4,SML,6.0,2022-03-19 14:25:54,14.254925248600953,,,,,,,,,,,,0.0
19955,233,0.0,21.3,Thickshake (Syrup)-Chocolate,1,Cold Drinks,6.0,3,SML,6.0,2022-03-05 12:56:33,14.254925248600953,,,,,,,,,,,,0.0
19955,233,0.0,21.3,Thickshake (Syrup)-Chocolate,1,Cold Drinks,6.0,4,SML,6.0,2022-03-05 12:56:33,14.254925248600953,,,,,,,,,,,,0.0
19545,233,0.0,21.3,Thickshake (Syrup)-Chocolate,1,Cold Drinks,6.0,3,SML,6.0,2022-02-19 09:04:58,14.254925248600953,,,,,,,,,,,,0.0
19545,233,0.0,21.3,Thickshake (Syrup)-Chocolate,1,Cold Drinks,6.0,4,SML,6.0,2022-02-19 09:04:58,14.254925248600953,,,,,,,,,,,,0.0
19176,233,0.0,21.3,Thickshake (Syrup)-Chocolate,1,Cold Drinks,6.0,3,SML,6.0,2022-02-05 09:09:29,14.254925248600953,,,,,,,,,,,,0.0
19176,233,0.0,21.3,Thickshake (Syrup)-Chocolate,1,Cold Drinks,6.0,4,SML,6.0,2022-02-05 09:09:29,14.254925248600953,,,,,,,,,,,,0.0
19030,233,0.0,21.3,Thickshake (Syrup)-Chocolate,1,Cold Drinks,6.0,3,SML,6.0,2022-01-31 08:52:39,14.254925248600953,,,,,,,,,,,,0.0
19030,233,0.0,21.3,Thickshake (Syrup)-Chocolate,1,Cold Drinks,6.0,4,SML,6.0,2022-01-31 08:52:39,14.254925248600953,,,,,,,,,,,,0.0
18979,233,0.0,21.3,Thickshake (Syrup)-Chocolate,1,Cold Drinks,6.0,3,SML,6.0,2022-01-29 09:10:05,14.254925248600953,,,,,,,,,,,,0.0
18979,233,0.0,21.3,Thickshake (Syrup)-Chocolate,1,Cold Drinks,6.0,4,SML,6.0,2022-01-29 09:10:05,14.254925248600953,,,,,,,,,,,,0.0
18820,233,0.0,21.3,Thickshake (Syrup)-Chocolate,1,Cold Drinks,6.0,3,SML,6.0,2022-01-22 09:15:50,14.254925248600953,,,,,,,,,,,,0.0
18820,233,0.0,21.3,Thickshake (Syrup)-Chocolate,1,Cold Drinks,6.0,4,SML,6.0,2022-01-22 09:15:50,14.254925248600953,,,,,,,,,,,,0.0
18677,233,0.0,21.3,Thickshake (Syrup)-Chocolate,1,Cold Drinks,6.0,3,SML,6.0,2022-01-15 09:09:02,14.254925248600953,,,,,,,,,,,,0.0
18677,233,0.0,21.3,Thickshake (Syrup)-Chocolate,1,Cold Drinks,6.0,4,SML,6.0,2022-01-15 09:09:02,14.254925248600953,,,,,,,,,,,,0.0
30085,234,0.0,21.3,Milkshake (Syrup)-Cookies and Cream,1,Cold Drinks,6.5,3,LRG,6.5,2023-03-19 09:51:22,3.306975953679214,,,,,,,Skim,,,,,0.0
23398,9,0.0,34.1,Smoothie-Green Machine,1,Cold Drinks,7.6,3,REG,7.6,2022-07-16 11:35:34,6.703924063787684,,,,,,,,,,,,0.0
23192,9,0.0,34.1,Smoothie-Green Machine,1,Cold Drinks,7.6,3,REG,7.6,2022-07-07 11:23:40,6.703924063787684,,,,,,,,,,,,0.0
22891,9,0.0,34.1,Smoothie-Green Machine,1,Cold Drinks,7.6,3,REG,7.6,2022-06-25 10:30:47,6.703924063787684,,,,,,,,,,,,0.0
25362,290,3.1,34.1,Thickshake (Syrup)-Cookies and Cream,1,Cold Drinks,6.5,2,SML,6.5,2022-09-22 11:03:20,47.99811603917823,,,,,,,,,,,,0.0
25362,290,3.1,34.1,Thickshake (Syrup)-Banana,1,Cold Drinks,6.5,3,SML,6.5,2022-09-22 11:03:20,47.99811603917823,,,,,,,,,,,,0.0
21011,172,0.0,34.1,Freshly Squeezed Juice-Orange,1,Cold Drinks,7.2,3,REG,6.2,2022-04-15 07:25:08,5.2489316501187995,,,,,With Ice,"Orange, Lemon, Apple, Celery, Carrot, Ginger, Beetroot",,,,,,1.0
16862,978,0.0,34.1,Thickshake (Syrup)-Spearmint,1,Cold Drinks,8.0,3,LRG,8.0,2021-10-24 11:39:23,102.91074667455888,,,,,,,,,,,,0.0
17407,1000,0.0,34.1,Freshly Squeezed Juice-Orange,1,Cold Drinks,6.5,2,REG,6.0,2021-11-12 12:44:52,102.91074667455888,,,,,With Ice,"Orange, Celery, Ginger",,,,,,0.5
16204,943,0.0,46.9,Milkshake (Syrup)-Vanilla,1,Cold Drinks,3.9,5,SML,3.9,2021-10-01 12:33:04,102.91074667455888,,,,,,,Full Cream,,,,,0.0
16204,943,0.0,46.9,Milkshake (Syrup)-Spearmint,1,Cold Drinks,3.9,6,SML,3.9,2021-10-01 12:33:04,102.91074667455888,,,,,,,Full Cream,,,,,0.0
11150,14,0.0,16.2,Smoothie-Mango Magic,1,Cold Drinks,7.6,3,REG,7.6,2021-03-13 09:51:33,39.92548018814512,,,,,,,,,,,,0.0
33876,812,0.0,16.2,Milkshake (Syrup)-Chocolate,1,Cold Drinks,6.5,3,LRG,6.5,2023-07-20 13:50:24,79.96972545436999,,,,,,,Full Cream,,,,,0.0
16695,49,0.0,16.2,Iced Chocolate with Cream,1,Cold Drinks,5.5,3,REG,5.5,2021-10-18 10:07:45,5.6913721453400745,With Cream,,,0,,,Full Cream,,Full,,,0.0
16695,49,0.0,16.2,Milkshake (Syrup)-Chocolate,1,Cold Drinks,3.9,4,SML,3.9,2021-10-18 10:07:45,5.6913721453400745,,,,,,,Full Cream,,,,,0.0
8888,49,0.0,16.2,Milkshake (Syrup)-Chocolate,1,Cold Drinks,3.8,3,SML,3.8,2020-11-15 09:22:15,5.6913721453400745,,,,,,,Full Cream,,,,,0.0
8888,49,0.0,16.2,Milkshake (Syrup)-Chocolate,1,Cold Drinks,3.8,4,SML,3.8,2020-11-15 09:22:15,5.6913721453400745,,,,,,,Full Cream,,,,,0.0
7348,49,0.0,16.2,Milkshake (Syrup)-Chocolate,1,Cold Drinks,3.8,3,SML,3.8,2020-09-20 09:30:20,5.6913721453400745,,,,,,,Full Cream,,,,,0.0
7348,49,0.0,16.2,Milkshake (Syrup)-Chocolate,1,Cold Drinks,3.8,4,SML,3.8,2020-09-20 09:30:20,5.6913721453400745,,,,,,,Full Cream,,,,,0.0
5393,49,0.0,16.2,Milkshake (Syrup)-Chocolate,1,Cold Drinks,3.8,3,SML,3.8,2020-06-21 11:20:56,5.6913721453400745,,,,,,,Full Cream,,,,,0.0
5393,49,0.0,16.2,Milkshake (Syrup)-Chocolate,1,Cold Drinks,3.8,4,SML,3.8,2020-06-21 11:20:56,5.6913721453400745,,,,,,,Full Cream,,,,,0.0
7872,310,0.0,16.2,Iced Chocolate with Cream,1,Cold Drinks,5.0,2,REG,5.0,2020-10-10 10:49:38,112.07735423953108,With Cream,,,0,,,Skim,,Full,,,0.0
7995,62,0.0,16.2,Smoothie-Green Machine,1,Cold Drinks,7.6,3,REG,7.6,2020-10-14 09:33:15,48.921002509326165,,,,,,,,,,,,0.0
4211,79,0.0,16.2,Smoothie-Banana Buzz,1,Cold Drinks,7.6,3,REG,7.6,2020-02-19 07:43:17,44.926900403068,,,,,,,,,,,,0.0
36264,1619,0.0,16.2,Freshly Squeezed Juice-Orange,1,Cold Drinks,7.2,1,REG,7.2,2023-10-03 11:28:23,102.91074667455888,,,,,With Ice,Orange,,,,,,0.0
22852,89,0.0,16.2,Freshly Squeezed Juice-Orange,1,Cold Drinks,7.2,1,REG,6.2,2022-06-24 08:25:46,151.01420580226997,,,,,With Ice,"Ginger, Beetroot",,,,,,1.0
22476,92,0.0,16.2,Freshly Squeezed Juice-Orange,1,Cold Drinks,6.2,1,REG,6.2,2022-06-09 08:53:01,32.28859341322894,,,,,With Ice,Orange,,,,,,0.0
7892,376,0.0,16.2,Smoothie-Mango Magic,1,Cold Drinks,7.6,3,REG,7.6,2020-10-11 10:30:00,4.504030453114259,,,,,,,,,,,,0.0
7721,376,0.0,16.2,Smoothie-Mango Magic,1,Cold Drinks,7.6,3,REG,7.6,2020-10-04 10:30:00,4.504030453114259,,,,,,,,,,,,0.0
38737,1405,0.0,16.2,Freshly Squeezed Juice-Orange,1,Cold Drinks,7.2,1,REG,7.2,2023-12-20 11:21:22,71.1488147909285,,,,,With Ice,Orange,,,,,,0.0
38320,1405,0.0,16.2,Freshly Squeezed Juice-Orange,1,Cold Drinks,7.2,1,REG,7.2,2023-12-07 13:00:00,71.1488147909285,,,,,With Ice,Orange,,,,,,0.0
36587,1405,0.0,16.2,Freshly Squeezed Juice-Orange,1,Cold Drinks,7.2,1,REG,7.2,2023-10-13 10:48:43,71.1488147909285,,,,,With Ice,Orange,,,,,,0.0
36357,1405,0.0,16.2,Freshly Squeezed Juice-Orange,1,Cold Drinks,7.2,1,REG,7.2,2023-10-06 11:40:54,71.1488147909285,,,,,With Ice,Orange,,,,,,0.0
36319,1405,0.0,16.2,Freshly Squeezed Juice-Orange,1,Cold Drinks,7.2,1,REG,7.2,2023-10-05 09:55:22,71.1488147909285,,,,,With Ice,Orange,,,,,,0.0
35922,1405,0.0,16.2,Freshly Squeezed Juice-Orange,1,Cold Drinks,7.2,1,REG,7.2,2023-09-22 10:01:46,71.1488147909285,,,,,With Ice,Orange,,,,,,0.0
35713,1405,0.0,16.2,Freshly Squeezed Juice-Orange,1,Cold Drinks,7.2,1,REG,7.2,2023-09-15 11:59:40,71.1488147909285,,,,,With Ice,Orange,,,,,,0.0
19760,166,0.0,16.2,Freshly Squeezed Juice-Orange,1,Cold Drinks,6.2,2,REG,6.2,2022-02-27 10:31:18,80.17974459831028,,,,,With Ice,"Orange, Apple, Carrot",,,,,,0.0
19760,166,0.0,16.2,Freshly Squeezed Juice-Orange,1,Cold Drinks,6.2,3,REG,6.2,2022-02-27 10:31:18,80.17974459831028,,,,,With Ice,"Orange, Apple, Carrot",,,,,,0.0
20451,698,0.0,16.2,Freshly Squeezed Juice-Orange,1,Cold Drinks,6.7,1,REG,6.2,2022-03-25 10:14:51,86.16392645546176,,,,,With Ice,"Orange, Lemon, Apple, Celery, Ginger",,,,,,0.5
7626,189,0.0,16.2,Milkshake (Syrup)-Chocolate,1,Cold Drinks,3.8,2,SML,3.8,2020-09-30 13:33:41,9.699059222346209,,,,,,,Full Cream,,,,,0.0
7626,189,0.0,16.2,Smoothie-Mango Magic,1,Cold Drinks,7.6,3,REG,7.6,2020-09-30 13:33:41,9.699059222346209,,,,,,,,,,,,0.0
40219,721,0.0,16.2,Ice Latte,1,Cold Drinks,5.7,1,REG,5.2,2024-02-22 07:08:04,22.483978525220593,,Normal,,1,,,Full Cream,,Full,None,,0.5
39831,721,0.0,16.2,Ice Latte,1,Cold Drinks,5.7,1,REG,5.2,2024-02-09 08:01:37,22.483978525220593,,Normal,,1,,,Full Cream,,Full,None,,0.5
8343,234,0.0,16.2,Iced Chocolate with Cream,1,Cold Drinks,5.0,2,REG,5.0,2020-10-25 10:48:15,3.306975953679214,With Cream,,,0,,,Skim,,Full,,,0.0
8114,234,0.0,16.2,Iced Chocolate with Cream,1,Cold Drinks,5.0,2,REG,5.0,2020-10-18 09:33:48,3.306975953679214,With Cream,,,0,,,Skim,,Full,,,0.0
18387,1002,0.0,16.2,Smoothie-Mango Magic,1,Cold Drinks,7.6,3,REG,7.6,2021-12-19 11:04:30,43.034869582700026,,,,,,,,,,,,0.0
20153,275,0.0,29.0,Freshly Squeezed Juice-Orange,1,Cold Drinks,6.2,1,REG,6.2,2022-03-13 09:45:06,9.182885244928025,,,,,With Ice,Orange,,,,,,0.0
10184,316,0.0,29.0,Smoothie-Green Machine,1,Cold Drinks,7.6,3,REG,7.6,2021-01-23 12:21:13,172.2840411926572,,,,,,,,,,,,0.0
15311,642,0.0,29.0,Milkshake (Syrup)-Banana,1,Cold Drinks,6.0,2,LRG,6.0,2021-09-02 12:28:12,129.8272536468121,,,,,,,Full Cream,,,,,0.0
15311,642,0.0,29.0,Milkshake (Syrup)-Banana,1,Cold Drinks,6.0,3,LRG,6.0,2021-09-02 12:28:12,129.8272536468121,,,,,,,Full Cream,,,,,0.0
20502,175,0.0,29.0,Milkshake (Syrup)-Spearmint,1,Cold Drinks,2.9,5,MINI,2.9,2022-03-27 11:13:44,10.277826498239987,,,,,,,Full Cream,,,,,0.0
4187,20,0.0,41.8,Ice Latte,1,Cold Drinks,5.0,5,REG,4.5,2020-02-15 09:20:17,15.937429912097317,,Normal,,1,,,Skim,,Full,None,,0.5
5807,339,0.0,41.8,Iced Mocha with Cream,1,Cold Drinks,5.5,3,REG,5.5,2020-07-17 09:54:12,323.85490578343877,With Cream,Normal,,0,,,Skim,,Full,,,0.0
9538,421,0.0,41.8,Freshly Squeezed Juice-Orange,1,Cold Drinks,6.0,3,REG,6.0,2020-12-13 07:27:30,32.56254897822951,,,,,With Ice,"Orange, Apple, Carrot",,,,,,0.0
25640,1270,0.0,41.8,Freshly Squeezed Juice-Orange,1,Cold Drinks,6.5,4,REG,6.5,2022-10-03 09:30:00,10.081221176433104,,,,,With Ice,Orange,,,,,,0.0
25640,1270,0.0,41.8,Freshly Squeezed Juice-Orange,1,Cold Drinks,6.5,5,REG,6.5,2022-10-03 09:30:00,10.081221176433104,,,,,With Ice,Orange,,,,,,0.0
38627,1060,0.0,11.1,Ice Latte,1,Cold Drinks,5.2,1,REG,5.2,2023-12-17 09:40:35,325.80894196855104,,Normal,,0,,,Skim,,Full,Vanilla,,0.0
38627,1060,0.0,11.1,Ice Latte,1,Cold Drinks,5.9,2,REG,5.2,2023-12-17 09:40:35,325.80894196855104,,Normal,,0,,,Almond,,Full,Vanilla,,0.7000000000000002
9177,298,0.0,11.1,Milkshake (Syrup)-Chocolate,1,Cold Drinks,2.5,3,MINI,2.5,2020-11-28 09:25:33,103.43870180925002,,,,,,,Full Cream,,,,,0.0
32731,49,0.0,11.1,Milkshake (Syrup)-Chocolate,1,Cold Drinks,6.5,2,LRG,6.5,2023-06-13 10:11:03,5.6913721453400745,,,,,,,Full Cream,,,,,0.0
28277,49,0.0,11.1,Milkshake (Syrup)-Chocolate,1,Cold Drinks,6.5,2,LRG,6.5,2023-01-14 10:55:25,5.6913721453400745,,,,,,,Full Cream,,,,,0.0
30589,1329,0.0,11.1,Freshly Squeezed Juice-Orange,1,Cold Drinks,6.5,1,REG,6.5,2023-04-05 06:27:08,69.03537932019783,,,,,With Ice,Orange,,,,,,0.0
17622,308,0.0,11.1,Milkshake (Syrup)-Vanilla,1,Cold Drinks,2.9,2,MINI,2.9,2021-11-20 09:21:38,10.76198852605863,,,,,,,Full Cream,,,,,0.0
17622,308,0.0,11.1,Milkshake (Syrup)-Vanilla,1,Cold Drinks,2.9,3,MINI,2.9,2021-11-20 09:21:38,10.76198852605863,,,,,,,Full Cream,,,,,0.0
36052,1342,0.0,11.1,Coffee Frappe,1,Cold Drinks,6.9,1,REG,6.9,2023-09-26 08:47:52,3.5178538052384973,,Normal,,0,,,Full Cream,,Full,,,0.0
35936,1342,0.0,11.1,Coffee Frappe,1,Cold Drinks,6.9,1,REG,6.9,2023-09-23 07:21:19,3.5178538052384973,,Normal,,0,,,Skim,,Full,,,0.0
17932,860,0.0,11.1,Ice Latte,1,Cold Drinks,5.3,2,REG,4.8,2021-12-02 07:48:58,54.11547697733845,,Normal,,0,,,Soy,,Full,None,,0.5
35058,1428,0.0,11.1,Milkshake (Syrup)-Spearmint,1,Cold Drinks,5.2,2,SML,5.2,2023-08-26 09:00:00,102.91074667455888,,,,,,,Full Cream,,,,,0.0
35058,1428,0.0,11.1,Iced Coffee with Cream,1,Cold Drinks,5.9,1,REG,5.9,2023-08-26 09:00:00,102.91074667455888,With Cream,Normal,,0,,,Full Cream,,Full,Vanilla,,0.0
27947,13,0.0,23.9,Iced Mocha with Cream,1,Cold Drinks,6.0,1,REG,6.0,2022-12-21 08:28:51,44.810789212237296,With Cream,Normal,,0,,,Full Cream,,Full,,,0.0
34392,1560,0.0,23.9,Smoothie-Mango Magic,1,Cold Drinks,8.5,4,REG,8.5,2023-08-05 11:50:12,102.91074667455888,,,,,,,,,,,,0.0
25190,826,0.0,23.9,Freshly Squeezed Juice-Orange,1,Cold Drinks,6.5,2,REG,6.5,2022-09-16 08:21:00,43.30386900988261,,,,,With Ice,Orange,,,,,,0.0
4018,78,0.0,23.9,Iced Mocha with Cream,1,Cold Drinks,6.0,1,REG,5.5,2020-01-02 08:28:38,118.77749604723726,With Cream,Normal,,1,,,Skim,,Full,,,0.5
40603,1106,0.0,23.9,Milkshake (Syrup)-Chocolate,2,Cold Drinks,6.6,2,MINI,3.3,2024-03-05 09:19:47,605.7950698599872,,,,,,,Full Cream,,,,,0.0
8578,544,0.0,36.7,Smoothie-Banana Buzz,1,Cold Drinks,7.6,4,REG,7.6,2020-11-02 13:11:21,467.86567058749426,,,,,,,,,,,,0.0
8578,544,0.0,36.7,Smoothie-Banana Buzz,1,Cold Drinks,7.6,5,REG,7.6,2020-11-02 13:11:21,467.86567058749426,,,,,,,,,,,,0.0
32213,1148,0.0,36.7,Milkshake (Syrup)-Lime,1,Cold Drinks,4.5,2,SML,4.5,2023-05-27 10:43:17,21.754424527504998,,,,,,,Full Cream,,,,,0.0
6348,388,0.0,36.7,Smoothie-Mango Magic,1,Cold Drinks,7.6,4,REG,7.6,2020-08-11 12:45:00,102.91074667455888,,,,,,,,,,,,0.0
6348,388,0.0,36.7,Smoothie-Mango Magic,1,Cold Drinks,7.6,5,REG,7.6,2020-08-11 12:45:00,102.91074667455888,,,,,,,,,,,,0.0
7898,500,0.0,36.7,Smoothie-Mango Magic,1,Cold Drinks,7.6,1,REG,7.6,2020-10-11 11:14:26,102.91074667455888,,,,,,,,,,,,0.0
7898,500,0.0,36.7,Smoothie-Mango Magic,1,Cold Drinks,7.6,2,REG,7.6,2020-10-11 11:14:26,102.91074667455888,,,,,,,,,,,,0.0
24249,1117,0.0,49.5,Coffee Frappe,1,Cold Drinks,6.5,3,REG,6.5,2022-08-14 11:35:58,55.207406274066905,,Normal,,0,,,Skim,,Full,,,0.0
24249,1117,0.0,49.5,Thickshake (Syrup)-Chocolate,1,Cold Drinks,9.0,4,LRG,9.0,2022-08-14 11:35:58,55.207406274066905,,,,,,,,,,,,0.0
31085,127,0.0,75.1,Smoothie-Mango Magic,1,Cold Drinks,7.6,6,REG,7.6,2023-04-22 10:27:34,77.04087019928528,,,,,,,,,,,,0.0
31085,127,0.0,75.1,Milkshake (Syrup)-Chocolate,1,Cold Drinks,4.5,5,SML,4.5,2023-04-22 10:27:34,77.04087019928528,,,,,,,Full Cream,,,,,0.0
31085,127,0.0,75.1,Ice Latte,1,Cold Drinks,6.2,4,REG,5.0,2023-04-22 10:27:34,77.04087019928528,,Normal,,1,,,Almond,,Full,None,,1.2000000000000002
14314,771,0.0,6.0,Iced Coffee with Cream,1,Cold Drinks,6.0,1,REG,5.5,2021-07-26 14:21:14,64.57491273581955,No Cream,Normal,,0,,,Lactose Free,,Full,Vanilla,,0.5
14890,270,0.0,6.0,Freshly Squeezed Juice-Orange,1,Cold Drinks,6.0,1,REG,6.0,2021-08-19 08:15:00,499.110675769079,,,,,With Ice,Orange,,,,,,0.0
18395,275,0.0,6.0,Freshly Squeezed Juice-Orange,1,Cold Drinks,6.0,1,REG,6.0,2021-12-20 06:23:34,9.182885244928025,,,,,With Ice,Orange,,,,,,0.0
18265,275,0.0,6.0,Freshly Squeezed Juice-Orange,1,Cold Drinks,6.0,1,REG,6.0,2021-12-15 06:35:59,9.182885244928025,,,,,With Ice,Orange,,,,,,0.0
18241,275,0.0,6.0,Freshly Squeezed Juice-Orange,1,Cold Drinks,6.0,1,REG,6.0,2021-12-14 06:15:08,9.182885244928025,,,,,With Ice,Orange,,,,,,0.0
17925,275,0.0,6.0,Freshly Squeezed Juice-Orange,1,Cold Drinks,6.0,1,REG,6.0,2021-12-02 06:02:09,9.182885244928025,,,,,With Ice,Orange,,,,,,0.0
17898,275,0.0,6.0,Freshly Squeezed Juice-Orange,1,Cold Drinks,6.0,1,REG,6.0,2021-12-01 06:03:45,9.182885244928025,,,,,With Ice,Orange,,,,,,0.0
17852,275,0.0,6.0,Freshly Squeezed Juice-Orange,1,Cold Drinks,6.0,1,REG,6.0,2021-11-29 07:00:03,9.182885244928025,,,,,With Ice,Orange,,,,,,0.0
17200,275,0.0,6.0,Freshly Squeezed Juice-Orange,1,Cold Drinks,6.0,1,REG,6.0,2021-11-06 07:03:55,9.182885244928025,,,,,With Ice,Orange,,,,,,0.0
16529,275,0.0,6.0,Freshly Squeezed Juice-Orange,1,Cold Drinks,6.0,1,REG,6.0,2021-10-13 07:33:04,9.182885244928025,,,,,With Ice,Orange,,,,,,0.0
16475,275,0.0,6.0,Freshly Squeezed Juice-Orange,1,Cold Drinks,6.0,1,REG,6.0,2021-10-11 07:43:19,9.182885244928025,,,,,With Ice,Orange,,,,,,0.0
11139,275,0.0,6.0,Freshly Squeezed Juice-Orange,1,Cold Drinks,6.0,1,REG,6.0,2021-03-13 07:47:07,9.182885244928025,,,,,With Ice,Orange,,,,,,0.0
9031,275,0.0,6.0,Freshly Squeezed Juice-Orange,1,Cold Drinks,6.0,1,REG,6.0,2020-11-22 10:37:25,9.182885244928025,,,,,With Ice,Orange,,,,,,0.0
7386,275,0.0,6.0,Freshly Squeezed Juice-Orange,1,Cold Drinks,6.0,1,REG,6.0,2020-09-22 05:46:12,9.182885244928025,,,,,With Ice,Orange,,,,,,0.0
7001,275,0.0,6.0,Freshly Squeezed Juice-Orange,1,Cold Drinks,6.0,1,REG,6.0,2020-09-07 07:50:48,9.182885244928025,,,,,With Ice,Orange,,,,,,0.0
18807,20,0.0,6.0,Iced Coffee with Cream,1,Cold Drinks,6.0,1,REG,5.5,2022-01-21 14:37:12,15.937429912097317,With Cream,Normal,,1,,,Skim,,Full,None,,0.5
10603,20,0.0,6.0,Freshly Squeezed Juice-Orange,1,Cold Drinks,6.0,1,REG,6.0,2021-02-13 12:45:11,15.937429912097317,,,,,With Ice,"Orange, Apple",,,,,,0.0
27112,1333,0.0,6.0,Milkshake (Syrup)-Chocolate,1,Cold Drinks,6.0,1,LRG,6.0,2022-11-24 13:01:02,7.0710678118654755,,,,,,,Full Cream,,,,,0.0
26558,578,0.0,6.0,Milkshake (Syrup)-Strawberry,1,Cold Drinks,6.0,1,LRG,6.0,2022-11-06 13:16:45,52.26973255838355,,,,,,,Full Cream,,,,,0.0
20517,82,0.0,6.0,Iced Coffee with Cream,1,Cold Drinks,6.0,1,REG,5.5,2022-03-28 07:32:09,128.7145029917891,No Cream,Normal,,1,,,Full Cream,,Full,Vanilla,,0.5
19778,82,0.0,6.0,Iced Coffee with Cream,1,Cold Drinks,6.0,1,REG,5.5,2022-02-28 07:26:14,128.7145029917891,No Cream,Normal,,1,,,Full Cream,,Full,Vanilla,,0.5
19414,82,0.0,6.0,Iced Coffee with Cream,1,Cold Drinks,6.0,1,REG,5.5,2022-02-14 07:32:37,128.7145029917891,No Cream,Normal,,1,,,Full Cream,,Full,Vanilla,,0.5
30023,1367,0.0,6.0,Ice Latte,1,Cold Drinks,6.0,1,REG,5.0,2023-03-17 08:00:58,6.339439479592366,,Normal,,1,,,Soy,,Full,None,,1.0
28959,1367,0.0,6.0,Ice Latte,1,Cold Drinks,6.0,1,REG,5.0,2023-02-10 08:09:31,6.339439479592366,,Normal,,1,,,Soy,,Full,None,,1.0
28926,1367,0.0,6.0,Ice Latte,1,Cold Drinks,6.0,1,REG,5.0,2023-02-09 08:17:38,6.339439479592366,,Normal,,1,,,Soy,,Full,None,,1.0
28757,1367,0.0,6.0,Ice Latte,1,Cold Drinks,6.0,1,REG,5.0,2023-02-03 07:49:43,6.339439479592366,,Normal,,1,,,Soy,,Full,None,,1.0
28728,1367,0.0,6.0,Ice Latte,1,Cold Drinks,6.0,1,REG,5.0,2023-02-02 07:38:11,6.339439479592366,,Normal,,1,,,Soy,,Full,None,,1.0
28694,1367,0.0,6.0,Ice Latte,1,Cold Drinks,6.0,1,REG,5.0,2023-02-01 07:14:03,6.339439479592366,,Normal,,1,,,Soy,,Full,None,,1.0
28673,1367,0.0,6.0,Ice Latte,1,Cold Drinks,6.0,1,REG,5.0,2023-01-31 08:28:09,6.339439479592366,,Normal,,1,,,Soy,,Full,None,,1.0
8321,421,0.0,6.0,Freshly Squeezed Juice-Orange,1,Cold Drinks,6.0,1,REG,6.0,2020-10-24 13:13:46,32.56254897822951,,,,,With Ice,"Orange, Lemon, Apple, Celery, Carrot",,,,,,0.0
18964,251,0.0,6.0,Iced Coffee with Cream,1,Cold Drinks,6.0,1,REG,5.5,2022-01-28 13:32:52,60.441634282927495,No Cream,Normal,,0,,,Lactose Free,,Full,Vanilla,,0.5
18901,251,0.0,6.0,Iced Coffee with Cream,1,Cold Drinks,6.0,1,REG,5.5,2022-01-26 08:40:05,60.441634282927495,No Cream,Normal,,0,,,Lactose Free,,Full,Vanilla,,0.5
15217,814,0.0,18.8,Milkshake (Syrup)-Chocolate,1,Cold Drinks,3.9,1,SML,3.9,2021-08-30 08:45:36,144.56895356950722,,,,,,,Full Cream,,,,,0.0
8942,325,0.0,18.8,Freshly Squeezed Juice-Orange,1,Cold Drinks,6.0,1,REG,6.0,2020-11-18 10:03:40,58.48327818411425,,,,,With Ice,Orange,,,,,,0.0
34164,175,0.0,18.8,Milkshake (Syrup)-Caramel,1,Cold Drinks,3.3,4,MINI,3.3,2023-07-29 09:50:30,10.277826498239987,,,,,,,Full Cream,,,,,0.0
9529,13,0.0,31.6,Thickshake (Syrup)-Chocolate,1,Cold Drinks,8.0,2,LRG,8.0,2020-12-12 09:39:39,44.810789212237296,,,,,,,,,,,,0.0
9529,13,0.0,31.6,Smoothie-Mango Magic,1,Cold Drinks,7.6,1,REG,7.6,2020-12-12 09:39:39,44.810789212237296,,,,,,,,,,,,0.0
15380,331,0.0,31.6,Smoothie-Koko Berries,1,Cold Drinks,7.6,3,REG,7.6,2021-09-05 08:02:48,177.61527753317512,,,,,,,,,,,,0.0
36128,1148,0.0,31.6,Milkshake (Syrup)-Lime,1,Cold Drinks,3.3,4,MINI,3.3,2023-09-28 09:45:39,21.754424527504998,,,,,,,Full Cream,,,,,0.0
36128,1148,0.0,31.6,Milkshake (Syrup)-Chocolate,1,Cold Drinks,3.3,5,MINI,3.3,2023-09-28 09:45:39,21.754424527504998,,,,,,,Full Cream,,,,,0.0
21788,936,0.0,31.6,Freshly Squeezed Juice-Orange,1,Cold Drinks,6.2,2,REG,6.2,2022-05-15 11:14:49,42.320207938997655,,,,,With Ice,Orange,,,,,,0.0
21788,936,0.0,31.6,Iced Coffee with Cream,1,Cold Drinks,5.5,3,REG,5.5,2022-05-15 11:14:49,42.320207938997655,With Cream,Normal,,0,,,Full Cream,,Full,Vanilla,,0.0
30354,426,0.0,31.6,Freshly Squeezed Juice-Orange,1,Cold Drinks,6.5,2,REG,6.5,2023-03-28 09:26:31,366.8509493617525,,,,,With Ice,Orange,,,,,,0.0
31902,811,0.0,44.4,Smoothie-Green Machine,1,Cold Drinks,7.6,4,REG,7.6,2023-05-17 14:44:04,56.15160730560616,,,,,,,,,,,,0.0
31902,811,0.0,44.4,Freshly Squeezed Juice-Carrot,1,Cold Drinks,7.0,1,REG,6.5,2023-05-17 14:44:04,56.15160730560616,,,,,With Ice,"Lemon, Ginger",,,,,,0.5
23639,391,0.0,44.4,Iced Coffee with Cream,1,Cold Drinks,5.5,4,REG,5.5,2022-07-24 13:55:59,186.28197264720313,With Cream,Normal,,0,,,Skim,,Full,None,,0.0
15447,757,0.0,44.4,Iced Chocolate with Cream,1,Cold Drinks,5.5,1,REG,5.5,2021-09-07 08:45:00,680.9767494807244,With Cream,,,0,,,Skim,,Full,,,0.0
15447,757,0.0,44.4,Milkshake (Syrup)-Strawberry,1,Cold Drinks,6.0,3,LRG,6.0,2021-09-07 08:45:00,680.9767494807244,,,,,,,Full Cream,,,,,0.0
15447,757,0.0,44.4,Smoothie-Banana Buzz,1,Cold Drinks,7.6,4,REG,7.6,2021-09-07 08:45:00,680.9767494807244,,,,,,,,,,,,0.0
15610,903,0.0,95.6,Iced Mocha with Cream,1,Cold Drinks,6.0,8,REG,6.0,2021-09-12 10:46:51,102.91074667455888,With Cream,Normal,,0,,,Full Cream,,Full,,,0.0
15610,903,0.0,95.6,Iced Mocha with Cream,1,Cold Drinks,6.0,9,REG,6.0,2021-09-12 10:46:51,102.91074667455888,With Cream,Normal,,0,,,Full Cream,,Full,,,0.0
15610,903,0.0,95.6,Milkshake (Syrup)-Chocolate,1,Cold Drinks,6.0,11,LRG,6.0,2021-09-12 10:46:51,102.91074667455888,,,,,,,Full Cream,,,,,0.0
15610,903,0.0,95.6,Smoothie-Mango Magic,1,Cold Drinks,7.6,12,REG,7.6,2021-09-12 10:46:51,102.91074667455888,,,,,,,,,,,,0.0
3287,6,0.0,13.7,Affogato,1,Cold Drinks,4.5,1,REG,4.5,2019-05-07 11:03:36,2158.089896181343,,Normal,0,0,,,,0,Full,,0,0.0
17487,20,0.0,13.7,Freshly Squeezed Juice-Orange,1,Cold Drinks,6.5,2,REG,6.0,2021-11-16 08:02:18,15.937429912097317,,,,,With Ice,"Apple, Carrot, Ginger",,,,,,0.5
17487,20,0.0,13.7,Milkshake (Syrup)-Chocolate,1,Cold Drinks,2.9,3,MINI,2.9,2021-11-16 08:02:18,15.937429912097317,,,,,,,Full Cream,,,,,0.0
17403,20,0.0,13.7,Milkshake (Syrup)-Chocolate,1,Cold Drinks,2.9,3,MINI,2.9,2021-11-12 10:50:45,15.937429912097317,,,,,,,Full Cream,,,,,0.0
17403,20,0.0,13.7,Freshly Squeezed Juice-Orange,1,Cold Drinks,6.5,2,REG,6.0,2021-11-12 10:50:45,15.937429912097317,,,,,With Ice,"Apple, Carrot, Ginger",,,,,,0.5
16537,20,0.0,13.7,Freshly Squeezed Juice-Orange,1,Cold Drinks,6.5,2,REG,6.0,2021-10-13 09:09:26,15.937429912097317,,,,,With Ice,"Apple, Carrot, Ginger",,,,,,0.5
16537,20,0.0,13.7,Milkshake (Syrup)-Chocolate,1,Cold Drinks,2.9,3,MINI,2.9,2021-10-13 09:09:26,15.937429912097317,,,,,,,Full Cream,,,,,0.0
15700,20,0.0,13.7,Freshly Squeezed Juice-Orange,1,Cold Drinks,6.5,2,REG,6.0,2021-09-15 12:13:46,15.937429912097317,,,,,With Ice,"Apple, Carrot, Ginger",,,,,,0.5
15700,20,0.0,13.7,Milkshake (Syrup)-Chocolate,1,Cold Drinks,2.9,3,MINI,2.9,2021-09-15 12:13:46,15.937429912097317,,,,,,,Full Cream,,,,,0.0
13138,20,0.0,13.7,Milkshake (Syrup)-Chocolate,1,Cold Drinks,2.9,3,MINI,2.9,2021-06-08 09:48:18,15.937429912097317,,,,,,,Full Cream,,,,,0.0
13138,20,0.0,13.7,Freshly Squeezed Juice-Orange,1,Cold Drinks,6.5,2,REG,6.0,2021-06-08 09:48:18,15.937429912097317,,,,,With Ice,"Apple, Carrot, Ginger",,,,,,0.5
28819,49,0.0,13.7,Milkshake (Syrup)-Chocolate,1,Cold Drinks,4.5,3,SML,4.5,2023-02-05 10:50:52,5.6913721453400745,,,,,,,Full Cream,,,,,0.0
33980,906,0.0,13.7,Milkshake (Syrup)-Cookies and Cream,1,Cold Drinks,4.5,2,SML,4.5,2023-07-23 12:50:06,94.49445811463804,,,,,,,Full Cream,,,,,0.0
36059,421,0.0,13.7,Freshly Squeezed Juice-Orange,1,Cold Drinks,7.7,2,REG,7.2,2023-09-26 10:38:12,32.56254897822951,,,,,With Ice,Ginger,,,,,,0.5
40198,175,0.0,13.7,Smoothie-Mango Magic,1,Cold Drinks,8.5,2,REG,8.5,2024-02-21 08:46:36,10.277826498239987,,,,,,,,,,,,0.0
39338,175,0.0,13.7,Smoothie-Mango Magic,1,Cold Drinks,8.5,2,REG,8.5,2024-01-23 09:28:17,10.277826498239987,,,,,,,,,,,,0.0
39008,175,0.0,13.7,Smoothie-Mango Magic,1,Cold Drinks,8.5,2,REG,8.5,2024-01-10 11:54:35,10.277826498239987,,,,,,,,,,,,0.0
21415,1058,0.0,26.5,Smoothie-Mango Magic,1,Cold Drinks,7.6,3,REG,7.6,2022-05-01 11:53:38,140.34269744903983,,,,,,,,,,,,0.0
24773,1109,0.0,26.5,Iced Chocolate with Cream,1,Cold Drinks,5.5,2,REG,5.5,2022-09-02 11:34:05,121.41987363807341,With Cream,,,0,,,Skim,,Full,,,0.0
8517,91,0.0,26.5,Coffee Milkshake,1,Cold Drinks,6.0,2,REG,6.0,2020-10-31 10:20:41,190.160834182917,,Normal,,0,,,Full Cream,,Full,,,0.0
18052,172,0.0,26.5,Freshly Squeezed Juice-Orange,1,Cold Drinks,7.0,1,REG,6.0,2021-12-07 07:40:20,5.2489316501187995,,,,,With Ice,"Orange, Lemon, Apple, Celery, Carrot, Ginger, Beetroot",,,,,,1.0
18052,172,0.0,26.5,Freshly Squeezed Juice-Orange,1,Cold Drinks,7.0,2,REG,6.0,2021-12-07 07:40:20,5.2489316501187995,,,,,With Ice,"Orange, Lemon, Apple, Celery, Carrot, Ginger, Beetroot",,,,,,1.0
18052,172,0.0,26.5,Freshly Squeezed Juice-Orange,1,Cold Drinks,7.0,3,REG,6.0,2021-12-07 07:40:20,5.2489316501187995,,,,,With Ice,"Orange, Lemon, Apple, Celery, Carrot, Ginger, Beetroot",,,,,,1.0
14435,172,0.0,26.5,Freshly Squeezed Juice-Orange,1,Cold Drinks,7.0,1,REG,6.0,2021-08-01 08:14:29,5.2489316501187995,,,,,With Ice,"Orange, Lemon, Apple, Celery, Carrot, Ginger, Beetroot",,,,,,1.0
14435,172,0.0,26.5,Freshly Squeezed Juice-Orange,1,Cold Drinks,7.0,2,REG,6.0,2021-08-01 08:14:29,5.2489316501187995,,,,,With Ice,"Orange, Lemon, Apple, Celery, Carrot, Ginger, Beetroot",,,,,,1.0
8278,172,0.0,26.5,Freshly Squeezed Juice-Orange,1,Cold Drinks,7.0,1,REG,6.0,2020-10-23 08:31:35,5.2489316501187995,,,,,With Ice,"Orange, Lemon, Apple, Celery, Carrot, Ginger, Beetroot",,,,,,1.0
8278,172,0.0,26.5,Freshly Squeezed Juice-Orange,1,Cold Drinks,7.0,2,REG,6.0,2020-10-23 08:31:35,5.2489316501187995,,,,,With Ice,"Orange, Lemon, Apple, Celery, Carrot, Ginger, Beetroot",,,,,,1.0
5992,228,0.0,26.5,Smoothie-Banana Buzz,1,Cold Drinks,7.6,4,REG,7.6,2020-07-26 10:35:01,142.2871211013458,,,,,,,,,,,,0.0
25671,1253,0.0,26.5,Thickshake (Syrup)-Vanilla,1,Cold Drinks,6.5,1,SML,6.5,2022-10-04 11:33:42,17.271483649803734,,,,,,,,,,,,0.0
25616,811,0.0,39.3,Freshly Squeezed Juice-Orange,1,Cold Drinks,7.5,2,REG,6.5,2022-10-02 11:00:50,56.15160730560616,,,,,With Ice,"Orange, Lemon, Apple, Celery, Carrot, Ginger, Beetroot",,,,,,1.0
25616,811,0.0,39.3,Smoothie-Green Machine,1,Cold Drinks,7.6,3,REG,7.6,2022-10-02 11:00:50,56.15160730560616,,,,,,,,,,,,0.0
15848,175,0.0,39.3,Milkshake (Syrup)-Caramel,1,Cold Drinks,2.9,3,MINI,2.9,2021-09-20 10:42:53,10.277826498239987,,,,,,,Full Cream,,,,,0.0
15848,175,0.0,39.3,Milkshake (Syrup)-Banana,1,Cold Drinks,3.9,4,SML,3.9,2021-09-20 10:42:53,10.277826498239987,,,,,,,Full Cream,,,,,0.0
15848,175,0.0,39.3,Milkshake (Syrup)-Caramel,1,Cold Drinks,3.9,5,SML,3.9,2021-09-20 10:42:53,10.277826498239987,,,,,,,Full Cream,,,,,0.0
15848,175,0.0,39.3,Milkshake (Syrup)-Caramel,1,Cold Drinks,3.9,6,SML,3.9,2021-09-20 10:42:53,10.277826498239987,,,,,,,Full Cream,,,,,0.0
27053,1223,0.0,39.3,Milkshake (Syrup)-Vanilla,1,Cold Drinks,3.9,2,SML,3.9,2022-11-23 06:35:51,25.1555162936482,,,,,,,Full Cream,,,,,0.0
27053,1223,0.0,39.3,Smoothie-Banana Buzz,1,Cold Drinks,7.6,3,REG,7.6,2022-11-23 06:35:51,25.1555162936482,,,,,,,,,,,,0.0
15498,339,0.0,52.1,Ice Latte,1,Cold Drinks,4.8,4,REG,4.8,2021-09-09 09:00:00,323.85490578343877,,Normal,,0,,,Full Cream,,Full,None,,0.0
9134,66,0.0,8.6,Milkshake (Syrup)-Strawberry,1,Cold Drinks,3.8,2,SML,3.8,2020-11-26 08:51:20,102.94415553912648,,,,,,,Full Cream,,,,,0.0
20376,1115,0.0,8.6,Ice Latte,1,Cold Drinks,4.8,1,REG,4.8,2022-03-22 10:22:49,149.86515150749236,,Normal,,0,,,Full Cream,,Full,None,,0.0
35672,1269,0.0,8.6,Milkshake (Syrup)-Chocolate,1,Cold Drinks,3.3,2,MINI,3.3,2023-09-14 10:30:38,64.07821249080935,,,,,,,Full Cream,,,,,0.0
18617,67,0.0,21.4,Freshly Squeezed Juice-Orange,1,Cold Drinks,6.2,1,REG,6.2,2022-01-12 08:42:01,49.80813085628067,,,,,With Ice,"Orange, Lemon, Apple, Celery, Carrot",,,,,,0.0
18617,67,0.0,21.4,Freshly Squeezed Juice-Orange,1,Cold Drinks,6.2,2,REG,6.2,2022-01-12 08:42:01,49.80813085628067,,,,,With Ice,"Orange, Lemon, Apple, Celery, Carrot",,,,,,0.0
5722,330,0.0,21.4,Iced Mocha with Cream,1,Cold Drinks,5.5,3,REG,5.5,2020-07-13 11:00:00,130.7755117854968,No Cream,Normal,,0,,,Full Cream,,Full,,,0.0
40283,1405,0.0,21.4,Freshly Squeezed Juice-Orange,1,Cold Drinks,7.2,1,REG,7.2,2024-02-23 10:06:00,71.1488147909285,,,,,With Ice,Orange,,,,,,0.0
40283,1405,0.0,21.4,Ice Latte,1,Cold Drinks,5.2,2,REG,5.2,2024-02-23 10:06:00,71.1488147909285,,Normal,,0,,,Full Cream,,Full,None,,0.0
32706,1444,0.0,21.4,Smoothie-Banana Buzz,1,Cold Drinks,7.6,4,REG,7.6,2023-06-13 06:53:28,28.269114898469265,,,,,,,,,,,,0.0
38787,446,0.0,21.4,Milkshake (Syrup)-Lime,1,Cold Drinks,5.2,3,SML,5.2,2023-12-22 10:40:02,6.801133915060578,,,,,,,Full Cream,,,,,0.0
28898,446,0.0,21.4,Milkshake (Syrup)-Chocolate,1,Cold Drinks,2.9,5,MINI,2.9,2023-02-08 08:25:24,6.801133915060578,,,,,,,Full Cream,,,,,0.0
31875,1483,0.0,21.4,Milkshake (Syrup)-Blue Heaven,1,Cold Drinks,2.9,5,MINI,2.9,2023-05-16 11:45:00,102.91074667455888,,,,,,,Full Cream,,,,,0.0
28195,228,0.0,21.4,Milkshake (Syrup)-Lime,1,Cold Drinks,2.9,4,MINI,2.9,2023-01-11 10:12:19,142.2871211013458,,,,,,,Full Cream,,,,,0.0
28195,228,0.0,21.4,Milkshake (Syrup)-Blue Heaven,1,Cold Drinks,2.9,5,MINI,2.9,2023-01-11 10:12:19,142.2871211013458,,,,,,,Full Cream,,,,,0.0
31287,234,0.0,21.4,Milkshake (Syrup)-Cookies and Cream,1,Cold Drinks,6.5,3,LRG,6.5,2023-04-29 09:40:01,3.306975953679214,,,,,,,Skim,,,,,0.0
29870,234,0.0,21.4,Milkshake (Syrup)-Vanilla,1,Cold Drinks,6.5,3,LRG,6.5,2023-03-12 09:34:38,3.306975953679214,,,,,,,Skim,,,,,0.0
29197,234,0.0,21.4,Milkshake (Syrup)-Cookies and Cream,1,Cold Drinks,6.5,3,LRG,6.5,2023-02-18 09:57:08,3.306975953679214,,,,,,,Skim,,,,,0.0
28245,234,0.0,21.4,Milkshake (Syrup)-Cookies and Cream,1,Cold Drinks,6.5,3,LRG,6.5,2023-01-13 09:35:18,3.306975953679214,,,,,,,Skim,,,,,0.0
36360,1005,0.0,21.4,Thickshake (Syrup)-Vanilla,1,Cold Drinks,10.5,3,LRG,10.5,2023-10-06 15:50:12,315.7638358013786,,,,,,,,,,,,0.0
36360,1005,0.0,21.4,Milkshake (Syrup)-Blue Heaven,1,Cold Drinks,5.7,1,SML,5.2,2023-10-06 15:50:12,315.7638358013786,,,,,,,Lactose Free,,,,,0.5
36360,1005,0.0,21.4,Milkshake (Syrup)-Vanilla,1,Cold Drinks,5.2,2,SML,5.2,2023-10-06 15:50:12,315.7638358013786,,,,,,,Skim,,,,,0.0
8487,537,0.0,34.2,Milkshake (Syrup)-Chocolate,1,Cold Drinks,3.8,5,SML,3.8,2020-10-30 09:15:00,158.16461185879868,,,,,,,Full Cream,,,,,0.0
18686,351,0.0,34.2,Ice Latte,1,Cold Drinks,4.8,2,REG,4.8,2022-01-15 12:36:03,15.749687649741688,,Normal,,0,,,Full Cream,,Full,None,,0.0
18686,351,0.0,34.2,Iced Chocolate with Cream,1,Cold Drinks,5.5,3,REG,5.5,2022-01-15 12:36:03,15.749687649741688,No Cream,,,0,,,Full Cream,,Full,,,0.0
18686,351,0.0,34.2,Iced Chocolate with Cream,1,Cold Drinks,5.5,4,REG,5.5,2022-01-15 12:36:03,15.749687649741688,No Cream,,,0,,,Full Cream,,Full,,,0.0
16231,945,0.0,34.2,Milkshake (Syrup)-Chocolate,1,Cold Drinks,3.9,3,SML,3.9,2021-10-02 10:31:44,158.26129142540307,,,,,,,Full Cream,,,,,0.0
29012,754,0.0,34.2,Smoothie-Koko Berries,1,Cold Drinks,7.6,3,REG,7.6,2023-02-12 07:39:54,5.580993662182695,,,,,,,,,,,,0.0
5699,10,0.0,16.3,Freshly Squeezed Juice-Orange,1,Cold Drinks,6.0,2,REG,6.0,2020-07-12 09:46:45,55.12194523194774,,,,,With Ice,"Orange, Lemon",,,,,,0.0
5699,10,0.0,16.3,Freshly Squeezed Juice-Orange,1,Cold Drinks,6.0,3,REG,6.0,2020-07-12 09:46:45,55.12194523194774,,,,,With Ice,Orange,,,,,,0.0
36797,308,0.0,16.3,Milkshake (Syrup)-Vanilla,1,Cold Drinks,3.3,4,MINI,3.3,2023-10-19 08:47:22,10.76198852605863,,,,,,,Full Cream,,,,,0.0
3728,78,0.0,16.3,Iced Coffee with Cream,1,Cold Drinks,5.5,1,REG,5.0,2019-10-23 08:45:52,118.77749604723726,No Cream,Normal,,0,,,Lactose Free,,Full,Vanilla,,0.5
37089,1428,0.0,16.3,Milkshake (Syrup)-Spearmint,1,Cold Drinks,5.2,2,SML,5.2,2023-10-28 09:30:00,102.91074667455888,,,,,,,Full Cream,,,,,0.0
37089,1428,0.0,16.3,Milkshake (Syrup)-Chocolate,1,Cold Drinks,5.2,3,SML,5.2,2023-10-28 09:30:00,102.91074667455888,,,,,,,Full Cream,,,,,0.0
37089,1428,0.0,16.3,Iced Coffee with Cream,1,Cold Drinks,5.9,1,REG,5.9,2023-10-28 09:30:00,102.91074667455888,With Cream,Normal,,0,,,Full Cream,,Full,Vanilla,,0.0
37355,435,0.0,16.3,Iced Chocolate with Cream,1,Cold Drinks,5.9,3,REG,5.9,2023-11-06 08:23:47,163.8681583875688,No Cream,,,0,,,Skim,,Full,,,0.0
39567,446,0.0,16.3,Thickshake (Syrup)-Cookies and Cream,1,Cold Drinks,10.5,2,LRG,10.5,2024-01-31 13:09:50,6.801133915060578,,,,,,,,,,,,0.0
25545,1249,0.0,16.3,Ice Latte,1,Cold Drinks,6.3,1,REG,4.8,2022-09-30 07:03:11,184.42017243241045,,Normal,,1,,,Oat Milk,,Full,None,,1.5
22886,233,0.0,16.3,Thickshake (Syrup)-Chocolate,1,Cold Drinks,6.0,2,SML,6.0,2022-06-25 09:54:24,14.254925248600953,,,,,,,,,,,,0.0
22886,233,0.0,16.3,Thickshake (Syrup)-Chocolate,1,Cold Drinks,6.0,3,SML,6.0,2022-06-25 09:54:24,14.254925248600953,,,,,,,,,,,,0.0
21560,233,0.0,16.3,Thickshake (Syrup)-Chocolate,1,Cold Drinks,6.0,2,SML,6.0,2022-05-07 08:01:05,14.254925248600953,,,,,,,,,,,,0.0
21560,233,0.0,16.3,Thickshake (Syrup)-Chocolate,1,Cold Drinks,6.0,3,SML,6.0,2022-05-07 08:01:05,14.254925248600953,,,,,,,,,,,,0.0
20500,233,0.0,16.3,Thickshake (Syrup)-Chocolate,1,Cold Drinks,6.0,2,SML,6.0,2022-03-27 11:07:56,14.254925248600953,,,,,,,,,,,,0.0
20500,233,0.0,16.3,Thickshake (Syrup)-Chocolate,1,Cold Drinks,6.0,3,SML,6.0,2022-03-27 11:07:56,14.254925248600953,,,,,,,,,,,,0.0
19368,233,0.0,16.3,Thickshake (Syrup)-Chocolate,1,Cold Drinks,6.0,2,SML,6.0,2022-02-12 09:07:48,14.254925248600953,,,,,,,,,,,,0.0
19368,233,0.0,16.3,Thickshake (Syrup)-Chocolate,1,Cold Drinks,6.0,3,SML,6.0,2022-02-12 09:07:48,14.254925248600953,,,,,,,,,,,,0.0
9693,13,0.0,29.1,Smoothie-Koko Berries,1,Cold Drinks,7.6,3,REG,7.6,2020-12-20 09:46:55,44.810789212237296,,,,,,,,,,,,0.0
9693,13,0.0,29.1,Iced Mocha with Cream,1,Cold Drinks,5.5,2,REG,5.5,2020-12-20 09:46:55,44.810789212237296,With Cream,Normal,,0,,,Full Cream,,Full,,,0.0
16205,939,0.0,29.1,Milkshake (Syrup)-Lime,1,Cold Drinks,3.9,5,SML,3.9,2021-10-01 12:45:00,859.6751324386051,,,,,,,Full Cream,,,,,0.0
16205,939,0.0,29.1,Milkshake (Syrup)-Blue Heaven,1,Cold Drinks,3.9,6,SML,3.9,2021-10-01 12:45:00,859.6751324386051,,,,,,,Full Cream,,,,,0.0
7405,172,0.0,29.1,Milkshake (Syrup)-Vanilla,1,Cold Drinks,3.8,7,SML,3.8,2020-09-22 11:10:09,5.2489316501187995,,,,,,,Full Cream,,,,,0.0
7405,172,0.0,29.1,Milkshake (Syrup)-Banana,1,Cold Drinks,3.8,8,SML,3.8,2020-09-22 11:10:09,5.2489316501187995,,,,,,,Full Cream,,,,,0.0
17143,919,0.0,41.9,Smoothie-Mango Magic,1,Cold Drinks,7.6,5,REG,7.6,2021-11-03 12:17:36,370.9185509361474,,,,,,,,,,,,0.0
36620,228,0.0,41.9,Milkshake (Syrup)-Caramel,1,Cold Drinks,3.3,4,MINI,3.3,2023-10-14 10:16:19,142.2871211013458,,,,,,,Full Cream,,,,,0.0
36620,228,0.0,41.9,Milkshake (Syrup)-Banana,1,Cold Drinks,3.3,5,MINI,3.3,2023-10-14 10:16:19,142.2871211013458,,,,,,,Full Cream,,,,,0.0
36620,228,0.0,41.9,Milkshake (Syrup)-Blue Heaven,1,Cold Drinks,3.3,6,MINI,3.3,2023-10-14 10:16:19,142.2871211013458,,,,,,,Full Cream,,,,,0.0
36620,228,0.0,41.9,Milkshake (Syrup)-Banana,1,Cold Drinks,7.2,7,LRG,7.2,2023-10-14 10:16:19,142.2871211013458,,,,,,,Full Cream,,,,,0.0
12199,394,0.0,54.7,Thickshake (Syrup)-Caramel,1,Cold Drinks,8.0,4,LRG,8.0,2021-05-02 08:38:11,185.36195549641397,,,,,,,,,,,,0.0
12199,394,0.0,54.7,Freshly Squeezed Juice-Orange,1,Cold Drinks,6.0,1,REG,6.0,2021-05-02 08:38:11,185.36195549641397,,,,,With Ice,Orange,,,,,,0.0
15197,197,0.0,67.5,Milkshake (Syrup)-Caramel,1,Cold Drinks,3.9,6,SML,3.9,2021-08-29 11:16:43,8.972684535279665,,,,,,,Full Cream,,,,,0.0
15197,197,0.0,67.5,Milkshake (Syrup)-Vanilla,1,Cold Drinks,3.9,7,SML,3.9,2021-08-29 11:16:43,8.972684535279665,,,,,,,Full Cream,,,,,0.0
15197,197,0.0,67.5,Thickshake (Syrup)-Chocolate,1,Cold Drinks,6.0,8,SML,6.0,2021-08-29 11:16:43,8.972684535279665,,,,,,,,,,,,0.0
9784,14,0.0,11.2,Smoothie-Mango Magic,1,Cold Drinks,7.6,2,REG,7.6,2020-12-24 10:41:00,39.92548018814512,,,,,,,,,,,,0.0
28114,20,0.0,11.2,Ice Latte,1,Cold Drinks,5.5,1,REG,5.0,2023-01-08 10:46:14,15.937429912097317,,Normal,,1,,,Skim,,Full,None,,0.5
28114,20,0.0,11.2,Iced Coffee with Cream,1,Cold Drinks,5.7,2,REG,5.7,2023-01-08 10:46:14,15.937429912097317,No Cream,Normal,,0,,,Skim,,Full,Vanilla,,0.0
11984,20,0.0,11.2,Ice Latte,1,Cold Drinks,5.3,3,REG,4.8,2021-04-22 11:22:27,15.937429912097317,,Normal,,1,,,Skim,,Full,None,,0.5
11781,20,0.0,11.2,Ice Latte,1,Cold Drinks,5.3,3,REG,4.8,2021-04-13 09:49:42,15.937429912097317,,Normal,,1,,,Skim,,Full,None,,0.5
10923,20,0.0,11.2,Ice Latte,1,Cold Drinks,5.3,3,REG,4.8,2021-03-02 09:45:23,15.937429912097317,,Normal,,1,,,Skim,,Full,None,,0.5
3568,20,0.0,11.2,Ice Latte,1,Cold Drinks,5.5,3,REG,4.5,2019-09-11 09:33:14,15.937429912097317,,Normal,,2,,,Skim,,Full,None,,1.0
29729,541,0.0,11.2,Iced Coffee with Cream,1,Cold Drinks,7.2,2,REG,5.7,2023-03-07 13:13:22,72.33584156997668,With Cream,Normal,,1,,,Oat Milk,,Full,Vanilla,,1.5
6209,49,0.0,11.2,Milkshake (Syrup)-Chocolate,1,Cold Drinks,3.8,2,SML,3.8,2020-08-05 09:55:18,5.6913721453400745,,,,,,,Full Cream,,,,,0.0
6209,49,0.0,11.2,Milkshake (Syrup)-Chocolate,1,Cold Drinks,3.8,3,SML,3.8,2020-08-05 09:55:18,5.6913721453400745,,,,,,,Full Cream,,,,,0.0
19548,308,0.0,11.2,Milkshake (Syrup)-Vanilla,1,Cold Drinks,2.9,2,MINI,2.9,2022-02-19 09:32:49,10.76198852605863,,,,,,,Full Cream,,,,,0.0
19548,308,0.0,11.2,Milkshake (Syrup)-Vanilla,1,Cold Drinks,2.9,3,MINI,2.9,2022-02-19 09:32:49,10.76198852605863,,,,,,,Full Cream,,,,,0.0
36065,67,0.0,11.2,Freshly Squeezed Juice-Orange,1,Cold Drinks,7.7,1,REG,7.2,2023-09-26 12:47:41,49.80813085628067,,,,,With Ice,"Lemon, Ginger",,,,,,0.5
35853,67,0.0,11.2,Freshly Squeezed Juice-Orange,1,Cold Drinks,7.7,1,REG,7.2,2023-09-20 10:46:54,49.80813085628067,,,,,With Ice,"Lemon, Ginger",,,,,,0.5
31201,324,0.0,11.2,Ice Latte,1,Cold Drinks,6.0,2,REG,5.0,2023-04-26 09:52:51,21.399972119696923,,Normal,,0,,,Oat Milk,,Full,None,,1.0
28940,324,0.0,11.2,Ice Latte,1,Cold Drinks,6.0,2,REG,5.0,2023-02-09 09:42:09,21.399972119696923,,Normal,,0,,,Oat Milk,,Full,None,,1.0
28585,324,0.0,11.2,Ice Latte,1,Cold Drinks,6.0,2,REG,5.0,2023-01-27 09:37:57,21.399972119696923,,Normal,,0,,,Oat Milk,,Full,None,,1.0
28429,324,0.0,11.2,Ice Latte,1,Cold Drinks,6.0,2,REG,5.0,2023-01-20 11:04:17,21.399972119696923,,Normal,,0,,,Oat Milk,,Full,None,,1.0
40576,1641,0.0,11.2,Milkshake (Syrup)-Strawberry,1,Cold Drinks,3.3,3,MINI,3.3,2024-03-05 06:17:42,7.860372827856691,,,,,,,Full Cream,,,,,0.0
40457,1641,0.0,11.2,Milkshake (Syrup)-Strawberry,1,Cold Drinks,3.3,3,MINI,3.3,2024-03-01 06:18:25,7.860372827856691,,,,,,,Full Cream,,,,,0.0
40360,1641,0.0,11.2,Milkshake (Syrup)-Strawberry,1,Cold Drinks,3.3,3,MINI,3.3,2024-02-27 06:18:05,7.860372827856691,,,,,,,Full Cream,,,,,0.0
40323,1641,0.0,11.2,Milkshake (Syrup)-Strawberry,1,Cold Drinks,3.3,3,MINI,3.3,2024-02-25 09:03:29,7.860372827856691,,,,,,,Full Cream,,,,,0.0
40017,1641,0.0,11.2,Milkshake (Syrup)-Strawberry,1,Cold Drinks,3.3,3,MINI,3.3,2024-02-16 06:17:10,7.860372827856691,,,,,,,Full Cream,,,,,0.0
39984,1641,0.0,11.2,Milkshake (Syrup)-Strawberry,1,Cold Drinks,3.3,3,MINI,3.3,2024-02-15 06:23:19,7.860372827856691,,,,,,,Full Cream,,,,,0.0
34704,387,0.0,11.2,Iced Chocolate with Cream,1,Cold Drinks,5.9,1,REG,5.9,2023-08-15 12:39:14,89.20540707357817,With Cream,,,0,,,Full Cream,,Full,,,0.0
9994,171,0.0,11.2,Ice Latte,1,Cold Drinks,5.5,2,REG,4.8,2021-01-13 11:35:47,99.77538334756329,,Normal,,0,,,Almond,,Full,None,,0.7000000000000002
6790,216,0.0,11.2,Iced Coffee with Cream,1,Cold Drinks,5.5,1,REG,5.0,2020-08-30 11:41:25,139.84236022852917,With Cream,Normal,,0,,,Lactose Free,,Full,Vanilla,,0.5
5469,268,0.0,24.0,Iced Chocolate with Cream,1,Cold Drinks,5.0,2,REG,5.0,2020-06-26 10:12:53,86.00495109529,With Cream,,,0,,,Skim,,Full,,,0.0
5469,268,0.0,24.0,Thickshake (Syrup)-Vanilla,1,Cold Drinks,6.0,3,SML,6.0,2020-06-26 10:12:53,86.00495109529,,,,,,,,,,,,0.0
5469,268,0.0,24.0,Thickshake (Syrup)-Vanilla,1,Cold Drinks,8.0,4,LRG,8.0,2020-06-26 10:12:53,86.00495109529,,,,,,,,,,,,0.0
3914,63,0.0,24.0,Thickshake (Syrup)-Lime,1,Cold Drinks,5.0,1,SML,5.0,2019-11-29 11:27:37,577.0693199261246,,,,,,,,,,,,0.0
3914,63,0.0,24.0,Thickshake (Syrup)-Caramel,1,Cold Drinks,5.0,2,SML,5.0,2019-11-29 11:27:37,577.0693199261246,,,,,,,,,,,,0.0
14445,575,0.0,24.0,Freshly Squeezed Juice-Orange,1,Cold Drinks,6.0,1,REG,6.0,2021-08-01 10:45:54,76.78296157615826,,,,,With Ice,Orange,,,,,,0.0
14192,67,0.0,24.0,Freshly Squeezed Juice-Orange,1,Cold Drinks,6.0,1,REG,6.0,2021-07-22 10:10:54,49.80813085628067,,,,,With Ice,"Orange, Lemon, Apple, Celery",,,,,,0.0
19530,888,0.0,24.0,Thickshake (Syrup)-Cookies and Cream,1,Cold Drinks,6.0,3,SML,6.0,2022-02-18 15:45:00,57.14591310509777,,,,,,,,,,,,0.0
19530,888,0.0,24.0,Thickshake (Syrup)-Spearmint,1,Cold Drinks,6.0,4,SML,6.0,2022-02-18 15:45:00,57.14591310509777,,,,,,,,,,,,0.0
19530,888,0.0,24.0,Iced Mocha with Cream,1,Cold Drinks,6.0,1,REG,6.0,2022-02-18 15:45:00,57.14591310509777,With Cream,Normal,,0,,,Full Cream,,Full,,,0.0
19530,888,0.0,24.0,Iced Mocha with Cream,1,Cold Drinks,6.0,2,REG,6.0,2022-02-18 15:45:00,57.14591310509777,With Cream,Normal,,0,,,Full Cream,,Full,,,0.0
28301,1149,0.0,24.0,Ice Latte,1,Cold Drinks,5.0,1,REG,5.0,2023-01-15 12:05:51,94.17713806085494,,Normal,,0,,,Skim,,Full,None,,0.0
16833,946,0.0,24.0,Milkshake (Syrup)-Vanilla,1,Cold Drinks,6.0,3,LRG,6.0,2021-10-23 12:32:59,59.96387801557423,,,,,,,Full Cream,,,,,0.0
16833,946,0.0,24.0,Milkshake (Syrup)-Vanilla,1,Cold Drinks,6.0,4,LRG,6.0,2021-10-23 12:32:59,59.96387801557423,,,,,,,Full Cream,,,,,0.0
15564,234,0.0,24.0,Iced Chocolate with Cream,1,Cold Drinks,5.5,3,REG,5.5,2021-09-11 09:05:10,3.306975953679214,With Cream,,,0,,,Skim,,Full,,,0.0
27201,1026,0.0,36.8,Freshly Squeezed Juice-Orange,1,Cold Drinks,6.5,2,REG,6.5,2022-11-27 09:15:19,24.170229622409465,,,,,With Ice,"Orange, Celery",,,,,,0.0
22318,1189,0.0,36.8,Ice Latte,1,Cold Drinks,5.3,3,REG,4.8,2022-06-03 09:00:00,102.91074667455888,,Decaf,,0,,,Soy,,Full,None,,0.5
37227,446,0.0,36.8,Milkshake (Syrup)-Chocolate,1,Cold Drinks,5.2,4,SML,5.2,2023-11-01 10:50:21,6.801133915060578,,,,,,,Full Cream,,,,,0.0
37227,446,0.0,36.8,Smoothie-Koko Berries,1,Cold Drinks,8.5,5,REG,8.5,2023-11-01 10:50:21,6.801133915060578,,,,,,,,,,,,0.0
8576,489,0.0,36.8,Milkshake (Syrup)-Strawberry,1,Cold Drinks,3.8,3,SML,3.8,2020-11-02 12:28:20,473.27060617226874,,,,,,,Full Cream,,,,,0.0
8576,489,0.0,36.8,Ice Latte,1,Cold Drinks,5.0,2,REG,4.5,2020-11-02 12:28:20,473.27060617226874,,Normal,,0,,,Soy,,Full,None,,0.5
15161,754,0.0,49.6,Thickshake (Syrup)-Cookies and Cream,1,Cold Drinks,8.0,3,LRG,8.0,2021-08-28 10:36:36,5.580993662182695,,,,,,,,,,,,0.0
15161,754,0.0,49.6,Thickshake (Syrup)-Lime,1,Cold Drinks,8.0,4,LRG,8.0,2021-08-28 10:36:36,5.580993662182695,,,,,,,,,,,,0.0
14062,800,0.0,88.0,Iced Chocolate with Cream,1,Cold Drinks,5.5,3,REG,5.5,2021-07-17 08:06:11,102.91074667455888,With Cream,,,0,,,Full Cream,,Full,,,0.0
14062,800,0.0,88.0,Iced Chocolate with Cream,1,Cold Drinks,5.5,4,REG,5.5,2021-07-17 08:06:11,102.91074667455888,With Cream,,,0,,,Full Cream,,Full,,,0.0
29889,308,1.02,11.22,Milkshake (Syrup)-Vanilla,1,Cold Drinks,2.9,3,MINI,2.9,2023-03-13 09:07:36,10.76198852605863,,,,,,,Full Cream,,,,,0.0
26948,1026,0.0,18.9,Freshly Squeezed Juice-Orange,1,Cold Drinks,7.0,3,REG,6.5,2022-11-19 08:31:17,24.170229622409465,,,,,With Ice,"Orange, Celery, Ginger",,,,,,0.5
29479,811,0.0,18.9,Freshly Squeezed Juice-Orange,1,Cold Drinks,7.0,1,REG,6.5,2023-02-27 14:16:21,56.15160730560616,,,,,With Ice,"Orange, Lemon, Apple, Celery, Carrot, Beetroot",,,,,,0.5
15598,79,0.0,18.9,Smoothie-Banana Buzz,1,Cold Drinks,7.6,2,REG,7.6,2021-09-12 09:50:11,44.926900403068,,,,,,,,,,,,0.0
28396,100,0.0,18.9,Smoothie-Mango Magic,1,Cold Drinks,7.6,4,REG,7.6,2023-01-19 09:50:01,18.372639920725167,,,,,,,,,,,,0.0
27271,1148,0.0,18.9,Milkshake (Syrup)-Lime,1,Cold Drinks,3.9,3,SML,3.9,2022-11-30 06:38:32,21.754424527504998,,,,,,,Full Cream,,,,,0.0
27271,1148,0.0,18.9,Milkshake (Syrup)-Chocolate,1,Cold Drinks,3.9,4,SML,3.9,2022-11-30 06:38:32,21.754424527504998,,,,,,,Full Cream,,,,,0.0
19719,392,0.0,18.9,Ice Latte,1,Cold Drinks,5.5,4,REG,4.8,2022-02-26 07:48:45,14.551929023255726,,Normal,,0,,,Almond,,Full,None,,0.7000000000000002
38512,1192,0.0,18.9,Iced Coffee with Cream,1,Cold Drinks,6.4,2,REG,5.9,2023-12-13 14:12:42,48.3676739574891,No Cream,Normal,,0,,,Lactose Free,,Full,Vanilla,,0.5
5148,174,0.0,18.9,Iced Coffee with Cream,1,Cold Drinks,5.0,1,REG,5.0,2020-06-03 10:31:37,25.02950639697456,With Cream,Decaf,,0,,,Full Cream,,Full,Vanilla,,0.0
5148,174,0.0,18.9,Iced Coffee with Cream,1,Cold Drinks,5.0,2,REG,5.0,2020-06-03 10:31:37,25.02950639697456,With Cream,Decaf,,0,,,Full Cream,,Full,Vanilla,,0.0
9572,479,0.0,18.9,Freshly Squeezed Juice-Orange,1,Cold Drinks,6.5,2,REG,6.0,2020-12-14 09:20:52,35.83992187491485,,,,,With Ice,"Orange, Lemon, Apple, Celery, Carrot, Ginger",,,,,,0.5
8619,479,0.0,18.9,Freshly Squeezed Juice-Orange,1,Cold Drinks,6.5,2,REG,6.0,2020-11-04 09:18:00,35.83992187491485,,,,,With Ice,"Orange, Lemon, Apple, Celery, Carrot, Ginger",,,,,,0.5
25222,228,0.0,18.9,Milkshake (Syrup)-Caramel,1,Cold Drinks,3.9,4,SML,3.9,2022-09-17 10:16:15,142.2871211013458,,,,,,,Full Cream,,,,,0.0
36928,1253,0.0,18.9,Thickshake (Syrup)-Caramel,1,Cold Drinks,7.9,1,SML,7.9,2023-10-23 08:57:55,17.271483649803734,,,,,,,,,,,,0.0
34979,1253,0.0,18.9,Thickshake (Syrup)-Caramel,1,Cold Drinks,7.9,1,SML,7.9,2023-08-24 08:25:42,17.271483649803734,,,,,,,,,,,,0.0
34547,1253,0.0,18.9,Thickshake (Syrup)-Caramel,1,Cold Drinks,7.9,1,SML,7.9,2023-08-10 09:12:45,17.271483649803734,,,,,,,,,,,,0.0
34386,1253,0.0,18.9,Thickshake (Syrup)-Caramel,1,Cold Drinks,7.9,1,SML,7.9,2023-08-05 10:38:45,17.271483649803734,,,,,,,,,,,,0.0
5678,233,0.0,18.9,Milkshake (Syrup)-Vanilla,1,Cold Drinks,3.8,3,SML,3.8,2020-07-11 09:21:20,14.254925248600953,,,,,,,Full Cream,,,,,0.0
5678,233,0.0,18.9,Milkshake (Syrup)-Lime,1,Cold Drinks,6.0,4,LRG,6.0,2020-07-11 09:21:20,14.254925248600953,,,,,,,Full Cream,,,,,0.0
37095,1614,0.0,31.7,Iced Chocolate with Cream,1,Cold Drinks,5.9,1,REG,5.9,2023-10-28 09:40:07,26.633312473917574,With Cream,,,0,,,Skim,,Full,,,0.0
21070,1134,0.0,31.7,Milkshake (Syrup)-Banana,1,Cold Drinks,2.9,2,MINI,2.9,2022-04-19 09:15:00,32.526911934581186,,,,,,,Full Cream,,,,,0.0
37097,175,0.0,31.7,Milkshake (Syrup)-Banana,1,Cold Drinks,7.2,4,LRG,7.2,2023-10-28 09:57:23,10.277826498239987,,,,,,,Full Cream,,,,,0.0
37097,175,0.0,31.7,Milkshake (Syrup)-Caramel,1,Cold Drinks,3.3,5,MINI,3.3,2023-10-28 09:57:23,10.277826498239987,,,,,,,Full Cream,,,,,0.0
37097,175,0.0,31.7,Milkshake (Syrup)-Banana,1,Cold Drinks,3.3,6,MINI,3.3,2023-10-28 09:57:23,10.277826498239987,,,,,,,Full Cream,,,,,0.0
16256,234,0.0,31.7,Iced Chocolate with Cream,1,Cold Drinks,5.5,1,REG,5.5,2021-10-03 10:53:36,3.306975953679214,With Cream,,,0,,,Full Cream,,Full,,,0.0
7731,490,0.0,31.7,Smoothie-Banana Buzz,1,Cold Drinks,7.6,4,REG,7.6,2020-10-04 13:40:38,102.91074667455888,,,,,,,,,,,,0.0
35099,244,0.0,31.7,Milkshake (Syrup)-Strawberry,1,Cold Drinks,3.3,4,MINI,3.3,2023-08-27 10:26:57,857.8166082172421,,,,,,,Full Cream,,,,,0.0
35099,244,0.0,31.7,Milkshake (Syrup)-Caramel,1,Cold Drinks,3.3,5,MINI,3.3,2023-08-27 10:26:57,857.8166082172421,,,,,,,Full Cream,,,,,0.0
35099,244,0.0,31.7,Milkshake (Syrup)-Banana,1,Cold Drinks,7.2,6,LRG,7.2,2023-08-27 10:26:57,857.8166082172421,,,,,,,Full Cream,,,,,0.0
22683,1197,0.0,57.3,Ice Chai,1,Cold Drinks,6.5,2,REG,6.0,2022-06-17 13:00:00,102.91074667455888,,,,0,,,Soy,,Full,,,0.5
22683,1197,0.0,57.3,Smoothie-Koko Berries,1,Cold Drinks,7.6,6,REG,7.6,2022-06-17 13:00:00,102.91074667455888,,,,,,,,,,,,0.0
25538,1289,0.0,13.8,Ice Latte,1,Cold Drinks,4.8,1,REG,4.8,2022-09-29 12:50:46,674.5798692519663,,Normal,,0,,,Skim,,Half,None,,0.0
37947,1551,0.0,13.8,Smoothie-Koko Berries,1,Cold Drinks,8.5,2,REG,8.5,2023-11-25 12:00:53,16.15473210728448,,,,,,,,,,,,0.0
7314,20,0.0,13.8,Freshly Squeezed Juice-Orange,1,Cold Drinks,6.5,4,REG,6.0,2020-09-19 08:30:30,15.937429912097317,,,,,With Ice,"Apple, Ginger",,,,,,0.5
5592,20,0.0,13.8,Ice Latte,1,Cold Drinks,5.0,5,REG,4.5,2020-07-06 06:58:44,15.937429912097317,,Normal,,1,,,Skim,,Full,None,,0.5
9130,556,0.0,13.8,Milkshake (Syrup)-Strawberry,1,Cold Drinks,2.5,2,MINI,2.5,2020-11-26 09:15:00,102.91074667455888,,,,,,,Full Cream,,,,,0.0
35856,48,0.0,13.8,Smoothie-Mango Magic,1,Cold Drinks,8.5,2,REG,8.5,2023-09-20 11:14:57,20.32398627078375,,,,,,,,,,,,0.0
28467,839,0.0,13.8,Milkshake (Syrup)-Chocolate,1,Cold Drinks,2.9,3,MINI,2.9,2023-01-22 07:06:29,7.6513830729472705,,,,,,,Full Cream,,,,,0.0
29690,1117,0.0,13.8,Thickshake (Syrup)-Chocolate,2,Cold Drinks,13.8,1,SML,6.9,2023-03-06 13:23:13,55.207406274066905,,,,,,,,,,,,0.0
20493,1122,0.0,13.8,Milkshake (Syrup)-Chocolate,1,Cold Drinks,2.9,3,MINI,2.9,2022-03-27 08:59:33,124.53647390757992,,,,,,,Full Cream,,,,,0.0
10739,632,0.0,13.8,Ice Latte,1,Cold Drinks,4.8,1,REG,4.8,2021-02-20 08:10:50,37.43510177679527,,Normal,,0,,,Skim,,Full,None,,0.0
29444,1148,0.0,13.8,Milkshake (Syrup)-Lime,1,Cold Drinks,2.9,4,MINI,2.9,2023-02-26 12:36:00,21.754424527504998,,,,,,,Full Cream,,,,,0.0
23117,405,0.0,13.8,Milkshake (Syrup)-Chocolate,1,Cold Drinks,3.9,3,SML,3.9,2022-07-04 10:47:11,304.44448499594216,,,,,,,Full Cream,,,,,0.0
23117,405,0.0,13.8,Iced Chocolate with Cream,1,Cold Drinks,5.5,2,REG,5.5,2022-07-04 10:47:11,304.44448499594216,No Cream,,,0,,,Full Cream,,Full,,,0.0
36039,1444,0.0,13.8,Smoothie-Banana Buzz,1,Cold Drinks,8.5,2,REG,8.5,2023-09-26 07:06:11,28.269114898469265,,,,,,,,,,,,0.0
33152,175,0.0,13.8,Smoothie-Mango Magic,1,Cold Drinks,7.6,2,REG,7.6,2023-06-27 09:12:35,10.277826498239987,,,,,,,,,,,,0.0
27261,446,0.0,13.8,Milkshake (Syrup)-Chocolate,1,Cold Drinks,2.9,3,MINI,2.9,2022-11-29 09:06:02,6.801133915060578,,,,,,,Full Cream,,,,,0.0
17179,721,0.0,13.8,Ice Latte,1,Cold Drinks,4.8,1,REG,4.8,2021-11-05 07:55:45,22.483978525220593,,Normal,,0,,,Full Cream,,Full,None,,0.0
31986,233,0.0,13.8,Thickshake (Syrup)-Lime,1,Cold Drinks,6.9,1,SML,6.9,2023-05-20 11:05:59,14.254925248600953,,,,,,,,,,,,0.0
31986,233,0.0,13.8,Thickshake (Syrup)-Vanilla,1,Cold Drinks,6.9,2,SML,6.9,2023-05-20 11:05:59,14.254925248600953,,,,,,,,,,,,0.0
29000,233,0.0,13.8,Thickshake (Syrup)-Chocolate,1,Cold Drinks,6.9,1,SML,6.9,2023-02-11 09:51:10,14.254925248600953,,,,,,,,,,,,0.0
29000,233,0.0,13.8,Thickshake (Syrup)-Chocolate,1,Cold Drinks,6.9,2,SML,6.9,2023-02-11 09:51:10,14.254925248600953,,,,,,,,,,,,0.0
28805,233,0.0,13.8,Thickshake (Syrup)-Chocolate,1,Cold Drinks,6.9,1,SML,6.9,2023-02-04 14:15:36,14.254925248600953,,,,,,,,,,,,0.0
28805,233,0.0,13.8,Thickshake (Syrup)-Chocolate,1,Cold Drinks,6.9,2,SML,6.9,2023-02-04 14:15:36,14.254925248600953,,,,,,,,,,,,0.0
28463,233,0.0,13.8,Thickshake (Syrup)-Chocolate,1,Cold Drinks,6.9,1,SML,6.9,2023-01-21 12:41:06,14.254925248600953,,,,,,,,,,,,0.0
28463,233,0.0,13.8,Thickshake (Syrup)-Chocolate,1,Cold Drinks,6.9,2,SML,6.9,2023-01-21 12:41:06,14.254925248600953,,,,,,,,,,,,0.0
28266,233,0.0,13.8,Thickshake (Syrup)-Chocolate,1,Cold Drinks,6.9,1,SML,6.9,2023-01-14 08:45:42,14.254925248600953,,,,,,,,,,,,0.0
28266,233,0.0,13.8,Thickshake (Syrup)-Chocolate,1,Cold Drinks,6.9,2,SML,6.9,2023-01-14 08:45:42,14.254925248600953,,,,,,,,,,,,0.0
28106,233,0.0,13.8,Thickshake (Syrup)-Chocolate,1,Cold Drinks,6.9,1,SML,6.9,2023-01-08 08:36:16,14.254925248600953,,,,,,,,,,,,0.0
28106,233,0.0,13.8,Thickshake (Syrup)-Chocolate,1,Cold Drinks,6.9,2,SML,6.9,2023-01-08 08:36:16,14.254925248600953,,,,,,,,,,,,0.0
38866,234,0.0,13.8,Milkshake (Syrup)-Cookies and Cream,1,Cold Drinks,7.2,2,LRG,7.2,2024-01-04 11:04:55,3.306975953679214,,,,,,,Full Cream,,,,,0.0
34819,234,0.0,13.8,Milkshake (Syrup)-Cookies and Cream,1,Cold Drinks,7.2,2,LRG,7.2,2023-08-19 08:12:37,3.306975953679214,,,,,,,Skim,,,,,0.0
15899,240,0.0,13.8,Smoothie-Mango Magic,1,Cold Drinks,7.6,2,REG,7.6,2021-09-22 08:17:30,32.79878325213104,,,,,,,,,,,,0.0
33946,1267,0.0,13.8,Milkshake (Syrup)-Chocolate,1,Cold Drinks,2.9,3,MINI,2.9,2023-07-22 13:12:21,308.0541078014272,,,,,,,Full Cream,,,,,0.0
20895,255,0.0,13.8,Ice Latte,1,Cold Drinks,4.8,1,REG,4.8,2022-04-10 12:00:00,56.13881858007836,,Normal,,0,,,Full Cream,,Full,None,,0.0
33278,1376,0.0,26.6,Smoothie-Mango Magic,1,Cold Drinks,7.6,2,REG,7.6,2023-07-01 09:35:37,22.627416997969522,,,,,,,,,,,,0.0
6502,387,0.0,26.6,Iced Chocolate with Cream,1,Cold Drinks,5.0,1,REG,5.0,2020-08-18 12:32:32,89.20540707357817,With Cream,,,0,,,Full Cream,,Full,,,0.0
6502,387,0.0,26.6,Milkshake (Syrup)-Strawberry,1,Cold Drinks,3.8,4,SML,3.8,2020-08-18 12:32:32,89.20540707357817,,,,,,,Full Cream,,,,,0.0
37272,1524,0.0,26.6,Ice Latte,1,Cold Drinks,5.7,2,REG,5.2,2023-11-02 12:09:09,25.790363648906876,,Normal,,1,,,Full Cream,,Full,Vanilla,,0.5
25425,1148,0.0,39.4,Milkshake (Syrup)-Lime,1,Cold Drinks,3.9,2,SML,3.9,2022-09-25 09:24:59,21.754424527504998,,,,,,,Full Cream,,,,,0.0
25425,1148,0.0,39.4,Milkshake (Syrup)-Chocolate,1,Cold Drinks,3.9,3,SML,3.9,2022-09-25 09:24:59,21.754424527504998,,,,,,,Full Cream,,,,,0.0
25425,1148,0.0,39.4,Thickshake (Syrup)-Lime,1,Cold Drinks,6.5,4,SML,6.5,2022-09-25 09:24:59,21.754424527504998,,,,,,,,,,,,0.0
31080,175,0.0,39.4,Milkshake (Syrup)-Caramel,1,Cold Drinks,2.9,4,MINI,2.9,2023-04-22 09:54:29,10.277826498239987,,,,,,,Full Cream,,,,,0.0
31080,175,0.0,39.4,Milkshake (Syrup)-Caramel,1,Cold Drinks,2.9,5,MINI,2.9,2023-04-22 09:54:29,10.277826498239987,,,,,,,Full Cream,,,,,0.0
11274,180,0.0,39.4,Smoothie-Mango Magic,1,Cold Drinks,7.6,5,REG,7.6,2021-03-19 13:43:50,41.012193308819754,,,,,,,,,,,,0.0
11274,180,0.0,39.4,Freshly Squeezed Juice-Orange,1,Cold Drinks,6.5,3,REG,6.0,2021-03-19 13:43:50,41.012193308819754,,,,,With Ice,"Lemon, Apple, Celery, Ginger",,,,,,0.5
20669,754,0.0,39.4,Smoothie-Koko Berries,1,Cold Drinks,7.6,3,REG,7.6,2022-04-02 11:31:52,5.580993662182695,,,,,,,,,,,,0.0
13078,20,0.0,52.2,Freshly Squeezed Juice-Orange,1,Cold Drinks,6.5,3,REG,6.0,2021-06-06 09:16:17,15.937429912097317,,,,,With Ice,"Apple, Carrot, Ginger",,,,,,0.5
13078,20,0.0,52.2,Milkshake (Syrup)-Chocolate,1,Cold Drinks,2.9,5,MINI,2.9,2021-06-06 09:16:17,15.937429912097317,,,,,,,Full Cream,,,,,0.0
13078,20,0.0,52.2,Milkshake (Syrup)-Chocolate,1,Cold Drinks,2.9,6,MINI,2.9,2021-06-06 09:16:17,15.937429912097317,,,,,,,Full Cream,,,,,0.0
13078,20,0.0,52.2,Freshly Squeezed Juice-Orange,1,Cold Drinks,6.0,4,REG,6.0,2021-06-06 09:16:17,15.937429912097317,,,,,With Ice,"Orange, Apple",,,,,,0.0
15756,906,0.0,77.8,Milkshake (Syrup)-Blue Heaven,1,Cold Drinks,3.9,6,SML,3.9,2021-09-17 12:45:00,94.49445811463804,,,,,,,Full Cream,,,,,0.0
15756,906,0.0,77.8,Milkshake (Syrup)-Blue Heaven,1,Cold Drinks,3.9,7,SML,3.9,2021-09-17 12:45:00,94.49445811463804,,,,,,,Full Cream,,,,,0.0
15756,906,0.0,77.8,Milkshake (Syrup)-Lime,1,Cold Drinks,3.9,8,SML,3.9,2021-09-17 12:45:00,94.49445811463804,,,,,,,Full Cream,,,,,0.0
15756,906,0.0,77.8,Milkshake (Syrup)-Chocolate,1,Cold Drinks,3.9,9,SML,3.9,2021-09-17 12:45:00,94.49445811463804,,,,,,,Full Cream,,,,,0.0
10540,32,0.0,8.7,Milkshake (Syrup)-Strawberry,1,Cold Drinks,3.9,2,SML,3.9,2021-02-10 09:09:05,21.344574393513,,,,,,,Full Cream,,,,,0.0
14333,825,0.0,8.7,Milkshake (Syrup)-Chocolate,1,Cold Drinks,2.9,1,MINI,2.9,2021-07-27 12:00:00,102.91074667455888,,,,,,,Full Cream,,,,,0.0
14333,825,0.0,8.7,Milkshake (Syrup)-Chocolate,1,Cold Drinks,2.9,2,MINI,2.9,2021-07-27 12:00:00,102.91074667455888,,,,,,,Full Cream,,,,,0.0
14333,825,0.0,8.7,Milkshake (Syrup)-Chocolate,1,Cold Drinks,2.9,3,MINI,2.9,2021-07-27 12:00:00,102.91074667455888,,,,,,,Full Cream,,,,,0.0
36902,861,0.0,8.7,Milkshake (Syrup)-Chocolate,1,Cold Drinks,3.3,2,MINI,3.3,2023-10-22 14:03:58,7.391898667983243,,,,,,,Full Cream,,,,,0.0
20003,351,0.0,8.7,Ice Latte,1,Cold Drinks,4.8,1,REG,4.8,2022-03-07 12:12:19,15.749687649741688,,Normal,,0,,,Full Cream,,Full,None,,0.0
36862,632,0.0,8.7,Ice Latte,1,Cold Drinks,5.2,2,REG,5.2,2023-10-21 09:13:51,37.43510177679527,,Decaf,,0,,,Full Cream,,Full,None,,0.0
25620,175,0.0,8.7,Milkshake (Syrup)-Spearmint,1,Cold Drinks,3.9,2,SML,3.9,2022-10-02 12:54:46,10.277826498239987,,,,,,,Full Cream,,,,,0.0
25134,175,0.0,8.7,Milkshake (Syrup)-Banana,1,Cold Drinks,3.9,2,SML,3.9,2022-09-14 09:07:44,10.277826498239987,,,,,,,Full Cream,,,,,0.0
24644,175,0.0,8.7,Milkshake (Syrup)-Blue Heaven,1,Cold Drinks,3.9,2,SML,3.9,2022-08-29 09:00:10,10.277826498239987,,,,,,,Full Cream,,,,,0.0
32580,451,0.0,8.7,Iced Coffee with Cream,1,Cold Drinks,5.7,2,REG,5.7,2023-06-08 09:11:20,62.44086395645575,With Cream,Normal,,0,,,Full Cream,,Full,Vanilla,,0.0
40482,197,0.0,8.7,Milkshake (Syrup)-Vanilla,1,Cold Drinks,5.7,2,SML,5.2,2024-03-01 09:22:13,8.972684535279665,,,,,,,Lactose Free,,,,,0.5
16944,197,0.0,8.7,Milkshake (Syrup)-Vanilla,1,Cold Drinks,3.9,2,SML,3.9,2021-10-27 08:57:15,8.972684535279665,,,,,,,Full Cream,,,,,0.0
16567,197,0.0,8.7,Milkshake (Syrup)-Chocolate,1,Cold Drinks,3.9,2,SML,3.9,2021-10-14 11:30:37,8.972684535279665,,,,,,,Full Cream,,,,,0.0
26647,1288,0.0,21.5,Iced Coffee with Cream,1,Cold Drinks,5.5,2,REG,5.5,2022-11-09 09:22:48,33.68481359109275,With Cream,Normal,,0,,,Full Cream,,Full,Vanilla,,0.0
26647,1288,0.0,21.5,Iced Chocolate with Cream,1,Cold Drinks,6.0,1,REG,5.5,2022-11-09 09:22:48,33.68481359109275,With Cream,,,0,,,Soy,,Full,,,0.5
14959,268,0.0,21.5,Iced Chocolate with Cream,1,Cold Drinks,5.5,1,REG,5.5,2021-08-21 09:58:47,86.00495109529,With Cream,,,0,,,Skim,,Full,,,0.0
14959,268,0.0,21.5,Iced Chocolate with Cream,1,Cold Drinks,5.5,2,REG,5.5,2021-08-21 09:58:47,86.00495109529,With Cream,,,0,,,Skim,,Full,,,0.0
13941,795,0.0,21.5,Ice Latte,1,Cold Drinks,4.8,2,REG,4.8,2021-07-11 12:13:21,326.20096055448187,,Normal,,0,,,Full Cream,,Full,Vanilla,,0.0
26750,1329,0.0,21.5,Freshly Squeezed Juice-Orange,1,Cold Drinks,6.5,1,REG,6.5,2022-11-12 11:39:00,69.03537932019783,,,,,With Ice,"Orange, Apple",,,,,,0.0
26750,1329,0.0,21.5,Freshly Squeezed Juice-Orange,1,Cold Drinks,7.0,2,REG,6.5,2022-11-12 11:39:00,69.03537932019783,,,,,With Ice,"Apple, Carrot, Ginger",,,,,,0.5
36627,101,0.0,21.5,Milkshake (Syrup)-Chocolate,1,Cold Drinks,5.2,2,SML,5.2,2023-10-14 11:18:46,58.06680913565154,,,,,,,Full Cream,,,,,0.0
4742,174,0.0,21.5,Smoothie-Mango Magic,1,Cold Drinks,7.6,4,REG,7.6,2020-05-04 10:39:09,25.02950639697456,,,,,,,,,,,,0.0
4742,174,0.0,21.5,Iced Coffee with Cream,1,Cold Drinks,5.0,1,REG,5.0,2020-05-04 10:39:09,25.02950639697456,With Cream,Decaf,,0,,,Full Cream,,Full,Vanilla,,0.0
25783,234,0.0,21.5,Milkshake (Syrup)-Cookies and Cream,1,Cold Drinks,6.0,3,LRG,6.0,2022-10-08 10:17:56,3.306975953679214,,,,,,,Skim,,,,,0.0
14954,814,0.0,34.3,Milkshake (Syrup)-Banana,1,Cold Drinks,3.9,4,SML,3.9,2021-08-21 09:31:23,144.56895356950722,,,,,,,Full Cream,,,,,0.0
23638,261,0.0,16.4,Milkshake (Syrup)-Chocolate,1,Cold Drinks,3.9,4,SML,3.9,2022-07-24 13:55:06,15.87426905030864,,,,,,,Skim,,,,,0.0
20883,268,0.0,16.4,Milkshake (Syrup)-Vanilla,1,Cold Drinks,2.9,3,MINI,2.9,2022-04-10 09:02:55,86.00495109529,,,,,,,Full Cream,,,,,0.0
20883,268,0.0,16.4,Milkshake (Syrup)-Vanilla,1,Cold Drinks,2.9,4,MINI,2.9,2022-04-10 09:02:55,86.00495109529,,,,,,,Full Cream,,,,,0.0
20338,1058,0.0,16.4,Smoothie-Mango Magic,1,Cold Drinks,7.6,3,REG,7.6,2022-03-20 11:18:24,140.34269744903983,,,,,,,,,,,,0.0
15186,49,0.0,16.4,Milkshake (Syrup)-Chocolate,1,Cold Drinks,3.9,3,SML,3.9,2021-08-29 09:37:32,5.6913721453400745,,,,,,,Full Cream,,,,,0.0
15186,49,0.0,16.4,Milkshake (Syrup)-Chocolate,1,Cold Drinks,3.9,4,SML,3.9,2021-08-29 09:37:32,5.6913721453400745,,,,,,,Full Cream,,,,,0.0
11166,49,0.0,16.4,Milkshake (Syrup)-Chocolate,1,Cold Drinks,3.9,3,SML,3.9,2021-03-14 09:46:30,5.6913721453400745,,,,,,,Full Cream,,,,,0.0
11166,49,0.0,16.4,Milkshake (Syrup)-Chocolate,1,Cold Drinks,3.9,4,SML,3.9,2021-03-14 09:46:30,5.6913721453400745,,,,,,,Full Cream,,,,,0.0
7722,49,0.0,16.4,Milkshake (Syrup)-Chocolate,1,Cold Drinks,3.8,4,SML,3.8,2020-10-04 10:22:50,5.6913721453400745,,,,,,,Full Cream,,,,,0.0
7546,49,0.0,16.4,Milkshake (Syrup)-Chocolate,1,Cold Drinks,3.8,4,SML,3.8,2020-09-27 11:11:55,5.6913721453400745,,,,,,,Full Cream,,,,,0.0
6611,49,0.0,16.4,Milkshake (Syrup)-Chocolate,1,Cold Drinks,3.8,4,SML,3.8,2020-08-23 11:02:16,5.6913721453400745,,,,,,,Full Cream,,,,,0.0
6453,49,0.0,16.4,Milkshake (Syrup)-Chocolate,1,Cold Drinks,3.8,4,SML,3.8,2020-08-16 10:14:36,5.6913721453400745,,,,,,,Full Cream,,,,,0.0
6436,49,0.0,16.4,Milkshake (Syrup)-Chocolate,1,Cold Drinks,3.8,4,SML,3.8,2020-08-15 10:21:44,5.6913721453400745,,,,,,,Full Cream,,,,,0.0
5847,49,0.0,16.4,Milkshake (Syrup)-Chocolate,1,Cold Drinks,3.8,4,SML,3.8,2020-07-19 10:17:19,5.6913721453400745,,,,,,,Full Cream,,,,,0.0
5103,49,0.0,16.4,Milkshake (Syrup)-Chocolate,1,Cold Drinks,3.8,4,SML,3.8,2020-05-31 09:47:23,5.6913721453400745,,,,,,,Full Cream,,,,,0.0
4731,49,0.0,16.4,Milkshake (Syrup)-Chocolate,1,Cold Drinks,3.8,4,SML,3.8,2020-05-03 10:30:44,5.6913721453400745,,,,,,,Full Cream,,,,,0.0
18695,578,0.0,16.4,Coffee Frappe,1,Cold Drinks,6.5,1,REG,6.5,2022-01-16 09:22:26,52.26973255838355,,Normal,,0,,,Full Cream,,Full,,,0.0
18695,578,0.0,16.4,Milkshake (Syrup)-Strawberry,1,Cold Drinks,3.9,3,SML,3.9,2022-01-16 09:22:26,52.26973255838355,,,,,,,Full Cream,,,,,0.0
4338,78,0.0,16.4,Iced Coffee with Cream,1,Cold Drinks,5.5,1,REG,5.0,2020-03-12 08:36:26,118.77749604723726,With Cream,Normal,,1,,,Skim,,Full,Vanilla,,0.5
16262,867,0.0,16.4,Milkshake (Syrup)-Chocolate,1,Cold Drinks,3.9,1,SML,3.9,2021-10-03 11:13:14,137.05619285533945,,,,,,,Full Cream,,,,,0.0
16262,867,0.0,16.4,Milkshake (Syrup)-Chocolate,1,Cold Drinks,2.9,2,MINI,2.9,2021-10-03 11:13:14,137.05619285533945,,,,,,,Full Cream,,,,,0.0
10425,615,0.0,16.4,Freshly Squeezed Juice-Orange,1,Cold Drinks,6.5,2,REG,6.0,2021-02-04 09:46:57,66.89693565478167,,,,,With Ice,"Orange, Lemon, Apple, Celery, Carrot, Ginger",,,,,,0.5
32668,228,0.0,16.4,Milkshake (Syrup)-Caramel,2,Cold Drinks,5.8,3,MINI,2.9,2023-06-11 10:10:37,142.2871211013458,,,,,,,Full Cream,,,,,0.0
29659,228,0.0,16.4,Milkshake (Syrup)-Banana,1,Cold Drinks,2.9,3,MINI,2.9,2023-03-05 11:39:32,142.2871211013458,,,,,,,Full Cream,,,,,0.0
29659,228,0.0,16.4,Milkshake (Syrup)-Spearmint,1,Cold Drinks,2.9,4,MINI,2.9,2023-03-05 11:39:32,142.2871211013458,,,,,,,Full Cream,,,,,0.0
28460,228,0.0,16.4,Milkshake (Syrup)-Lime,1,Cold Drinks,2.9,3,MINI,2.9,2023-01-21 11:06:54,142.2871211013458,,,,,,,Full Cream,,,,,0.0
28460,228,0.0,16.4,Milkshake (Syrup)-Blue Heaven,1,Cold Drinks,2.9,4,MINI,2.9,2023-01-21 11:06:54,142.2871211013458,,,,,,,Full Cream,,,,,0.0
28282,228,0.0,16.4,Milkshake (Syrup)-Blue Heaven,1,Cold Drinks,2.9,3,MINI,2.9,2023-01-14 12:16:13,142.2871211013458,,,,,,,Full Cream,,,,,0.0
28282,228,0.0,16.4,Milkshake (Syrup)-Lime,1,Cold Drinks,2.9,4,MINI,2.9,2023-01-14 12:16:13,142.2871211013458,,,,,,,Full Cream,,,,,0.0
3625,58,0.0,29.2,Ice Latte,1,Cold Drinks,5.0,2,REG,4.5,2019-09-29 12:51:19,102.91074667455888,,Normal,,0,,,Soy,,Full,None,,0.5
22722,839,0.0,29.2,Milkshake (Syrup)-Strawberry,1,Cold Drinks,2.9,3,MINI,2.9,2022-06-19 08:08:26,7.6513830729472705,,,,,,,Full Cream,,,,,0.0
20178,846,0.0,29.2,Smoothie-Banana Buzz,1,Cold Drinks,7.6,1,REG,7.6,2022-03-14 11:00:42,113.91735336941782,,,,,,,,,,,,0.0
20178,846,0.0,29.2,Smoothie-Mango Magic,1,Cold Drinks,7.6,2,REG,7.6,2022-03-14 11:00:42,113.91735336941782,,,,,,,,,,,,0.0
37343,1649,0.0,29.2,Thickshake (Syrup)-Chocolate,1,Cold Drinks,10.5,5,LRG,10.5,2023-11-05 10:45:25,9.121403400793103,,,,,,,,,,,,0.0
32620,127,0.0,29.2,Milkshake (Syrup)-Chocolate,1,Cold Drinks,6.5,2,LRG,6.5,2023-06-09 11:17:10,77.04087019928528,,,,,,,Full Cream,,,,,0.0
4042,132,0.0,29.2,Smoothie-Mango Magic,1,Cold Drinks,7.6,1,REG,7.6,2020-01-10 06:30:00,15.262777629002558,,,,,,,,,,,,0.0
4042,132,0.0,29.2,Smoothie-Green Machine,1,Cold Drinks,7.6,2,REG,7.6,2020-01-10 06:30:00,15.262777629002558,,,,,,,,,,,,0.0
32659,172,0.0,29.2,Freshly Squeezed Juice-Orange,2,Cold Drinks,15.0,1,REG,6.5,2023-06-11 08:42:39,5.2489316501187995,,,,,With Ice,"Lemon, Celery, Ginger, Beetroot",,,,,,1.0
16515,959,0.0,29.2,Iced Chocolate with Cream,1,Cold Drinks,5.5,3,REG,5.5,2021-10-12 10:05:28,102.91074667455888,No Cream,,,0,,,Full Cream,,Full,,,0.0
16233,754,0.0,29.2,Thickshake (Syrup)-Strawberry,1,Cold Drinks,6.0,5,SML,6.0,2021-10-02 11:22:11,5.580993662182695,,,,,,,,,,,,0.0
16233,754,0.0,29.2,Thickshake (Syrup)-Banana,1,Cold Drinks,6.0,6,SML,6.0,2021-10-02 11:22:11,5.580993662182695,,,,,,,,,,,,0.0
13035,521,0.0,42.0,Coffee Milkshake,1,Cold Drinks,7.0,3,REG,6.0,2021-06-04 11:53:52,185.75564229728337,,Normal,,0,,,Oat Milk,,Full,,,1.0
6985,32,0.0,42.0,Milkshake (Syrup)-Strawberry,1,Cold Drinks,2.5,4,MINI,2.5,2020-09-06 12:00:00,21.344574393513,,,,,,,Full Cream,,,,,0.0
6985,32,0.0,42.0,Milkshake (Syrup)-Strawberry,1,Cold Drinks,2.5,5,MINI,2.5,2020-09-06 12:00:00,21.344574393513,,,,,,,Full Cream,,,,,0.0
6985,32,0.0,42.0,Smoothie-Green Machine,1,Cold Drinks,7.6,6,REG,7.6,2020-09-06 12:00:00,21.344574393513,,,,,,,,,,,,0.0
26533,1322,0.0,42.0,Smoothie-Mango Magic,1,Cold Drinks,7.6,3,REG,7.6,2022-11-05 14:45:00,102.91074667455888,,,,,,,,,,,,0.0
18818,575,0.0,54.8,Freshly Squeezed Juice-Orange,1,Cold Drinks,6.7,1,REG,6.2,2022-01-22 09:05:59,76.78296157615826,,,,,With Ice,"Orange, Lemon, Apple, Celery, Carrot, Ginger",,,,,,0.5
18818,575,0.0,54.8,Freshly Squeezed Juice-Orange,1,Cold Drinks,6.7,2,REG,6.2,2022-01-22 09:05:59,76.78296157615826,,,,,With Ice,"Orange, Lemon, Apple, Celery, Carrot, Ginger",,,,,,0.5
27390,1026,0.0,11.3,Freshly Squeezed Juice-Orange,1,Cold Drinks,7.0,2,REG,6.5,2022-12-03 09:19:35,24.170229622409465,,,,,With Ice,"Orange, Apple, Celery, Carrot, Ginger",,,,,,0.5
11535,9,0.0,11.3,Smoothie-Green Machine,1,Cold Drinks,7.6,2,REG,7.6,2021-03-31 09:05:51,6.703924063787684,,,,,,,,,,,,0.0
10774,20,0.0,11.3,Freshly Squeezed Juice-Orange,1,Cold Drinks,6.0,1,REG,6.0,2021-02-21 12:43:25,15.937429912097317,,,,,With Ice,"Orange, Apple",,,,,,0.0
10774,20,0.0,11.3,Ice Latte,1,Cold Drinks,5.3,2,REG,4.8,2021-02-21 12:43:25,15.937429912097317,,Normal,,1,,,Skim,,Full,None,,0.5
25054,541,0.0,11.3,Ice Latte,1,Cold Drinks,4.8,2,REG,4.8,2022-09-11 12:08:44,72.33584156997668,,Normal,,0,,,Full Cream,,Full,None,,0.0
16518,49,0.0,11.3,Milkshake (Syrup)-Chocolate,1,Cold Drinks,3.9,3,SML,3.9,2021-10-12 11:05:59,5.6913721453400745,,,,,,,Full Cream,,,,,0.0
17544,308,0.0,11.3,Ice Latte,1,Cold Drinks,5.5,1,REG,4.8,2021-11-18 07:57:53,10.76198852605863,,Normal,,0,,,Almond,,Full,None,,0.7000000000000002
17544,308,0.0,11.3,Milkshake (Syrup)-Vanilla,1,Cold Drinks,2.9,2,MINI,2.9,2021-11-18 07:57:53,10.76198852605863,,,,,,,Full Cream,,,,,0.0
17544,308,0.0,11.3,Milkshake (Syrup)-Vanilla,1,Cold Drinks,2.9,3,MINI,2.9,2021-11-18 07:57:53,10.76198852605863,,,,,,,Full Cream,,,,,0.0
17091,173,0.0,11.3,Smoothie-Mango Magic,1,Cold Drinks,7.6,2,REG,7.6,2021-11-01 10:17:27,8.342553249041227,,,,,,,,,,,,0.0
13891,692,0.0,11.3,Freshly Squeezed Juice-Orange,1,Cold Drinks,6.0,2,REG,6.0,2021-07-09 08:00:00,23.069184676126802,,,,,With Ice,"Orange, Celery, Carrot",,,,,,0.0
13815,692,0.0,11.3,Freshly Squeezed Juice-Orange,1,Cold Drinks,6.0,2,REG,6.0,2021-07-06 07:45:00,23.069184676126802,,,,,With Ice,Orange,,,,,,0.0
26403,9,1.26,13.86,Smoothie-Green Machine,1,Cold Drinks,7.6,2,REG,7.6,2022-11-01 09:34:13,6.703924063787684,,,,,,,,,,,,0.0
25371,9,1.26,13.86,Smoothie-Green Machine,1,Cold Drinks,7.6,2,REG,7.6,2022-09-23 07:50:16,6.703924063787684,,,,,,,,,,,,0.0
39670,1611,0.0,24.1,Milkshake (Syrup)-Chocolate,1,Cold Drinks,6.2,5,SML,5.2,2024-02-04 08:49:13,6.127888739864919,,,,,,,Oat Milk,,,,,1.0
19424,721,0.0,24.1,Ice Latte,1,Cold Drinks,4.8,2,REG,4.8,2022-02-14 13:41:48,22.483978525220593,,Normal,,0,,,Full Cream,,Full,None,,0.0
19424,721,0.0,24.1,Ice Latte,1,Cold Drinks,4.8,3,REG,4.8,2022-02-14 13:41:48,22.483978525220593,,Normal,,0,,,Full Cream,,Full,None,,0.0
17736,721,0.0,24.1,Ice Latte,1,Cold Drinks,4.8,2,REG,4.8,2021-11-24 13:35:15,22.483978525220593,,Normal,,0,,,Full Cream,,Full,None,,0.0
18360,391,0.0,36.9,Iced Coffee with Cream,1,Cold Drinks,6.0,2,REG,5.5,2021-12-18 13:16:32,186.28197264720313,With Cream,Normal,,1,,,Skim,,Full,Vanilla,,0.5
4906,175,0.0,36.9,Milkshake (Syrup)-Banana,1,Cold Drinks,3.8,3,SML,3.8,2020-05-16 10:34:46,10.277826498239987,,,,,,,Full Cream,,,,,0.0
4906,175,0.0,36.9,Smoothie-Green Machine,1,Cold Drinks,7.6,4,REG,7.6,2020-05-16 10:34:46,10.277826498239987,,,,,,,,,,,,0.0
16238,947,0.0,36.9,Freshly Squeezed Juice-Orange,1,Cold Drinks,6.0,3,REG,6.0,2021-10-02 12:36:24,119.96547122282429,,,,,With Ice,Orange,,,,,,0.0
16238,947,0.0,36.9,Iced Chocolate with Cream,1,Cold Drinks,5.5,4,REG,5.5,2021-10-02 12:36:24,119.96547122282429,With Cream,,,0,,,Full Cream,,Full,,,0.0
30528,127,0.0,49.7,Milkshake (Syrup)-Chocolate,1,Cold Drinks,6.5,5,LRG,6.5,2023-04-02 10:26:46,77.04087019928528,,,,,,,Full Cream,,,,,0.0
23509,275,0.0,6.2,Freshly Squeezed Juice-Orange,1,Cold Drinks,6.2,1,REG,6.2,2022-07-20 10:36:28,9.182885244928025,,,,,With Ice,Orange,,,,,,0.0
22687,275,0.0,6.2,Freshly Squeezed Juice-Orange,1,Cold Drinks,6.2,1,REG,6.2,2022-06-18 07:33:34,9.182885244928025,,,,,With Ice,Orange,,,,,,0.0
20900,275,0.0,6.2,Freshly Squeezed Juice-Orange,1,Cold Drinks,6.2,1,REG,6.2,2022-04-11 06:48:55,9.182885244928025,,,,,With Ice,Orange,,,,,,0.0
20233,275,0.0,6.2,Freshly Squeezed Juice-Orange,1,Cold Drinks,6.2,1,REG,6.2,2022-03-17 06:19:09,9.182885244928025,,,,,With Ice,Orange,,,,,,0.0
19209,275,0.0,6.2,Freshly Squeezed Juice-Orange,1,Cold Drinks,6.2,1,REG,6.2,2022-02-07 06:16:19,9.182885244928025,,,,,With Ice,Orange,,,,,,0.0
19072,275,0.0,6.2,Freshly Squeezed Juice-Orange,1,Cold Drinks,6.2,1,REG,6.2,2022-02-02 06:07:34,9.182885244928025,,,,,With Ice,Orange,,,,,,0.0
19041,275,0.0,6.2,Freshly Squeezed Juice-Orange,1,Cold Drinks,6.2,1,REG,6.2,2022-02-01 06:05:58,9.182885244928025,,,,,With Ice,Orange,,,,,,0.0
19028,275,0.0,6.2,Freshly Squeezed Juice-Orange,1,Cold Drinks,6.2,1,REG,6.2,2022-01-31 07:42:40,9.182885244928025,,,,,With Ice,Orange,,,,,,0.0
19002,275,0.0,6.2,Freshly Squeezed Juice-Orange,1,Cold Drinks,6.2,1,REG,6.2,2022-01-30 08:57:19,9.182885244928025,,,,,With Ice,Orange,,,,,,0.0
18922,275,0.0,6.2,Freshly Squeezed Juice-Orange,1,Cold Drinks,6.2,1,REG,6.2,2022-01-27 06:27:13,9.182885244928025,,,,,With Ice,Orange,,,,,,0.0
18756,275,0.0,6.2,Freshly Squeezed Juice-Orange,1,Cold Drinks,6.2,1,REG,6.2,2022-01-19 07:16:46,9.182885244928025,,,,,With Ice,Orange,,,,,,0.0
18730,275,0.0,6.2,Freshly Squeezed Juice-Orange,1,Cold Drinks,6.2,1,REG,6.2,2022-01-18 06:50:47,9.182885244928025,,,,,With Ice,Orange,,,,,,0.0
18591,275,0.0,6.2,Freshly Squeezed Juice-Orange,1,Cold Drinks,6.2,1,REG,6.2,2022-01-11 07:13:21,9.182885244928025,,,,,With Ice,Orange,,,,,,0.0
29878,20,0.0,6.2,Iced Coffee with Cream,1,Cold Drinks,6.2,1,REG,5.7,2023-03-12 12:19:59,15.937429912097317,With Cream,Normal,,1,,,Skim,,Full,Vanilla,,0.5
39506,791,0.0,6.2,Ice Latte,1,Cold Drinks,6.2,1,REG,5.2,2024-01-29 08:48:43,10.429845397602763,,Normal,,0,,,Oat Milk,,Full,None,,1.0
20896,1110,0.0,6.2,Freshly Squeezed Juice-Orange,1,Cold Drinks,6.2,1,REG,6.2,2022-04-10 11:40:35,244.92720006837405,,,,,With Ice,"Orange, Lemon, Apple, Celery, Carrot",,,,,,0.0
20256,1110,0.0,6.2,Freshly Squeezed Juice-Orange,1,Cold Drinks,6.2,1,REG,6.2,2022-03-17 13:04:53,244.92720006837405,,,,,With Ice,"Orange, Apple, Celery, Carrot",,,,,,0.0
28488,1373,0.0,6.2,Ice Chai,1,Cold Drinks,6.2,1,REG,6.2,2023-01-23 06:06:22,9.0,,,,0,,,Full Cream,,Full,,,0.0
28228,1373,0.0,6.2,Ice Chai,1,Cold Drinks,6.2,1,REG,6.2,2023-01-13 06:12:39,9.0,,,,0,,,Full Cream,,Full,,,0.0
30805,1453,0.0,6.2,Iced Coffee with Cream,1,Cold Drinks,6.2,1,REG,5.7,2023-04-13 09:26:38,102.91074667455888,With Cream,Decaf,,0,,,Lactose Free,,Half,Vanilla,,0.5
30844,691,0.0,6.2,Iced Mocha with Cream,1,Cold Drinks,6.2,1,REG,6.2,2023-04-14 11:36:12,257.06575034414834,No Cream,Normal,,0,,,Skim,,Full,,,0.0
18959,197,0.0,6.2,Freshly Squeezed Juice-Orange,1,Cold Drinks,6.2,1,REG,6.2,2022-01-28 10:16:55,8.972684535279665,,,,,With Ice,"Orange, Lemon, Apple",,,,,,0.0
38601,1236,0.0,6.2,Ice Latte,1,Cold Drinks,6.2,1,REG,5.2,2023-12-16 10:04:16,80.68789220020818,,Normal,,0,,,Oat Milk,,Full,Vanilla,,1.0
21076,49,0.0,19.0,Milkshake (Syrup)-Vanilla,1,Cold Drinks,3.9,5,SML,3.9,2022-04-19 11:15:48,5.6913721453400745,,,,,,,Full Cream,,,,,0.0
27145,324,0.0,19.0,Iced Coffee with Cream,1,Cold Drinks,6.0,3,REG,5.5,2022-11-25 10:22:31,21.399972119696923,No Cream,Normal,,0,,,Lactose Free,,Full,Vanilla,,0.5
27108,324,0.0,19.0,Iced Chocolate with Cream,1,Cold Drinks,6.0,3,REG,5.5,2022-11-24 10:47:39,21.399972119696923,No Cream,,,0,,,Lactose Free,,Full,,,0.5
5443,115,0.0,19.0,Iced Chocolate with Cream,1,Cold Drinks,5.0,1,REG,5.0,2020-06-24 10:53:44,167.1294907150341,No Cream,,,0,,,Skim,,Full,,,0.0
22576,1148,0.0,19.0,Milkshake (Syrup)-Lime,1,Cold Drinks,2.9,3,MINI,2.9,2022-06-13 11:23:08,21.754424527504998,,,,,,,Full Cream,,,,,0.0
22576,1148,0.0,19.0,Milkshake (Syrup)-Vanilla,1,Cold Drinks,2.9,4,MINI,2.9,2022-06-13 11:23:08,21.754424527504998,,,,,,,Full Cream,,,,,0.0
27285,175,0.0,19.0,Milkshake (Syrup)-Banana,1,Cold Drinks,2.9,4,MINI,2.9,2022-11-30 09:06:44,10.277826498239987,,,,,,,Full Cream,,,,,0.0
38553,1271,0.0,19.0,Smoothie-Green Machine,1,Cold Drinks,8.5,1,REG,8.5,2023-12-15 07:42:46,37.048231112583885,,,,,,,,,,,,0.0
38553,1271,0.0,19.0,Thickshake (Syrup)-Chocolate,1,Cold Drinks,10.5,2,LRG,10.5,2023-12-15 07:42:46,37.048231112583885,,,,,,,,,,,,0.0
29862,8,0.0,31.8,Smoothie-Mango Magic,1,Cold Drinks,7.6,2,REG,7.6,2023-03-12 07:26:43,62.84419773419412,,,,,,,,,,,,0.0
30056,9,0.0,31.8,Smoothie-Green Machine,1,Cold Drinks,7.6,2,REG,7.6,2023-03-18 08:20:23,6.703924063787684,,,,,,,,,,,,0.0
9521,583,0.0,31.8,Ice Latte,1,Cold Drinks,4.5,3,REG,4.5,2020-12-12 07:59:04,352.76243186220006,,Normal,,0,,,Skim,,Full,Vanilla,,0.0
28286,839,0.0,31.8,Milkshake (Syrup)-Chocolate,1,Cold Drinks,2.9,4,MINI,2.9,2023-01-15 08:15:00,7.6513830729472705,,,,,,,Full Cream,,,,,0.0
17051,839,0.0,31.8,Milkshake (Syrup)-Blue Heaven,1,Cold Drinks,2.9,5,MINI,2.9,2021-10-31 08:00:00,7.6513830729472705,,,,,,,Full Cream,,,,,0.0
16445,839,0.0,31.8,Milkshake (Syrup)-Chocolate,1,Cold Drinks,2.9,5,MINI,2.9,2021-10-10 09:15:00,7.6513830729472705,,,,,,,Full Cream,,,,,0.0
19016,88,0.0,31.8,Iced Coffee with Cream,1,Cold Drinks,6.0,4,REG,5.5,2022-01-30 12:02:26,78.77380993269992,No Cream,Normal,,0,,,Soy,,Full,Vanilla,,0.5
19016,88,0.0,31.8,Iced Chocolate with Cream,1,Cold Drinks,6.0,3,REG,5.5,2022-01-30 12:02:26,78.77380993269992,No Cream,,,0,,,Soy,,Full,,,0.5
20874,175,0.0,31.8,Milkshake (Syrup)-Strawberry,1,Cold Drinks,2.9,5,MINI,2.9,2022-04-10 07:56:29,10.277826498239987,,,,,,,Full Cream,,,,,0.0
36952,228,0.0,31.8,Milkshake (Syrup)-Caramel,1,Cold Drinks,3.3,4,MINI,3.3,2023-10-24 07:49:18,142.2871211013458,,,,,,,Full Cream,,,,,0.0
36952,228,0.0,31.8,Milkshake (Syrup)-Chocolate,1,Cold Drinks,3.3,5,MINI,3.3,2023-10-24 07:49:18,142.2871211013458,,,,,,,Full Cream,,,,,0.0
22664,1152,0.0,44.6,Ice Latte,1,Cold Drinks,5.5,5,REG,4.8,2022-06-17 08:45:00,385.6678190705917,,Decaf,,0,,,Bonsoy,,Full,None,,0.7000000000000002
20111,77,0.0,57.4,Smoothie-Mango Magic,1,Cold Drinks,7.6,5,REG,7.6,2022-03-11 11:59:54,20.45079035996667,,,,,,,,,,,,0.0
32686,20,1.03,11.33,Milkshake (Syrup)-Chocolate,1,Cold Drinks,2.9,3,MINI,2.9,2023-06-12 08:58:06,15.937429912097317,,,,,,,Full Cream,,,,,0.0
40288,9,0.0,13.9,Smoothie-Green Machine,1,Cold Drinks,8.5,2,REG,8.5,2024-02-23 12:11:26,6.703924063787684,,,,,,,,,,,,0.0
40243,9,0.0,13.9,Smoothie-Green Machine,1,Cold Drinks,8.5,2,REG,8.5,2024-02-22 09:33:37,6.703924063787684,,,,,,,,,,,,0.0
40210,9,0.0,13.9,Smoothie-Green Machine,1,Cold Drinks,8.5,2,REG,8.5,2024-02-21 12:11:29,6.703924063787684,,,,,,,,,,,,0.0
39879,9,0.0,13.9,Smoothie-Green Machine,1,Cold Drinks,8.5,2,REG,8.5,2024-02-10 11:54:10,6.703924063787684,,,,,,,,,,,,0.0
39154,9,0.0,13.9,Smoothie-Green Machine,1,Cold Drinks,8.5,2,REG,8.5,2024-01-16 09:53:02,6.703924063787684,,,,,,,,,,,,0.0
38779,9,0.0,13.9,Smoothie-Green Machine,1,Cold Drinks,8.5,2,REG,8.5,2023-12-22 08:08:54,6.703924063787684,,,,,,,,,,,,0.0
38763,9,0.0,13.9,Smoothie-Green Machine,1,Cold Drinks,8.5,2,REG,8.5,2023-12-21 10:17:28,6.703924063787684,,,,,,,,,,,,0.0
37561,9,0.0,13.9,Smoothie-Green Machine,1,Cold Drinks,8.5,2,REG,8.5,2023-11-13 09:21:36,6.703924063787684,,,,,,,,,,,,0.0
37179,9,0.0,13.9,Smoothie-Green Machine,1,Cold Drinks,8.5,2,REG,8.5,2023-10-31 08:22:31,6.703924063787684,,,,,,,,,,,,0.0
37159,9,0.0,13.9,Smoothie-Green Machine,1,Cold Drinks,8.5,2,REG,8.5,2023-10-30 10:31:48,6.703924063787684,,,,,,,,,,,,0.0
36321,9,0.0,13.9,Smoothie-Green Machine,1,Cold Drinks,8.5,2,REG,8.5,2023-10-05 10:14:30,6.703924063787684,,,,,,,,,,,,0.0
36027,9,0.0,13.9,Smoothie-Green Machine,1,Cold Drinks,8.5,2,REG,8.5,2023-09-25 11:31:38,6.703924063787684,,,,,,,,,,,,0.0
34350,9,0.0,13.9,Smoothie-Green Machine,1,Cold Drinks,8.5,2,REG,8.5,2023-08-04 08:47:56,6.703924063787684,,,,,,,,,,,,0.0
34264,9,0.0,13.9,Smoothie-Green Machine,1,Cold Drinks,8.5,2,REG,8.5,2023-08-01 11:45:18,6.703924063787684,,,,,,,,,,,,0.0
15722,785,0.0,13.9,Milkshake (Syrup)-Chocolate,1,Cold Drinks,3.9,3,SML,3.9,2021-09-16 09:21:08,324.03034837290573,,,,,,,Full Cream,,,,,0.0
7742,298,0.0,13.9,Freshly Squeezed Juice-Orange,1,Cold Drinks,6.0,3,REG,6.0,2020-10-05 08:00:00,103.43870180925002,,,,,With Ice,"Lemon, Apple, Celery",,,,,,0.0
7662,298,0.0,13.9,Freshly Squeezed Juice-Orange,1,Cold Drinks,6.0,3,REG,6.0,2020-10-02 07:45:00,103.43870180925002,,,,,With Ice,"Lemon, Apple, Celery",,,,,,0.0
15459,814,0.0,13.9,Milkshake (Syrup)-Chocolate,1,Cold Drinks,2.9,2,MINI,2.9,2021-09-07 09:37:36,144.56895356950722,,,,,,,Full Cream,,,,,0.0
38733,308,0.0,13.9,Milkshake (Syrup)-Vanilla,1,Cold Drinks,3.3,4,MINI,3.3,2023-12-20 09:52:12,10.76198852605863,,,,,,,Full Cream,,,,,0.0
38594,308,0.0,13.9,Milkshake (Syrup)-Vanilla,1,Cold Drinks,3.3,4,MINI,3.3,2023-12-16 09:27:40,10.76198852605863,,,,,,,Full Cream,,,,,0.0
17812,308,0.0,13.9,Milkshake (Syrup)-Vanilla,1,Cold Drinks,2.9,3,MINI,2.9,2021-11-27 10:15:30,10.76198852605863,,,,,,,Full Cream,,,,,0.0
17812,308,0.0,13.9,Milkshake (Syrup)-Vanilla,1,Cold Drinks,2.9,4,MINI,2.9,2021-11-27 10:15:30,10.76198852605863,,,,,,,Full Cream,,,,,0.0
40112,861,0.0,13.9,Milkshake (Syrup)-Vanilla,1,Cold Drinks,3.3,3,MINI,3.3,2024-02-18 11:16:59,7.391898667983243,,,,,,,Full Cream,,,,,0.0
39158,1700,0.0,13.9,Freshly Squeezed Juice-Orange,1,Cold Drinks,7.7,1,REG,7.2,2024-01-16 13:15:00,102.91074667455888,,,,,With Ice,"Lemon, Ginger",,,,,,0.5
39158,1700,0.0,13.9,Ice Latte,1,Cold Drinks,6.2,2,REG,5.2,2024-01-16 13:15:00,102.91074667455888,,Decaf,,0,,,Oat Milk,,Half,None,,1.0
16288,173,0.0,13.9,Milkshake (Syrup)-Chocolate,1,Cold Drinks,3.9,3,SML,3.9,2021-10-04 09:38:58,8.342553249041227,,,,,,,Full Cream,,,,,0.0
15906,173,0.0,13.9,Milkshake (Syrup)-Chocolate,1,Cold Drinks,3.9,3,SML,3.9,2021-09-22 10:12:23,8.342553249041227,,,,,,,Full Cream,,,,,0.0
15750,173,0.0,13.9,Milkshake (Syrup)-Chocolate,1,Cold Drinks,3.9,3,SML,3.9,2021-09-17 09:17:53,8.342553249041227,,,,,,,Full Cream,,,,,0.0
15632,173,0.0,13.9,Milkshake (Syrup)-Chocolate,1,Cold Drinks,3.9,3,SML,3.9,2021-09-13 09:22:38,8.342553249041227,,,,,,,Full Cream,,,,,0.0
15336,173,0.0,13.9,Milkshake (Syrup)-Chocolate,1,Cold Drinks,3.9,3,SML,3.9,2021-09-03 09:40:16,8.342553249041227,,,,,,,Full Cream,,,,,0.0
14896,173,0.0,13.9,Milkshake (Syrup)-Chocolate,1,Cold Drinks,3.9,3,SML,3.9,2021-08-19 09:32:04,8.342553249041227,,,,,,,Full Cream,,,,,0.0
14725,173,0.0,13.9,Milkshake (Syrup)-Chocolate,1,Cold Drinks,3.9,3,SML,3.9,2021-08-12 08:58:11,8.342553249041227,,,,,,,Full Cream,,,,,0.0
17887,175,0.0,13.9,Milkshake (Syrup)-Strawberry,1,Cold Drinks,2.9,4,MINI,2.9,2021-11-30 08:21:50,10.277826498239987,,,,,,,Full Cream,,,,,0.0
17725,175,0.0,13.9,Milkshake (Syrup)-Caramel,1,Cold Drinks,2.9,4,MINI,2.9,2021-11-24 09:32:34,10.277826498239987,,,,,,,Full Cream,,,,,0.0
17268,175,0.0,13.9,Smoothie-Koko Berries,1,Cold Drinks,7.6,3,REG,7.6,2021-11-08 08:41:18,10.277826498239987,,,,,,,,,,,,0.0
17137,175,0.0,13.9,Milkshake (Syrup)-Lime,1,Cold Drinks,2.9,4,MINI,2.9,2021-11-03 09:40:59,10.277826498239987,,,,,,,Full Cream,,,,,0.0
17007,175,0.0,13.9,Milkshake (Syrup)-Caramel,1,Cold Drinks,2.9,4,MINI,2.9,2021-10-29 08:40:26,10.277826498239987,,,,,,,Full Cream,,,,,0.0
32187,451,0.0,13.9,Iced Coffee with Cream,1,Cold Drinks,5.7,2,REG,5.7,2023-05-27 08:05:15,62.44086395645575,With Cream,Normal,,0,,,Full Cream,,Full,Vanilla,,0.0
4889,241,0.0,13.9,Iced Coffee with Cream,1,Cold Drinks,5.0,1,REG,5.0,2020-05-15 10:35:53,47.34272207354931,With Cream,Decaf,,0,,,Full Cream,,Full,Vanilla,,0.0
39248,1017,0.0,13.9,Smoothie-Koko Berries,1,Cold Drinks,8.5,2,REG,8.5,2024-01-20 08:35:13,44.7730470925372,,,,,,,,,,,,0.0
21235,341,0.0,26.7,Iced Coffee with Cream,1,Cold Drinks,5.5,2,REG,5.5,2022-04-25 11:54:43,86.43207290008986,With Cream,Normal,,0,,,Full Cream,,Full,Vanilla,,0.0
21235,341,0.0,26.7,Freshly Squeezed Juice-Orange,1,Cold Drinks,6.2,1,REG,6.2,2022-04-25 11:54:43,86.43207290008986,,,,,With Ice,Orange,,,,,,0.0
26624,1148,0.0,26.7,Milkshake (Syrup)-Cookies and Cream,1,Cold Drinks,2.9,4,MINI,2.9,2022-11-08 12:27:07,21.754424527504998,,,,,,,Full Cream,,,,,0.0
18555,172,0.0,26.7,Freshly Squeezed Juice-Orange,1,Cold Drinks,7.2,1,REG,6.2,2022-01-09 10:38:35,5.2489316501187995,,,,,With Ice,"Orange, Lemon, Apple, Celery, Carrot, Ginger, Beetroot",,,,,,1.0
9037,12,0.0,39.5,Smoothie-Mango Magic,1,Cold Drinks,7.6,5,REG,7.6,2020-11-22 15:04:12,30.753554335954057,,,,,,,,,,,,0.0
19170,1070,0.0,39.5,Milkshake (Syrup)-Chocolate,1,Cold Drinks,3.9,2,SML,3.9,2022-02-05 08:45:00,363.4528855298854,,,,,,,Full Cream,,,,,0.0
19170,1070,0.0,39.5,Smoothie-Mango Magic,1,Cold Drinks,7.6,3,REG,7.6,2022-02-05 08:45:00,363.4528855298854,,,,,,,,,,,,0.0
9534,422,0.0,39.5,Iced Chocolate with Cream,1,Cold Drinks,5.0,3,REG,5.0,2020-12-12 12:15:00,42.620124354581606,No Cream,,,0,,,Full Cream,,Full,,,0.0
7735,488,0.0,52.3,Freshly Squeezed Juice-Orange,1,Cold Drinks,6.5,3,REG,6.0,2020-10-04 14:20:42,408.7989645370856,,,,,With Ice,"Orange, Lemon, Celery, Ginger",,,,,,0.5
3821,78,0.0,8.8,Iced Coffee with Cream,1,Cold Drinks,5.0,1,REG,5.0,2019-11-11 08:49:22,118.77749604723726,With Cream,Normal,,0,,,Skim,,Full,None,,0.0
3693,78,0.0,8.8,Iced Coffee with Cream,1,Cold Drinks,5.0,1,REG,5.0,2019-10-15 08:41:47,118.77749604723726,With Cream,Normal,,0,,,Skim,,Full,Vanilla,,0.0
3630,78,0.0,8.8,Iced Coffee with Cream,1,Cold Drinks,5.0,1,REG,5.0,2019-10-01 08:32:48,118.77749604723726,With Cream,Normal,,0,,,Skim,,Full,Vanilla,,0.0
4234,112,0.0,8.8,Milkshake (Syrup)-Chocolate,1,Cold Drinks,3.8,2,SML,3.8,2020-02-22 14:00:40,137.31543763089678,,,,,,,Full Cream,,,,,0.0
24539,1168,0.0,8.8,Milkshake (Syrup)-Caramel,1,Cold Drinks,3.9,2,SML,3.9,2022-08-26 07:05:34,16.293560264742503,,,,,,,Full Cream,,,,,0.0
19762,1026,0.0,21.6,Smoothie-Mango Magic,1,Cold Drinks,7.6,2,REG,7.6,2022-02-27 10:46:07,24.170229622409465,,,,,,,,,,,,0.0
12370,8,0.0,21.6,Smoothie-Mango Magic,1,Cold Drinks,7.6,4,REG,7.6,2021-05-09 08:05:48,62.84419773419412,,,,,,,,,,,,0.0
26183,9,0.0,21.6,Smoothie-Green Machine,1,Cold Drinks,7.6,2,REG,7.6,2022-10-23 09:44:26,6.703924063787684,,,,,,,,,,,,0.0
25304,9,0.0,21.6,Smoothie-Green Machine,1,Cold Drinks,7.6,2,REG,7.6,2022-09-20 10:41:48,6.703924063787684,,,,,,,,,,,,0.0
24403,9,0.0,21.6,Smoothie-Green Machine,1,Cold Drinks,7.6,2,REG,7.6,2022-08-20 10:52:28,6.703924063787684,,,,,,,,,,,,0.0
24030,9,0.0,21.6,Smoothie-Green Machine,1,Cold Drinks,7.6,2,REG,7.6,2022-08-06 10:37:59,6.703924063787684,,,,,,,,,,,,0.0
26523,1320,0.0,21.6,Smoothie-Green Machine,1,Cold Drinks,7.6,2,REG,7.6,2022-11-05 09:11:19,102.91074667455888,,,,,,,,,,,,0.0
5550,316,0.0,21.6,Smoothie-Green Machine,1,Cold Drinks,7.6,1,REG,7.6,2020-07-02 13:06:41,172.2840411926572,,,,,,,,,,,,0.0
20995,67,0.0,21.6,Freshly Squeezed Juice-Orange,1,Cold Drinks,6.7,2,REG,6.2,2022-04-14 09:38:02,49.80813085628067,,,,,With Ice,"Orange, Lemon, Apple, Celery, Carrot, Ginger",,,,,,0.5
7303,387,0.0,21.6,Iced Chocolate with Cream,1,Cold Drinks,5.0,1,REG,5.0,2020-09-18 12:30:00,89.20540707357817,With Cream,,,0,,,Full Cream,,Full,,,0.0
7303,387,0.0,21.6,Iced Chocolate with Cream,1,Cold Drinks,5.0,2,REG,5.0,2020-09-18 12:30:00,89.20540707357817,With Cream,,,0,,,Full Cream,,Full,,,0.0
14963,165,0.0,21.6,Ice Chai,1,Cold Drinks,7.0,4,REG,6.0,2021-08-21 10:48:07,138.46479697020467,,,,0,,,Coconut Milk,,Full,,,1.0
28561,175,0.0,21.6,Milkshake (Syrup)-Lime,1,Cold Drinks,2.9,4,MINI,2.9,2023-01-25 10:56:22,10.277826498239987,,,,,,,Full Cream,,,,,0.0
28561,175,0.0,21.6,Milkshake (Syrup)-Blue Heaven,1,Cold Drinks,2.9,5,MINI,2.9,2023-01-25 10:56:22,10.277826498239987,,,,,,,Full Cream,,,,,0.0
23012,446,0.0,21.6,Iced Chocolate with Cream,1,Cold Drinks,5.5,2,REG,5.5,2022-06-30 11:41:13,6.801133915060578,With Cream,,,0,,,Full Cream,,Full,,,0.0
23012,446,0.0,21.6,Iced Chocolate with Cream,1,Cold Drinks,5.5,3,REG,5.5,2022-06-30 11:41:13,6.801133915060578,With Cream,,,0,,,Full Cream,,Full,,,0.0
29880,251,0.0,21.6,Iced Chocolate with Cream,1,Cold Drinks,5.7,2,REG,5.7,2023-03-12 14:28:25,60.441634282927495,With Cream,,,0,,,Full Cream,,Full,,,0.0
14048,795,0.0,34.4,Milkshake (Syrup)-Chocolate,1,Cold Drinks,3.9,3,SML,3.9,2021-07-16 09:50:46,326.20096055448187,,,,,,,Full Cream,,,,,0.0
14048,795,0.0,34.4,Ice Latte,1,Cold Drinks,4.8,2,REG,4.8,2021-07-16 09:50:46,326.20096055448187,,Normal,,0,,,Full Cream,,Full,Vanilla,,0.0
20324,392,0.0,34.4,Iced Coffee with Cream,1,Cold Drinks,5.5,5,REG,5.5,2022-03-20 09:15:04,14.551929023255726,With Cream,Normal,,0,,,Full Cream,,Full,Vanilla,,0.0
20324,392,0.0,34.4,Iced Coffee with Cream,1,Cold Drinks,6.0,6,REG,5.5,2022-03-20 09:15:04,14.551929023255726,No Cream,Normal,,0,,,Soy,,Full,Vanilla,,0.5
19713,146,0.0,34.4,Milkshake (Syrup)-Cookies and Cream,1,Cold Drinks,6.0,3,LRG,6.0,2022-02-25 12:50:12,218.5940613016823,,,,,,,Full Cream,,,,,0.0
7068,448,0.0,34.4,Ice Latte,1,Cold Drinks,4.5,2,REG,4.5,2020-09-09 13:30:00,165.46298679765212,,Normal,,0,,,Skim,,Full,None,,0.0
33523,101,0.0,47.2,Milkshake (Syrup)-Chocolate,1,Cold Drinks,4.5,2,SML,4.5,2023-07-09 11:10:23,58.06680913565154,,,,,,,Full Cream,,,,,0.0
33523,101,0.0,47.2,Milkshake (Syrup)-Vanilla,1,Cold Drinks,6.5,3,LRG,6.5,2023-07-09 11:10:23,58.06680913565154,,,,,,,Full Cream,,,,,0.0
32337,1148,0.0,47.2,Milkshake (Syrup)-Lime,1,Cold Drinks,4.5,7,SML,4.5,2023-05-31 12:59:53,21.754424527504998,,,,,,,Full Cream,,,,,0.0
33977,228,0.0,47.2,Smoothie-Mango Magic,1,Cold Drinks,7.6,5,REG,7.6,2023-07-23 11:04:08,142.2871211013458,,,,,,,,,,,,0.0
33977,228,0.0,47.2,Milkshake (Syrup)-Vanilla,1,Cold Drinks,4.5,4,SML,4.5,2023-07-23 11:04:08,142.2871211013458,,,,,,,Full Cream,,,,,0.0
11639,268,0.0,16.5,Iced Mocha with Cream,1,Cold Drinks,6.0,3,REG,6.0,2021-04-06 08:51:00,86.00495109529,With Cream,Normal,,0,,,Skim,,Full,,,0.0
11639,268,0.0,16.5,Iced Chocolate with Cream,1,Cold Drinks,5.5,2,REG,5.5,2021-04-06 08:51:00,86.00495109529,With Cream,,,0,,,Skim,,Full,,,0.0
8268,526,0.0,16.5,Thickshake (Syrup)-Blue Heaven,1,Cold Drinks,6.0,2,SML,6.0,2020-10-22 13:00:00,102.91074667455888,,,,,,,,,,,,0.0
28298,275,0.0,16.5,Freshly Squeezed Juice-Orange,1,Cold Drinks,6.5,1,REG,6.5,2023-01-15 11:02:04,9.182885244928025,,,,,With Ice,Orange,,,,,,0.0
10471,20,0.0,16.5,Ice Latte,1,Cold Drinks,5.3,5,REG,4.8,2021-02-07 09:50:26,15.937429912097317,,Normal,,1,,,Skim,,Full,None,,0.5
24531,810,0.0,16.5,Freshly Squeezed Juice-Orange,1,Cold Drinks,6.5,1,REG,6.5,2022-08-25 10:11:55,144.58892088938225,,,,,With Ice,"Orange, Lemon, Apple, Celery",,,,,,0.0
16131,811,0.0,16.5,Freshly Squeezed Juice-Orange,1,Cold Drinks,6.0,2,REG,6.0,2021-09-29 11:27:48,56.15160730560616,,,,,With Ice,"Orange, Apple, Celery, Carrot",,,,,,0.0
21762,49,0.0,16.5,Milkshake (Syrup)-Chocolate,1,Cold Drinks,3.9,4,SML,3.9,2022-05-14 10:36:38,5.6913721453400745,,,,,,,Full Cream,,,,,0.0
6131,49,0.0,16.5,Milkshake (Syrup)-Chocolate,1,Cold Drinks,3.8,4,SML,3.8,2020-08-02 09:50:37,5.6913721453400745,,,,,,,Full Cream,,,,,0.0
4881,69,0.0,16.5,Freshly Squeezed Juice-Orange,1,Cold Drinks,6.0,1,REG,6.0,2020-05-15 07:31:18,9.41561944014637,,,,,With Ice,Orange,,,,,,0.0
4062,69,0.0,16.5,Freshly Squeezed Juice-Orange,1,Cold Drinks,6.0,1,REG,6.0,2020-01-15 07:29:57,9.41561944014637,,,,,With Ice,Orange,,,,,,0.0
4057,69,0.0,16.5,Freshly Squeezed Juice-Orange,1,Cold Drinks,6.0,1,REG,6.0,2020-01-14 07:05:22,9.41561944014637,,,,,With Ice,Orange,,,,,,0.0
3823,69,0.0,16.5,Freshly Squeezed Juice-Orange,1,Cold Drinks,6.0,1,REG,6.0,2019-11-12 06:13:33,9.41561944014637,,,,,With Ice,Orange,,,,,,0.0
17509,351,0.0,16.5,Iced Chocolate with Cream,1,Cold Drinks,5.5,1,REG,5.5,2021-11-16 11:08:52,15.749687649741688,With Cream,,,0,,,Full Cream,,Full,,,0.0
17509,351,0.0,16.5,Iced Chocolate with Cream,1,Cold Drinks,5.5,2,REG,5.5,2021-11-16 11:08:52,15.749687649741688,With Cream,,,0,,,Full Cream,,Full,,,0.0
17509,351,0.0,16.5,Iced Chocolate with Cream,1,Cold Drinks,5.5,3,REG,5.5,2021-11-16 11:08:52,15.749687649741688,With Cream,,,0,,,Full Cream,,Full,,,0.0
29623,1380,0.0,16.5,Freshly Squeezed Juice-Orange,1,Cold Drinks,6.5,1,REG,6.5,2023-03-04 10:04:51,31.834991230824404,,,,,With Ice,"Lemon, Apple, Celery",,,,,,0.0
28992,1380,0.0,16.5,Freshly Squeezed Juice-Orange,1,Cold Drinks,6.5,1,REG,6.5,2023-02-11 08:48:20,31.834991230824404,,,,,With Ice,"Lemon, Apple, Celery",,,,,,0.0
38600,1683,0.0,16.5,Freshly Squeezed Juice-Orange,1,Cold Drinks,7.7,2,REG,7.2,2023-12-16 10:01:22,102.91074667455888,,,,,With Ice,"Celery, Ginger",,,,,,0.5
9349,161,0.0,16.5,Ice Latte,1,Cold Drinks,4.5,1,REG,4.5,2020-12-05 11:11:12,23.82515677258169,,Normal,,0,,,Full Cream,,Full,None,,0.0
35941,421,0.0,16.5,Milkshake (Syrup)-Chocolate,1,Cold Drinks,5.2,3,SML,5.2,2023-09-23 07:58:56,32.56254897822951,,,,,,,Full Cream,,,,,0.0
29001,189,0.0,16.5,Ice Latte,1,Cold Drinks,5.0,4,REG,5.0,2023-02-11 09:58:39,9.699059222346209,,Normal,,0,,,Full Cream,,Full,None,,0.0
16990,983,0.0,16.5,Iced Chocolate with Cream,1,Cold Drinks,5.5,1,REG,5.5,2021-10-28 15:11:00,102.91074667455888,No Cream,,,0,,,Full Cream,,Full,,,0.0
16990,983,0.0,16.5,Iced Coffee with Cream,1,Cold Drinks,5.5,2,REG,5.5,2021-10-28 15:11:00,102.91074667455888,With Cream,Decaf,,0,,,Full Cream,,Full,None,,0.0
16990,983,0.0,16.5,Iced Coffee with Cream,1,Cold Drinks,5.5,3,REG,5.5,2021-10-28 15:11:00,102.91074667455888,With Cream,Decaf,,0,,,Full Cream,,Full,None,,0.0
8334,479,0.0,16.5,Freshly Squeezed Juice-Orange,1,Cold Drinks,6.5,1,REG,6.0,2020-10-25 09:27:51,35.83992187491485,,,,,With Ice,"Orange, Lemon, Apple, Celery, Ginger",,,,,,0.5
26586,1253,0.0,16.5,Thickshake (Syrup)-Caramel,1,Cold Drinks,6.5,1,SML,6.5,2022-11-07 10:24:53,17.271483649803734,,,,,,,,,,,,0.0
26138,1253,0.0,16.5,Thickshake (Syrup)-Caramel,1,Cold Drinks,6.5,1,SML,6.5,2022-10-21 10:49:29,17.271483649803734,,,,,,,,,,,,0.0
25845,1253,0.0,16.5,Thickshake (Syrup)-Caramel,1,Cold Drinks,6.5,1,SML,6.5,2022-10-11 10:30:20,17.271483649803734,,,,,,,,,,,,0.0
15360,234,0.0,16.5,Iced Mocha with Cream,1,Cold Drinks,6.0,1,REG,6.0,2021-09-04 09:28:47,3.306975953679214,With Cream,Normal,,0,,,Skim,,Full,,,0.0
9808,234,0.0,16.5,Iced Chocolate with Cream,1,Cold Drinks,5.5,1,REG,5.5,2021-01-03 10:58:17,3.306975953679214,With Cream,,,0,,,Skim,,Full,,,0.0
26387,1017,0.0,16.5,Smoothie-Koko Berries,1,Cold Drinks,7.6,3,REG,7.6,2022-10-31 10:09:02,44.7730470925372,,,,,,,,,,,,0.0
8005,62,0.0,29.3,Smoothie-Green Machine,1,Cold Drinks,7.6,6,REG,7.6,2020-10-15 06:53:06,48.921002509326165,,,,,,,,,,,,0.0
6986,165,0.0,29.3,Ice Chai,1,Cold Drinks,7.0,3,REG,6.0,2020-09-06 11:02:36,138.46479697020467,,,,0,,,Coconut Milk,,Full,,,1.0
9825,479,0.0,29.3,Freshly Squeezed Juice-Orange,1,Cold Drinks,6.5,3,REG,6.0,2021-01-04 09:34:45,35.83992187491485,,,,,With Ice,"Orange, Lemon, Apple, Celery, Carrot, Ginger",,,,,,0.5
40304,1468,0.0,80.5,Ice Latte,1,Cold Drinks,5.7,3,REG,5.2,2024-02-24 09:36:13,146.23725015649512,,Normal,,1,,,Full Cream,,Full,None,,0.5
40304,1468,0.0,80.5,Smoothie-Banana Buzz,1,Cold Drinks,8.5,6,REG,8.5,2024-02-24 09:36:13,146.23725015649512,,,,,,,,,,,,0.0
36891,833,0.0,118.9,Thickshake (Syrup)-Caramel,1,Cold Drinks,10.5,6,LRG,10.5,2023-10-22 09:59:26,1081.8733752154178,,,,,,,,,,,,0.0
36891,833,0.0,118.9,Thickshake (Syrup)-Caramel,1,Cold Drinks,10.5,7,LRG,10.5,2023-10-22 09:59:26,1081.8733752154178,,,,,,,,,,,,0.0
36891,833,0.0,118.9,Thickshake (Syrup)-Caramel,1,Cold Drinks,7.9,8,SML,7.9,2023-10-22 09:59:26,1081.8733752154178,,,,,,,,,,,,0.0
24596,48,0.0,11.4,Freshly Squeezed Juice-Orange,1,Cold Drinks,6.5,1,REG,6.5,2022-08-27 11:14:46,20.32398627078375,,,,,With Ice,Orange,,,,,,0.0
8315,49,0.0,11.4,Milkshake (Syrup)-Chocolate,1,Cold Drinks,3.8,3,SML,3.8,2020-10-24 11:00:20,5.6913721453400745,,,,,,,Full Cream,,,,,0.0
7774,49,0.0,11.4,Milkshake (Syrup)-Chocolate,1,Cold Drinks,3.8,3,SML,3.8,2020-10-06 10:53:28,5.6913721453400745,,,,,,,Full Cream,,,,,0.0
5648,49,0.0,11.4,Milkshake (Syrup)-Chocolate,1,Cold Drinks,3.8,3,SML,3.8,2020-07-09 09:41:52,5.6913721453400745,,,,,,,Full Cream,,,,,0.0
27883,1329,0.0,11.4,Freshly Squeezed Juice-Orange,1,Cold Drinks,6.5,1,REG,6.5,2022-12-19 08:05:31,69.03537932019783,,,,,With Ice,"Orange, Apple, Carrot",,,,,,0.0
27751,1329,0.0,11.4,Freshly Squeezed Juice-Orange,1,Cold Drinks,6.5,1,REG,6.5,2022-12-15 08:08:38,69.03537932019783,,,,,With Ice,"Orange, Apple, Carrot",,,,,,0.0
27718,1329,0.0,11.4,Freshly Squeezed Juice-Orange,1,Cold Drinks,6.5,1,REG,6.5,2022-12-14 08:38:42,69.03537932019783,,,,,With Ice,"Orange, Apple, Carrot",,,,,,0.0
27560,1329,0.0,11.4,Freshly Squeezed Juice-Orange,1,Cold Drinks,6.5,1,REG,6.5,2022-12-09 08:28:44,69.03537932019783,,,,,With Ice,Orange,,,,,,0.0
26817,1329,0.0,11.4,Freshly Squeezed Juice-Orange,1,Cold Drinks,6.5,1,REG,6.5,2022-11-15 07:53:27,69.03537932019783,,,,,With Ice,"Orange, Apple",,,,,,0.0
29134,308,0.0,11.4,Milkshake (Syrup)-Vanilla,1,Cold Drinks,2.9,2,MINI,2.9,2023-02-16 08:41:52,10.76198852605863,,,,,,,Full Cream,,,,,0.0
29134,308,0.0,11.4,Milkshake (Syrup)-Vanilla,1,Cold Drinks,2.9,3,MINI,2.9,2023-02-16 08:41:52,10.76198852605863,,,,,,,Full Cream,,,,,0.0
26573,101,0.0,11.4,Freshly Squeezed Juice-Orange,1,Cold Drinks,6.5,1,REG,6.5,2022-11-07 07:53:21,58.06680913565154,,,,,With Ice,Apple,,,,,,0.0
24375,223,0.0,11.4,Freshly Squeezed Juice-Orange,1,Cold Drinks,7.0,1,REG,6.5,2022-08-19 11:32:38,32.77916866786114,,,,,With Ice,"Orange, Apple, Ginger",,,,,,0.5
32546,234,0.0,11.4,Ice Latte,1,Cold Drinks,5.0,1,REG,5.0,2023-06-07 08:14:17,3.306975953679214,,Normal,,0,,,Skim,,Full,None,,0.0
32090,234,0.0,11.4,Ice Latte,1,Cold Drinks,5.0,1,REG,5.0,2023-05-24 08:11:29,3.306975953679214,,Normal,,0,,,Skim,,Full,None,,0.0
31665,234,0.0,11.4,Ice Latte,1,Cold Drinks,5.0,1,REG,5.0,2023-05-10 08:14:40,3.306975953679214,,Normal,,0,,,Skim,,Full,None,,0.0
31412,234,0.0,11.4,Ice Latte,1,Cold Drinks,5.0,1,REG,5.0,2023-05-03 08:09:05,3.306975953679214,,Normal,,0,,,Skim,,Full,None,,0.0
31253,234,0.0,11.4,Ice Latte,1,Cold Drinks,5.0,1,REG,5.0,2023-04-28 08:12:13,3.306975953679214,,Normal,,0,,,Skim,,Full,None,,0.0
18868,810,0.0,24.2,Freshly Squeezed Juice-Orange,1,Cold Drinks,6.2,1,REG,6.2,2022-01-24 10:36:48,144.58892088938225,,,,,With Ice,"Orange, Lemon, Apple, Celery",,,,,,0.0
21732,834,0.0,24.2,Smoothie-Green Machine,1,Cold Drinks,7.6,3,REG,7.6,2022-05-13 08:52:00,137.71952173409065,,,,,,,,,,,,0.0
23373,67,0.0,24.2,Freshly Squeezed Juice-Orange,1,Cold Drinks,6.2,1,REG,6.2,2022-07-15 09:57:58,49.80813085628067,,,,,With Ice,"Orange, Lemon, Apple, Celery, Carrot",,,,,,0.0
9232,351,0.0,24.2,Milkshake (Syrup)-Vanilla,1,Cold Drinks,2.5,3,MINI,2.5,2020-11-30 12:45:00,15.749687649741688,,,,,,,Full Cream,,,,,0.0
9232,351,0.0,24.2,Milkshake (Syrup)-Vanilla,1,Cold Drinks,2.5,4,MINI,2.5,2020-11-30 12:45:00,15.749687649741688,,,,,,,Full Cream,,,,,0.0
9232,351,0.0,24.2,Milkshake (Syrup)-Vanilla,1,Cold Drinks,2.5,5,MINI,2.5,2020-11-30 12:45:00,15.749687649741688,,,,,,,Full Cream,,,,,0.0
9232,351,0.0,24.2,Milkshake (Syrup)-Vanilla,1,Cold Drinks,2.5,6,MINI,2.5,2020-11-30 12:45:00,15.749687649741688,,,,,,,Full Cream,,,,,0.0
16235,946,0.0,24.2,Milkshake (Syrup)-Vanilla,1,Cold Drinks,6.0,4,LRG,6.0,2021-10-02 12:00:49,59.96387801557423,,,,,,,Full Cream,,,,,0.0
16235,946,0.0,24.2,Milkshake (Syrup)-Vanilla,1,Cold Drinks,6.0,5,LRG,6.0,2021-10-02 12:00:49,59.96387801557423,,,,,,,Full Cream,,,,,0.0
38960,234,0.0,24.2,Iced Chocolate with Cream,1,Cold Drinks,5.9,3,REG,5.9,2024-01-09 06:13:08,3.306975953679214,With Cream,,,0,,,Full Cream,,Full,,,0.0
38960,234,0.0,24.2,Iced Mocha with Cream,1,Cold Drinks,6.4,4,REG,6.4,2024-01-09 06:13:08,3.306975953679214,With Cream,Normal,,0,,,Full Cream,,Full,,,0.0
19039,255,0.0,24.2,Ice Latte,1,Cold Drinks,5.3,1,REG,4.8,2022-01-31 11:00:00,56.13881858007836,,Normal,,1,,,Full Cream,,Full,None,,0.5
19039,255,0.0,24.2,Milkshake (Syrup)-Chocolate,1,Cold Drinks,6.0,3,LRG,6.0,2022-01-31 11:00:00,56.13881858007836,,,,,,,Full Cream,,,,,0.0
19039,255,0.0,24.2,Smoothie-Mango Magic,1,Cold Drinks,7.6,4,REG,7.6,2022-01-31 11:00:00,56.13881858007836,,,,,,,,,,,,0.0
19039,255,0.0,24.2,Ice Latte,1,Cold Drinks,5.3,2,REG,4.8,2022-01-31 11:00:00,56.13881858007836,,Normal,,1,,,Full Cream,,Full,None,,0.5
8563,12,0.0,37.0,Thickshake (Syrup)-Caramel,1,Cold Drinks,6.0,5,SML,6.0,2020-11-02 08:03:12,30.753554335954057,,,,,,,,,,,,0.0
8563,12,0.0,37.0,Smoothie-Mango Magic,1,Cold Drinks,7.6,4,REG,7.6,2020-11-02 08:03:12,30.753554335954057,,,,,,,,,,,,0.0
15492,892,0.0,37.0,Ice Latte,1,Cold Drinks,4.8,3,REG,4.8,2021-09-08 13:00:00,102.91074667455888,,Normal,,0,,,Full Cream,,Full,None,,0.0
26436,1278,0.0,37.0,Smoothie-Mango Magic,1,Cold Drinks,7.6,3,REG,7.6,2022-11-02 13:00:00,95.04384952922167,,,,,,,,,,,,0.0
26436,1278,0.0,37.0,Smoothie-Banana Buzz,1,Cold Drinks,7.6,4,REG,7.6,2022-11-02 13:00:00,95.04384952922167,,,,,,,,,,,,0.0
27482,541,0.0,19.1,Iced Mocha with Cream,1,Cold Drinks,8.0,1,REG,6.0,2022-12-06 10:48:00,72.33584156997668,With Cream,Normal,,2,,,Oat Milk,,Full,,,2.0
21587,870,0.0,19.1,Freshly Squeezed Juice-Orange,1,Cold Drinks,6.2,1,REG,6.2,2022-05-08 08:15:00,218.74886666373078,,,,,With Ice,Orange,,,,,,0.0
24432,917,0.0,19.1,Smoothie-Green Machine,1,Cold Drinks,7.6,2,REG,7.6,2022-08-21 10:38:10,148.00386095349964,,,,,,,,,,,,0.0
22558,1196,0.0,19.1,Iced Coffee with Cream,1,Cold Drinks,6.2,1,REG,5.5,2022-06-12 13:36:18,53.922784300021696,With Cream,Normal,,0,,,Almond,,Full,Vanilla,,0.7000000000000002
31297,175,0.0,19.1,Milkshake (Syrup)-Chocolate,1,Cold Drinks,6.5,2,LRG,6.5,2023-04-29 10:41:08,10.277826498239987,,,,,,,Full Cream,,,,,0.0
31297,175,0.0,19.1,Smoothie-Mango Magic,1,Cold Drinks,7.6,3,REG,7.6,2023-04-29 10:41:08,10.277826498239987,,,,,,,,,,,,0.0
30950,175,0.0,19.1,Smoothie-Mango Magic,1,Cold Drinks,7.6,3,REG,7.6,2023-04-18 10:17:47,10.277826498239987,,,,,,,,,,,,0.0
24967,1249,0.0,19.1,Smoothie-Green Machine,1,Cold Drinks,7.6,1,REG,7.6,2022-09-09 07:09:59,184.42017243241045,,,,,,,,,,,,0.0
14253,233,0.0,19.1,Milkshake (Syrup)-Vanilla,1,Cold Drinks,3.9,3,SML,3.9,2021-07-24 10:35:38,14.254925248600953,,,,,,,Full Cream,,,,,0.0
14253,233,0.0,19.1,Thickshake (Syrup)-Chocolate,1,Cold Drinks,6.0,4,SML,6.0,2021-07-24 10:35:38,14.254925248600953,,,,,,,,,,,,0.0
14071,233,0.0,19.1,Thickshake (Syrup)-Chocolate,1,Cold Drinks,6.0,4,SML,6.0,2021-07-17 11:11:48,14.254925248600953,,,,,,,,,,,,0.0
14071,233,0.0,19.1,Milkshake (Syrup)-Vanilla,1,Cold Drinks,3.9,3,SML,3.9,2021-07-17 11:11:48,14.254925248600953,,,,,,,Full Cream,,,,,0.0
12536,233,0.0,19.1,Milkshake (Syrup)-Vanilla,1,Cold Drinks,6.0,3,LRG,6.0,2021-05-15 09:12:39,14.254925248600953,,,,,,,Full Cream,,,,,0.0
12536,233,0.0,19.1,Milkshake (Syrup)-Vanilla,1,Cold Drinks,3.9,4,SML,3.9,2021-05-15 09:12:39,14.254925248600953,,,,,,,Full Cream,,,,,0.0
38376,234,0.0,19.1,Milkshake (Syrup)-Cookies and Cream,1,Cold Drinks,7.2,2,LRG,7.2,2023-12-09 09:30:34,3.306975953679214,,,,,,,Skim,,,,,0.0
37923,234,0.0,19.1,Milkshake (Syrup)-Cookies and Cream,1,Cold Drinks,7.2,2,LRG,7.2,2023-11-25 08:29:58,3.306975953679214,,,,,,,Full Cream,,,,,0.0
7306,32,0.0,31.9,Milkshake (Syrup)-Chocolate,1,Cold Drinks,3.8,5,SML,3.8,2020-09-18 13:00:00,21.344574393513,,,,,,,Full Cream,,,,,0.0
7306,32,0.0,31.9,Milkshake (Syrup)-Strawberry,1,Cold Drinks,3.8,6,SML,3.8,2020-09-18 13:00:00,21.344574393513,,,,,,,Full Cream,,,,,0.0
28117,811,0.0,31.9,Smoothie-Mango Magic,1,Cold Drinks,7.6,3,REG,7.6,2023-01-08 12:18:40,56.15160730560616,,,,,,,,,,,,0.0
24678,918,0.0,31.9,Freshly Squeezed Juice-Orange,1,Cold Drinks,7.0,1,REG,6.5,2022-08-30 12:45:00,33.04003174149492,,,,,With Ice,"Orange, Apple, Ginger",,,,,,0.5
14625,175,0.0,31.9,Milkshake (Syrup)-Chocolate,1,Cold Drinks,2.9,6,MINI,2.9,2021-08-08 10:27:07,10.277826498239987,,,,,,,Full Cream,,,,,0.0
26771,238,0.0,31.9,Iced Coffee with Cream,1,Cold Drinks,5.5,2,REG,5.5,2022-11-13 11:38:44,118.54497998946118,With Cream,Normal,,0,,,Skim,,Full,None,,0.0
23072,1018,0.0,31.9,Iced Chocolate with Cream,1,Cold Drinks,5.5,2,REG,5.5,2022-07-03 08:21:40,217.79194965226176,With Cream,,,0,,,Full Cream,,Full,,,0.0
23072,1018,0.0,31.9,Thickshake (Syrup)-Strawberry,1,Cold Drinks,6.0,3,SML,6.0,2022-07-03 08:21:40,217.79194965226176,,,,,,,,,,,,0.0
15971,926,0.0,44.7,Iced Chocolate with Cream,1,Cold Drinks,5.5,3,REG,5.5,2021-09-24 11:56:38,102.91074667455888,No Cream,,,0,,,Full Cream,,Full,,,0.0
28946,1278,0.0,44.7,Smoothie-Mango Magic,1,Cold Drinks,7.6,4,REG,7.6,2023-02-09 13:27:03,95.04384952922167,,,,,,,,,,,,0.0
28946,1278,0.0,44.7,Smoothie-Banana Buzz,1,Cold Drinks,7.6,5,REG,7.6,2023-02-09 13:27:03,95.04384952922167,,,,,,,,,,,,0.0
8722,521,0.0,14.0,Iced Coffee with Cream,1,Cold Drinks,5.0,2,REG,5.0,2020-11-08 15:30:00,185.75564229728337,With Cream,Normal,,0,,,Full Cream,,Full,Vanilla,,0.0
14092,10,0.0,14.0,Freshly Squeezed Juice-Orange,1,Cold Drinks,6.0,3,REG,6.0,2021-07-18 09:13:01,55.12194523194774,,,,,With Ice,"Orange, Lemon, Apple",,,,,,0.0
13758,14,0.0,14.0,Freshly Squeezed Juice-Orange,1,Cold Drinks,6.0,3,REG,6.0,2021-07-03 10:26:46,39.92548018814512,,,,,With Ice,"Orange, Lemon, Apple",,,,,,0.0
32070,811,0.0,14.0,Freshly Squeezed Juice-Carrot,1,Cold Drinks,7.0,1,REG,6.5,2023-05-23 10:30:00,56.15160730560616,,,,,With Ice,"Lemon, Celery, Beetroot",,,,,,0.5
32070,811,0.0,14.0,Freshly Squeezed Juice-Carrot,1,Cold Drinks,7.0,2,REG,6.5,2023-05-23 10:30:00,56.15160730560616,,,,,With Ice,"Lemon, Ginger",,,,,,0.5
27625,811,0.0,14.0,Freshly Squeezed Juice-Orange,1,Cold Drinks,7.0,1,REG,6.5,2022-12-11 11:04:05,56.15160730560616,,,,,With Ice,"Orange, Lemon, Apple, Celery, Carrot, Beetroot",,,,,,0.5
27625,811,0.0,14.0,Freshly Squeezed Juice-Orange,1,Cold Drinks,7.0,2,REG,6.5,2022-12-11 11:04:05,56.15160730560616,,,,,With Ice,"Orange, Lemon, Apple, Celery, Carrot, Beetroot",,,,,,0.5
14925,814,0.0,14.0,Iced Coffee with Cream,1,Cold Drinks,5.5,1,REG,5.5,2021-08-20 09:49:28,144.56895356950722,No Cream,Normal,,0,,,Full Cream,,Full,Vanilla,,0.0
14767,814,0.0,14.0,Iced Chocolate with Cream,1,Cold Drinks,5.5,1,REG,5.5,2021-08-14 08:45:47,144.56895356950722,No Cream,,,0,,,Full Cream,,Full,,,0.0
29566,320,0.0,14.0,Thickshake (Syrup)-Lime,1,Cold Drinks,9.5,2,LRG,9.5,2023-03-02 10:41:53,29.433951026585593,,,,,,,,,,,,0.0
6298,383,0.0,14.0,Iced Chocolate with Cream,1,Cold Drinks,5.0,1,REG,5.0,2020-08-09 11:46:15,102.91074667455888,With Cream,,,0,,,Full Cream,,Full,,,0.0
33021,911,0.0,14.0,Milkshake (Syrup)-Blue Heaven,1,Cold Drinks,5.5,2,SML,4.5,2023-06-23 08:25:24,56.60107341270999,,,,,,,Oat Milk,,,,,1.0
33021,911,0.0,14.0,Milkshake (Syrup)-Lime,1,Cold Drinks,4.5,3,SML,4.5,2023-06-23 08:25:24,56.60107341270999,,,,,,,Full Cream,,,,,0.0
13700,666,0.0,14.0,Freshly Squeezed Juice-Orange,1,Cold Drinks,7.0,1,REG,6.0,2021-06-30 10:17:47,190.90276757204614,,,,,With Ice,"Orange, Lemon, Apple, Celery, Carrot, Ginger, Beetroot",,,,,,1.0
26554,675,0.0,14.0,Thickshake (Syrup)-Strawberry,1,Cold Drinks,9.0,2,LRG,9.0,2022-11-06 12:22:29,34.565856439158985,,,,,,,,,,,,0.0
14626,675,0.0,14.0,Iced Chocolate with Cream,1,Cold Drinks,5.5,2,REG,5.5,2021-08-08 10:39:05,34.565856439158985,With Cream,,,0,,,Full Cream,,Full,,,0.0
24490,166,0.0,14.0,Freshly Squeezed Juice-Orange,1,Cold Drinks,7.0,1,REG,6.5,2022-08-23 11:42:50,80.17974459831028,,,,,With Ice,"Orange, Ginger",,,,,,0.5
24490,166,0.0,14.0,Freshly Squeezed Juice-Orange,1,Cold Drinks,7.0,2,REG,6.5,2022-08-23 11:42:50,80.17974459831028,,,,,With Ice,"Orange, Ginger",,,,,,0.5
16399,175,0.0,14.0,Milkshake (Syrup)-Caramel,1,Cold Drinks,2.9,4,MINI,2.9,2021-10-08 09:35:50,10.277826498239987,,,,,,,Full Cream,,,,,0.0
29122,721,0.0,14.0,Ice Latte,1,Cold Drinks,5.5,1,REG,5.0,2023-02-16 07:07:34,22.483978525220593,,Normal,,1,,,Full Cream,,Full,None,,0.5
14634,739,0.0,14.0,Milkshake (Syrup)-Strawberry,1,Cold Drinks,6.0,1,LRG,6.0,2021-08-08 13:55:39,416.218910932915,,,,,,,Full Cream,,,,,0.0
14165,809,0.0,26.8,Freshly Squeezed Juice-Orange,1,Cold Drinks,6.0,1,REG,6.0,2021-07-21 09:24:25,243.09889228166267,,,,,With Ice,Orange,,,,,,0.0
14786,814,0.0,26.8,Milkshake (Syrup)-Banana,1,Cold Drinks,3.9,2,SML,3.9,2021-08-15 08:22:14,144.56895356950722,,,,,,,Full Cream,,,,,0.0
24579,826,0.0,26.8,Milkshake (Syrup)-Caramel,1,Cold Drinks,6.0,4,LRG,6.0,2022-08-27 08:59:58,43.30386900988261,,,,,,,Full Cream,,,,,0.0
15306,387,0.0,26.8,Iced Chocolate with Cream,1,Cold Drinks,5.5,3,REG,5.5,2021-09-02 10:24:42,89.20540707357817,With Cream,,,0,,,Full Cream,,Full,,,0.0
15306,387,0.0,26.8,Iced Chocolate with Cream,1,Cold Drinks,5.5,4,REG,5.5,2021-09-02 10:24:42,89.20540707357817,With Cream,,,0,,,Full Cream,,Full,,,0.0
29194,175,0.0,26.8,Milkshake (Syrup)-Caramel,1,Cold Drinks,2.9,3,MINI,2.9,2023-02-18 09:51:28,10.277826498239987,,,,,,,Full Cream,,,,,0.0
29194,175,0.0,26.8,Milkshake (Syrup)-Caramel,1,Cold Drinks,2.9,4,MINI,2.9,2023-02-18 09:51:28,10.277826498239987,,,,,,,Full Cream,,,,,0.0
29194,175,0.0,26.8,Milkshake (Syrup)-Banana,1,Cold Drinks,6.5,5,LRG,6.5,2023-02-18 09:51:28,10.277826498239987,,,,,,,Full Cream,,,,,0.0
25429,175,0.0,26.8,Milkshake (Syrup)-Banana,1,Cold Drinks,3.9,3,SML,3.9,2022-09-25 10:11:17,10.277826498239987,,,,,,,Full Cream,,,,,0.0
25429,175,0.0,26.8,Milkshake (Syrup)-Banana,1,Cold Drinks,3.9,4,SML,3.9,2022-09-25 10:11:17,10.277826498239987,,,,,,,Full Cream,,,,,0.0
25429,175,0.0,26.8,Smoothie-Green Machine,1,Cold Drinks,7.6,5,REG,7.6,2022-09-25 10:11:17,10.277826498239987,,,,,,,,,,,,0.0
15975,515,0.0,39.6,Smoothie-Mango Magic,1,Cold Drinks,7.6,2,REG,7.6,2021-09-24 13:00:00,102.91074667455888,,,,,,,,,,,,0.0
15975,515,0.0,39.6,Smoothie-Banana Buzz,1,Cold Drinks,7.6,3,REG,7.6,2021-09-24 13:00:00,102.91074667455888,,,,,,,,,,,,0.0
26776,811,0.0,39.6,Smoothie-Banana Buzz,1,Cold Drinks,7.6,3,REG,7.6,2022-11-13 13:52:59,56.15160730560616,,,,,,,,,,,,0.0
26776,811,0.0,39.6,Smoothie-Green Machine,1,Cold Drinks,7.6,4,REG,7.6,2022-11-13 13:52:59,56.15160730560616,,,,,,,,,,,,0.0
22381,890,0.0,39.6,Ice Chai,1,Cold Drinks,6.5,3,REG,6.0,2022-06-05 14:27:48,118.40101350917567,,,,1,,,Full Cream,,Full,,,0.5
23712,20,0.0,8.9,Milkshake (Syrup)-Chocolate,1,Cold Drinks,2.9,3,MINI,2.9,2022-07-27 08:37:08,15.937429912097317,,,,,,,Full Cream,,,,,0.0
23499,20,0.0,8.9,Milkshake (Syrup)-Chocolate,1,Cold Drinks,2.9,3,MINI,2.9,2022-07-20 08:45:28,15.937429912097317,,,,,,,Full Cream,,,,,0.0
22799,20,0.0,8.9,Milkshake (Syrup)-Chocolate,1,Cold Drinks,2.9,3,MINI,2.9,2022-06-22 08:44:37,15.937429912097317,,,,,,,Full Cream,,,,,0.0
4171,78,0.0,8.9,Iced Coffee with Cream,1,Cold Drinks,5.0,1,REG,5.0,2020-02-10 08:21:06,118.77749604723726,With Cream,Normal,,0,,,Skim,,Full,Vanilla,,0.0
29003,1382,0.0,8.9,Ice Latte,1,Cold Drinks,5.7,2,REG,5.0,2023-02-11 10:13:25,16.184616119692148,,Normal,,0,,,Almond,,Full,None,,0.7000000000000002
15842,173,0.0,8.9,Milkshake (Syrup)-Chocolate,1,Cold Drinks,3.9,2,SML,3.9,2021-09-20 09:44:13,8.342553249041227,,,,,,,Full Cream,,,,,0.0
13182,173,0.0,8.9,Milkshake (Syrup)-Chocolate,1,Cold Drinks,3.9,2,SML,3.9,2021-06-10 09:08:59,8.342553249041227,,,,,,,Full Cream,,,,,0.0
18699,946,0.0,8.9,Milkshake (Syrup)-Vanilla,1,Cold Drinks,3.9,2,SML,3.9,2022-01-16 10:34:18,59.96387801557423,,,,,,,Full Cream,,,,,0.0
27287,446,0.0,8.9,Milkshake (Syrup)-Cookies and Cream,1,Cold Drinks,2.9,2,MINI,2.9,2022-11-30 09:27:54,6.801133915060578,,,,,,,Full Cream,,,,,0.0
27098,446,0.0,8.9,Milkshake (Syrup)-Chocolate,1,Cold Drinks,2.9,2,MINI,2.9,2022-11-24 08:57:26,6.801133915060578,,,,,,,Full Cream,,,,,0.0
29144,450,0.0,8.9,Iced Coffee with Cream,1,Cold Drinks,5.7,2,REG,5.7,2023-02-16 13:15:00,73.19582935992992,With Cream,Normal,,0,,,Full Cream,,Half,None,,0.0
28224,450,0.0,8.9,Iced Coffee with Cream,1,Cold Drinks,5.7,2,REG,5.7,2023-01-12 13:15:00,73.19582935992992,With Cream,Normal,,0,,,Full Cream,,Half,Vanilla,,0.0
29216,1026,0.0,21.7,Milkshake (Syrup)-Strawberry,1,Cold Drinks,4.5,4,SML,4.5,2023-02-19 09:31:45,24.170229622409465,,,,,,,Full Cream,,,,,0.0
29216,1026,0.0,21.7,Freshly Squeezed Juice-Orange,1,Cold Drinks,6.5,2,REG,6.5,2023-02-19 09:31:45,24.170229622409465,,,,,With Ice,"Apple, Celery",,,,,,0.0
13776,787,0.0,21.7,Iced Chocolate with Cream,1,Cold Drinks,5.5,1,REG,5.5,2021-07-04 09:13:40,102.91074667455888,With Cream,,,0,,,Full Cream,,Full,,,0.0
20893,675,0.0,21.7,Smoothie-Banana Buzz,1,Cold Drinks,7.6,3,REG,7.6,2022-04-10 11:15:00,34.565856439158985,,,,,,,,,,,,0.0
16840,421,0.0,21.7,Milkshake (Syrup)-Chocolate,1,Cold Drinks,2.9,2,MINI,2.9,2021-10-24 08:30:00,32.56254897822951,,,,,,,Full Cream,,,,,0.0
32638,172,0.0,21.7,Freshly Squeezed Juice-Orange,1,Cold Drinks,7.5,1,REG,6.5,2023-06-10 09:30:19,5.2489316501187995,,,,,With Ice,"Lemon, Celery, Ginger, Beetroot",,,,,,1.0
32380,172,0.0,21.7,Freshly Squeezed Juice-Orange,1,Cold Drinks,7.5,1,REG,6.5,2023-06-02 06:43:16,5.2489316501187995,,,,,With Ice,"Lemon, Celery, Ginger, Beetroot",,,,,,1.0
31740,172,0.0,21.7,Freshly Squeezed Juice-Orange,1,Cold Drinks,7.5,1,REG,6.5,2023-05-12 08:43:18,5.2489316501187995,,,,,With Ice,"Lemon, Celery, Ginger, Beetroot",,,,,,1.0
31485,172,0.0,21.7,Freshly Squeezed Juice-Carrot,1,Cold Drinks,7.5,1,REG,6.5,2023-05-05 08:22:10,5.2489316501187995,,,,,With Ice,"Lemon, Celery, Ginger, Beetroot",,,,,,1.0
39201,197,0.0,21.7,Milkshake (Syrup)-Vanilla,1,Cold Drinks,5.2,3,SML,5.2,2024-01-18 08:36:42,8.972684535279665,,,,,,,Skim,,,,,0.0
39201,197,0.0,21.7,Milkshake (Syrup)-Chocolate,1,Cold Drinks,5.2,4,SML,5.2,2024-01-18 08:36:42,8.972684535279665,,,,,,,Skim,,,,,0.0
33246,1509,0.0,21.7,Freshly Squeezed Juice-Orange,1,Cold Drinks,6.5,2,REG,6.5,2023-06-30 09:06:42,10.756873033568699,,,,,With Ice,Orange,,,,,,0.0
18842,1061,0.0,34.5,Iced Coffee with Cream,1,Cold Drinks,5.5,3,REG,5.5,2022-01-23 10:46:39,102.91074667455888,With Cream,Normal,,0,,,Full Cream,,Full,Vanilla,,0.0
15355,172,0.0,34.5,Freshly Squeezed Juice-Orange,1,Cold Drinks,7.0,1,REG,6.0,2021-09-04 08:08:10,5.2489316501187995,,,,,With Ice,"Orange, Lemon, Apple, Celery, Carrot, Ginger, Beetroot",,,,,,1.0
15355,172,0.0,34.5,Freshly Squeezed Juice-Orange,1,Cold Drinks,7.0,2,REG,6.0,2021-09-04 08:08:10,5.2489316501187995,,,,,With Ice,"Orange, Lemon, Apple, Celery, Carrot, Ginger, Beetroot",,,,,,1.0
7498,403,0.0,60.1,Iced Coffee with Cream,1,Cold Drinks,5.0,5,REG,5.0,2020-09-25 12:47:58,162.73905493150684,With Cream,Normal,,0,,,Full Cream,,Full,Vanilla,,0.0
25418,268,0.0,16.6,Milkshake (Syrup)-Cookies and Cream,1,Cold Drinks,6.0,3,LRG,6.0,2022-09-25 08:20:38,86.00495109529,,,,,,,Skim,,,,,0.0
35741,1582,0.0,16.6,Thickshake (Syrup)-Cookies and Cream,1,Cold Drinks,7.9,3,SML,7.9,2023-09-16 11:09:44,5.734883511361751,,,,,,,,,,,,0.0
20483,846,0.0,16.6,Milkshake (Syrup)-Chocolate,1,Cold Drinks,3.9,3,SML,3.9,2022-03-26 11:53:54,113.91735336941782,,,,,,,Full Cream,,,,,0.0
20483,846,0.0,16.6,Milkshake (Syrup)-Vanilla,1,Cold Drinks,3.9,4,SML,3.9,2022-03-26 11:53:54,113.91735336941782,,,,,,,Full Cream,,,,,0.0
9255,351,0.0,16.6,Milkshake (Syrup)-Vanilla,1,Cold Drinks,2.5,3,MINI,2.5,2020-12-01 10:55:07,15.749687649741688,,,,,,,Full Cream,,,,,0.0
9255,351,0.0,16.6,Milkshake (Syrup)-Vanilla,1,Cold Drinks,2.5,4,MINI,2.5,2020-12-01 10:55:07,15.749687649741688,,,,,,,Full Cream,,,,,0.0
9255,351,0.0,16.6,Milkshake (Syrup)-Vanilla,1,Cold Drinks,2.5,5,MINI,2.5,2020-12-01 10:55:07,15.749687649741688,,,,,,,Full Cream,,,,,0.0
28249,100,0.0,16.6,Smoothie-Mango Magic,1,Cold Drinks,7.6,3,REG,7.6,2023-01-13 09:45:31,18.372639920725167,,,,,,,,,,,,0.0
40528,1641,0.0,16.6,Milkshake (Syrup)-Strawberry,1,Cold Drinks,3.3,4,MINI,3.3,2024-03-03 08:33:27,7.860372827856691,,,,,,,Full Cream,,,,,0.0
28037,1168,0.0,16.6,Thickshake (Syrup)-Caramel,1,Cold Drinks,6.9,3,SML,6.9,2023-01-05 08:12:26,16.293560264742503,,,,,,,,,,,,0.0
24454,1191,0.0,16.6,Milkshake (Syrup)-Blue Heaven,1,Cold Drinks,3.9,3,SML,3.9,2022-08-22 08:42:44,37.61946146075213,,,,,,,Full Cream,,,,,0.0
24454,1191,0.0,16.6,Milkshake (Syrup)-Blue Heaven,1,Cold Drinks,3.9,4,SML,3.9,2022-08-22 08:42:44,37.61946146075213,,,,,,,Full Cream,,,,,0.0
18123,729,0.0,16.6,Smoothie-Mango Magic,1,Cold Drinks,7.6,1,REG,7.6,2021-12-09 12:32:59,102.91074667455888,,,,,,,,,,,,0.0
23260,234,0.0,16.6,Milkshake (Syrup)-Cookies and Cream,1,Cold Drinks,6.0,3,LRG,6.0,2022-07-10 09:18:10,3.306975953679214,,,,,,,Skim,,,,,0.0
21383,234,0.0,16.6,Milkshake (Syrup)-Chocolate,1,Cold Drinks,6.0,3,LRG,6.0,2022-04-30 10:19:24,3.306975953679214,,,,,,,Full Cream,,,,,0.0
10614,234,0.0,16.6,Iced Mocha with Cream,1,Cold Drinks,6.0,2,REG,6.0,2021-02-14 10:03:25,3.306975953679214,With Cream,Normal,,0,,,Skim,,Full,,,0.0
15815,754,0.0,16.6,Thickshake (Syrup)-Spearmint,1,Cold Drinks,8.0,3,LRG,8.0,2021-09-19 10:03:01,5.580993662182695,,,,,,,,,,,,0.0
20168,839,0.0,29.4,Milkshake (Syrup)-Chocolate,1,Cold Drinks,2.9,4,MINI,2.9,2022-03-14 08:45:00,7.6513830729472705,,,,,,,Full Cream,,,,,0.0
19962,839,0.0,29.4,Milkshake (Syrup)-Chocolate,1,Cold Drinks,2.9,4,MINI,2.9,2022-03-06 08:45:00,7.6513830729472705,,,,,,,Full Cream,,,,,0.0
19535,839,0.0,29.4,Milkshake (Syrup)-Vanilla,1,Cold Drinks,2.9,4,MINI,2.9,2022-02-19 08:30:00,7.6513830729472705,,,,,,,Full Cream,,,,,0.0
38390,1425,0.0,29.4,Freshly Squeezed Juice-Orange,1,Cold Drinks,7.7,3,REG,7.2,2023-12-09 14:44:11,187.93900986376252,,,,,With Ice,"Celery, Ginger",,,,,,0.5
39011,1694,0.0,29.4,Milkshake (Syrup)-Chocolate,1,Cold Drinks,7.2,2,LRG,7.2,2024-01-10 12:37:18,102.91074667455888,,,,,,,Full Cream,,,,,0.0
39011,1694,0.0,29.4,Milkshake (Syrup)-Blue Heaven,1,Cold Drinks,7.2,3,LRG,7.2,2024-01-10 12:37:18,102.91074667455888,,,,,,,Full Cream,,,,,0.0
38980,1694,0.0,29.4,Milkshake (Syrup)-Chocolate,1,Cold Drinks,7.2,2,LRG,7.2,2024-01-09 12:24:20,102.91074667455888,,,,,,,Full Cream,,,,,0.0
38980,1694,0.0,29.4,Milkshake (Syrup)-Blue Heaven,1,Cold Drinks,7.2,3,LRG,7.2,2024-01-09 12:24:20,102.91074667455888,,,,,,,Full Cream,,,,,0.0
7879,403,0.0,55.0,Iced Coffee with Cream,1,Cold Drinks,5.0,4,REG,5.0,2020-10-10 13:51:39,162.73905493150684,With Cream,Normal,,0,,,Full Cream,,Full,Vanilla,,0.0
27483,771,0.0,11.5,Iced Coffee with Cream,1,Cold Drinks,6.5,2,REG,5.5,2022-12-06 13:11:23,64.57491273581955,No Cream,Normal,,0,,,Oat Milk,,Full,None,,1.0
24884,20,0.0,11.5,Milkshake (Syrup)-Chocolate,1,Cold Drinks,3.9,4,SML,3.9,2022-09-06 08:15:09,15.937429912097317,,,,,,,Full Cream,,,,,0.0
15133,20,0.0,11.5,Freshly Squeezed Juice-Orange,1,Cold Drinks,6.5,2,REG,6.0,2021-08-27 09:28:48,15.937429912097317,,,,,With Ice,"Apple, Carrot, Ginger",,,,,,0.5
14922,20,0.0,11.5,Freshly Squeezed Juice-Orange,1,Cold Drinks,6.5,2,REG,6.0,2021-08-20 09:20:18,15.937429912097317,,,,,With Ice,"Apple, Carrot, Ginger",,,,,,0.5
17019,49,0.0,11.5,Milkshake (Syrup)-Chocolate,1,Cold Drinks,3.9,2,SML,3.9,2021-10-29 10:29:05,5.6913721453400745,,,,,,,Full Cream,,,,,0.0
17019,49,0.0,11.5,Milkshake (Syrup)-Chocolate,1,Cold Drinks,3.9,3,SML,3.9,2021-10-29 10:29:05,5.6913721453400745,,,,,,,Full Cream,,,,,0.0
15253,49,0.0,11.5,Milkshake (Syrup)-Chocolate,1,Cold Drinks,3.9,2,SML,3.9,2021-08-31 10:47:12,5.6913721453400745,,,,,,,Full Cream,,,,,0.0
15253,49,0.0,11.5,Milkshake (Syrup)-Chocolate,1,Cold Drinks,3.9,3,SML,3.9,2021-08-31 10:47:12,5.6913721453400745,,,,,,,Full Cream,,,,,0.0
14054,49,0.0,11.5,Milkshake (Syrup)-Chocolate,1,Cold Drinks,3.9,2,SML,3.9,2021-07-16 10:49:55,5.6913721453400745,,,,,,,Full Cream,,,,,0.0
14054,49,0.0,11.5,Milkshake (Syrup)-Chocolate,1,Cold Drinks,3.9,3,SML,3.9,2021-07-16 10:49:55,5.6913721453400745,,,,,,,Full Cream,,,,,0.0
27996,324,0.0,11.5,Iced Coffee with Cream,1,Cold Drinks,6.5,2,REG,5.5,2022-12-23 07:46:42,21.399972119696923,No Cream,Normal,,0,,,Oat Milk,,Full,Vanilla,,1.0
10908,78,0.0,11.5,Smoothie-Koko Berries,1,Cold Drinks,7.6,2,REG,7.6,2021-03-01 08:30:55,118.77749604723726,,,,,,,,,,,,0.0
4212,78,0.0,11.5,Smoothie-Banana Buzz,1,Cold Drinks,7.6,2,REG,7.6,2020-02-19 08:15:27,118.77749604723726,,,,,,,,,,,,0.0
4045,78,0.0,11.5,Smoothie-Banana Buzz,1,Cold Drinks,7.6,2,REG,7.6,2020-01-10 08:37:47,118.77749604723726,,,,,,,,,,,,0.0
27930,1363,0.0,11.5,Iced Coffee with Cream,1,Cold Drinks,6.5,2,REG,5.5,2022-12-20 10:08:31,102.91074667455888,No Cream,Normal,,0,,,Oat Milk,,Full,Vanilla,,1.0
9569,129,0.0,11.5,Milkshake (Syrup)-Caramel,1,Cold Drinks,6.0,1,LRG,6.0,2020-12-14 09:03:57,143.54267658086914,,,,,,,Full Cream,,,,,0.0
27981,392,0.0,11.5,Iced Coffee with Cream,1,Cold Drinks,6.0,1,REG,5.5,2022-12-22 13:40:09,14.551929023255726,No Cream,Normal,,0,,,Soy,,Full,None,,0.5
27981,392,0.0,11.5,Iced Coffee with Cream,1,Cold Drinks,5.5,2,REG,5.5,2022-12-22 13:40:09,14.551929023255726,No Cream,Normal,,0,,,Skim,,Full,None,,0.0
22895,405,0.0,11.5,Milkshake (Syrup)-Chocolate,1,Cold Drinks,6.0,2,LRG,6.0,2022-06-25 12:35:38,304.44448499594216,,,,,,,Full Cream,,,,,0.0
22895,405,0.0,11.5,Iced Chocolate with Cream,1,Cold Drinks,5.5,1,REG,5.5,2022-06-25 12:35:38,304.44448499594216,No Cream,,,0,,,Full Cream,,Full,,,0.0
17220,663,0.0,11.5,Iced Coffee with Cream,1,Cold Drinks,5.5,2,REG,5.5,2021-11-06 10:35:35,81.72819241790091,With Cream,Normal,,0,,,Full Cream,,Full,Vanilla,,0.0
17220,663,0.0,11.5,Freshly Squeezed Juice-Orange,1,Cold Drinks,6.0,1,REG,6.0,2021-11-06 10:35:35,81.72819241790091,,,,,With Ice,"Orange, Apple, Carrot",,,,,,0.0
10116,172,0.0,11.5,Freshly Squeezed Juice-Orange,1,Cold Drinks,6.0,1,REG,6.0,2021-01-19 08:26:41,5.2489316501187995,,,,,With Ice,Orange,,,,,,0.0
31420,175,0.0,11.5,Milkshake (Syrup)-Banana,1,Cold Drinks,6.5,2,LRG,6.5,2023-05-03 09:11:39,10.277826498239987,,,,,,,Full Cream,,,,,0.0
16861,177,0.0,11.5,Iced Coffee with Cream,1,Cold Drinks,5.5,2,REG,5.5,2021-10-24 11:18:16,187.55969716332987,With Cream,Normal,,0,,,Full Cream,,Full,Vanilla,,0.0
16861,177,0.0,11.5,Freshly Squeezed Juice-Orange,1,Cold Drinks,6.0,1,REG,6.0,2021-10-24 11:18:16,187.55969716332987,,,,,With Ice,"Orange, Lemon, Apple",,,,,,0.0
7690,488,0.0,11.5,Freshly Squeezed Juice-Orange,1,Cold Drinks,6.5,1,REG,6.0,2020-10-03 08:45:00,408.7989645370856,,,,,With Ice,"Orange, Lemon, Celery, Ginger",,,,,,0.5
32975,1516,0.0,11.5,Freshly Squeezed Juice-Orange,1,Cold Drinks,6.5,1,REG,6.5,2023-06-21 11:58:32,102.91074667455888,,,,,With Ice,Orange,,,,,,0.0
26700,1271,0.0,11.5,Smoothie-Green Machine,1,Cold Drinks,7.6,2,REG,7.6,2022-11-11 07:58:26,37.048231112583885,,,,,,,,,,,,0.0
26700,1271,0.0,11.5,Milkshake (Syrup)-Cookies and Cream,1,Cold Drinks,3.9,1,SML,3.9,2022-11-11 07:58:26,37.048231112583885,,,,,,,Full Cream,,,,,0.0
26483,1271,0.0,11.5,Smoothie-Green Machine,1,Cold Drinks,7.6,2,REG,7.6,2022-11-04 07:53:07,37.048231112583885,,,,,,,,,,,,0.0
26483,1271,0.0,11.5,Milkshake (Syrup)-Blue Heaven,1,Cold Drinks,3.9,1,SML,3.9,2022-11-04 07:53:07,37.048231112583885,,,,,,,Full Cream,,,,,0.0
18366,275,0.0,24.3,Freshly Squeezed Juice-Orange,1,Cold Drinks,6.0,1,REG,6.0,2021-12-19 08:02:35,9.182885244928025,,,,,With Ice,Orange,,,,,,0.0
39166,1044,0.0,24.3,Smoothie-Koko Berries,1,Cold Drinks,8.5,4,REG,8.5,2024-01-17 07:16:20,36.46887554972373,,,,,,,,,,,,0.0
24048,48,0.0,24.3,Smoothie-Mango Magic,1,Cold Drinks,7.6,3,REG,7.6,2022-08-07 08:42:16,20.32398627078375,,,,,,,,,,,,0.0
14838,403,0.0,24.3,Iced Coffee with Cream,1,Cold Drinks,5.5,2,REG,5.5,2021-08-16 13:53:23,162.73905493150684,With Cream,Normal,,0,,,Full Cream,,Full,Vanilla,,0.0
38552,1192,0.0,24.3,Smoothie-Koko Berries,1,Cold Drinks,8.5,3,REG,8.5,2023-12-15 07:41:04,48.3676739574891,,,,,,,,,,,,0.0
33718,175,0.0,24.3,Milkshake (Syrup)-Banana,1,Cold Drinks,6.5,4,LRG,6.5,2023-07-15 11:24:45,10.277826498239987,,,,,,,Full Cream,,,,,0.0
33718,175,0.0,24.3,Milkshake (Syrup)-Caramel,1,Cold Drinks,2.9,5,MINI,2.9,2023-07-15 11:24:45,10.277826498239987,,,,,,,Full Cream,,,,,0.0
30993,175,0.0,24.3,Milkshake (Syrup)-Caramel,1,Cold Drinks,2.9,3,MINI,2.9,2023-04-19 12:14:08,10.277826498239987,,,,,,,Full Cream,,,,,0.0
30993,175,0.0,24.3,Milkshake (Syrup)-Caramel,1,Cold Drinks,2.9,4,MINI,2.9,2023-04-19 12:14:08,10.277826498239987,,,,,,,Full Cream,,,,,0.0
6937,223,0.0,24.3,Milkshake (Syrup)-Strawberry,1,Cold Drinks,2.5,4,MINI,2.5,2020-09-05 09:12:02,32.77916866786114,,,,,,,Full Cream,,,,,0.0
6937,223,0.0,24.3,Milkshake (Syrup)-Strawberry,1,Cold Drinks,2.5,5,MINI,2.5,2020-09-05 09:12:02,32.77916866786114,,,,,,,Full Cream,,,,,0.0
6937,223,0.0,24.3,Freshly Squeezed Juice-Orange,1,Cold Drinks,6.5,2,REG,6.0,2020-09-05 09:12:02,32.77916866786114,,,,,With Ice,"Orange, Apple, Ginger",,,,,,0.5
26937,1271,0.0,24.3,Ice Latte,1,Cold Drinks,4.8,1,REG,4.8,2022-11-18 11:15:51,37.048231112583885,,Normal,,0,,,Full Cream,,Full,None,,0.0
26937,1271,0.0,24.3,Smoothie-Green Machine,1,Cold Drinks,7.6,5,REG,7.6,2022-11-18 11:15:51,37.048231112583885,,,,,,,,,,,,0.0
39575,1017,0.0,24.3,Smoothie-Koko Berries,1,Cold Drinks,8.5,4,REG,8.5,2024-02-01 07:27:24,44.7730470925372,,,,,,,,,,,,0.0
16781,537,0.0,37.1,Milkshake (Syrup)-Strawberry,1,Cold Drinks,3.9,6,SML,3.9,2021-10-21 12:15:17,158.16461185879868,,,,,,,Full Cream,,,,,0.0
16781,537,0.0,37.1,Iced Coffee with Cream,1,Cold Drinks,5.5,5,REG,5.5,2021-10-21 12:15:17,158.16461185879868,With Cream,Normal,,0,,,Full Cream,,Full,Vanilla,,0.0
28806,288,0.0,37.1,Smoothie-Banana Buzz,1,Cold Drinks,7.6,4,REG,7.6,2023-02-04 14:16:12,33.10473998574539,,,,,,,,,,,,0.0
31023,1380,0.0,37.1,Smoothie-Green Machine,1,Cold Drinks,7.6,3,REG,7.6,2023-04-20 11:47:42,31.834991230824404,,,,,,,,,,,,0.0
31023,1380,0.0,37.1,Freshly Squeezed Juice-Apple,1,Cold Drinks,6.5,2,REG,6.5,2023-04-20 11:47:42,31.834991230824404,,,,,With Ice,"Lemon, Celery",,,,,,0.0
15606,874,0.0,37.1,Milkshake (Syrup)-Chocolate,1,Cold Drinks,3.9,3,SML,3.9,2021-09-12 10:32:40,284.2569260369921,,,,,,,Full Cream,,,,,0.0
13471,645,0.0,62.7,Freshly Squeezed Juice-Orange,1,Cold Drinks,6.0,2,REG,6.0,2021-06-20 12:27:49,172.60359208313133,,,,,With Ice,Orange,,,,,,0.0
13471,645,0.0,62.7,Ice Chai,1,Cold Drinks,7.0,5,REG,6.0,2021-06-20 12:27:49,172.60359208313133,,,,0,,,Oat Milk,,Full,,,1.0
34708,12,0.0,88.3,Smoothie-Mango Magic,2,Cold Drinks,17.0,4,REG,8.5,2023-08-16 06:50:01,30.753554335954057,,,,,,,,,,,,0.0
37413,67,0.0,19.2,Freshly Squeezed Juice-Orange,1,Cold Drinks,7.7,1,REG,7.2,2023-11-08 13:16:59,49.80813085628067,,,,,With Ice,"Lemon, Ginger",,,,,,0.5
23032,1148,0.0,19.2,Milkshake (Syrup)-Lime,1,Cold Drinks,3.9,4,SML,3.9,2022-07-01 10:29:31,21.754424527504998,,,,,,,Full Cream,,,,,0.0
13469,394,0.0,19.2,Freshly Squeezed Juice-Orange,1,Cold Drinks,6.0,1,REG,6.0,2021-06-20 11:48:05,185.36195549641397,,,,,With Ice,Orange,,,,,,0.0
16825,175,0.0,19.2,Milkshake (Syrup)-Blue Heaven,1,Cold Drinks,2.9,5,MINI,2.9,2021-10-23 10:20:35,10.277826498239987,,,,,,,Full Cream,,,,,0.0
17107,228,0.0,19.2,Milkshake (Syrup)-Lime,1,Cold Drinks,2.9,5,MINI,2.9,2021-11-02 09:23:52,142.2871211013458,,,,,,,Full Cream,,,,,0.0
13080,234,0.0,19.2,Thickshake (Syrup)-Vanilla,1,Cold Drinks,8.0,3,LRG,8.0,2021-06-06 09:21:54,3.306975953679214,,,,,,,,,,,,0.0
28586,541,0.0,32.0,Freshly Squeezed Juice-Orange,1,Cold Drinks,7.0,3,REG,6.5,2023-01-27 11:41:35,72.33584156997668,,,,,With Ice,"Apple, Ginger",,,,,,0.5
28063,839,0.0,32.0,Milkshake (Syrup)-Chocolate,1,Cold Drinks,2.9,3,MINI,2.9,2023-01-06 07:53:26,7.6513830729472705,,,,,,,Full Cream,,,,,0.0
35889,1453,0.0,32.0,Milkshake (Syrup)-Strawberry,1,Cold Drinks,5.2,2,SML,5.2,2023-09-21 10:42:17,102.91074667455888,,,,,,,Full Cream,,,,,0.0
24428,234,0.0,32.0,Iced Chocolate with Cream,1,Cold Drinks,5.5,1,REG,5.5,2022-08-21 10:19:51,3.306975953679214,With Cream,,,0,,,Skim,,Full,,,0.0
24428,234,0.0,32.0,Iced Chocolate with Cream,1,Cold Drinks,5.5,2,REG,5.5,2022-08-21 10:19:51,3.306975953679214,With Cream,,,0,,,Skim,,Full,,,0.0
24428,234,0.0,32.0,Iced Chocolate with Cream,1,Cold Drinks,5.5,3,REG,5.5,2022-08-21 10:19:51,3.306975953679214,With Cream,,,0,,,Skim,,Full,,,0.0
21783,234,0.0,32.0,Milkshake (Syrup)-Blue Heaven,1,Cold Drinks,6.0,3,LRG,6.0,2022-05-15 09:27:26,3.306975953679214,,,,,,,Full Cream,,,,,0.0
21783,234,0.0,32.0,Milkshake (Syrup)-Cookies and Cream,1,Cold Drinks,6.0,4,LRG,6.0,2022-05-15 09:27:26,3.306975953679214,,,,,,,Full Cream,,,,,0.0
6579,255,0.0,32.0,Iced Coffee with Cream,1,Cold Drinks,5.0,1,REG,5.0,2020-08-22 10:00:00,56.13881858007836,With Cream,Normal,,0,,,Full Cream,,Full,Vanilla,,0.0
6579,255,0.0,32.0,Thickshake (Syrup)-Chocolate,1,Cold Drinks,8.0,2,LRG,8.0,2020-08-22 10:00:00,56.13881858007836,,,,,,,,,,,,0.0
37073,1192,0.0,44.8,Smoothie-Koko Berries,1,Cold Drinks,8.5,4,REG,8.5,2023-10-27 12:12:31,48.3676739574891,,,,,,,,,,,,0.0
21973,719,0.0,57.6,Iced Mocha with Cream,1,Cold Drinks,6.0,1,REG,6.0,2022-05-22 12:09:23,102.91074667455888,With Cream,Normal,,0,,,Full Cream,,Full,,,0.0
21973,719,0.0,57.6,Milkshake (Syrup)-Chocolate,1,Cold Drinks,6.0,2,LRG,6.0,2022-05-22 12:09:23,102.91074667455888,,,,,,,Full Cream,,,,,0.0
21973,719,0.0,57.6,Milkshake (Syrup)-Strawberry,1,Cold Drinks,3.9,3,SML,3.9,2022-05-22 12:09:23,102.91074667455888,,,,,,,Full Cream,,,,,0.0
21973,719,0.0,57.6,Milkshake (Syrup)-Strawberry,1,Cold Drinks,3.9,4,SML,3.9,2022-05-22 12:09:23,102.91074667455888,,,,,,,Full Cream,,,,,0.0
15400,799,0.0,70.4,Freshly Squeezed Juice-Orange,1,Cold Drinks,6.0,4,REG,6.0,2021-09-05 10:17:51,227.42422425453665,,,,,With Ice,Orange,,,,,,0.0
38364,20,0.0,14.1,Ice Latte,1,Cold Drinks,5.7,3,REG,5.2,2023-12-09 07:52:35,15.937429912097317,,Normal,,1,,,Skim,,Full,None,,0.5
13594,20,0.0,14.1,Ice Latte,1,Cold Drinks,5.3,3,REG,4.8,2021-06-25 13:36:37,15.937429912097317,,Normal,,1,,,Skim,,Full,None,,0.5
13594,20,0.0,14.1,Milkshake (Syrup)-Chocolate,1,Cold Drinks,2.9,4,MINI,2.9,2021-06-25 13:36:37,15.937429912097317,,,,,,,Full Cream,,,,,0.0
12069,20,0.0,14.1,Ice Latte,1,Cold Drinks,5.3,3,REG,4.8,2021-04-26 08:46:07,15.937429912097317,,Normal,,1,,,Skim,,Full,None,,0.5
12069,20,0.0,14.1,Milkshake (Syrup)-Chocolate,1,Cold Drinks,2.9,4,MINI,2.9,2021-04-26 08:46:07,15.937429912097317,,,,,,,Full Cream,,,,,0.0
15135,541,0.0,14.1,Smoothie-Koko Berries,1,Cold Drinks,7.6,2,REG,7.6,2021-08-27 10:11:18,72.33584156997668,,,,,,,,,,,,0.0
14753,541,0.0,14.1,Smoothie-Mango Magic,1,Cold Drinks,7.6,2,REG,7.6,2021-08-13 10:57:19,72.33584156997668,,,,,,,,,,,,0.0
27604,811,0.0,14.1,Freshly Squeezed Juice-Orange,1,Cold Drinks,6.5,1,REG,6.5,2022-12-10 12:50:23,56.15160730560616,,,,,With Ice,"Orange, Lemon, Apple, Celery, Carrot",,,,,,0.0
27604,811,0.0,14.1,Smoothie-Mango Magic,1,Cold Drinks,7.6,2,REG,7.6,2022-12-10 12:50:23,56.15160730560616,,,,,,,,,,,,0.0
4117,44,0.0,14.1,Iced Mocha with Cream,1,Cold Drinks,5.5,2,REG,5.5,2020-01-27 11:22:59,21.368767595046826,With Cream,Normal,,0,,,Full Cream,,Full,,,0.0
6347,49,0.0,14.1,Milkshake (Syrup)-Chocolate,1,Cold Drinks,3.8,2,SML,3.8,2020-08-11 10:31:09,5.6913721453400745,,,,,,,Full Cream,,,,,0.0
6347,49,0.0,14.1,Thickshake (Syrup)-Chocolate,1,Cold Drinks,6.0,3,SML,6.0,2020-08-11 10:31:09,5.6913721453400745,,,,,,,,,,,,0.0
27151,1339,0.0,14.1,Freshly Squeezed Juice-Orange,1,Cold Drinks,6.5,1,REG,6.5,2022-11-25 13:31:02,102.91074667455888,,,,,With Ice,Orange,,,,,,0.0
27151,1339,0.0,14.1,Smoothie-Mango Magic,1,Cold Drinks,7.6,2,REG,7.6,2022-11-25 13:31:02,102.91074667455888,,,,,,,,,,,,0.0
15334,573,0.0,14.1,Ice Latte,1,Cold Drinks,5.3,2,REG,4.8,2021-09-03 09:21:17,90.94823587731321,,Normal,,0,,,Soy,,Full,Vanilla,,0.5
15334,573,0.0,14.1,Milkshake (Syrup)-Chocolate,1,Cold Drinks,2.9,3,MINI,2.9,2021-09-03 09:21:17,90.94823587731321,,,,,,,Full Cream,,,,,0.0
15334,573,0.0,14.1,Milkshake (Syrup)-Vanilla,1,Cold Drinks,2.9,4,MINI,2.9,2021-09-03 09:21:17,90.94823587731321,,,,,,,Full Cream,,,,,0.0
9431,588,0.0,14.1,Smoothie-Green Machine,1,Cold Drinks,7.6,2,REG,7.6,2020-12-08 11:11:48,102.91074667455888,,,,,,,,,,,,0.0
9431,588,0.0,14.1,Freshly Squeezed Juice-Orange,1,Cold Drinks,6.5,1,REG,6.0,2020-12-08 11:11:48,102.91074667455888,,,,,With Ice,"Orange, Apple, Carrot, Ginger",,,,,,0.5
31221,1444,0.0,14.1,Milkshake (Syrup)-Strawberry,1,Cold Drinks,6.5,1,LRG,6.5,2023-04-27 08:15:36,28.269114898469265,,,,,,,Full Cream,,,,,0.0
31221,1444,0.0,14.1,Smoothie-Banana Buzz,1,Cold Drinks,7.6,2,REG,7.6,2023-04-27 08:15:36,28.269114898469265,,,,,,,,,,,,0.0
39517,172,0.0,14.1,Freshly Squeezed Juice-Carrot,1,Cold Drinks,8.2,1,REG,7.2,2024-01-30 06:51:18,5.2489316501187995,,,,,With Ice,"Lemon, Celery, Ginger, Beetroot",,,,,,0.9999999999999991
25988,175,0.0,14.1,Milkshake (Syrup)-Blue Heaven,1,Cold Drinks,3.9,3,SML,3.9,2022-10-16 10:36:19,10.277826498239987,,,,,,,Full Cream,,,,,0.0
22736,175,0.0,14.1,Milkshake (Syrup)-Strawberry,1,Cold Drinks,2.9,4,MINI,2.9,2022-06-19 11:23:09,10.277826498239987,,,,,,,Full Cream,,,,,0.0
8127,189,0.0,14.1,Milkshake (Syrup)-Chocolate,1,Cold Drinks,3.8,4,SML,3.8,2020-10-18 10:55:56,9.699059222346209,,,,,,,Full Cream,,,,,0.0
10934,223,0.0,14.1,Milkshake (Syrup)-Strawberry,1,Cold Drinks,2.9,4,MINI,2.9,2021-03-03 08:15:00,32.77916866786114,,,,,,,Full Cream,,,,,0.0
9078,223,0.0,14.1,Milkshake (Syrup)-Chocolate,1,Cold Drinks,2.5,2,MINI,2.5,2020-11-24 08:29:21,32.77916866786114,,,,,,,Full Cream,,,,,0.0
9078,223,0.0,14.1,Milkshake (Syrup)-Cookies and Cream,1,Cold Drinks,2.5,3,MINI,2.5,2020-11-24 08:29:21,32.77916866786114,,,,,,,Full Cream,,,,,0.0
25049,228,0.0,14.1,Milkshake (Syrup)-Banana,1,Cold Drinks,3.9,3,SML,3.9,2022-09-11 10:13:12,142.2871211013458,,,,,,,Full Cream,,,,,0.0
9344,233,0.0,14.1,Milkshake (Syrup)-Lime,1,Cold Drinks,2.5,3,MINI,2.5,2020-12-05 09:10:49,14.254925248600953,,,,,,,Full Cream,,,,,0.0
9344,233,0.0,14.1,Milkshake (Syrup)-Strawberry,1,Cold Drinks,2.5,4,MINI,2.5,2020-12-05 09:10:49,14.254925248600953,,,,,,,Full Cream,,,,,0.0
7897,499,0.0,14.1,Milkshake (Syrup)-Chocolate,1,Cold Drinks,2.5,4,MINI,2.5,2020-10-11 10:46:08,102.91074667455888,,,,,,,Full Cream,,,,,0.0
15383,20,0.0,26.9,Milkshake (Syrup)-Chocolate,1,Cold Drinks,3.9,5,SML,3.9,2021-09-05 08:35:00,15.937429912097317,,,,,,,Full Cream,,,,,0.0
15383,20,0.0,26.9,Milkshake (Syrup)-Chocolate,1,Cold Drinks,2.9,6,MINI,2.9,2021-09-05 08:35:00,15.937429912097317,,,,,,,Full Cream,,,,,0.0
15383,20,0.0,26.9,Freshly Squeezed Juice-Orange,1,Cold Drinks,6.5,3,REG,6.0,2021-09-05 08:35:00,15.937429912097317,,,,,With Ice,"Apple, Carrot, Ginger",,,,,,0.5
32179,288,0.0,26.9,Thickshake (Syrup)-Vanilla,1,Cold Drinks,9.5,2,LRG,9.5,2023-05-26 13:21:07,33.10473998574539,,,,,,,,,,,,0.0
27834,127,0.0,26.9,Milkshake (Syrup)-Chocolate,1,Cold Drinks,6.0,2,LRG,6.0,2022-12-17 10:24:34,77.04087019928528,,,,,,,Full Cream,,,,,0.0
23501,172,0.0,26.9,Freshly Squeezed Juice-Orange,1,Cold Drinks,7.2,1,REG,6.2,2022-07-20 08:55:52,5.2489316501187995,,,,,With Ice,"Orange, Lemon, Apple, Celery, Carrot, Ginger, Beetroot",,,,,,1.0
23501,172,0.0,26.9,Freshly Squeezed Juice-Orange,1,Cold Drinks,7.2,2,REG,6.2,2022-07-20 08:55:52,5.2489316501187995,,,,,With Ice,"Orange, Lemon, Apple, Celery, Carrot, Ginger, Beetroot",,,,,,1.0
22474,172,0.0,26.9,Freshly Squeezed Juice-Orange,1,Cold Drinks,7.2,1,REG,6.2,2022-06-09 08:38:50,5.2489316501187995,,,,,With Ice,"Orange, Lemon, Apple, Celery, Carrot, Ginger, Beetroot",,,,,,1.0
22474,172,0.0,26.9,Freshly Squeezed Juice-Orange,1,Cold Drinks,7.2,2,REG,6.2,2022-06-09 08:38:50,5.2489316501187995,,,,,With Ice,"Orange, Lemon, Apple, Celery, Carrot, Ginger, Beetroot",,,,,,1.0
6983,177,0.0,26.9,Milkshake (Syrup)-Chocolate,1,Cold Drinks,3.8,5,SML,3.8,2020-09-06 10:35:55,187.55969716332987,,,,,,,Full Cream,,,,,0.0
6983,177,0.0,26.9,Milkshake (Syrup)-Chocolate,1,Cold Drinks,3.8,6,SML,3.8,2020-09-06 10:35:55,187.55969716332987,,,,,,,Full Cream,,,,,0.0
6788,177,0.0,26.9,Milkshake (Syrup)-Chocolate,1,Cold Drinks,3.8,5,SML,3.8,2020-08-30 10:55:34,187.55969716332987,,,,,,,Full Cream,,,,,0.0
6788,177,0.0,26.9,Milkshake (Syrup)-Chocolate,1,Cold Drinks,3.8,6,SML,3.8,2020-08-30 10:55:34,187.55969716332987,,,,,,,Full Cream,,,,,0.0
6133,177,0.0,26.9,Milkshake (Syrup)-Chocolate,1,Cold Drinks,3.8,5,SML,3.8,2020-08-02 10:23:29,187.55969716332987,,,,,,,Full Cream,,,,,0.0
6133,177,0.0,26.9,Milkshake (Syrup)-Chocolate,1,Cold Drinks,3.8,6,SML,3.8,2020-08-02 10:23:29,187.55969716332987,,,,,,,Full Cream,,,,,0.0
5993,177,0.0,26.9,Milkshake (Syrup)-Chocolate,1,Cold Drinks,3.8,5,SML,3.8,2020-07-26 10:39:11,187.55969716332987,,,,,,,Full Cream,,,,,0.0
5993,177,0.0,26.9,Milkshake (Syrup)-Chocolate,1,Cold Drinks,3.8,6,SML,3.8,2020-07-26 10:39:11,187.55969716332987,,,,,,,Full Cream,,,,,0.0
5846,177,0.0,26.9,Milkshake (Syrup)-Chocolate,1,Cold Drinks,3.8,5,SML,3.8,2020-07-19 10:06:48,187.55969716332987,,,,,,,Full Cream,,,,,0.0
5846,177,0.0,26.9,Milkshake (Syrup)-Chocolate,1,Cold Drinks,3.8,6,SML,3.8,2020-07-19 10:06:48,187.55969716332987,,,,,,,Full Cream,,,,,0.0
33354,1253,0.0,26.9,Thickshake (Syrup)-Blue Heaven,1,Cold Drinks,6.9,1,SML,6.9,2023-07-03 10:17:29,17.271483649803734,,,,,,,,,,,,0.0
33107,1253,0.0,26.9,Thickshake (Syrup)-Caramel,1,Cold Drinks,6.9,1,SML,6.9,2023-06-25 14:41:11,17.271483649803734,,,,,,,,,,,,0.0
33037,1253,0.0,26.9,Thickshake (Syrup)-Caramel,1,Cold Drinks,6.9,1,SML,6.9,2023-06-23 10:07:12,17.271483649803734,,,,,,,,,,,,0.0
32942,1253,0.0,26.9,Thickshake (Syrup)-Caramel,1,Cold Drinks,6.9,1,SML,6.9,2023-06-20 09:55:20,17.271483649803734,,,,,,,,,,,,0.0
24363,234,0.0,26.9,Milkshake (Syrup)-Cookies and Cream,1,Cold Drinks,6.0,3,LRG,6.0,2022-08-19 07:36:05,3.306975953679214,,,,,,,Skim,,,,,0.0
8131,521,0.0,39.7,Iced Mocha with Cream,1,Cold Drinks,6.0,6,REG,5.5,2020-10-18 12:33:13,185.75564229728337,With Cream,Normal,,1,,,Full Cream,,Full,,,0.5
30788,288,0.0,39.7,Smoothie-Mango Magic,1,Cold Drinks,7.6,4,REG,7.6,2023-04-12 12:13:25,33.10473998574539,,,,,,,,,,,,0.0
30788,288,0.0,39.7,Iced Coffee with Cream,1,Cold Drinks,5.7,3,REG,5.7,2023-04-12 12:13:25,33.10473998574539,With Cream,Normal,,0,,,Full Cream,,Full,Vanilla,,0.0
13638,141,0.0,39.7,Smoothie-Mango Magic,1,Cold Drinks,7.6,5,REG,7.6,2021-06-27 12:20:26,17.86202799623168,,,,,,,,,,,,0.0
10580,521,0.0,52.5,Smoothie-Banana Buzz,1,Cold Drinks,7.6,5,REG,7.6,2021-02-12 11:09:51,185.75564229728337,,,,,,,,,,,,0.0
28573,1342,1.05,11.55,Freshly Squeezed Juice-Orange,1,Cold Drinks,6.5,1,REG,6.5,2023-01-26 09:38:24,3.5178538052384973,,,,,With Ice,"Orange, Lemon",,,,,,0.0
36595,20,0.0,9.0,Freshly Squeezed Juice-Orange,1,Cold Drinks,7.2,2,REG,7.2,2023-10-13 15:43:30,15.937429912097317,,,,,With Ice,Orange,,,,,,0.0
26136,797,0.0,9.0,Thickshake (Syrup)-Chocolate,1,Cold Drinks,9.0,1,LRG,9.0,2022-10-21 09:51:38,49.05571824021632,,,,,,,,,,,,0.0
33078,1342,0.0,9.0,Ice Latte,1,Cold Drinks,5.0,1,REG,5.0,2023-06-24 14:43:52,3.5178538052384973,,Normal,,0,,,Full Cream,,Full,None,,0.0
31736,1342,0.0,9.0,Ice Latte,1,Cold Drinks,5.0,1,REG,5.0,2023-05-12 08:30:45,3.5178538052384973,,Normal,,0,,,Full Cream,,Full,None,,0.0
31447,1342,0.0,9.0,Ice Latte,1,Cold Drinks,5.0,1,REG,5.0,2023-05-04 08:13:21,3.5178538052384973,,Normal,,0,,,Full Cream,,Full,None,,0.0
39675,392,0.0,9.0,Ice Latte,1,Cold Drinks,5.7,1,REG,5.2,2024-02-04 10:05:49,14.551929023255726,,Normal,,0,,,Soy,,Full,None,,0.5
39675,392,0.0,9.0,Milkshake (Syrup)-Blue Heaven,1,Cold Drinks,3.3,2,MINI,3.3,2024-02-04 10:05:49,14.551929023255726,,,,,,,Full Cream,,,,,0.0
28854,392,0.0,9.0,Milkshake (Syrup)-Banana,1,Cold Drinks,4.5,2,SML,4.5,2023-02-06 15:03:46,14.551929023255726,,,,,,,Full Cream,,,,,0.0
24674,446,0.0,9.0,Milkshake (Syrup)-Lime,1,Cold Drinks,3.9,2,SML,3.9,2022-08-30 09:01:37,6.801133915060578,,,,,,,Full Cream,,,,,0.0
23952,446,0.0,9.0,Milkshake (Syrup)-Lime,1,Cold Drinks,3.9,2,SML,3.9,2022-08-04 08:55:25,6.801133915060578,,,,,,,Full Cream,,,,,0.0
17647,49,0.0,21.8,Milkshake (Syrup)-Chocolate,1,Cold Drinks,3.9,6,SML,3.9,2021-11-21 10:24:55,5.6913721453400745,,,,,,,Full Cream,,,,,0.0
26938,1333,0.0,21.8,Milkshake (Syrup)-Chocolate,1,Cold Drinks,6.0,3,LRG,6.0,2022-11-18 13:00:00,7.0710678118654755,,,,,,,Full Cream,,,,,0.0
36421,578,0.0,21.8,Smoothie-Koko Berries,1,Cold Drinks,8.5,3,REG,8.5,2023-10-08 11:36:03,52.26973255838355,,,,,,,,,,,,0.0
36421,578,0.0,21.8,Coffee Frappe,1,Cold Drinks,6.9,1,REG,6.9,2023-10-08 11:36:03,52.26973255838355,,Normal,,0,,,Full Cream,,Full,,,0.0
23271,175,0.0,21.8,Milkshake (Syrup)-Spearmint,1,Cold Drinks,2.9,5,MINI,2.9,2022-07-10 10:56:48,10.277826498239987,,,,,,,Full Cream,,,,,0.0
36387,1582,0.0,34.6,Thickshake (Syrup)-Blue Heaven,1,Cold Drinks,7.9,4,SML,7.9,2023-10-07 10:36:56,5.734883511361751,,,,,,,,,,,,0.0
36387,1582,0.0,34.6,Thickshake (Syrup)-Cookies and Cream,1,Cold Drinks,10.5,5,LRG,10.5,2023-10-07 10:36:56,5.734883511361751,,,,,,,,,,,,0.0
36387,1582,0.0,34.6,Ice Latte,1,Cold Drinks,5.2,3,REG,5.2,2023-10-07 10:36:56,5.734883511361751,,Normal,,0,,,Full Cream,,Full,Vanilla,,0.0
10648,313,0.0,34.6,Smoothie-Mango Magic,1,Cold Drinks,7.6,4,REG,7.6,2021-02-15 12:51:10,140.27168314546196,,,,,,,,,,,,0.0
10648,313,0.0,34.6,Smoothie-Banana Buzz,1,Cold Drinks,7.6,5,REG,7.6,2021-02-15 12:51:10,140.27168314546196,,,,,,,,,,,,0.0
10648,313,0.0,34.6,Iced Chocolate with Cream,1,Cold Drinks,5.5,2,REG,5.5,2021-02-15 12:51:10,140.27168314546196,With Cream,,,0,,,Full Cream,,Full,,,0.0
25544,839,0.0,34.6,Iced Chocolate with Cream,1,Cold Drinks,5.5,3,REG,5.5,2022-09-30 06:55:12,7.6513830729472705,With Cream,,,0,,,Full Cream,,Full,,,0.0
16919,88,0.0,34.6,Freshly Squeezed Juice-Orange,1,Cold Drinks,6.5,3,REG,6.0,2021-10-26 11:00:00,78.77380993269992,,,,,With Ice,"Orange, Apple, Carrot, Ginger",,,,,,0.5
16919,88,0.0,34.6,Iced Chocolate with Cream,1,Cold Drinks,6.0,4,REG,5.5,2021-10-26 11:00:00,78.77380993269992,No Cream,,,0,,,Soy,,Full,,,0.5
4010,127,0.0,47.4,Iced Chocolate with Cream,1,Cold Drinks,5.0,2,REG,5.0,2019-12-21 09:47:48,77.04087019928528,No Cream,,,0,,,Full Cream,,Full,,,0.0
4010,127,0.0,47.4,Iced Chocolate with Cream,1,Cold Drinks,5.0,3,REG,5.0,2019-12-21 09:47:48,77.04087019928528,No Cream,,,0,,,Full Cream,,Full,,,0.0
10192,189,0.0,47.4,Smoothie-Mango Magic,1,Cold Drinks,7.6,4,REG,7.6,2021-01-24 09:09:06,9.699059222346209,,,,,,,,,,,,0.0
15464,892,0.0,60.2,Milkshake (Syrup)-Spearmint,1,Cold Drinks,3.9,6,SML,3.9,2021-09-07 13:00:00,102.91074667455888,,,,,,,Full Cream,,,,,0.0
15464,892,0.0,60.2,Freshly Squeezed Juice-Orange,1,Cold Drinks,6.0,1,REG,6.0,2021-09-07 13:00:00,102.91074667455888,,,,,With Ice,Apple,,,,,,0.0
15464,892,0.0,60.2,Freshly Squeezed Juice-Orange,1,Cold Drinks,6.0,2,REG,6.0,2021-09-07 13:00:00,102.91074667455888,,,,,With Ice,Apple,,,,,,0.0
19566,172,0.0,85.8,Freshly Squeezed Juice-Orange,1,Cold Drinks,6.2,3,REG,6.2,2022-02-20 09:15:00,5.2489316501187995,,,,,With Ice,Orange,,,,,,0.0
19566,172,0.0,85.8,Freshly Squeezed Juice-Orange,1,Cold Drinks,6.2,4,REG,6.2,2022-02-20 09:15:00,5.2489316501187995,,,,,With Ice,Apple,,,,,,0.0
19566,172,0.0,85.8,Freshly Squeezed Juice-Orange,1,Cold Drinks,6.7,5,REG,6.2,2022-02-20 09:15:00,5.2489316501187995,,,,,With Ice,"Apple, Carrot, Ginger",,,,,,0.5
19566,172,0.0,85.8,Freshly Squeezed Juice-Orange,1,Cold Drinks,7.2,6,REG,6.2,2022-02-20 09:15:00,5.2489316501187995,,,,,With Ice,"Orange, Lemon, Apple, Celery, Carrot, Ginger, Beetroot",,,,,,1.0
19566,172,0.0,85.8,Freshly Squeezed Juice-Orange,1,Cold Drinks,7.2,7,REG,6.2,2022-02-20 09:15:00,5.2489316501187995,,,,,With Ice,"Orange, Lemon, Apple, Celery, Carrot, Ginger, Beetroot",,,,,,1.0
31162,234,1.75,19.25,Milkshake (Syrup)-Cookies and Cream,1,Cold Drinks,6.5,3,LRG,6.5,2023-04-25 10:07:56,3.306975953679214,,,,,,,Skim,,,,,0.0
11252,32,0.0,3.9,Milkshake (Syrup)-Vanilla,1,Cold Drinks,3.9,1,SML,3.9,2021-03-18 13:29:21,21.344574393513,,,,,,,Full Cream,,,,,0.0
11933,414,0.0,3.9,Milkshake (Syrup)-Chocolate,1,Cold Drinks,3.9,1,SML,3.9,2021-04-20 07:46:07,186.3138672854416,,,,,,,Full Cream,,,,,0.0
16517,959,0.0,3.9,Milkshake (Syrup)-Strawberry,1,Cold Drinks,3.9,1,SML,3.9,2021-10-12 10:08:59,102.91074667455888,,,,,,,Full Cream,,,,,0.0
39415,1641,0.82,9.02,Milkshake (Syrup)-Strawberry,1,Cold Drinks,3.3,2,MINI,3.3,2024-01-26 08:08:59,7.860372827856691,,,,,,,Full Cream,,,,,0.0
15575,32,0.0,16.7,Milkshake (Syrup)-Banana,1,Cold Drinks,3.9,3,SML,3.9,2021-09-11 11:33:04,21.344574393513,,,,,,,Full Cream,,,,,0.0
38042,172,0.0,16.7,Freshly Squeezed Juice-Carrot,1,Cold Drinks,7.7,1,REG,7.2,2023-11-29 07:57:43,5.2489316501187995,,,,,With Ice,"Lemon, Celery, Ginger",,,,,,0.5
20962,197,0.0,16.7,Milkshake (Syrup)-Vanilla,1,Cold Drinks,2.9,4,MINI,2.9,2022-04-13 09:22:35,8.972684535279665,,,,,,,Full Cream,,,,,0.0
20962,197,0.0,16.7,Milkshake (Syrup)-Chocolate,1,Cold Drinks,2.9,5,MINI,2.9,2022-04-13 09:22:35,8.972684535279665,,,,,,,Full Cream,,,,,0.0
37833,721,0.0,16.7,Ice Latte,1,Cold Drinks,5.7,1,REG,5.2,2023-11-22 08:02:03,22.483978525220593,,Normal,,1,,,Full Cream,,Full,None,,0.5
7545,333,0.0,29.5,Smoothie-Mango Magic,1,Cold Drinks,7.6,4,REG,7.6,2020-09-27 10:43:56,39.81624459103763,,,,,,,,,,,,0.0
19206,92,0.0,29.5,Iced Coffee with Cream,1,Cold Drinks,6.0,1,REG,5.5,2022-02-06 11:32:08,32.28859341322894,No Cream,Normal,,0,,,Soy,,Full,Vanilla,,0.5
19206,92,0.0,29.5,Iced Coffee with Cream,1,Cold Drinks,6.0,2,REG,5.5,2022-02-06 11:32:08,32.28859341322894,No Cream,Normal,,0,,,Soy,,Full,Vanilla,,0.5
19013,873,0.0,29.5,Ice Chai,1,Cold Drinks,6.0,3,REG,6.0,2022-01-30 10:59:24,138.56983798792578,,,,0,,,Full Cream,,Full,,,0.0
26621,1144,0.0,29.5,Iced Coffee with Cream,1,Cold Drinks,5.5,2,REG,5.5,2022-11-08 10:39:04,58.176580277235466,With Cream,Normal,,0,,,Full Cream,,Full,Vanilla,,0.0
33178,1148,0.0,29.5,Milkshake (Syrup)-Vanilla,1,Cold Drinks,2.9,5,MINI,2.9,2023-06-28 08:39:56,21.754424527504998,,,,,,,Full Cream,,,,,0.0
17235,754,0.0,29.5,Milkshake (Syrup)-Banana,1,Cold Drinks,3.9,3,SML,3.9,2021-11-07 09:32:22,5.580993662182695,,,,,,,Full Cream,,,,,0.0
33033,1522,0.0,29.5,Iced Coffee with Cream,1,Cold Drinks,5.7,1,REG,5.7,2023-06-23 09:34:55,39.59797974644666,With Cream,Normal,,0,,,Full Cream,,Full,Vanilla,,0.0
10609,14,0.0,42.3,Freshly Squeezed Juice-Orange,1,Cold Drinks,6.0,4,REG,6.0,2021-02-14 09:15:00,39.92548018814512,,,,,With Ice,"Orange, Lemon, Apple",,,,,,0.0
12053,391,0.0,42.3,Iced Coffee with Cream,1,Cold Drinks,6.0,3,REG,5.5,2021-04-25 12:12:35,186.28197264720313,With Cream,Normal,,1,,,Full Cream,,Full,Vanilla,,0.5
12053,391,0.0,42.3,Iced Coffee with Cream,1,Cold Drinks,6.0,4,REG,5.5,2021-04-25 12:12:35,186.28197264720313,With Cream,Normal,,1,,,Skim,,Full,Vanilla,,0.5
6415,175,0.0,42.3,Milkshake (Syrup)-Strawberry,1,Cold Drinks,2.5,4,MINI,2.5,2020-08-14 12:01:58,10.277826498239987,,,,,,,Full Cream,,,,,0.0
6415,175,0.0,42.3,Milkshake (Syrup)-Banana,1,Cold Drinks,3.8,5,SML,3.8,2020-08-14 12:01:58,10.277826498239987,,,,,,,Full Cream,,,,,0.0
21597,14,0.0,11.6,Freshly Squeezed Juice-Orange,1,Cold Drinks,6.2,2,REG,6.2,2022-05-08 09:15:00,39.92548018814512,,,,,With Ice,"Orange, Lemon, Apple",,,,,,0.0
30237,275,0.0,11.6,Freshly Squeezed Juice-Orange,1,Cold Drinks,6.5,1,REG,6.5,2023-03-24 08:22:21,9.182885244928025,,,,,With Ice,Orange,,,,,,0.0
29773,275,0.0,11.6,Freshly Squeezed Juice-Orange,1,Cold Drinks,6.5,1,REG,6.5,2023-03-09 07:41:46,9.182885244928025,,,,,With Ice,Orange,,,,,,0.0
29738,275,0.0,11.6,Freshly Squeezed Juice-Orange,1,Cold Drinks,6.5,1,REG,6.5,2023-03-08 07:32:54,9.182885244928025,,,,,With Ice,Orange,,,,,,0.0
19014,1058,0.0,11.6,Smoothie-Mango Magic,1,Cold Drinks,7.6,2,REG,7.6,2022-01-30 11:29:47,140.34269744903983,,,,,,,,,,,,0.0
31869,812,0.0,11.6,Milkshake (Syrup)-Banana,1,Cold Drinks,6.5,2,LRG,6.5,2023-05-16 09:35:44,79.96972545436999,,,,,,,Full Cream,,,,,0.0
30433,1329,0.0,11.6,Freshly Squeezed Juice-Orange,1,Cold Drinks,6.5,1,REG,6.5,2023-03-31 07:02:48,69.03537932019783,,,,,With Ice,Orange,,,,,,0.0
30371,1329,0.0,11.6,Freshly Squeezed Juice-Orange,1,Cold Drinks,6.5,1,REG,6.5,2023-03-29 06:55:50,69.03537932019783,,,,,With Ice,Orange,,,,,,0.0
28234,1329,0.0,11.6,Freshly Squeezed Juice-Orange,1,Cold Drinks,6.5,1,REG,6.5,2023-01-13 07:26:03,69.03537932019783,,,,,With Ice,"Orange, Apple",,,,,,0.0
28206,1329,0.0,11.6,Freshly Squeezed Juice-Orange,1,Cold Drinks,6.5,1,REG,6.5,2023-01-12 06:56:33,69.03537932019783,,,,,With Ice,"Orange, Apple",,,,,,0.0
19443,308,0.0,11.6,Freshly Squeezed Juice-Orange,1,Cold Drinks,6.2,1,REG,6.2,2022-02-15 10:16:18,10.76198852605863,,,,,With Ice,Orange,,,,,,0.0
39659,324,0.0,11.6,Ice Latte,1,Cold Drinks,6.2,2,REG,5.2,2024-02-03 11:19:03,21.399972119696923,,Normal,,0,,,Oat Milk,,Full,Vanilla,,1.0
40340,1106,0.0,11.6,Milkshake (Syrup)-Chocolate,2,Cold Drinks,6.6,2,MINI,3.3,2024-02-26 07:53:23,605.7950698599872,,,,,,,Full Cream,,,,,0.0
10447,351,0.0,11.6,Milkshake (Syrup)-Vanilla,1,Cold Drinks,2.9,1,MINI,2.9,2021-02-05 13:07:43,15.749687649741688,,,,,,,Full Cream,,,,,0.0
10447,351,0.0,11.6,Milkshake (Syrup)-Vanilla,1,Cold Drinks,2.9,2,MINI,2.9,2021-02-05 13:07:43,15.749687649741688,,,,,,,Full Cream,,,,,0.0
10447,351,0.0,11.6,Milkshake (Syrup)-Vanilla,1,Cold Drinks,2.9,3,MINI,2.9,2021-02-05 13:07:43,15.749687649741688,,,,,,,Full Cream,,,,,0.0
10447,351,0.0,11.6,Milkshake (Syrup)-Lime,1,Cold Drinks,2.9,4,MINI,2.9,2021-02-05 13:07:43,15.749687649741688,,,,,,,Full Cream,,,,,0.0
18841,197,0.0,11.6,Ice Latte,1,Cold Drinks,5.8,1,REG,4.8,2022-01-23 09:38:31,8.972684535279665,,Normal,,1,,,Soy,,Full,Vanilla,,1.0
18841,197,0.0,11.6,Milkshake (Syrup)-Vanilla,1,Cold Drinks,2.9,2,MINI,2.9,2022-01-23 09:38:31,8.972684535279665,,,,,,,Full Cream,,,,,0.0
18841,197,0.0,11.6,Milkshake (Syrup)-Chocolate,1,Cold Drinks,2.9,3,MINI,2.9,2022-01-23 09:38:31,8.972684535279665,,,,,,,Full Cream,,,,,0.0
23081,839,0.0,24.4,Milkshake (Syrup)-Chocolate,1,Cold Drinks,2.9,3,MINI,2.9,2022-07-03 09:12:45,7.6513830729472705,,,,,,,Full Cream,,,,,0.0
35131,861,0.0,24.4,Milkshake (Syrup)-Chocolate,2,Cold Drinks,6.6,3,MINI,3.3,2023-08-28 13:10:18,7.391898667983243,,,,,,,Full Cream,,,,,0.0
10379,351,0.0,24.4,Milkshake (Syrup)-Vanilla,1,Cold Drinks,2.9,4,MINI,2.9,2021-02-02 11:34:55,15.749687649741688,,,,,,,Full Cream,,,,,0.0
10379,351,0.0,24.4,Milkshake (Syrup)-Vanilla,1,Cold Drinks,2.9,5,MINI,2.9,2021-02-02 11:34:55,15.749687649741688,,,,,,,Full Cream,,,,,0.0
10379,351,0.0,24.4,Milkshake (Syrup)-Vanilla,1,Cold Drinks,2.9,6,MINI,2.9,2021-02-02 11:34:55,15.749687649741688,,,,,,,Full Cream,,,,,0.0
8993,351,0.0,24.4,Milkshake (Syrup)-Chocolate,1,Cold Drinks,2.5,3,MINI,2.5,2020-11-20 11:45:00,15.749687649741688,,,,,,,Full Cream,,,,,0.0
8993,351,0.0,24.4,Milkshake (Syrup)-Chocolate,1,Cold Drinks,2.5,4,MINI,2.5,2020-11-20 11:45:00,15.749687649741688,,,,,,,Full Cream,,,,,0.0
8993,351,0.0,24.4,Milkshake (Syrup)-Chocolate,1,Cold Drinks,2.5,5,MINI,2.5,2020-11-20 11:45:00,15.749687649741688,,,,,,,Full Cream,,,,,0.0
10247,615,0.0,24.4,Freshly Squeezed Juice-Orange,1,Cold Drinks,6.5,2,REG,6.0,2021-01-27 10:32:06,66.89693565478167,,,,,With Ice,"Orange, Lemon, Apple, Celery, Carrot, Ginger",,,,,,0.5
24878,421,0.0,24.4,Freshly Squeezed Juice-Orange,1,Cold Drinks,7.5,2,REG,6.5,2022-09-06 07:31:24,32.56254897822951,,,,,With Ice,"Orange, Lemon, Celery, Carrot, Ginger, Beetroot",,,,,,1.0
4629,228,0.0,24.4,Smoothie-Green Machine,1,Cold Drinks,7.6,5,REG,7.6,2020-04-25 09:47:24,142.2871211013458,,,,,,,,,,,,0.0
7666,488,0.0,24.4,Freshly Squeezed Juice-Orange,1,Cold Drinks,6.5,2,REG,6.0,2020-10-02 08:30:00,408.7989645370856,,,,,With Ice,"Orange, Lemon, Ginger",,,,,,0.5
7666,488,0.0,24.4,Freshly Squeezed Juice-Orange,1,Cold Drinks,6.0,3,REG,6.0,2020-10-02 08:30:00,408.7989645370856,,,,,With Ice,"Orange, Lemon, Apple",,,,,,0.0
39481,1302,0.0,37.2,Iced Chocolate with Cream,1,Cold Drinks,5.9,3,REG,5.9,2024-01-28 10:46:27,102.91074667455888,No Cream,,,0,,,Skim,,Full,,,0.0
39481,1302,0.0,37.2,Iced Mocha with Cream,1,Cold Drinks,6.4,4,REG,6.4,2024-01-28 10:46:27,102.91074667455888,With Cream,Normal,,0,,,Full Cream,,Full,,,0.0
32867,288,0.0,37.2,Iced Coffee with Cream,1,Cold Drinks,5.7,3,REG,5.7,2023-06-17 14:25:16,33.10473998574539,With Cream,Normal,,0,,,Full Cream,,Full,Vanilla,,0.0
6325,387,0.0,37.2,Iced Chocolate with Cream,1,Cold Drinks,5.0,1,REG,5.0,2020-08-10 12:30:12,89.20540707357817,With Cream,,,0,,,Full Cream,,Full,,,0.0
19018,391,0.0,37.2,Iced Mocha with Cream,1,Cold Drinks,6.0,3,REG,6.0,2022-01-30 14:30:28,186.28197264720313,With Cream,Normal,,0,,,Full Cream,,Full,,,0.0
30251,1437,0.0,37.2,Milkshake (Syrup)-Strawberry,1,Cold Drinks,2.9,5,MINI,2.9,2023-03-24 12:27:58,114.25585324174862,,,,,,,Full Cream,,,,,0.0
33103,175,0.0,37.2,Smoothie-Mango Magic,1,Cold Drinks,7.6,7,REG,7.6,2023-06-25 11:03:55,10.277826498239987,,,,,,,,,,,,0.0
38948,1590,0.0,75.6,Smoothie-Mango Magic,2,Cold Drinks,17.0,4,REG,8.5,2024-01-08 10:13:50,18.310895360109754,,,,,,,,,,,,0.0
16042,248,0.0,75.6,Thickshake (Syrup)-Chocolate,1,Cold Drinks,8.0,9,LRG,8.0,2021-09-26 13:55:58,89.37219093199812,,,,,,,,,,,,0.0
16042,248,0.0,75.6,Milkshake (Syrup)-Cookies and Cream,1,Cold Drinks,3.9,7,SML,3.9,2021-09-26 13:55:58,89.37219093199812,,,,,,,Full Cream,,,,,0.0
16042,248,0.0,75.6,Milkshake (Syrup)-Spearmint,1,Cold Drinks,3.9,8,SML,3.9,2021-09-26 13:55:58,89.37219093199812,,,,,,,Full Cream,,,,,0.0
30370,275,0.0,6.5,Freshly Squeezed Juice-Orange,1,Cold Drinks,6.5,1,REG,6.5,2023-03-29 06:40:20,9.182885244928025,,,,,With Ice,Orange,,,,,,0.0
29982,275,0.0,6.5,Freshly Squeezed Juice-Orange,1,Cold Drinks,6.5,1,REG,6.5,2023-03-16 07:55:54,9.182885244928025,,,,,With Ice,Orange,,,,,,0.0
29800,275,0.0,6.5,Freshly Squeezed Juice-Orange,1,Cold Drinks,6.5,1,REG,6.5,2023-03-10 06:19:23,9.182885244928025,,,,,With Ice,Orange,,,,,,0.0
29668,275,0.0,6.5,Freshly Squeezed Juice-Orange,1,Cold Drinks,6.5,1,REG,6.5,2023-03-06 07:01:30,9.182885244928025,,,,,With Ice,Orange,,,,,,0.0
29604,275,0.0,6.5,Freshly Squeezed Juice-Orange,1,Cold Drinks,6.5,1,REG,6.5,2023-03-04 06:59:41,9.182885244928025,,,,,With Ice,Orange,,,,,,0.0
29452,275,0.0,6.5,Freshly Squeezed Juice-Orange,1,Cold Drinks,6.5,1,REG,6.5,2023-02-27 07:21:37,9.182885244928025,,,,,With Ice,Orange,,,,,,0.0
29388,275,0.0,6.5,Freshly Squeezed Juice-Orange,1,Cold Drinks,6.5,1,REG,6.5,2023-02-25 07:56:00,9.182885244928025,,,,,With Ice,Orange,,,,,,0.0
29348,275,0.0,6.5,Freshly Squeezed Juice-Orange,1,Cold Drinks,6.5,1,REG,6.5,2023-02-24 06:04:07,9.182885244928025,,,,,With Ice,Orange,,,,,,0.0
29315,275,0.0,6.5,Freshly Squeezed Juice-Orange,1,Cold Drinks,6.5,1,REG,6.5,2023-02-23 06:18:48,9.182885244928025,,,,,With Ice,Orange,,,,,,0.0
29259,275,0.0,6.5,Freshly Squeezed Juice-Orange,1,Cold Drinks,6.5,1,REG,6.5,2023-02-21 06:10:52,9.182885244928025,,,,,With Ice,Orange,,,,,,0.0
29229,275,0.0,6.5,Freshly Squeezed Juice-Orange,1,Cold Drinks,6.5,1,REG,6.5,2023-02-20 06:07:44,9.182885244928025,,,,,With Ice,Orange,,,,,,0.0
29222,275,0.0,6.5,Freshly Squeezed Juice-Orange,1,Cold Drinks,6.5,1,REG,6.5,2023-02-19 12:02:18,9.182885244928025,,,,,With Ice,Orange,,,,,,0.0
28730,275,0.0,6.5,Freshly Squeezed Juice-Orange,1,Cold Drinks,6.5,1,REG,6.5,2023-02-02 08:02:56,9.182885244928025,,,,,With Ice,Orange,,,,,,0.0
28661,275,0.0,6.5,Freshly Squeezed Juice-Orange,1,Cold Drinks,6.5,1,REG,6.5,2023-01-31 06:48:09,9.182885244928025,,,,,With Ice,Orange,,,,,,0.0
28511,275,0.0,6.5,Freshly Squeezed Juice-Orange,1,Cold Drinks,6.5,1,REG,6.5,2023-01-24 05:50:13,9.182885244928025,,,,,With Ice,Orange,,,,,,0.0
28331,275,0.0,6.5,Freshly Squeezed Juice-Orange,1,Cold Drinks,6.5,1,REG,6.5,2023-01-17 07:38:19,9.182885244928025,,,,,With Ice,Orange,,,,,,0.0
28175,275,0.0,6.5,Freshly Squeezed Juice-Orange,1,Cold Drinks,6.5,1,REG,6.5,2023-01-11 06:29:52,9.182885244928025,,,,,With Ice,Orange,,,,,,0.0
28151,275,0.0,6.5,Freshly Squeezed Juice-Orange,1,Cold Drinks,6.5,1,REG,6.5,2023-01-10 08:19:17,9.182885244928025,,,,,With Ice,Orange,,,,,,0.0
27938,275,0.0,6.5,Freshly Squeezed Juice-Orange,1,Cold Drinks,6.5,1,REG,6.5,2022-12-21 06:38:12,9.182885244928025,,,,,With Ice,Orange,,,,,,0.0
27632,275,0.0,6.5,Freshly Squeezed Juice-Orange,1,Cold Drinks,6.5,1,REG,6.5,2022-12-12 05:56:34,9.182885244928025,,,,,With Ice,Orange,,,,,,0.0
27241,275,0.0,6.5,Freshly Squeezed Juice-Orange,1,Cold Drinks,6.5,1,REG,6.5,2022-11-29 06:39:40,9.182885244928025,,,,,With Ice,Orange,,,,,,0.0
27177,275,0.0,6.5,Freshly Squeezed Juice-Orange,1,Cold Drinks,6.5,1,REG,6.5,2022-11-26 09:57:08,9.182885244928025,,,,,With Ice,Orange,,,,,,0.0
27176,275,0.0,6.5,Freshly Squeezed Juice-Orange,1,Cold Drinks,6.5,1,REG,6.5,2022-11-26 09:56:26,9.182885244928025,,,,,With Ice,Orange,,,,,,0.0
27051,275,0.0,6.5,Freshly Squeezed Juice-Orange,1,Cold Drinks,6.5,1,REG,6.5,2022-11-23 06:22:39,9.182885244928025,,,,,With Ice,Orange,,,,,,0.0
26517,275,0.0,6.5,Freshly Squeezed Juice-Orange,1,Cold Drinks,6.5,1,REG,6.5,2022-11-05 08:38:29,9.182885244928025,,,,,With Ice,Orange,,,,,,0.0
26271,275,0.0,6.5,Freshly Squeezed Juice-Orange,1,Cold Drinks,6.5,1,REG,6.5,2022-10-27 06:24:27,9.182885244928025,,,,,With Ice,Orange,,,,,,0.0
26108,275,0.0,6.5,Freshly Squeezed Juice-Orange,1,Cold Drinks,6.5,1,REG,6.5,2022-10-21 06:13:24,9.182885244928025,,,,,With Ice,Orange,,,,,,0.0
25577,275,0.0,6.5,Freshly Squeezed Juice-Orange,1,Cold Drinks,6.5,1,REG,6.5,2022-10-01 09:30:36,9.182885244928025,,,,,With Ice,Orange,,,,,,0.0
25438,275,0.0,6.5,Freshly Squeezed Juice-Orange,1,Cold Drinks,6.5,1,REG,6.5,2022-09-26 06:23:43,9.182885244928025,,,,,With Ice,Orange,,,,,,0.0
25313,275,0.0,6.5,Freshly Squeezed Juice-Orange,1,Cold Drinks,6.5,1,REG,6.5,2022-09-21 06:49:06,9.182885244928025,,,,,With Ice,Orange,,,,,,0.0
6463,20,0.0,6.5,Freshly Squeezed Juice-Orange,1,Cold Drinks,6.5,1,REG,6.0,2020-08-16 11:45:07,15.937429912097317,,,,,With Ice,"Orange, Apple, Ginger",,,,,,0.5
33871,559,0.0,6.5,Milkshake (Syrup)-Chocolate,1,Cold Drinks,6.5,1,LRG,6.5,2023-07-20 09:03:21,208.97208745029403,,,,,,,Full Cream,,,,,0.0
19876,392,0.0,6.5,Iced Mocha with Cream,1,Cold Drinks,6.5,1,REG,6.0,2022-03-03 10:31:51,14.551929023255726,No Cream,Normal,,0,,,Soy,,Full,,,0.5
19655,392,0.0,6.5,Iced Mocha with Cream,1,Cold Drinks,6.5,1,REG,6.0,2022-02-23 10:29:12,14.551929023255726,No Cream,Normal,,0,,,Soy,,Full,,,0.5
6398,395,0.0,6.5,Freshly Squeezed Juice-Orange,1,Cold Drinks,6.5,1,REG,6.0,2020-08-13 15:15:00,126.54861666945389,,,,,With Ice,"Orange, Lemon, Apple, Celery, Carrot, Ginger",,,,,,0.5
30806,1454,0.0,6.5,Milkshake (Syrup)-Strawberry,1,Cold Drinks,6.5,1,LRG,6.5,2023-04-13 09:28:26,102.91074667455888,,,,,,,Full Cream,,,,,0.0
27799,1253,0.0,6.5,Thickshake (Syrup)-Caramel,1,Cold Drinks,6.5,1,SML,6.5,2022-12-16 09:52:35,17.271483649803734,,,,,,,,,,,,0.0
27727,1253,0.0,6.5,Thickshake (Syrup)-Caramel,1,Cold Drinks,6.5,1,SML,6.5,2022-12-14 10:11:35,17.271483649803734,,,,,,,,,,,,0.0
27477,1253,0.0,6.5,Thickshake (Syrup)-Caramel,1,Cold Drinks,6.5,1,SML,6.5,2022-12-06 09:53:28,17.271483649803734,,,,,,,,,,,,0.0
26859,1253,0.0,6.5,Thickshake (Syrup)-Caramel,1,Cold Drinks,6.5,1,SML,6.5,2022-11-16 08:47:35,17.271483649803734,,,,,,,,,,,,0.0
26715,1253,0.0,6.5,Thickshake (Syrup)-Caramel,1,Cold Drinks,6.5,1,SML,6.5,2022-11-11 09:28:07,17.271483649803734,,,,,,,,,,,,0.0
25167,1253,0.0,6.5,Thickshake (Syrup)-Blue Heaven,1,Cold Drinks,6.5,1,SML,6.5,2022-09-15 10:10:30,17.271483649803734,,,,,,,,,,,,0.0
24891,1253,0.0,6.5,Thickshake (Syrup)-Cookies and Cream,1,Cold Drinks,6.5,1,SML,6.5,2022-09-06 09:38:13,17.271483649803734,,,,,,,,,,,,0.0
24645,1253,0.0,6.5,Thickshake (Syrup)-Vanilla,1,Cold Drinks,6.5,1,SML,6.5,2022-08-29 09:17:44,17.271483649803734,,,,,,,,,,,,0.0
24533,1253,0.0,6.5,Thickshake (Syrup)-Vanilla,1,Cold Drinks,6.5,1,SML,6.5,2022-08-25 10:12:13,17.271483649803734,,,,,,,,,,,,0.0
24379,1253,0.0,6.5,Thickshake (Syrup)-Vanilla,1,Cold Drinks,6.5,1,SML,6.5,2022-08-19 15:49:35,17.271483649803734,,,,,,,,,,,,0.0
27470,1277,0.0,6.5,Thickshake (Syrup)-Chocolate,1,Cold Drinks,6.5,1,SML,6.5,2022-12-06 08:45:00,27.543904346818127,,,,,,,,,,,,0.0
26270,1277,0.0,6.5,Thickshake (Syrup)-Chocolate,1,Cold Drinks,6.5,1,SML,6.5,2022-10-27 07:00:00,27.543904346818127,,,,,,,,,,,,0.0
25146,1277,0.0,6.5,Thickshake (Syrup)-Chocolate,1,Cold Drinks,6.5,1,SML,6.5,2022-09-15 07:00:00,27.543904346818127,,,,,,,,,,,,0.0
6030,12,0.0,19.3,Milkshake (Syrup)-Chocolate,1,Cold Drinks,3.8,4,SML,3.8,2020-07-28 09:31:11,30.753554335954057,,,,,,,Full Cream,,,,,0.0
12906,20,0.0,19.3,Freshly Squeezed Juice-Orange,1,Cold Drinks,6.5,2,REG,6.0,2021-05-31 07:53:44,15.937429912097317,,,,,With Ice,"Apple, Carrot, Ginger",,,,,,0.5
35560,175,0.0,19.3,Milkshake (Syrup)-Strawberry,3,Cold Drinks,9.9,3,MINI,3.3,2023-09-10 13:53:50,10.277826498239987,,,,,,,Full Cream,,,,,4.440892098500626e-16
27770,446,0.0,19.3,Iced Chocolate with Cream,1,Cold Drinks,5.5,2,REG,5.5,2022-12-15 14:02:11,6.801133915060578,With Cream,,,0,,,Full Cream,,Full,,,0.0
27770,446,0.0,19.3,Milkshake (Syrup)-Chocolate,1,Cold Drinks,2.9,4,MINI,2.9,2022-12-15 14:02:11,6.801133915060578,,,,,,,Full Cream,,,,,0.0
27770,446,0.0,19.3,Iced Chocolate with Cream,1,Cold Drinks,5.5,3,REG,5.5,2022-12-15 14:02:11,6.801133915060578,With Cream,,,0,,,Full Cream,,Full,,,0.0
25186,1271,0.0,19.3,Milkshake (Syrup)-Cookies and Cream,1,Cold Drinks,3.9,1,SML,3.9,2022-09-16 07:55:06,37.048231112583885,,,,,,,Full Cream,,,,,0.0
25186,1271,0.0,19.3,Milkshake (Syrup)-Cookies and Cream,1,Cold Drinks,3.9,2,SML,3.9,2022-09-16 07:55:06,37.048231112583885,,,,,,,Full Cream,,,,,0.0
25186,1271,0.0,19.3,Smoothie-Green Machine,1,Cold Drinks,7.6,4,REG,7.6,2022-09-16 07:55:06,37.048231112583885,,,,,,,,,,,,0.0
25186,1271,0.0,19.3,Milkshake (Syrup)-Blue Heaven,1,Cold Drinks,3.9,3,SML,3.9,2022-09-16 07:55:06,37.048231112583885,,,,,,,Full Cream,,,,,0.0
24601,290,0.0,32.1,Thickshake (Syrup)-Cookies and Cream,1,Cold Drinks,6.5,3,SML,6.5,2022-08-27 12:25:54,47.99811603917823,,,,,,,,,,,,0.0
24601,290,0.0,32.1,Smoothie-Koko Berries,1,Cold Drinks,7.6,2,REG,7.6,2022-08-27 12:25:54,47.99811603917823,,,,,,,,,,,,0.0
15977,919,0.0,32.1,Smoothie-Koko Berries,1,Cold Drinks,7.6,5,REG,7.6,2021-09-24 13:13:09,370.9185509361474,,,,,,,,,,,,0.0
15977,919,0.0,32.1,Iced Coffee with Cream,1,Cold Drinks,5.5,2,REG,5.5,2021-09-24 13:13:09,370.9185509361474,With Cream,Normal,,0,,,Skim,,Full,Vanilla,,0.0
8372,533,0.0,44.9,Milkshake (Syrup)-Cookies and Cream,1,Cold Drinks,2.5,6,MINI,2.5,2020-10-26 12:36:07,102.91074667455888,,,,,,,Full Cream,,,,,0.0
15579,901,0.0,44.9,Smoothie-Mango Magic,1,Cold Drinks,7.6,5,REG,7.6,2021-09-11 12:25:11,189.9719277507425,,,,,,,,,,,,0.0
31798,666,0.0,57.7,Freshly Squeezed Juice-Carrot,2,Cold Drinks,15.0,2,REG,6.5,2023-05-14 09:04:17,190.90276757204614,,,,,With Ice,"Celery, Ginger, Beetroot",,,,,,1.0
19503,782,0.0,14.2,Freshly Squeezed Juice-Orange,1,Cold Drinks,6.2,1,REG,6.2,2022-02-18 06:29:50,19.67803524808997,,,,,With Ice,"Orange, Carrot",,,,,,0.0
11413,20,0.0,14.2,Thickshake (Syrup)-Chocolate,1,Cold Drinks,6.0,3,SML,6.0,2021-03-26 09:40:22,15.937429912097317,,,,,,,,,,,,0.0
11413,20,0.0,14.2,Milkshake (Syrup)-Chocolate,1,Cold Drinks,3.9,2,SML,3.9,2021-03-26 09:40:22,15.937429912097317,,,,,,,Full Cream,,,,,0.0
30131,40,0.0,14.2,Milkshake (Syrup)-Cookies and Cream,1,Cold Drinks,4.5,3,SML,4.5,2023-03-20 14:09:52,38.30408604207647,,,,,,,Full Cream,,,,,0.0
24790,1073,0.0,14.2,Milkshake (Syrup)-Chocolate,1,Cold Drinks,3.9,3,SML,3.9,2022-09-03 08:32:30,23.118424220987432,,,,,,,Full Cream,,,,,0.0
29590,1076,0.0,14.2,Iced Chocolate with Cream,1,Cold Drinks,5.7,2,REG,5.7,2023-03-03 08:40:33,472.34732983261375,With Cream,,,0,,,Full Cream,,Full,,,0.0
10030,13,0.0,27.0,Freshly Squeezed Juice-Orange,1,Cold Drinks,6.0,2,REG,6.0,2021-01-15 09:00:14,44.810789212237296,,,,,With Ice,Apple,,,,,,0.0
39880,1551,0.0,27.0,Smoothie-Koko Berries,1,Cold Drinks,8.5,3,REG,8.5,2024-02-10 12:16:08,16.15473210728448,,,,,,,,,,,,0.0
39880,1551,0.0,27.0,Freshly Squeezed Juice-Apple,1,Cold Drinks,7.7,1,REG,7.2,2024-02-10 12:16:08,16.15473210728448,,,,,With Ice,Ginger,,,,,,0.5
8304,531,0.0,27.0,Freshly Squeezed Juice-Orange,1,Cold Drinks,6.0,1,REG,6.0,2020-10-24 08:02:10,102.91074667455888,,,,,With Ice,Orange,,,,,,0.0
27323,67,0.0,27.0,Freshly Squeezed Juice-Orange,1,Cold Drinks,7.0,1,REG,6.5,2022-12-01 10:07:39,49.80813085628067,,,,,With Ice,"Orange, Lemon, Apple, Celery, Ginger",,,,,,0.5
20690,79,0.0,27.0,Milkshake (Syrup)-Chocolate,1,Cold Drinks,6.0,1,LRG,6.0,2022-04-03 11:22:30,44.926900403068,,,,,,,Full Cream,,,,,0.0
13234,92,0.0,27.0,Smoothie-Mango Magic,1,Cold Drinks,7.6,2,REG,7.6,2021-06-11 10:43:35,32.28859341322894,,,,,,,,,,,,0.0
14163,426,0.0,27.0,Freshly Squeezed Juice-Orange,1,Cold Drinks,6.0,1,REG,6.0,2021-07-21 09:08:27,366.8509493617525,,,,,With Ice,Orange,,,,,,0.0
14163,426,0.0,27.0,Freshly Squeezed Juice-Orange,1,Cold Drinks,6.0,2,REG,6.0,2021-07-21 09:08:27,366.8509493617525,,,,,With Ice,Orange,,,,,,0.0
8593,435,0.0,27.0,Iced Chocolate with Cream,1,Cold Drinks,5.0,5,REG,5.0,2020-11-03 11:04:11,163.8681583875688,No Cream,,,0,,,Skim,,Full,,,0.0
8593,435,0.0,27.0,Iced Chocolate with Cream,1,Cold Drinks,5.0,6,REG,5.0,2020-11-03 11:04:11,163.8681583875688,No Cream,,,0,,,Skim,,Full,,,0.0
8593,435,0.0,27.0,Iced Coffee with Cream,1,Cold Drinks,5.0,7,REG,5.0,2020-11-03 11:04:11,163.8681583875688,No Cream,Normal,,0,,,Skim,,Full,Vanilla,,0.0
28687,231,0.0,39.8,Iced Chocolate with Cream,1,Cold Drinks,5.7,2,REG,5.7,2023-01-31 12:17:31,7.019214570393231,With Cream,,,0,,,Full Cream,,Full,,,0.0
28687,231,0.0,39.8,Coffee Frappe,1,Cold Drinks,6.7,1,REG,6.7,2023-01-31 12:17:31,7.019214570393231,,Normal,,0,,,Full Cream,,Full,,,0.0
8058,512,0.0,9.1,Milkshake (Syrup)-Vanilla,1,Cold Drinks,2.5,2,MINI,2.5,2020-10-16 10:08:39,102.91074667455888,,,,,,,Full Cream,,,,,0.0
8058,512,0.0,9.1,Milkshake (Syrup)-Lime,1,Cold Drinks,2.5,3,MINI,2.5,2020-10-16 10:08:39,102.91074667455888,,,,,,,Full Cream,,,,,0.0
30860,20,0.0,9.1,Iced Coffee with Cream,1,Cold Drinks,5.7,2,REG,5.7,2023-04-15 09:19:36,15.937429912097317,With Cream,Normal,,0,,,Skim,,Full,Vanilla,,0.0
32301,175,0.0,9.1,Milkshake (Syrup)-Caramel,1,Cold Drinks,2.9,2,MINI,2.9,2023-05-30 09:40:22,10.277826498239987,,,,,,,Full Cream,,,,,0.0
40440,197,0.0,9.1,Milkshake (Syrup)-Vanilla,1,Cold Drinks,3.8,2,MINI,3.3,2024-02-29 08:33:20,8.972684535279665,,,,,,,Lactose Free,,,,,0.5
9527,233,0.0,9.1,Milkshake (Syrup)-Vanilla,1,Cold Drinks,2.5,2,MINI,2.5,2020-12-12 09:30:45,14.254925248600953,,,,,,,Full Cream,,,,,0.0
9527,233,0.0,9.1,Milkshake (Syrup)-Lime,1,Cold Drinks,2.5,3,MINI,2.5,2020-12-12 09:30:45,14.254925248600953,,,,,,,Full Cream,,,,,0.0
35990,1551,0.0,21.9,Smoothie-Koko Berries,1,Cold Drinks,8.5,4,REG,8.5,2023-09-24 12:35:28,16.15473210728448,,,,,,,,,,,,0.0
25807,49,0.0,21.9,Milkshake (Syrup)-Chocolate,1,Cold Drinks,3.9,5,SML,3.9,2022-10-09 10:10:14,5.6913721453400745,,,,,,,Full Cream,,,,,0.0
25807,49,0.0,21.9,Iced Chocolate with Cream,1,Cold Drinks,6.0,3,REG,5.5,2022-10-09 10:10:14,5.6913721453400745,With Cream,,,0,,,Lactose Free,,Full,,,0.5
23063,831,0.0,21.9,Iced Coffee with Cream,1,Cold Drinks,5.5,3,REG,5.5,2022-07-02 13:15:55,242.97160327906633,No Cream,Normal,,0,,,Full Cream,,Full,Vanilla,,0.0
14875,324,0.0,21.9,Iced Coffee with Cream,1,Cold Drinks,6.0,2,REG,5.5,2021-08-18 09:28:51,21.399972119696923,No Cream,Normal,,0,,,Lactose Free,,Full,Vanilla,,0.5
37412,330,0.0,21.9,Iced Mocha with Cream,1,Cold Drinks,7.4,2,REG,6.4,2023-11-08 09:56:49,130.7755117854968,No Cream,Normal,,0,,,Oat Milk,,Full,,,1.0
16519,330,0.0,21.9,Iced Mocha with Cream,1,Cold Drinks,6.0,3,REG,6.0,2021-10-12 13:12:09,130.7755117854968,No Cream,Normal,,0,,,Full Cream,,Full,,,0.0
9186,351,0.0,21.9,Milkshake (Syrup)-Vanilla,1,Cold Drinks,2.5,1,MINI,2.5,2020-11-28 12:41:19,15.749687649741688,,,,,,,Full Cream,,,,,0.0
9186,351,0.0,21.9,Milkshake (Syrup)-Vanilla,1,Cold Drinks,2.5,2,MINI,2.5,2020-11-28 12:41:19,15.749687649741688,,,,,,,Full Cream,,,,,0.0
15108,872,0.0,21.9,Freshly Squeezed Juice-Orange,1,Cold Drinks,6.5,2,REG,6.0,2021-08-26 11:07:00,102.91074667455888,,,,,With Ice,"Orange, Lemon, Apple, Celery, Ginger",,,,,,0.5
6280,379,0.0,21.9,Milkshake (Syrup)-Vanilla,1,Cold Drinks,6.0,4,LRG,6.0,2020-08-09 08:46:26,102.91074667455888,,,,,,,Full Cream,,,,,0.0
6280,379,0.0,21.9,Milkshake (Syrup)-Vanilla,1,Cold Drinks,2.5,5,MINI,2.5,2020-08-09 08:46:26,102.91074667455888,,,,,,,Full Cream,,,,,0.0
28518,421,0.0,21.9,Milkshake (Syrup)-Strawberry,1,Cold Drinks,3.4,2,MINI,2.9,2023-01-24 07:32:00,32.56254897822951,,,,,,,Soy,,,,,0.5
9823,197,0.0,21.9,Milkshake (Syrup)-Vanilla,1,Cold Drinks,2.9,5,MINI,2.9,2021-01-04 09:15:00,8.972684535279665,,,,,,,Full Cream,,,,,0.0
34866,234,0.0,21.9,Milkshake (Syrup)-Cookies and Cream,1,Cold Drinks,7.2,3,LRG,7.2,2023-08-20 12:25:27,3.306975953679214,,,,,,,Skim,,,,,0.0
31522,375,0.0,34.7,Freshly Squeezed Juice-Orange,1,Cold Drinks,6.5,2,REG,6.5,2023-05-06 09:00:00,92.29135572532344,,,,,With Ice,Orange,,,,,,0.0
36590,1148,0.0,34.7,Ice Latte,1,Cold Drinks,5.2,4,REG,5.2,2023-10-13 11:53:03,21.754424527504998,,Normal,,0,,,Full Cream,,Full,None,,0.0
36590,1148,0.0,34.7,Milkshake (Syrup)-Cookies and Cream,1,Cold Drinks,3.3,5,MINI,3.3,2023-10-13 11:53:03,21.754424527504998,,,,,,,Full Cream,,,,,0.0
36590,1148,0.0,34.7,Milkshake (Syrup)-Strawberry,1,Cold Drinks,3.3,6,MINI,3.3,2023-10-13 11:53:03,21.754424527504998,,,,,,,Full Cream,,,,,0.0
36590,1148,0.0,34.7,Milkshake (Syrup)-Lime,1,Cold Drinks,3.3,7,MINI,3.3,2023-10-13 11:53:03,21.754424527504998,,,,,,,Full Cream,,,,,0.0
32234,228,0.0,34.7,Milkshake (Syrup)-Strawberry,1,Cold Drinks,2.9,5,MINI,2.9,2023-05-28 10:22:35,142.2871211013458,,,,,,,Full Cream,,,,,0.0
32234,228,0.0,34.7,Milkshake (Syrup)-Caramel,1,Cold Drinks,2.9,6,MINI,2.9,2023-05-28 10:22:35,142.2871211013458,,,,,,,Full Cream,,,,,0.0
21605,228,0.0,34.7,Milkshake (Syrup)-Spearmint,1,Cold Drinks,2.9,5,MINI,2.9,2022-05-08 10:28:15,142.2871211013458,,,,,,,Full Cream,,,,,0.0
30249,1255,0.0,34.7,Ice Latte,1,Cold Drinks,5.0,2,REG,5.0,2023-03-24 11:29:51,30.29186071202668,,Normal,,0,,,Full Cream,,Full,None,,0.0
8715,20,0.0,16.8,Ice Latte,1,Cold Drinks,5.0,2,REG,4.5,2020-11-08 09:51:47,15.937429912097317,,Normal,,1,,,Skim,,Full,None,,0.5
8715,20,0.0,16.8,Milkshake (Syrup)-Chocolate,1,Cold Drinks,2.5,3,MINI,2.5,2020-11-08 09:51:47,15.937429912097317,,,,,,,Full Cream,,,,,0.0
8715,20,0.0,16.8,Milkshake (Syrup)-Chocolate,1,Cold Drinks,2.5,4,MINI,2.5,2020-11-08 09:51:47,15.937429912097317,,,,,,,Full Cream,,,,,0.0
8715,20,0.0,16.8,Milkshake (Syrup)-Chocolate,1,Cold Drinks,2.5,5,MINI,2.5,2020-11-08 09:51:47,15.937429912097317,,,,,,,Full Cream,,,,,0.0
5835,20,0.0,16.8,Ice Latte,1,Cold Drinks,5.0,2,REG,4.5,2020-07-19 07:36:08,15.937429912097317,,Normal,,1,,,Skim,,Full,None,,0.5
5835,20,0.0,16.8,Milkshake (Syrup)-Chocolate,1,Cold Drinks,2.5,3,MINI,2.5,2020-07-19 07:36:08,15.937429912097317,,,,,,,Full Cream,,,,,0.0
5835,20,0.0,16.8,Milkshake (Syrup)-Chocolate,1,Cold Drinks,2.5,4,MINI,2.5,2020-07-19 07:36:08,15.937429912097317,,,,,,,Full Cream,,,,,0.0
5835,20,0.0,16.8,Milkshake (Syrup)-Chocolate,1,Cold Drinks,2.5,5,MINI,2.5,2020-07-19 07:36:08,15.937429912097317,,,,,,,Full Cream,,,,,0.0
14383,537,0.0,16.8,Milkshake (Syrup)-Strawberry,1,Cold Drinks,3.9,4,SML,3.9,2021-07-29 09:41:15,158.16461185879868,,,,,,,Full Cream,,,,,0.0
8817,556,0.0,16.8,Milkshake (Syrup)-Strawberry,1,Cold Drinks,2.5,2,MINI,2.5,2020-11-12 09:15:00,102.91074667455888,,,,,,,Full Cream,,,,,0.0
34921,861,0.0,16.8,Milkshake (Syrup)-Chocolate,1,Cold Drinks,3.3,2,MINI,3.3,2023-08-22 11:02:34,7.391898667983243,,,,,,,Full Cream,,,,,0.0
10159,146,0.0,16.8,Iced Chocolate with Cream,1,Cold Drinks,5.5,2,REG,5.5,2021-01-21 10:45:31,218.5940613016823,No Cream,,,0,,,Full Cream,,Full,,,0.0
34047,1444,0.0,16.8,Smoothie-Banana Buzz,1,Cold Drinks,8.5,3,REG,8.5,2023-07-26 06:53:22,28.269114898469265,,,,,,,,,,,,0.0
4641,177,0.0,16.8,Milkshake (Syrup)-Chocolate,1,Cold Drinks,3.8,5,SML,3.8,2020-04-26 09:45:00,187.55969716332987,,,,,,,Full Cream,,,,,0.0
10724,14,0.0,29.6,Freshly Squeezed Juice-Orange,1,Cold Drinks,6.0,3,REG,6.0,2021-02-19 08:32:28,39.92548018814512,,,,,With Ice,"Orange, Lemon, Apple",,,,,,0.0
14619,845,0.0,29.6,Freshly Squeezed Juice-Orange,1,Cold Drinks,6.0,3,REG,6.0,2021-08-08 09:37:22,102.91074667455888,,,,,With Ice,Apple,,,,,,0.0
26988,1110,0.0,29.6,Freshly Squeezed Juice-Orange,1,Cold Drinks,6.5,3,REG,6.5,2022-11-20 12:39:58,244.92720006837405,,,,,With Ice,"Orange, Apple, Celery, Carrot",,,,,,0.0
15730,537,0.0,42.4,Milkshake (Syrup)-Strawberry,1,Cold Drinks,6.0,5,LRG,6.0,2021-09-16 13:30:00,158.16461185879868,,,,,,,Full Cream,,,,,0.0
15730,537,0.0,42.4,Thickshake (Syrup)-Spearmint,1,Cold Drinks,8.0,6,LRG,8.0,2021-09-16 13:30:00,158.16461185879868,,,,,,,,,,,,0.0
15281,882,0.0,42.4,Milkshake (Syrup)-Chocolate,1,Cold Drinks,6.0,4,LRG,6.0,2021-09-01 12:45:00,102.91074667455888,,,,,,,Full Cream,,,,,0.0
7227,330,0.0,55.2,Ice Latte,1,Cold Drinks,4.5,4,REG,4.5,2020-09-15 12:09:59,130.7755117854968,,Normal,,0,,,Full Cream,,Full,None,,0.0
7227,330,0.0,55.2,Iced Chocolate with Cream,1,Cold Drinks,5.0,5,REG,5.0,2020-09-15 12:09:59,130.7755117854968,No Cream,,,0,,,Full Cream,,Full,,,0.0
37131,544,0.0,11.7,Freshly Squeezed Juice-Orange,1,Cold Drinks,7.2,2,REG,7.2,2023-10-29 13:29:57,467.86567058749426,,,,,With Ice,Orange,,,,,,0.0
15718,559,0.0,11.7,Milkshake (Syrup)-Strawberry,1,Cold Drinks,3.9,1,SML,3.9,2021-09-16 08:41:32,208.97208745029403,,,,,,,Full Cream,,,,,0.0
15718,559,0.0,11.7,Milkshake (Syrup)-Strawberry,1,Cold Drinks,3.9,2,SML,3.9,2021-09-16 08:41:32,208.97208745029403,,,,,,,Full Cream,,,,,0.0
15718,559,0.0,11.7,Milkshake (Syrup)-Banana,1,Cold Drinks,3.9,3,SML,3.9,2021-09-16 08:41:32,208.97208745029403,,,,,,,Full Cream,,,,,0.0
13906,197,0.0,11.7,Milkshake (Syrup)-Vanilla,1,Cold Drinks,2.9,3,MINI,2.9,2021-07-09 11:50:12,8.972684535279665,,,,,,,Full Cream,,,,,0.0
16974,223,0.0,11.7,Milkshake (Syrup)-Strawberry,1,Cold Drinks,2.9,3,MINI,2.9,2021-10-28 09:16:21,32.77916866786114,,,,,,,Full Cream,,,,,0.0
16974,223,0.0,11.7,Milkshake (Syrup)-Chocolate,1,Cold Drinks,2.9,4,MINI,2.9,2021-10-28 09:16:21,32.77916866786114,,,,,,,Full Cream,,,,,0.0
16914,223,0.0,11.7,Milkshake (Syrup)-Chocolate,1,Cold Drinks,2.9,3,MINI,2.9,2021-10-26 09:27:03,32.77916866786114,,,,,,,Full Cream,,,,,0.0
16914,223,0.0,11.7,Milkshake (Syrup)-Chocolate,1,Cold Drinks,2.9,4,MINI,2.9,2021-10-26 09:27:03,32.77916866786114,,,,,,,Full Cream,,,,,0.0
21222,234,0.0,11.7,Iced Chocolate with Cream,1,Cold Drinks,5.5,1,REG,5.5,2022-04-25 09:25:47,3.306975953679214,With Cream,,,0,,,Skim,,Full,,,0.0
29168,251,0.0,11.7,Iced Chocolate with Cream,1,Cold Drinks,5.7,2,REG,5.7,2023-02-17 09:00:33,60.441634282927495,With Cream,,,0,,,Full Cream,,Full,,,0.0
29168,251,0.0,11.7,Ice Latte,1,Cold Drinks,6.0,1,REG,5.0,2023-02-17 09:00:33,60.441634282927495,,Normal,,0,,,Oat Milk,,Full,None,,1.0
28554,251,0.0,11.7,Iced Chocolate with Cream,1,Cold Drinks,5.7,2,REG,5.7,2023-01-25 09:00:12,60.441634282927495,With Cream,,,0,,,Full Cream,,Full,,,0.0
28554,251,0.0,11.7,Ice Latte,1,Cold Drinks,6.0,1,REG,5.0,2023-01-25 09:00:12,60.441634282927495,,Normal,,0,,,Oat Milk,,Full,Vanilla,,1.0
18415,771,0.0,24.5,Iced Coffee with Cream,1,Cold Drinks,5.5,2,REG,5.5,2021-12-20 10:50:10,64.57491273581955,No Cream,Normal,,0,,,Full Cream,,Full,Vanilla,,0.0
13461,42,0.0,24.5,Smoothie-Koko Berries,1,Cold Drinks,7.6,3,REG,7.6,2021-06-20 09:44:15,103.99667852237637,,,,,,,,,,,,0.0
17802,97,0.0,24.5,Smoothie-Green Machine,1,Cold Drinks,7.6,3,REG,7.6,2021-11-27 09:14:08,200.60871004384268,,,,,,,,,,,,0.0
17802,97,0.0,24.5,Smoothie-Green Machine,1,Cold Drinks,7.6,4,REG,7.6,2021-11-27 09:14:08,200.60871004384268,,,,,,,,,,,,0.0
20964,175,0.0,24.5,Milkshake (Syrup)-Banana,1,Cold Drinks,3.9,5,SML,3.9,2022-04-13 09:26:50,10.277826498239987,,,,,,,Full Cream,,,,,0.0
20964,175,0.0,24.5,Milkshake (Syrup)-Strawberry,1,Cold Drinks,2.9,6,MINI,2.9,2022-04-13 09:26:50,10.277826498239987,,,,,,,Full Cream,,,,,0.0
39900,1229,0.0,24.5,Thickshake (Syrup)-Caramel,1,Cold Drinks,7.9,3,SML,7.9,2024-02-11 11:19:03,147.0606513137867,,,,,,,,,,,,0.0
26074,1253,0.0,24.5,Thickshake (Syrup)-Vanilla,1,Cold Drinks,6.5,1,SML,6.5,2022-10-19 09:51:14,17.271483649803734,,,,,,,,,,,,0.0
26022,1253,0.0,24.5,Thickshake (Syrup)-Strawberry,1,Cold Drinks,6.5,1,SML,6.5,2022-10-17 10:36:46,17.271483649803734,,,,,,,,,,,,0.0
25893,1253,0.0,24.5,Thickshake (Syrup)-Blue Heaven,1,Cold Drinks,6.5,1,SML,6.5,2022-10-13 11:38:00,17.271483649803734,,,,,,,,,,,,0.0
37074,811,0.0,37.3,Smoothie-Green Machine,1,Cold Drinks,8.5,3,REG,8.5,2023-10-27 13:04:28,56.15160730560616,,,,,,,,,,,,0.0
8108,479,0.0,37.3,Freshly Squeezed Juice-Orange,1,Cold Drinks,6.5,3,REG,6.0,2020-10-18 08:49:54,35.83992187491485,,,,,With Ice,"Orange, Lemon, Apple, Celery, Ginger",,,,,,0.5
8108,479,0.0,37.3,Thickshake (Syrup)-Chocolate,1,Cold Drinks,6.0,4,SML,6.0,2020-10-18 08:49:54,35.83992187491485,,,,,,,,,,,,0.0
8203,351,0.0,50.1,Milkshake (Syrup)-Chocolate,1,Cold Drinks,2.5,5,MINI,2.5,2020-10-20 11:48:07,15.749687649741688,,,,,,,Full Cream,,,,,0.0
8203,351,0.0,50.1,Milkshake (Syrup)-Chocolate,1,Cold Drinks,2.5,6,MINI,2.5,2020-10-20 11:48:07,15.749687649741688,,,,,,,Full Cream,,,,,0.0
24422,1196,0.0,50.1,Iced Coffee with Cream,1,Cold Drinks,6.5,4,REG,5.5,2022-08-21 09:46:21,53.922784300021696,With Cream,Normal,,0,,,Oat Milk,,Full,Vanilla,,1.0
15994,197,0.0,62.9,Milkshake (Syrup)-Vanilla,1,Cold Drinks,3.9,6,SML,3.9,2021-09-25 09:53:56,8.972684535279665,,,,,,,Full Cream,,,,,0.0
15994,197,0.0,62.9,Milkshake (Syrup)-Chocolate,1,Cold Drinks,3.9,7,SML,3.9,2021-09-25 09:53:56,8.972684535279665,,,,,,,Full Cream,,,,,0.0
15994,197,0.0,62.9,Thickshake (Syrup)-Chocolate,1,Cold Drinks,6.0,8,SML,6.0,2021-09-25 09:53:56,8.972684535279665,,,,,,,,,,,,0.0
5972,357,0.0,6.6,Milkshake (Syrup)-Vanilla,1,Cold Drinks,2.5,2,MINI,2.5,2020-07-25 10:58:55,102.91074667455888,,,,,,,Full Cream,,,,,0.0
5986,233,0.0,6.6,Milkshake (Syrup)-Vanilla,1,Cold Drinks,2.5,2,MINI,2.5,2020-07-26 10:00:15,14.254925248600953,,,,,,,Full Cream,,,,,0.0
5697,233,0.0,6.6,Milkshake (Syrup)-Vanilla,1,Cold Drinks,2.5,2,MINI,2.5,2020-07-12 09:38:49,14.254925248600953,,,,,,,Full Cream,,,,,0.0
27802,42,0.0,19.4,Iced Mocha with Cream,1,Cold Drinks,6.0,1,REG,6.0,2022-12-16 10:03:53,103.99667852237637,With Cream,Normal,,0,,,Full Cream,,Full,,,0.0
10994,49,0.0,19.4,Milkshake (Syrup)-Chocolate,1,Cold Drinks,3.9,4,SML,3.9,2021-03-06 09:29:06,5.6913721453400745,,,,,,,Full Cream,,,,,0.0
10994,49,0.0,19.4,Milkshake (Syrup)-Vanilla,1,Cold Drinks,3.9,5,SML,3.9,2021-03-06 09:29:06,5.6913721453400745,,,,,,,Full Cream,,,,,0.0
7492,49,0.0,19.4,Milkshake (Syrup)-Chocolate,1,Cold Drinks,3.8,5,SML,3.8,2020-09-25 11:05:46,5.6913721453400745,,,,,,,Full Cream,,,,,0.0
27944,1329,0.0,19.4,Freshly Squeezed Juice-Orange,1,Cold Drinks,6.5,1,REG,6.5,2022-12-21 08:02:05,69.03537932019783,,,,,With Ice,"Orange, Apple, Carrot",,,,,,0.0
27347,1329,0.0,19.4,Freshly Squeezed Juice-Orange,1,Cold Drinks,6.5,1,REG,6.5,2022-12-02 07:49:56,69.03537932019783,,,,,With Ice,Orange,,,,,,0.0
19946,846,0.0,19.4,Smoothie-Banana Buzz,1,Cold Drinks,7.6,2,REG,7.6,2022-03-05 10:30:00,113.91735336941782,,,,,,,,,,,,0.0
9893,601,0.0,19.4,Affogato,1,Cold Drinks,4.5,1,REG,4.5,2021-01-07 11:00:00,102.91074667455888,,Normal,0,0,,,,0,Full,,0,0.0
39509,175,0.0,19.4,Milkshake (Syrup)-Caramel,1,Cold Drinks,5.2,2,SML,5.2,2024-01-29 09:56:01,10.277826498239987,,,,,,,Full Cream,,,,,0.0
29499,446,0.0,19.4,Milkshake (Syrup)-Chocolate,1,Cold Drinks,2.9,4,MINI,2.9,2023-02-28 08:43:13,6.801133915060578,,,,,,,Full Cream,,,,,0.0
9810,479,0.0,19.4,Freshly Squeezed Juice-Orange,1,Cold Drinks,6.5,2,REG,6.0,2021-01-03 12:23:31,35.83992187491485,,,,,With Ice,"Orange, Lemon, Apple, Celery, Carrot, Ginger",,,,,,0.5
9897,255,0.0,19.4,Ice Latte,1,Cold Drinks,4.8,2,REG,4.8,2021-01-07 12:45:00,56.13881858007836,,Normal,,0,,,Skim,,Full,Vanilla,,0.0
37243,1614,0.0,32.2,Iced Chocolate with Cream,1,Cold Drinks,5.9,1,REG,5.9,2023-11-02 07:35:12,26.633312473917574,With Cream,,,0,,,Skim,,Full,,,0.0
34179,1382,0.0,32.2,Smoothie-Mango Magic,1,Cold Drinks,8.5,4,REG,8.5,2023-07-29 12:39:47,16.184616119692148,,,,,,,,,,,,0.0
37411,1192,0.0,32.2,Smoothie-Koko Berries,1,Cold Drinks,8.5,3,REG,8.5,2023-11-08 09:49:04,48.3676739574891,,,,,,,,,,,,0.0
13242,172,0.0,32.2,Freshly Squeezed Juice-Orange,1,Cold Drinks,7.0,1,REG,6.0,2021-06-12 07:41:20,5.2489316501187995,,,,,With Ice,"Orange, Lemon, Apple, Celery, Carrot, Ginger, Beetroot",,,,,,1.0
13242,172,0.0,32.2,Freshly Squeezed Juice-Orange,1,Cold Drinks,7.0,2,REG,6.0,2021-06-12 07:41:20,5.2489316501187995,,,,,With Ice,"Orange, Lemon, Apple, Celery, Carrot, Ginger, Beetroot",,,,,,1.0
35827,1253,0.0,32.2,Thickshake (Syrup)-Caramel,1,Cold Drinks,7.9,2,SML,7.9,2023-09-19 10:36:31,17.271483649803734,,,,,,,,,,,,0.0
35827,1253,0.0,32.2,Milkshake (Syrup)-Strawberry,1,Cold Drinks,3.3,1,MINI,3.3,2023-09-19 10:36:31,17.271483649803734,,,,,,,Full Cream,,,,,0.0
32644,1507,0.0,45.0,Freshly Squeezed Juice-Apple,1,Cold Drinks,6.5,1,REG,6.5,2023-06-10 10:16:43,102.91074667455888,,,,,With Ice,Orange,,,,,,0.0
29897,9,2.23,24.53,Smoothie-Green Machine,1,Cold Drinks,7.6,2,REG,7.6,2023-03-13 10:31:43,6.703924063787684,,,,,,,,,,,,0.0
28574,9,2.23,24.53,Smoothie-Green Machine,1,Cold Drinks,7.6,2,REG,7.6,2023-01-26 09:48:12,6.703924063787684,,,,,,,,,,,,0.0
39373,49,0.0,14.3,Iced Chocolate with Cream,1,Cold Drinks,5.9,3,REG,5.9,2024-01-24 11:01:11,5.6913721453400745,No Cream,,,0,,,Full Cream,,Full,,,0.0
38909,308,0.0,14.3,Smoothie-Mango Magic,1,Cold Drinks,8.5,2,REG,8.5,2024-01-06 11:15:05,10.76198852605863,,,,,,,,,,,,0.0
7657,324,0.0,14.3,Iced Coffee with Cream,1,Cold Drinks,5.0,3,REG,5.0,2020-10-01 12:36:57,21.399972119696923,No Cream,Normal,,0,,,Full Cream,,Full,Vanilla,,0.0
5788,324,0.0,14.3,Iced Coffee with Cream,1,Cold Drinks,5.0,3,REG,5.0,2020-07-16 11:45:50,21.399972119696923,No Cream,Normal,,0,,,Full Cream,,Full,Vanilla,,0.0
29109,1148,0.0,14.3,Milkshake (Syrup)-Lime,1,Cold Drinks,2.9,2,MINI,2.9,2023-02-15 09:48:11,21.754424527504998,,,,,,,Full Cream,,,,,0.0
29109,1148,0.0,14.3,Milkshake (Syrup)-Caramel,1,Cold Drinks,2.9,3,MINI,2.9,2023-02-15 09:48:11,21.754424527504998,,,,,,,Full Cream,,,,,0.0
24071,1148,0.0,14.3,Milkshake (Syrup)-Chocolate,1,Cold Drinks,3.9,1,SML,3.9,2022-08-07 15:36:10,21.754424527504998,,,,,,,Full Cream,,,,,0.0
24071,1148,0.0,14.3,Milkshake (Syrup)-Lime,1,Cold Drinks,3.9,2,SML,3.9,2022-08-07 15:36:10,21.754424527504998,,,,,,,Full Cream,,,,,0.0
24071,1148,0.0,14.3,Thickshake (Syrup)-Lime,1,Cold Drinks,6.5,3,SML,6.5,2022-08-07 15:36:10,21.754424527504998,,,,,,,,,,,,0.0
30035,1430,0.0,14.3,Iced Chocolate with Cream,1,Cold Drinks,5.7,3,REG,5.7,2023-03-17 09:01:52,102.91074667455888,With Cream,,,0,,,Full Cream,,Full,,,0.0
27800,151,0.0,14.3,Iced Coffee with Cream,1,Cold Drinks,5.5,2,REG,5.5,2022-12-16 10:02:52,500.76647917633886,With Cream,Normal,,0,,,Full Cream,,Full,None,,0.0
21759,161,0.0,14.3,Ice Latte,1,Cold Drinks,4.8,1,REG,4.8,2022-05-14 09:32:23,23.82515677258169,,Normal,,0,,,Full Cream,,Full,None,,0.0
18945,161,0.0,14.3,Ice Latte,1,Cold Drinks,4.8,1,REG,4.8,2022-01-28 06:02:06,23.82515677258169,,Normal,,0,,,Full Cream,,Full,None,,0.0
18852,161,0.0,14.3,Ice Latte,1,Cold Drinks,4.8,1,REG,4.8,2022-01-24 06:11:59,23.82515677258169,,Normal,,0,,,Full Cream,,Full,None,,0.0
17945,161,0.0,14.3,Ice Latte,1,Cold Drinks,4.8,1,REG,4.8,2021-12-03 06:08:34,23.82515677258169,,Normal,,0,,,Full Cream,,Full,None,,0.0
17926,161,0.0,14.3,Ice Latte,1,Cold Drinks,4.8,1,REG,4.8,2021-12-02 06:05:48,23.82515677258169,,Normal,,0,,,Full Cream,,Full,None,,0.0
37403,446,0.0,14.3,Smoothie-Mango Magic,1,Cold Drinks,8.5,2,REG,8.5,2023-11-08 08:33:02,6.801133915060578,,,,,,,,,,,,0.0
35892,446,0.0,14.3,Milkshake (Syrup)-Chocolate,1,Cold Drinks,3.3,2,MINI,3.3,2023-09-21 11:04:28,6.801133915060578,,,,,,,Full Cream,,,,,0.0
35892,446,0.0,14.3,Milkshake (Syrup)-Vanilla,1,Cold Drinks,5.2,3,SML,5.2,2023-09-21 11:04:28,6.801133915060578,,,,,,,Full Cream,,,,,0.0
20611,223,0.0,14.3,Freshly Squeezed Juice-Orange,1,Cold Drinks,6.7,3,REG,6.2,2022-03-31 09:01:04,32.77916866786114,,,,,With Ice,"Orange, Apple, Ginger",,,,,,0.5
9912,489,0.0,14.3,Ice Latte,1,Cold Drinks,5.3,1,REG,4.8,2021-01-08 10:47:52,473.27060617226874,,Normal,,0,,,Soy,,Full,None,,0.5
35130,446,0.0,27.1,Milkshake (Syrup)-Chocolate,1,Cold Drinks,3.3,3,MINI,3.3,2023-08-28 11:36:34,6.801133915060578,,,,,,,Full Cream,,,,,0.0
31077,234,0.0,27.1,Iced Chocolate with Cream,1,Cold Drinks,5.7,1,REG,5.7,2023-04-22 09:42:16,3.306975953679214,With Cream,,,0,,,Skim,,Full,,,0.0
31077,234,0.0,27.1,Milkshake (Syrup)-Cookies and Cream,1,Cold Drinks,6.5,4,LRG,6.5,2023-04-22 09:42:16,3.306975953679214,,,,,,,Skim,,,,,0.0
15173,867,0.0,39.9,Thickshake (Syrup)-Chocolate,1,Cold Drinks,6.0,3,SML,6.0,2021-08-28 13:04:48,137.05619285533945,,,,,,,,,,,,0.0
19151,698,0.0,39.9,Freshly Squeezed Juice-Orange,1,Cold Drinks,6.7,1,REG,6.2,2022-02-04 09:44:20,86.16392645546176,,,,,With Ice,"Orange, Lemon, Apple, Celery, Ginger",,,,,,0.5
19151,698,0.0,39.9,Freshly Squeezed Juice-Orange,1,Cold Drinks,6.2,2,REG,6.2,2022-02-04 09:44:20,86.16392645546176,,,,,With Ice,"Orange, Lemon, Apple, Celery",,,,,,0.0
7015,443,0.0,39.9,Milkshake (Syrup)-Strawberry,1,Cold Drinks,2.5,1,MINI,2.5,2020-09-07 11:36:58,259.95384205662356,,,,,,,Full Cream,,,,,0.0
7015,443,0.0,39.9,Milkshake (Syrup)-Chocolate,1,Cold Drinks,3.8,2,SML,3.8,2020-09-07 11:36:58,259.95384205662356,,,,,,,Full Cream,,,,,0.0
39546,757,0.0,39.9,Iced Chocolate with Cream,1,Cold Drinks,5.9,3,REG,5.9,2024-01-30 13:00:00,680.9767494807244,With Cream,,,0,,,Full Cream,,Full,,,0.0
25467,1148,0.0,52.7,Milkshake (Syrup)-Chocolate,1,Cold Drinks,3.9,4,SML,3.9,2022-09-26 13:18:39,21.754424527504998,,,,,,,Full Cream,,,,,0.0
25467,1148,0.0,52.7,Milkshake (Syrup)-Lime,1,Cold Drinks,3.9,5,SML,3.9,2022-09-26 13:18:39,21.754424527504998,,,,,,,Full Cream,,,,,0.0
3680,48,0.0,9.2,Ice Latte,1,Cold Drinks,4.5,1,REG,4.5,2019-10-12 10:32:25,20.32398627078375,,Normal,,0,,,Full Cream,,Full,None,,0.0
29330,308,0.0,9.2,Milkshake (Syrup)-Vanilla,1,Cold Drinks,2.9,3,MINI,2.9,2023-02-23 08:34:56,10.76198852605863,,,,,,,Full Cream,,,,,0.0
29469,1148,0.0,9.2,Milkshake (Syrup)-Strawberry,1,Cold Drinks,2.9,3,MINI,2.9,2023-02-27 09:34:04,21.754424527504998,,,,,,,Full Cream,,,,,0.0
18457,175,0.0,9.2,Milkshake (Syrup)-Caramel,1,Cold Drinks,2.9,3,MINI,2.9,2021-12-22 09:36:51,10.277826498239987,,,,,,,Full Cream,,,,,0.0
17867,175,0.0,9.2,Milkshake (Syrup)-Strawberry,1,Cold Drinks,2.9,3,MINI,2.9,2021-11-29 08:47:49,10.277826498239987,,,,,,,Full Cream,,,,,0.0
14807,197,0.0,9.2,Ice Latte,1,Cold Drinks,5.3,1,REG,4.8,2021-08-15 13:08:45,8.972684535279665,,Normal,,0,,,Soy,,Full,Vanilla,,0.5
14807,197,0.0,9.2,Milkshake (Syrup)-Vanilla,1,Cold Drinks,3.9,2,SML,3.9,2021-08-15 13:08:45,8.972684535279665,,,,,,,Full Cream,,,,,0.0
38822,1236,0.0,9.2,Ice Latte,1,Cold Drinks,6.2,2,REG,5.2,2023-12-24 08:24:21,80.68789220020818,,Normal,,0,,,Oat Milk,,Full,Vanilla,,1.0
6176,12,0.0,22.0,Thickshake (Syrup)-Chocolate,1,Cold Drinks,6.0,3,SML,6.0,2020-08-04 07:44:46,30.753554335954057,,,,,,,,,,,,0.0
6176,12,0.0,22.0,Thickshake (Syrup)-Chocolate,1,Cold Drinks,6.0,4,SML,6.0,2020-08-04 07:44:46,30.753554335954057,,,,,,,,,,,,0.0
16159,49,0.0,22.0,Milkshake (Syrup)-Chocolate,1,Cold Drinks,3.9,5,SML,3.9,2021-09-30 11:03:06,5.6913721453400745,,,,,,,Full Cream,,,,,0.0
16159,49,0.0,22.0,Milkshake (Syrup)-Vanilla,1,Cold Drinks,3.9,6,SML,3.9,2021-09-30 11:03:06,5.6913721453400745,,,,,,,Full Cream,,,,,0.0
16551,834,0.0,22.0,Ice Latte,1,Cold Drinks,5.5,1,REG,4.8,2021-10-13 14:08:28,137.71952173409065,,Normal,,0,,,Almond,,Full,None,,0.7000000000000002
9328,582,0.0,22.0,Freshly Squeezed Juice-Orange,1,Cold Drinks,6.0,3,REG,6.0,2020-12-04 09:15:57,102.91074667455888,,,,,With Ice,Orange,,,,,,0.0
38998,1656,0.0,22.0,Ice Latte,1,Cold Drinks,6.2,4,REG,5.2,2024-01-10 09:00:14,32.526911934581186,,Normal,,0,,,Oat Milk,,Full,None,,1.0
20903,136,0.0,22.0,Iced Coffee with Cream,1,Cold Drinks,6.0,1,REG,5.5,2022-04-11 07:33:31,224.86274788104717,No Cream,Normal,,1,,,Full Cream,,Full,Vanilla,,0.5
20903,136,0.0,22.0,Iced Coffee with Cream,1,Cold Drinks,6.0,2,REG,5.5,2022-04-11 07:33:31,224.86274788104717,No Cream,Normal,,1,,,Full Cream,,Full,Vanilla,,0.5
29220,228,0.0,22.0,Milkshake (Syrup)-Lime,1,Cold Drinks,2.9,3,MINI,2.9,2023-02-19 11:11:37,142.2871211013458,,,,,,,Full Cream,,,,,0.0
26157,234,0.0,22.0,Milkshake (Syrup)-Cookies and Cream,1,Cold Drinks,6.0,3,LRG,6.0,2022-10-22 09:18:37,3.306975953679214,,,,,,,Skim,,,,,0.0
32781,251,0.0,22.0,Thickshake (Syrup)-Chocolate,1,Cold Drinks,9.5,3,LRG,9.5,2023-06-15 08:08:34,60.441634282927495,,,,,,,,,,,,0.0
18931,14,0.0,34.8,Freshly Squeezed Juice-Orange,1,Cold Drinks,6.2,4,REG,6.2,2022-01-27 08:46:51,39.92548018814512,,,,,With Ice,"Orange, Lemon, Apple",,,,,,0.0
18931,14,0.0,34.8,Freshly Squeezed Juice-Orange,1,Cold Drinks,6.2,5,REG,6.2,2022-01-27 08:46:51,39.92548018814512,,,,,With Ice,Orange,,,,,,0.0
24925,1144,0.0,34.8,Ice Latte,1,Cold Drinks,6.3,3,REG,4.8,2022-09-07 12:33:07,58.176580277235466,,Normal,,1,,,Oat Milk,,Full,Vanilla,,1.5
18554,1049,0.0,60.4,Ice Latte,1,Cold Drinks,5.3,3,REG,4.8,2022-01-09 10:34:51,280.0142853498728,,Normal,,1,,,Full Cream,,Full,None,,0.5
40244,20,0.0,16.9,Ice Latte,1,Cold Drinks,5.2,1,REG,5.2,2024-02-22 10:04:12,15.937429912097317,,Normal,,0,,,Skim,,Full,None,,0.0
40244,20,0.0,16.9,Iced Chocolate with Cream,1,Cold Drinks,6.4,2,REG,5.9,2024-02-22 10:04:12,15.937429912097317,No Cream,,,0,,,Soy,,Full,,,0.5
8823,558,0.0,16.9,Milkshake (Syrup)-Lime,1,Cold Drinks,3.8,2,SML,3.8,2020-11-12 09:50:15,248.27135691953404,,,,,,,Full Cream,,,,,0.0
8823,558,0.0,16.9,Milkshake (Syrup)-Vanilla,1,Cold Drinks,3.8,3,SML,3.8,2020-11-12 09:50:15,248.27135691953404,,,,,,,Full Cream,,,,,0.0
8823,558,0.0,16.9,Milkshake (Syrup)-Blue Heaven,1,Cold Drinks,3.8,4,SML,3.8,2020-11-12 09:50:15,248.27135691953404,,,,,,,Full Cream,,,,,0.0
8823,558,0.0,16.9,Ice Latte,1,Cold Drinks,5.5,1,REG,4.5,2020-11-12 09:50:15,248.27135691953404,,Normal,,1,,,Lactose Free,,Full,None,,1.0
6114,48,0.0,16.9,Ice Latte,1,Cold Drinks,4.5,1,REG,4.5,2020-08-01 10:13:56,20.32398627078375,,Normal,,0,,,Full Cream,,Full,None,,0.0
6114,48,0.0,16.9,Smoothie-Mango Magic,1,Cold Drinks,7.6,3,REG,7.6,2020-08-01 10:13:56,20.32398627078375,,,,,,,,,,,,0.0
36842,1342,0.0,16.9,Coffee Frappe,1,Cold Drinks,6.9,1,REG,6.9,2023-10-20 11:04:39,3.5178538052384973,,Normal,,0,,,Skim,,Full,,,0.0
7239,79,0.0,16.9,Smoothie-Banana Buzz,1,Cold Drinks,7.6,3,REG,7.6,2020-09-16 07:47:16,44.926900403068,,,,,,,,,,,,0.0
23844,867,0.0,16.9,Milkshake (Syrup)-Chocolate,1,Cold Drinks,3.9,3,SML,3.9,2022-07-31 11:42:05,137.05619285533945,,,,,,,Full Cream,,,,,0.0
20332,888,0.0,16.9,Smoothie-Koko Berries,1,Cold Drinks,7.6,2,REG,7.6,2022-03-20 10:24:35,57.14591310509777,,,,,,,,,,,,0.0
29059,1148,0.0,16.9,Milkshake (Syrup)-Chocolate,1,Cold Drinks,2.9,3,MINI,2.9,2023-02-13 11:06:11,21.754424527504998,,,,,,,Full Cream,,,,,0.0
29059,1148,0.0,16.9,Milkshake (Syrup)-Strawberry,1,Cold Drinks,2.9,4,MINI,2.9,2023-02-13 11:06:11,21.754424527504998,,,,,,,Full Cream,,,,,0.0
6378,391,0.0,16.9,Iced Coffee with Cream,1,Cold Drinks,5.0,2,REG,5.0,2020-08-12 14:33:37,186.28197264720313,With Cream,Normal,,0,,,Full Cream,,Full,None,,0.0
6378,391,0.0,16.9,Iced Coffee with Cream,1,Cold Drinks,5.0,3,REG,5.0,2020-08-12 14:33:37,186.28197264720313,With Cream,Normal,,0,,,Full Cream,,Full,None,,0.0
4741,175,0.0,16.9,Milkshake (Syrup)-Lime,1,Cold Drinks,2.5,2,MINI,2.5,2020-05-04 09:15:44,10.277826498239987,,,,,,,Full Cream,,,,,0.0
4741,175,0.0,16.9,Milkshake (Syrup)-Banana,1,Cold Drinks,3.8,3,SML,3.8,2020-05-04 09:15:44,10.277826498239987,,,,,,,Full Cream,,,,,0.0
6987,440,0.0,16.9,Ice Latte,1,Cold Drinks,5.5,2,REG,4.5,2020-09-06 11:30:00,102.91074667455888,,Normal,,1,,,Soy,,Full,Vanilla,,1.0
30482,223,0.0,16.9,Milkshake (Syrup)-Strawberry,1,Cold Drinks,2.9,3,MINI,2.9,2023-04-01 08:56:19,32.77916866786114,,,,,,,Full Cream,,,,,0.0
30293,234,0.0,16.9,Milkshake (Syrup)-Cookies and Cream,1,Cold Drinks,6.5,3,LRG,6.5,2023-03-26 10:21:23,3.306975953679214,,,,,,,Skim,,,,,0.0
29647,234,0.0,16.9,Milkshake (Syrup)-Vanilla,1,Cold Drinks,6.5,3,LRG,6.5,2023-03-05 09:13:01,3.306975953679214,,,,,,,Skim,,,,,0.0
29400,234,0.0,16.9,Milkshake (Syrup)-Vanilla,1,Cold Drinks,6.5,3,LRG,6.5,2023-02-25 08:53:43,3.306975953679214,,,,,,,Skim,,,,,0.0
28604,234,0.0,16.9,Milkshake (Syrup)-Cookies and Cream,1,Cold Drinks,6.5,3,LRG,6.5,2023-01-28 09:25:52,3.306975953679214,,,,,,,Skim,,,,,0.0
16229,49,0.0,29.7,Milkshake (Syrup)-Chocolate,1,Cold Drinks,3.9,8,SML,3.9,2021-10-02 10:22:02,5.6913721453400745,,,,,,,Full Cream,,,,,0.0
14256,818,0.0,29.7,Iced Coffee with Cream,1,Cold Drinks,5.5,3,REG,5.5,2021-07-24 11:30:00,102.91074667455888,With Cream,Normal,,0,,,Full Cream,,Full,Vanilla,,0.0
30159,1144,0.0,29.7,Ice Latte,1,Cold Drinks,5.5,2,REG,5.0,2023-03-21 10:25:35,58.176580277235466,,Normal,,1,,,Skim,,Full,Vanilla,,0.5
23168,1058,0.0,55.3,Smoothie-Mango Magic,1,Cold Drinks,7.6,6,REG,7.6,2022-07-06 12:04:48,140.34269744903983,,,,,,,,,,,,0.0
25389,429,4.33,47.63,Iced Mocha with Cream,1,Cold Drinks,6.0,4,REG,6.0,2022-09-23 10:53:31,161.1496199188816,No Cream,Normal,,0,,,Full Cream,,Full,,,0.0
25389,429,4.33,47.63,Iced Chocolate with Cream,1,Cold Drinks,5.5,3,REG,5.5,2022-09-23 10:53:31,161.1496199188816,With Cream,,,0,,,Full Cream,,Full,,,0.0
17364,541,0.0,11.8,Ice Latte,1,Cold Drinks,5.8,2,REG,4.8,2021-11-11 15:20:27,72.33584156997668,,Normal,,0,,,Oat Milk,,Full,Vanilla,,1.0
38382,1060,0.0,11.8,Ice Latte,1,Cold Drinks,5.9,1,REG,5.2,2023-12-09 10:18:02,325.80894196855104,,Normal,,0,,,Almond,,Full,Vanilla,,0.7000000000000002
38382,1060,0.0,11.8,Ice Latte,1,Cold Drinks,5.9,2,REG,5.2,2023-12-09 10:18:02,325.80894196855104,,Normal,,0,,,Almond,,Full,Vanilla,,0.7000000000000002
36798,1060,0.0,11.8,Ice Latte,1,Cold Drinks,5.9,1,REG,5.2,2023-10-19 08:49:21,325.80894196855104,,Normal,,0,,,Almond Milk Lab,,Full,Vanilla,,0.7000000000000002
36798,1060,0.0,11.8,Ice Latte,1,Cold Drinks,5.9,2,REG,5.2,2023-10-19 08:49:21,325.80894196855104,,Normal,,0,,,Almond Milk Lab,,Full,Vanilla,,0.7000000000000002
5454,298,0.0,11.8,Freshly Squeezed Juice-Orange,1,Cold Drinks,6.0,3,REG,6.0,2020-06-25 08:50:34,103.43870180925002,,,,,With Ice,Apple,,,,,,0.0
27402,1335,0.0,11.8,Coffee Frappe,1,Cold Drinks,7.5,1,REG,6.5,2022-12-04 08:30:00,91.26167218749346,,Normal,,0,,,Oat Milk,,Full,,,1.0
12756,66,0.0,11.8,Smoothie-Mango Magic,1,Cold Drinks,7.6,2,REG,7.6,2021-05-25 08:59:56,102.94415553912648,,,,,,,,,,,,0.0
39053,1106,0.0,11.8,Milkshake (Syrup)-Chocolate,2,Cold Drinks,6.6,1,MINI,3.3,2024-01-12 08:57:40,605.7950698599872,,,,,,,Full Cream,,,,,0.0
39053,1106,0.0,11.8,Milkshake (Syrup)-Chocolate,1,Cold Drinks,5.2,2,SML,5.2,2024-01-12 08:57:40,605.7950698599872,,,,,,,Full Cream,,,,,0.0
9087,351,0.0,11.8,Milkshake (Syrup)-Vanilla,1,Cold Drinks,2.5,2,MINI,2.5,2020-11-24 09:57:03,15.749687649741688,,,,,,,Full Cream,,,,,0.0
9087,351,0.0,11.8,Milkshake (Syrup)-Vanilla,1,Cold Drinks,2.5,3,MINI,2.5,2020-11-24 09:57:03,15.749687649741688,,,,,,,Full Cream,,,,,0.0
9087,351,0.0,11.8,Milkshake (Syrup)-Vanilla,1,Cold Drinks,2.5,4,MINI,2.5,2020-11-24 09:57:03,15.749687649741688,,,,,,,Full Cream,,,,,0.0
35703,1148,0.0,11.8,Milkshake (Syrup)-Lime,1,Cold Drinks,3.3,1,MINI,3.3,2023-09-15 09:04:47,21.754424527504998,,,,,,,Full Cream,,,,,0.0
35703,1148,0.0,11.8,Milkshake (Syrup)-Vanilla,1,Cold Drinks,3.3,2,MINI,3.3,2023-09-15 09:04:47,21.754424527504998,,,,,,,Full Cream,,,,,0.0
35703,1148,0.0,11.8,Milkshake (Syrup)-Lime,1,Cold Drinks,5.2,3,SML,5.2,2023-09-15 09:04:47,21.754424527504998,,,,,,,Full Cream,,,,,0.0
7499,130,0.0,11.8,Milkshake (Syrup)-Chocolate,1,Cold Drinks,3.8,1,SML,3.8,2020-09-25 13:39:14,157.32214214870203,,,,,,,Full Cream,,,,,0.0
35861,387,0.0,11.8,Iced Chocolate with Cream,2,Cold Drinks,11.8,1,REG,5.9,2023-09-20 11:52:45,89.20540707357817,With Cream,,,0,,,Full Cream,,Full,,,0.0
20059,391,0.0,11.8,Ice Latte,1,Cold Drinks,4.8,1,REG,4.8,2022-03-09 14:09:12,186.28197264720313,,Normal,,0,,,Skim,,Full,None,,0.0
39160,435,0.0,11.8,Iced Chocolate with Cream,1,Cold Drinks,5.9,1,REG,5.9,2024-01-16 14:39:01,163.8681583875688,No Cream,,,0,,,Full Cream,,Full,,,0.0
39160,435,0.0,11.8,Iced Coffee with Cream,1,Cold Drinks,5.9,2,REG,5.9,2024-01-16 14:39:01,163.8681583875688,No Cream,Normal,,0,,,Full Cream,,Full,Vanilla,,0.0
31120,1466,0.0,11.8,Ice Chai,1,Cold Drinks,6.2,2,REG,6.2,2023-04-23 11:30:00,102.91074667455888,,,,0,,,Full Cream,,Full,,,0.0
27628,1221,0.0,11.8,Freshly Squeezed Juice-Orange,1,Cold Drinks,6.5,1,REG,6.5,2022-12-11 11:40:07,56.73446924048907,,,,,With Ice,"Orange, Lemon, Apple, Celery, Carrot",,,,,,0.0
27628,1221,0.0,11.8,Ice Latte,1,Cold Drinks,5.3,2,REG,4.8,2022-12-11 11:40:07,56.73446924048907,,Normal,,0,,,Lactose Free,,Full,Vanilla,,0.5
39459,209,0.0,11.8,Iced Coffee with Cream,1,Cold Drinks,5.9,2,REG,5.9,2024-01-27 13:11:40,5.200553012323491,With Cream,Normal,,0,,,Full Cream,,Full,Vanilla,,0.0
39459,209,0.0,11.8,Ice Latte,1,Cold Drinks,5.9,1,REG,5.2,2024-01-27 13:11:40,5.200553012323491,,Normal,,0,,,Almond,,Full,Vanilla,,0.7000000000000002
21776,223,0.0,11.8,Milkshake (Syrup)-Strawberry,1,Cold Drinks,2.9,3,MINI,2.9,2022-05-15 08:12:22,32.77916866786114,,,,,,,Full Cream,,,,,0.0
21776,223,0.0,11.8,Milkshake (Syrup)-Strawberry,1,Cold Drinks,2.9,4,MINI,2.9,2022-05-15 08:12:22,32.77916866786114,,,,,,,Full Cream,,,,,0.0
39870,234,0.0,11.8,Ice Latte,1,Cold Drinks,5.2,2,REG,5.2,2024-02-10 09:31:15,3.306975953679214,,Normal,,0,,,Full Cream,,Full,None,,0.0
37472,234,0.0,11.8,Ice Latte,1,Cold Drinks,5.2,2,REG,5.2,2023-11-10 08:09:55,3.306975953679214,,Normal,,0,,,Skim,,Full,None,,0.0
37402,234,0.0,11.8,Ice Latte,1,Cold Drinks,5.2,2,REG,5.2,2023-11-08 08:14:25,3.306975953679214,,Normal,,0,,,Skim,,Full,None,,0.0
40413,754,0.0,11.8,Iced Coffee with Cream,2,Cold Drinks,11.8,1,REG,5.9,2024-02-28 10:03:07,5.580993662182695,With Cream,Normal,,0,,,Full Cream,,Full,None,,0.0
3322,5,0.0,24.6,Iced Mocha with Cream,1,Cold Drinks,6.0,2,REG,5.5,2019-05-27 15:58:03,159.94181122746923,With Cream,Normal,,0,,,Lactose Free,,Full,,,0.5
40208,446,0.0,24.6,Iced Coffee with Cream,1,Cold Drinks,5.9,2,REG,5.9,2024-02-21 10:42:04,6.801133915060578,With Cream,Normal,,0,,,Full Cream,,Full,Vanilla,,0.0
40208,446,0.0,24.6,Iced Coffee with Cream,1,Cold Drinks,6.9,3,REG,5.9,2024-02-21 10:42:04,6.801133915060578,With Cream,Normal,,0,,,Oat Milk,,Full,Vanilla,,1.0
40208,446,0.0,24.6,Iced Chocolate with Cream,2,Cold Drinks,11.8,1,REG,5.9,2024-02-21 10:42:04,6.801133915060578,With Cream,,,0,,,Full Cream,,Full,,,0.0
15617,754,0.0,24.6,Thickshake (Syrup)-Spearmint,1,Cold Drinks,8.0,3,LRG,8.0,2021-09-12 12:26:23,5.580993662182695,,,,,,,,,,,,0.0
15617,754,0.0,24.6,Thickshake (Syrup)-Lime,1,Cold Drinks,8.0,4,LRG,8.0,2021-09-12 12:26:23,5.580993662182695,,,,,,,,,,,,0.0
15205,754,0.0,24.6,Thickshake (Syrup)-Lime,1,Cold Drinks,8.0,3,LRG,8.0,2021-08-29 14:02:47,5.580993662182695,,,,,,,,,,,,0.0
15205,754,0.0,24.6,Thickshake (Syrup)-Cookies and Cream,1,Cold Drinks,8.0,4,LRG,8.0,2021-08-29 14:02:47,5.580993662182695,,,,,,,,,,,,0.0
6452,298,0.0,37.4,Freshly Squeezed Juice-Orange,1,Cold Drinks,6.0,5,REG,6.0,2020-08-16 10:13:22,103.43870180925002,,,,,With Ice,"Lemon, Apple, Celery",,,,,,0.0
10355,351,0.0,37.4,Milkshake (Syrup)-Vanilla,1,Cold Drinks,2.9,5,MINI,2.9,2021-02-01 11:55:07,15.749687649741688,,,,,,,Full Cream,,,,,0.0
10355,351,0.0,37.4,Milkshake (Syrup)-Vanilla,1,Cold Drinks,2.9,6,MINI,2.9,2021-02-01 11:55:07,15.749687649741688,,,,,,,Full Cream,,,,,0.0
10355,351,0.0,37.4,Milkshake (Syrup)-Vanilla,1,Cold Drinks,2.9,7,MINI,2.9,2021-02-01 11:55:07,15.749687649741688,,,,,,,Full Cream,,,,,0.0
9309,351,0.0,37.4,Milkshake (Syrup)-Vanilla,1,Cold Drinks,2.5,2,MINI,2.5,2020-12-03 13:38:49,15.749687649741688,,,,,,,Full Cream,,,,,0.0
9309,351,0.0,37.4,Milkshake (Syrup)-Vanilla,1,Cold Drinks,2.5,3,MINI,2.5,2020-12-03 13:38:49,15.749687649741688,,,,,,,Full Cream,,,,,0.0
9309,351,0.0,37.4,Milkshake (Syrup)-Vanilla,1,Cold Drinks,2.5,4,MINI,2.5,2020-12-03 13:38:49,15.749687649741688,,,,,,,Full Cream,,,,,0.0
9309,351,0.0,37.4,Thickshake (Syrup)-Lime,1,Cold Drinks,6.0,6,SML,6.0,2020-12-03 13:38:49,15.749687649741688,,,,,,,,,,,,0.0
26662,1223,0.0,37.4,Milkshake (Syrup)-Vanilla,1,Cold Drinks,6.0,3,LRG,6.0,2022-11-10 07:09:33,25.1555162936482,,,,,,,Full Cream,,,,,0.0
36858,976,0.0,37.4,Milkshake (Syrup)-Chocolate,2,Cold Drinks,10.4,5,SML,5.2,2023-10-21 08:43:36,65.29858450487208,,,,,,,Full Cream,,,,,0.0
36858,976,0.0,37.4,Milkshake (Syrup)-Strawberry,1,Cold Drinks,5.2,6,SML,5.2,2023-10-21 08:43:36,65.29858450487208,,,,,,,Full Cream,,,,,0.0
36858,976,0.0,37.4,Ice Latte,1,Cold Drinks,5.2,1,REG,5.2,2023-10-21 08:43:36,65.29858450487208,,Normal,,0,,,Skim,,Full,None,,0.0
16836,645,0.0,63.0,Ice Latte,1,Cold Drinks,5.3,7,REG,4.8,2021-10-23 13:32:03,172.60359208313133,,Normal,,1,,,Full Cream,,Full,Vanilla,,0.5
16836,645,0.0,63.0,Ice Chai,1,Cold Drinks,7.0,6,REG,6.0,2021-10-23 13:32:03,172.60359208313133,,,,0,,,Oat Milk,,Full,,,1.0
23734,551,0.0,6.7,Freshly Squeezed Juice-Orange,1,Cold Drinks,6.7,1,REG,6.2,2022-07-28 08:01:09,90.8151122632385,,,,,With Ice,"Orange, Lemon, Ginger",,,,,,0.5
23652,551,0.0,6.7,Freshly Squeezed Juice-Orange,1,Cold Drinks,6.7,1,REG,6.2,2022-07-25 08:03:06,90.8151122632385,,,,,With Ice,"Orange, Apple, Ginger",,,,,,0.5
22119,137,0.0,6.7,Freshly Squeezed Juice-Orange,1,Cold Drinks,6.7,1,REG,6.2,2022-05-27 09:16:39,250.69389416463372,,,,,With Ice,"Lemon, Apple, Celery, Ginger",,,,,,0.5
21711,166,0.0,6.7,Freshly Squeezed Juice-Orange,1,Cold Drinks,6.7,1,REG,6.2,2022-05-12 12:21:58,80.17974459831028,,,,,With Ice,"Orange, Ginger",,,,,,0.5
20770,166,0.0,6.7,Milkshake (Syrup)-Chocolate,1,Cold Drinks,2.9,2,MINI,2.9,2022-04-06 09:18:08,80.17974459831028,,,,,,,Full Cream,,,,,0.0
29344,446,0.0,6.7,Iced Coffee with Cream,1,Cold Drinks,6.7,1,REG,5.7,2023-02-23 15:15:20,6.801133915060578,With Cream,Normal,,0,,,Oat Milk,,Full,Vanilla,,1.0
15543,20,0.0,19.5,Milkshake (Syrup)-Chocolate,1,Cold Drinks,2.9,3,MINI,2.9,2021-09-10 10:15:24,15.937429912097317,,,,,,,Full Cream,,,,,0.0
15543,20,0.0,19.5,Milkshake (Syrup)-Chocolate,1,Cold Drinks,2.9,4,MINI,2.9,2021-09-10 10:15:24,15.937429912097317,,,,,,,Full Cream,,,,,0.0
15543,20,0.0,19.5,Milkshake (Syrup)-Chocolate,1,Cold Drinks,2.9,5,MINI,2.9,2021-09-10 10:15:24,15.937429912097317,,,,,,,Full Cream,,,,,0.0
15543,20,0.0,19.5,Freshly Squeezed Juice-Orange,1,Cold Drinks,6.5,2,REG,6.0,2021-09-10 10:15:24,15.937429912097317,,,,,With Ice,"Apple, Carrot, Ginger",,,,,,0.5
14151,808,0.0,19.5,Iced Coffee with Cream,1,Cold Drinks,5.5,1,REG,5.5,2021-07-20 13:23:49,102.91074667455888,With Cream,Normal,,0,,,Skim,,Full,Vanilla,,0.0
23869,814,0.0,19.5,Iced Coffee with Cream,1,Cold Drinks,6.0,3,REG,5.5,2022-08-01 11:26:23,144.56895356950722,No Cream,Normal,,1,,,Full Cream,,Full,Vanilla,,0.5
40051,49,0.0,19.5,Iced Chocolate with Cream,1,Cold Drinks,5.9,4,REG,5.9,2024-02-16 11:04:10,5.6913721453400745,No Cream,,,0,,,Full Cream,,Full,,,0.0
26760,308,0.0,19.5,Freshly Squeezed Juice-Orange,1,Cold Drinks,6.5,2,REG,6.5,2022-11-13 09:32:52,10.76198852605863,,,,,With Ice,Orange,,,,,,0.0
15965,867,0.0,19.5,Milkshake (Syrup)-Chocolate,1,Cold Drinks,3.9,2,SML,3.9,2021-09-24 10:55:38,137.05619285533945,,,,,,,Full Cream,,,,,0.0
18228,172,0.0,19.5,Freshly Squeezed Juice-Orange,1,Cold Drinks,7.0,1,REG,6.0,2021-12-13 08:04:55,5.2489316501187995,,,,,With Ice,"Orange, Lemon, Apple, Celery, Carrot, Ginger, Beetroot",,,,,,1.0
18228,172,0.0,19.5,Freshly Squeezed Juice-Orange,1,Cold Drinks,7.0,2,REG,6.0,2021-12-13 08:04:55,5.2489316501187995,,,,,With Ice,"Orange, Lemon, Apple, Celery, Carrot, Ginger, Beetroot",,,,,,1.0
12834,172,0.0,19.5,Freshly Squeezed Juice-Orange,1,Cold Drinks,7.0,1,REG,6.0,2021-05-28 10:26:43,5.2489316501187995,,,,,With Ice,"Orange, Lemon, Apple, Celery, Carrot, Ginger, Beetroot",,,,,,1.0
12834,172,0.0,19.5,Freshly Squeezed Juice-Orange,1,Cold Drinks,7.0,2,REG,6.0,2021-05-28 10:26:43,5.2489316501187995,,,,,With Ice,"Orange, Lemon, Apple, Celery, Carrot, Ginger, Beetroot",,,,,,1.0
12760,172,0.0,19.5,Freshly Squeezed Juice-Orange,1,Cold Drinks,7.0,1,REG,6.0,2021-05-25 09:41:51,5.2489316501187995,,,,,With Ice,"Orange, Lemon, Apple, Celery, Carrot, Ginger, Beetroot",,,,,,1.0
12760,172,0.0,19.5,Freshly Squeezed Juice-Orange,1,Cold Drinks,7.0,2,REG,6.0,2021-05-25 09:41:51,5.2489316501187995,,,,,With Ice,"Orange, Lemon, Apple, Celery, Carrot, Ginger, Beetroot",,,,,,1.0
10977,172,0.0,19.5,Freshly Squeezed Juice-Orange,1,Cold Drinks,7.0,1,REG,6.0,2021-03-05 07:59:53,5.2489316501187995,,,,,With Ice,"Orange, Lemon, Apple, Celery, Carrot, Ginger, Beetroot",,,,,,1.0
10977,172,0.0,19.5,Freshly Squeezed Juice-Orange,1,Cold Drinks,7.0,2,REG,6.0,2021-03-05 07:59:53,5.2489316501187995,,,,,With Ice,"Orange, Lemon, Apple, Celery, Carrot, Ginger, Beetroot",,,,,,1.0
15170,575,0.0,32.3,Ice Latte,1,Cold Drinks,5.3,1,REG,4.8,2021-08-28 11:26:37,76.78296157615826,,Normal,,0,,,Lactose Free,,Full,Vanilla,,0.5
18373,839,0.0,32.3,Milkshake (Syrup)-Chocolate,1,Cold Drinks,2.9,5,MINI,2.9,2021-12-19 09:15:00,7.6513830729472705,,,,,,,Full Cream,,,,,0.0
11395,615,0.0,32.3,Milkshake (Syrup)-Chocolate,1,Cold Drinks,6.0,4,LRG,6.0,2021-03-25 12:55:45,66.89693565478167,,,,,,,Full Cream,,,,,0.0
11395,615,0.0,32.3,Freshly Squeezed Juice-Orange,1,Cold Drinks,6.5,3,REG,6.0,2021-03-25 12:55:45,66.89693565478167,,,,,With Ice,"Orange, Lemon, Apple, Celery, Carrot, Ginger",,,,,,0.5
38350,1144,0.0,32.3,Iced Mocha with Cream,1,Cold Drinks,6.9,2,REG,6.4,2023-12-08 09:43:59,58.176580277235466,With Cream,Normal,,1,,,Skim,,Full,,,0.5
27369,919,0.0,32.3,Iced Coffee with Cream,1,Cold Drinks,5.5,1,REG,5.5,2022-12-02 13:49:44,370.9185509361474,With Cream,Normal,,0,,,Full Cream,,Full,Vanilla,,0.0
27369,919,0.0,32.3,Milkshake (Syrup)-Blue Heaven,1,Cold Drinks,6.0,4,LRG,6.0,2022-12-02 13:49:44,370.9185509361474,,,,,,,Full Cream,,,,,0.0
38895,1191,0.0,32.3,Smoothie-Koko Berries,1,Cold Drinks,8.5,2,REG,8.5,2024-01-06 08:12:29,37.61946146075213,,,,,,,,,,,,0.0
38895,1191,0.0,32.3,Smoothie-Mango Magic,1,Cold Drinks,8.5,3,REG,8.5,2024-01-06 08:12:29,37.61946146075213,,,,,,,,,,,,0.0
15225,878,0.0,45.1,Milkshake (Syrup)-Caramel,1,Cold Drinks,3.9,3,SML,3.9,2021-08-30 10:38:20,102.91074667455888,,,,,,,Full Cream,,,,,0.0
28870,1144,0.0,45.1,Iced Coffee with Cream,1,Cold Drinks,6.7,3,REG,5.7,2023-02-07 08:39:00,58.176580277235466,With Cream,Normal,,0,,,Oat Milk,,Full,Vanilla,,1.0
17427,1002,0.0,45.1,Smoothie-Mango Magic,1,Cold Drinks,7.6,6,REG,7.6,2021-11-13 12:17:08,43.034869582700026,,,,,,,,,,,,0.0
14956,754,0.0,45.1,Iced Chocolate with Cream,1,Cold Drinks,5.5,2,REG,5.5,2021-08-21 09:58:03,5.580993662182695,With Cream,,,0,,,Full Cream,,Full,,,0.0
14956,754,0.0,45.1,Thickshake (Syrup)-Blue Heaven,1,Cold Drinks,8.0,4,LRG,8.0,2021-08-21 09:58:03,5.580993662182695,,,,,,,,,,,,0.0
26505,1278,0.0,45.1,Smoothie-Koko Berries,1,Cold Drinks,7.6,4,REG,7.6,2022-11-04 13:00:00,95.04384952922167,,,,,,,,,,,,0.0
26505,1278,0.0,45.1,Smoothie-Banana Buzz,1,Cold Drinks,7.6,5,REG,7.6,2022-11-04 13:00:00,95.04384952922167,,,,,,,,,,,,0.0
16922,12,0.0,57.9,Smoothie-Mango Magic,1,Cold Drinks,7.6,6,REG,7.6,2021-10-26 12:04:42,30.753554335954057,,,,,,,,,,,,0.0
37308,408,0.0,57.9,Smoothie-Mango Magic,1,Cold Drinks,8.5,3,REG,8.5,2023-11-04 07:59:39,12.291788020714451,,,,,,,,,,,,0.0
28336,1026,0.0,14.4,Freshly Squeezed Juice-Orange,1,Cold Drinks,6.5,2,REG,6.5,2023-01-17 08:31:30,24.170229622409465,,,,,With Ice,"Orange, Apple, Celery",,,,,,0.0
30461,268,0.0,14.4,Milkshake (Syrup)-Vanilla,1,Cold Drinks,6.5,2,LRG,6.5,2023-03-31 09:19:04,86.00495109529,,,,,,,Skim,,,,,0.0
39258,1551,0.0,14.4,Smoothie-Koko Berries,1,Cold Drinks,8.5,2,REG,8.5,2024-01-20 10:50:55,16.15473210728448,,,,,,,,,,,,0.0
40516,544,0.0,14.4,Freshly Squeezed Juice-Orange,2,Cold Drinks,14.4,1,REG,7.2,2024-03-02 10:29:32,467.86567058749426,,,,,With Ice,Orange,,,,,,0.0
38412,544,0.0,14.4,Freshly Squeezed Juice-Orange,1,Cold Drinks,7.2,1,REG,7.2,2023-12-10 15:06:54,467.86567058749426,,,,,With Ice,Orange,,,,,,0.0
38412,544,0.0,14.4,Freshly Squeezed Juice-Orange,1,Cold Drinks,7.2,2,REG,7.2,2023-12-10 15:06:54,467.86567058749426,,,,,With Ice,Orange,,,,,,0.0
36844,544,0.0,14.4,Freshly Squeezed Juice-Orange,2,Cold Drinks,14.4,1,REG,7.2,2023-10-20 12:50:23,467.86567058749426,,,,,With Ice,Orange,,,,,,0.0
18335,812,0.0,14.4,Milkshake (Syrup)-Vanilla,1,Cold Drinks,2.9,2,MINI,2.9,2021-12-17 11:22:18,79.96972545436999,,,,,,,Full Cream,,,,,0.0
18335,812,0.0,14.4,Milkshake (Syrup)-Chocolate,1,Cold Drinks,3.9,3,SML,3.9,2021-12-17 11:22:18,79.96972545436999,,,,,,,Full Cream,,,,,0.0
18335,812,0.0,14.4,Milkshake (Syrup)-Chocolate,1,Cold Drinks,3.9,4,SML,3.9,2021-12-17 11:22:18,79.96972545436999,,,,,,,Full Cream,,,,,0.0
15979,812,0.0,14.4,Milkshake (Syrup)-Vanilla,1,Cold Drinks,2.9,2,MINI,2.9,2021-09-24 13:48:22,79.96972545436999,,,,,,,Full Cream,,,,,0.0
15979,812,0.0,14.4,Milkshake (Syrup)-Chocolate,1,Cold Drinks,3.9,3,SML,3.9,2021-09-24 13:48:22,79.96972545436999,,,,,,,Full Cream,,,,,0.0
15979,812,0.0,14.4,Milkshake (Syrup)-Strawberry,1,Cold Drinks,3.9,4,SML,3.9,2021-09-24 13:48:22,79.96972545436999,,,,,,,Full Cream,,,,,0.0
37270,308,0.0,14.4,Milkshake (Syrup)-Vanilla,1,Cold Drinks,3.3,4,MINI,3.3,2023-11-02 11:12:25,10.76198852605863,,,,,,,Full Cream,,,,,0.0
27986,839,0.0,14.4,Milkshake (Syrup)-Chocolate,1,Cold Drinks,3.9,3,SML,3.9,2022-12-23 07:30:00,7.6513830729472705,,,,,,,Full Cream,,,,,0.0
19463,692,0.0,14.4,Freshly Squeezed Juice-Orange,1,Cold Drinks,6.2,2,REG,6.2,2022-02-16 08:36:25,23.069184676126802,,,,,With Ice,"Orange, Lemon, Celery, Carrot",,,,,,0.0
18664,1054,0.0,27.2,Iced Coffee with Cream,1,Cold Drinks,6.0,3,REG,5.5,2022-01-14 12:45:00,216.788683591495,With Cream,Normal,,0,,,Lactose Free,,Full,Vanilla,,0.5
9786,92,0.0,27.2,Milkshake (Syrup)-Chocolate,1,Cold Drinks,3.9,2,SML,3.9,2021-01-02 08:00:00,32.28859341322894,,,,,,,Full Cream,,,,,0.0
32417,175,0.0,27.2,Smoothie-Mango Magic,1,Cold Drinks,7.6,5,REG,7.6,2023-06-03 09:17:08,10.277826498239987,,,,,,,,,,,,0.0
34605,814,0.0,40.0,Iced Coffee with Cream,1,Cold Drinks,5.9,6,REG,5.9,2023-08-12 09:08:59,144.56895356950722,With Cream,Normal,,0,,,Full Cream,,Full,Vanilla,,0.0
31053,1148,0.0,40.0,Milkshake (Syrup)-Chocolate,2,Cold Drinks,5.8,4,MINI,2.9,2023-04-21 09:43:22,21.754424527504998,,,,,,,Full Cream,,,,,0.0
16754,397,0.0,40.0,Iced Chocolate with Cream,1,Cold Drinks,5.5,3,REG,5.5,2021-10-20 14:26:36,174.2488641761164,No Cream,,,0,,,Full Cream,,Full,,,0.0
16754,397,0.0,40.0,Iced Chocolate with Cream,1,Cold Drinks,5.5,4,REG,5.5,2021-10-20 14:26:36,174.2488641761164,No Cream,,,0,,,Full Cream,,Full,,,0.0
9667,20,0.0,9.3,Ice Latte,1,Cold Drinks,5.0,2,REG,4.5,2020-12-19 09:29:45,15.937429912097317,,Normal,,1,,,Skim,,Full,None,,0.5
9004,20,0.0,9.3,Milkshake (Syrup)-Chocolate,1,Cold Drinks,2.5,2,MINI,2.5,2020-11-21 09:41:16,15.937429912097317,,,,,,,Full Cream,,,,,0.0
9004,20,0.0,9.3,Milkshake (Syrup)-Chocolate,1,Cold Drinks,2.5,3,MINI,2.5,2020-11-21 09:41:16,15.937429912097317,,,,,,,Full Cream,,,,,0.0
9124,42,0.0,9.3,Iced Chocolate with Cream,1,Cold Drinks,5.0,1,REG,5.0,2020-11-26 07:23:20,103.99667852237637,No Cream,,,0,,,Full Cream,,Full,,,0.0
3942,78,0.0,9.3,Iced Coffee with Cream,1,Cold Drinks,5.5,1,REG,5.0,2019-12-06 08:41:32,118.77749604723726,With Cream,Normal,,1,,,Full Cream,,Full,Vanilla,,0.5
3897,78,0.0,9.3,Iced Coffee with Cream,1,Cold Drinks,5.5,1,REG,5.0,2019-11-26 08:44:09,118.77749604723726,No Cream,Normal,,1,,,Full Cream,,Full,Vanilla,,0.5
3620,78,0.0,9.3,Iced Coffee with Cream,1,Cold Drinks,5.5,1,REG,5.0,2019-09-26 08:32:27,118.77749604723726,No Cream,Normal,,0,,,Lactose Free,,Full,Vanilla,,0.5
20850,175,0.0,9.3,Milkshake (Syrup)-Spearmint,1,Cold Drinks,2.9,3,MINI,2.9,2022-04-09 09:21:04,10.277826498239987,,,,,,,Full Cream,,,,,0.0
20226,175,0.0,9.3,Milkshake (Syrup)-Blue Heaven,1,Cold Drinks,2.9,3,MINI,2.9,2022-03-16 10:11:20,10.277826498239987,,,,,,,Full Cream,,,,,0.0
18580,175,0.0,9.3,Milkshake (Syrup)-Cookies and Cream,1,Cold Drinks,2.9,3,MINI,2.9,2022-01-10 10:37:11,10.277826498239987,,,,,,,Full Cream,,,,,0.0
18747,189,0.0,9.3,Milkshake (Syrup)-Chocolate,1,Cold Drinks,2.9,3,MINI,2.9,2022-01-18 10:58:41,9.699059222346209,,,,,,,Full Cream,,,,,0.0
7469,197,0.0,9.3,Milkshake (Syrup)-Vanilla,1,Cold Drinks,2.5,2,MINI,2.5,2020-09-24 12:51:41,8.972684535279665,,,,,,,Full Cream,,,,,0.0
7469,197,0.0,9.3,Milkshake (Syrup)-Chocolate,1,Cold Drinks,2.5,3,MINI,2.5,2020-09-24 12:51:41,8.972684535279665,,,,,,,Full Cream,,,,,0.0
6479,197,0.0,9.3,Milkshake (Syrup)-Vanilla,1,Cold Drinks,2.5,2,MINI,2.5,2020-08-17 10:52:09,8.972684535279665,,,,,,,Full Cream,,,,,0.0
6479,197,0.0,9.3,Milkshake (Syrup)-Chocolate,1,Cold Drinks,2.5,3,MINI,2.5,2020-08-17 10:52:09,8.972684535279665,,,,,,,Full Cream,,,,,0.0
6029,197,0.0,9.3,Milkshake (Syrup)-Chocolate,1,Cold Drinks,2.5,2,MINI,2.5,2020-07-28 09:45:00,8.972684535279665,,,,,,,Full Cream,,,,,0.0
6029,197,0.0,9.3,Milkshake (Syrup)-Vanilla,1,Cold Drinks,2.5,3,MINI,2.5,2020-07-28 09:45:00,8.972684535279665,,,,,,,Full Cream,,,,,0.0
28111,9,0.0,22.1,Smoothie-Green Machine,1,Cold Drinks,7.6,2,REG,7.6,2023-01-08 10:04:15,6.703924063787684,,,,,,,,,,,,0.0
15576,521,0.0,22.1,Smoothie-Mango Magic,1,Cold Drinks,7.6,3,REG,7.6,2021-09-11 11:36:11,185.75564229728337,,,,,,,,,,,,0.0
29873,49,0.0,22.1,Coffee Frappe,1,Cold Drinks,7.2,2,REG,6.7,2023-03-12 10:14:32,5.6913721453400745,,Normal,,0,,,Lactose Free,,Full,,,0.5
29873,49,0.0,22.1,Iced Coffee with Cream,1,Cold Drinks,5.7,3,REG,5.7,2023-03-12 10:14:32,5.6913721453400745,With Cream,Decaf,,0,,,Full Cream,,Full,Vanilla,,0.0
7135,356,0.0,22.1,Milkshake (Syrup)-Chocolate,1,Cold Drinks,3.8,2,SML,3.8,2020-09-12 10:15:00,44.73626418615365,,,,,,,Full Cream,,,,,0.0
15131,873,0.0,22.1,Smoothie-Mango Magic,1,Cold Drinks,7.6,2,REG,7.6,2021-08-27 09:20:13,138.56983798792578,,,,,,,,,,,,0.0
4196,112,0.0,22.1,Milkshake (Syrup)-Chocolate,1,Cold Drinks,3.8,2,SML,3.8,2020-02-16 14:04:27,137.31543763089678,,,,,,,Full Cream,,,,,0.0
4196,112,0.0,22.1,Milkshake (Syrup)-Chocolate,1,Cold Drinks,3.8,3,SML,3.8,2020-02-16 14:04:27,137.31543763089678,,,,,,,Full Cream,,,,,0.0
4196,112,0.0,22.1,Milkshake (Syrup)-Chocolate,1,Cold Drinks,2.5,4,MINI,2.5,2020-02-16 14:04:27,137.31543763089678,,,,,,,Full Cream,,,,,0.0
7652,485,0.0,22.1,Milkshake (Syrup)-Strawberry,1,Cold Drinks,3.8,6,SML,3.8,2020-10-01 11:00:18,102.91074667455888,,,,,,,Full Cream,,,,,0.0
28200,1192,0.0,34.9,Iced Coffee with Cream,1,Cold Drinks,6.2,3,REG,5.7,2023-01-11 12:01:05,48.3676739574891,No Cream,Normal,,0,,,Lactose Free,,Full,Vanilla,,0.5
17629,1016,0.0,47.7,Affogato,1,Cold Drinks,4.5,1,REG,4.5,2021-11-20 10:36:16,102.91074667455888,,Normal,0,0,,,,0,Full,,0,0.0
17629,1016,0.0,47.7,Freshly Squeezed Juice-Orange,1,Cold Drinks,6.0,4,REG,6.0,2021-11-20 10:36:16,102.91074667455888,,,,,With Ice,Orange,,,,,,0.0
14262,821,0.0,60.5,Smoothie-Mango Magic,1,Cold Drinks,7.6,4,REG,7.6,2021-07-24 14:17:16,102.91074667455888,,,,,,,,,,,,0.0
14262,821,0.0,60.5,Ice Latte,1,Cold Drinks,5.3,3,REG,4.8,2021-07-24 14:17:16,102.91074667455888,,Normal,,0,,,Soy,,Half,None,,0.5
29223,443,0.0,60.5,Iced Mocha with Cream,1,Cold Drinks,6.2,4,REG,6.2,2023-02-19 12:55:28,259.95384205662356,No Cream,Normal,,0,,,Full Cream,,Full,,,0.0
29223,443,0.0,60.5,Freshly Squeezed Juice-Orange,1,Cold Drinks,6.5,3,REG,6.5,2023-02-19 12:55:28,259.95384205662356,,,,,With Ice,"Orange, Apple, Carrot",,,,,,0.0
29223,443,0.0,60.5,Milkshake (Syrup)-Strawberry,1,Cold Drinks,2.9,5,MINI,2.9,2023-02-19 12:55:28,259.95384205662356,,,,,,,Full Cream,,,,,0.0
29223,443,0.0,60.5,Milkshake (Syrup)-Strawberry,1,Cold Drinks,2.9,6,MINI,2.9,2023-02-19 12:55:28,259.95384205662356,,,,,,,Full Cream,,,,,0.0
36146,1613,2.01,22.11,Ice Latte,1,Cold Drinks,5.7,2,REG,5.2,2023-09-29 10:30:00,102.91074667455888,,Normal,,0,,,Lactose Free,,Full,Vanilla,,0.5
8119,275,0.0,17.0,Freshly Squeezed Juice-Orange,1,Cold Drinks,6.0,1,REG,6.0,2020-10-18 10:02:00,9.182885244928025,,,,,With Ice,Apple,,,,,,0.0
25105,810,0.0,17.0,Freshly Squeezed Juice-Orange,1,Cold Drinks,7.0,1,REG,6.5,2022-09-13 08:57:15,144.58892088938225,,,,,With Ice,"Orange, Lemon, Apple, Celery, Ginger",,,,,,0.5
34824,331,0.0,17.0,Smoothie-Koko Berries,1,Cold Drinks,8.5,3,REG,8.5,2023-08-19 08:41:44,177.61527753317512,,,,,,,,,,,,0.0
34824,331,0.0,17.0,Milkshake (Syrup)-Lime,1,Cold Drinks,3.3,1,MINI,3.3,2023-08-19 08:41:44,177.61527753317512,,,,,,,Full Cream,,,,,0.0
34824,331,0.0,17.0,Milkshake (Syrup)-Caramel,1,Cold Drinks,5.2,2,SML,5.2,2023-08-19 08:41:44,177.61527753317512,,,,,,,Full Cream,,,,,0.0
34207,846,0.0,17.0,Smoothie-Banana Buzz,1,Cold Drinks,8.5,1,REG,8.5,2023-07-30 11:12:37,113.91735336941782,,,,,,,,,,,,0.0
34207,846,0.0,17.0,Smoothie-Mango Magic,1,Cold Drinks,8.5,2,REG,8.5,2023-07-30 11:12:37,113.91735336941782,,,,,,,,,,,,0.0
28979,593,0.0,17.0,Ice Latte,1,Cold Drinks,5.5,1,REG,5.0,2023-02-11 07:03:31,114.66552061030718,,Normal,,1,,,Skim,,Full,Vanilla,,0.5
35929,101,0.0,17.0,Milkshake (Syrup)-Vanilla,1,Cold Drinks,5.2,1,SML,5.2,2023-09-22 11:21:42,58.06680913565154,,,,,,,Full Cream,,,,,0.0
6419,391,0.0,17.0,Iced Coffee with Cream,1,Cold Drinks,5.0,2,REG,5.0,2020-08-14 14:52:57,186.28197264720313,With Cream,Normal,,0,,,Full Cream,,Full,None,,0.0
6419,391,0.0,17.0,Iced Coffee with Cream,1,Cold Drinks,5.0,3,REG,5.0,2020-08-14 14:52:57,186.28197264720313,With Cream,Normal,,0,,,Full Cream,,Full,None,,0.0
6450,399,0.0,17.0,Thickshake (Syrup)-Chocolate,1,Cold Drinks,6.0,2,SML,6.0,2020-08-16 09:58:54,102.91074667455888,,,,,,,,,,,,0.0
6450,399,0.0,17.0,Thickshake (Syrup)-Vanilla,1,Cold Drinks,6.0,3,SML,6.0,2020-08-16 09:58:54,102.91074667455888,,,,,,,,,,,,0.0
19949,405,0.0,17.0,Milkshake (Syrup)-Chocolate,1,Cold Drinks,6.0,3,LRG,6.0,2022-03-05 10:32:30,304.44448499594216,,,,,,,Full Cream,,,,,0.0
19949,405,0.0,17.0,Iced Mocha with Cream,1,Cold Drinks,6.0,2,REG,6.0,2022-03-05 10:32:30,304.44448499594216,No Cream,Normal,,0,,,Full Cream,,Half,,,0.0
17554,157,0.0,17.0,Milkshake (Syrup)-Vanilla,1,Cold Drinks,3.9,3,SML,3.9,2021-11-18 10:19:38,131.96220818948092,,,,,,,Full Cream,,,,,0.0
17554,157,0.0,17.0,Milkshake (Syrup)-Vanilla,1,Cold Drinks,3.9,4,SML,3.9,2021-11-18 10:19:38,131.96220818948092,,,,,,,Full Cream,,,,,0.0
8882,172,0.0,17.0,Freshly Squeezed Juice-Orange,1,Cold Drinks,7.0,1,REG,6.0,2020-11-15 08:48:44,5.2489316501187995,,,,,With Ice,"Orange, Lemon, Apple, Celery, Carrot, Ginger, Beetroot",,,,,,1.0
37727,1271,0.0,17.0,Smoothie-Green Machine,1,Cold Drinks,8.5,1,REG,8.5,2023-11-18 13:53:43,37.048231112583885,,,,,,,,,,,,0.0
37727,1271,0.0,17.0,Smoothie-Mango Magic,1,Cold Drinks,8.5,2,REG,8.5,2023-11-18 13:53:43,37.048231112583885,,,,,,,,,,,,0.0
33259,248,0.0,17.0,Milkshake (Syrup)-Chocolate,1,Cold Drinks,2.9,1,MINI,2.9,2023-06-30 12:44:30,89.37219093199812,,,,,,,Full Cream,,,,,0.0
33259,248,0.0,17.0,Milkshake (Syrup)-Cookies and Cream,1,Cold Drinks,4.5,2,SML,4.5,2023-06-30 12:44:30,89.37219093199812,,,,,,,Full Cream,,,,,0.0
33259,248,0.0,17.0,Milkshake (Syrup)-Spearmint,1,Cold Drinks,4.5,3,SML,4.5,2023-06-30 12:44:30,89.37219093199812,,,,,,,Full Cream,,,,,0.0
9540,92,0.0,29.8,Iced Chocolate with Cream,1,Cold Drinks,6.0,2,REG,5.0,2020-12-13 07:38:58,32.28859341322894,No Cream,,,0,,,Oat Milk,,Full,,,1.0
15998,916,0.0,29.8,Smoothie-Koko Berries,1,Cold Drinks,7.6,1,REG,7.6,2021-09-25 10:03:37,52.79835856034415,,,,,,,,,,,,0.0
15998,916,0.0,29.8,Smoothie-Koko Berries,1,Cold Drinks,7.6,2,REG,7.6,2021-09-25 10:03:37,52.79835856034415,,,,,,,,,,,,0.0
15998,916,0.0,29.8,Smoothie-Koko Berries,1,Cold Drinks,7.6,3,REG,7.6,2021-09-25 10:03:37,52.79835856034415,,,,,,,,,,,,0.0
21577,175,0.0,29.8,Smoothie-Green Machine,1,Cold Drinks,7.6,6,REG,7.6,2022-05-07 10:55:45,10.277826498239987,,,,,,,,,,,,0.0
16828,967,0.0,29.8,Freshly Squeezed Juice-Orange,1,Cold Drinks,6.0,1,REG,6.0,2021-10-23 11:15:16,102.91074667455888,,,,,With Ice,Orange,,,,,,0.0
22877,740,0.0,29.8,Ice Latte,1,Cold Drinks,5.3,4,REG,4.8,2022-06-25 08:20:50,472.551937180807,,Normal,,1,,,Skim,,Full,None,,0.5
22877,740,0.0,29.8,Milkshake (Syrup)-Chocolate,1,Cold Drinks,2.9,5,MINI,2.9,2022-06-25 08:20:50,472.551937180807,,,,,,,Full Cream,,,,,0.0
18805,255,0.0,29.8,Freshly Squeezed Juice-Orange,1,Cold Drinks,6.2,2,REG,6.2,2022-01-21 13:00:00,56.13881858007836,,,,,With Ice,"Orange, Lemon, Apple",,,,,,0.0
38606,1569,0.0,42.6,Iced Mocha with Cream,1,Cold Drinks,6.9,5,REG,6.4,2023-12-16 12:08:50,42.224149344643855,With Cream,Normal,,1,,,Full Cream,,Full,,,0.5
38606,1569,0.0,42.6,Iced Coffee with Cream,1,Cold Drinks,6.4,4,REG,5.9,2023-12-16 12:08:50,42.224149344643855,With Cream,Normal,,1,,,Full Cream,,Full,Vanilla,,0.5
16028,931,0.0,42.6,Thickshake (Syrup)-Banana,1,Cold Drinks,8.0,3,LRG,8.0,2021-09-26 10:25:32,102.91074667455888,,,,,,,,,,,,0.0
16028,931,0.0,42.6,Thickshake (Syrup)-Banana,1,Cold Drinks,8.0,4,LRG,8.0,2021-09-26 10:25:32,102.91074667455888,,,,,,,,,,,,0.0
14804,429,0.0,42.6,Freshly Squeezed Juice-Orange,1,Cold Drinks,6.0,3,REG,6.0,2021-08-15 12:39:52,161.1496199188816,,,,,With Ice,Orange,,,,,,0.0
14804,429,0.0,42.6,Smoothie-Mango Magic,1,Cold Drinks,7.6,4,REG,7.6,2021-08-15 12:39:52,161.1496199188816,,,,,,,,,,,,0.0
26984,841,0.0,55.4,Smoothie-Mango Magic,1,Cold Drinks,7.6,5,REG,7.6,2022-11-20 11:03:05,202.39565212721345,,,,,,,,,,,,0.0
6038,298,0.0,11.9,Smoothie-Mango Magic,1,Cold Drinks,7.6,2,REG,7.6,2020-07-28 14:53:30,103.43870180925002,,,,,,,,,,,,0.0
4630,49,0.0,11.9,Milkshake (Syrup)-Chocolate,1,Cold Drinks,3.8,2,SML,3.8,2020-04-25 10:30:00,5.6913721453400745,,,,,,,Full Cream,,,,,0.0
4630,49,0.0,11.9,Milkshake (Syrup)-Chocolate,1,Cold Drinks,3.8,3,SML,3.8,2020-04-25 10:30:00,5.6913721453400745,,,,,,,Full Cream,,,,,0.0
33943,324,0.0,11.9,Iced Coffee with Cream,1,Cold Drinks,6.7,2,REG,5.7,2023-07-22 11:24:13,21.399972119696923,No Cream,Normal,,0,,,Oat Milk,,Full,None,,1.0
30399,324,0.0,11.9,Iced Coffee with Cream,1,Cold Drinks,6.7,2,REG,5.7,2023-03-29 13:52:47,21.399972119696923,No Cream,Normal,,0,,,Oat Milk,,Full,Vanilla,,1.0
15027,847,0.0,11.9,Smoothie-Koko Berries,1,Cold Drinks,7.6,2,REG,7.6,2021-08-23 12:58:43,99.59365529421736,,,,,,,,,,,,0.0
11880,622,0.0,11.9,Milkshake (Syrup)-Blue Heaven,1,Cold Drinks,2.9,1,MINI,2.9,2021-04-17 11:20:21,372.866374634846,,,,,,,Full Cream,,,,,0.0
21005,1138,0.0,11.9,Milkshake (Syrup)-Chocolate,1,Cold Drinks,3.9,1,SML,3.9,2022-04-14 11:34:29,102.91074667455888,,,,,,,Full Cream,,,,,0.0
31108,1408,0.0,11.9,Milkshake (Syrup)-Chocolate,1,Cold Drinks,3.4,2,MINI,2.9,2023-04-23 08:53:30,61.75007229608261,,,,,,,Lactose Free,,,,,0.5
17566,917,0.0,11.9,Smoothie-Mango Magic,1,Cold Drinks,7.6,2,REG,7.6,2021-11-19 06:31:25,148.00386095349964,,,,,,,,,,,,0.0
30978,1444,0.0,11.9,Smoothie-Banana Buzz,1,Cold Drinks,7.6,2,REG,7.6,2023-04-19 08:45:00,28.269114898469265,,,,,,,,,,,,0.0
33807,421,0.0,11.9,Milkshake (Syrup)-Banana,1,Cold Drinks,3.4,3,MINI,2.9,2023-07-18 13:06:38,32.56254897822951,,,,,,,Soy,,,,,0.5
30036,175,0.0,11.9,Milkshake (Syrup)-Lime,1,Cold Drinks,2.9,3,MINI,2.9,2023-03-17 09:09:23,10.277826498239987,,,,,,,Full Cream,,,,,0.0
20875,197,0.0,11.9,Milkshake (Syrup)-Vanilla,1,Cold Drinks,2.9,3,MINI,2.9,2022-04-10 08:03:44,8.972684535279665,,,,,,,Full Cream,,,,,0.0
6896,197,0.0,11.9,Milkshake (Syrup)-Vanilla,1,Cold Drinks,3.8,2,SML,3.8,2020-09-03 11:15:56,8.972684535279665,,,,,,,Full Cream,,,,,0.0
6896,197,0.0,11.9,Milkshake (Syrup)-Chocolate,1,Cold Drinks,3.8,3,SML,3.8,2020-09-03 11:15:56,8.972684535279665,,,,,,,Full Cream,,,,,0.0
5914,208,0.0,11.9,Milkshake (Syrup)-Lime,1,Cold Drinks,3.8,2,SML,3.8,2020-07-23 08:37:36,143.6961079103099,,,,,,,Full Cream,,,,,0.0
5914,208,0.0,11.9,Milkshake (Syrup)-Lime,1,Cold Drinks,3.8,3,SML,3.8,2020-07-23 08:37:36,143.6961079103099,,,,,,,Full Cream,,,,,0.0
5863,208,0.0,11.9,Milkshake (Syrup)-Lime,1,Cold Drinks,3.8,2,SML,3.8,2020-07-20 08:43:28,143.6961079103099,,,,,,,Full Cream,,,,,0.0
5863,208,0.0,11.9,Milkshake (Syrup)-Strawberry,1,Cold Drinks,3.8,3,SML,3.8,2020-07-20 08:43:28,143.6961079103099,,,,,,,Full Cream,,,,,0.0
38973,209,0.0,11.9,Freshly Squeezed Juice-Apple,1,Cold Drinks,7.7,2,REG,7.2,2024-01-09 09:17:11,5.200553012323491,,,,,With Ice,"Celery, Ginger",,,,,,0.5
11646,248,0.0,11.9,Smoothie-Green Machine,1,Cold Drinks,7.6,2,REG,7.6,2021-04-06 15:06:37,89.37219093199812,,,,,,,,,,,,0.0
14938,811,0.0,24.7,Freshly Squeezed Juice-Orange,1,Cold Drinks,6.5,2,REG,6.0,2021-08-20 13:14:16,56.15160730560616,,,,,With Ice,"Orange, Apple, Celery, Carrot, Ginger",,,,,,0.5
14938,811,0.0,24.7,Freshly Squeezed Juice-Orange,1,Cold Drinks,6.5,3,REG,6.0,2021-08-20 13:14:16,56.15160730560616,,,,,With Ice,"Orange, Apple, Celery, Carrot, Ginger",,,,,,0.5
37661,1405,0.0,24.7,Freshly Squeezed Juice-Orange,1,Cold Drinks,7.2,1,REG,7.2,2023-11-16 12:51:16,71.1488147909285,,,,,With Ice,Orange,,,,,,0.0
34178,137,0.0,24.7,Smoothie-Mango Magic,1,Cold Drinks,8.5,2,REG,8.5,2023-07-29 12:31:18,250.69389416463372,,,,,,,,,,,,0.0
34178,137,0.0,24.7,Smoothie-Green Machine,1,Cold Drinks,8.5,3,REG,8.5,2023-07-29 12:31:18,250.69389416463372,,,,,,,,,,,,0.0
34178,137,0.0,24.7,Freshly Squeezed Juice-Apple,1,Cold Drinks,7.7,1,REG,7.2,2023-07-29 12:31:18,250.69389416463372,,,,,With Ice,"Lemon, Celery, Ginger",,,,,,0.5
7548,177,0.0,24.7,Milkshake (Syrup)-Chocolate,1,Cold Drinks,3.8,6,SML,3.8,2020-09-27 11:28:24,187.55969716332987,,,,,,,Full Cream,,,,,0.0
29631,9,0.0,37.5,Smoothie-Green Machine,1,Cold Drinks,7.6,3,REG,7.6,2023-03-04 11:15:53,6.703924063787684,,,,,,,,,,,,0.0
14921,446,0.0,6.8,Milkshake (Syrup)-Vanilla,1,Cold Drinks,3.9,1,SML,3.9,2021-08-20 09:11:57,6.801133915060578,,,,,,,Full Cream,,,,,0.0
14921,446,0.0,6.8,Milkshake (Syrup)-Chocolate,1,Cold Drinks,2.9,2,MINI,2.9,2021-08-20 09:11:57,6.801133915060578,,,,,,,Full Cream,,,,,0.0
27522,1026,0.0,19.6,Freshly Squeezed Juice-Orange,1,Cold Drinks,7.0,3,REG,6.5,2022-12-08 07:33:24,24.170229622409465,,,,,With Ice,"Orange, Lemon, Apple, Celery, Carrot, Ginger",,,,,,0.5
27498,1026,0.0,19.6,Freshly Squeezed Juice-Orange,1,Cold Drinks,7.0,3,REG,6.5,2022-12-07 07:38:19,24.170229622409465,,,,,With Ice,"Orange, Lemon, Apple, Celery, Carrot, Ginger",,,,,,0.5
27460,1026,0.0,19.6,Freshly Squeezed Juice-Orange,1,Cold Drinks,7.0,3,REG,6.5,2022-12-06 07:42:19,24.170229622409465,,,,,With Ice,"Orange, Lemon, Apple, Celery, Carrot, Ginger",,,,,,0.5
27433,1026,0.0,19.6,Freshly Squeezed Juice-Orange,1,Cold Drinks,7.0,3,REG,6.5,2022-12-05 07:34:29,24.170229622409465,,,,,With Ice,"Orange, Apple, Celery, Carrot, Ginger",,,,,,0.5
27310,1026,0.0,19.6,Freshly Squeezed Juice-Orange,1,Cold Drinks,7.0,2,REG,6.5,2022-12-01 07:41:45,24.170229622409465,,,,,With Ice,"Orange, Apple, Celery, Carrot, Ginger",,,,,,0.5
21768,543,0.0,19.6,Freshly Squeezed Juice-Orange,1,Cold Drinks,6.2,1,REG,6.2,2022-05-14 15:24:22,128.72796467313887,,,,,With Ice,Orange,,,,,,0.0
28042,1325,0.0,19.6,Ice Latte,1,Cold Drinks,5.0,2,REG,5.0,2023-01-05 09:17:12,62.76362582955774,,Normal,,0,,,Full Cream,,Full,None,,0.0
14957,49,0.0,19.6,Iced Chocolate with Cream,1,Cold Drinks,5.5,2,REG,5.5,2021-08-21 09:53:52,5.6913721453400745,No Cream,,,0,,,Full Cream,,Full,,,0.0
14957,49,0.0,19.6,Iced Chocolate with Cream,1,Cold Drinks,5.5,3,REG,5.5,2021-08-21 09:53:52,5.6913721453400745,No Cream,,,0,,,Full Cream,,Full,,,0.0
9066,351,0.0,19.6,Milkshake (Syrup)-Chocolate,1,Cold Drinks,2.5,2,MINI,2.5,2020-11-23 13:01:26,15.749687649741688,,,,,,,Full Cream,,,,,0.0
9066,351,0.0,19.6,Milkshake (Syrup)-Chocolate,1,Cold Drinks,2.5,3,MINI,2.5,2020-11-23 13:01:26,15.749687649741688,,,,,,,Full Cream,,,,,0.0
9066,351,0.0,19.6,Milkshake (Syrup)-Chocolate,1,Cold Drinks,2.5,4,MINI,2.5,2020-11-23 13:01:26,15.749687649741688,,,,,,,Full Cream,,,,,0.0
22529,175,0.0,19.6,Milkshake (Syrup)-Strawberry,1,Cold Drinks,2.9,4,MINI,2.9,2022-06-11 10:18:06,10.277826498239987,,,,,,,Full Cream,,,,,0.0
28714,446,0.0,19.6,Milkshake (Syrup)-Chocolate,1,Cold Drinks,2.9,2,MINI,2.9,2023-02-01 10:06:09,6.801133915060578,,,,,,,Full Cream,,,,,0.0
31917,1270,0.0,19.6,Freshly Squeezed Juice-Orange,1,Cold Drinks,6.5,2,REG,6.5,2023-05-18 07:56:53,10.081221176433104,,,,,With Ice,Orange,,,,,,0.0
19770,88,0.0,32.4,Smoothie-Banana Buzz,1,Cold Drinks,7.6,3,REG,7.6,2022-02-27 12:16:19,78.77380993269992,,,,,,,,,,,,0.0
12916,351,0.0,32.4,Milkshake (Syrup)-Strawberry,1,Cold Drinks,2.9,4,MINI,2.9,2021-05-31 09:05:23,15.749687649741688,,,,,,,Full Cream,,,,,0.0
12916,351,0.0,32.4,Milkshake (Syrup)-Strawberry,1,Cold Drinks,2.9,5,MINI,2.9,2021-05-31 09:05:23,15.749687649741688,,,,,,,Full Cream,,,,,0.0
40203,197,0.0,32.4,Milkshake (Syrup)-Vanilla,1,Cold Drinks,5.2,3,SML,5.2,2024-02-21 09:36:36,8.972684535279665,,,,,,,Full Cream,,,,,0.0
40203,197,0.0,32.4,Thickshake (Syrup)-Chocolate,1,Cold Drinks,7.9,4,SML,7.9,2024-02-21 09:36:36,8.972684535279665,,,,,,,,,,,,0.0
10596,429,0.0,83.6,Freshly Squeezed Juice-Orange,1,Cold Drinks,6.0,9,REG,6.0,2021-02-13 11:15:00,161.1496199188816,,,,,With Ice,"Orange, Apple, Carrot",,,,,,0.0
26200,275,0.0,14.5,Freshly Squeezed Juice-Orange,1,Cold Drinks,6.5,1,REG,6.5,2022-10-24 08:23:58,9.182885244928025,,,,,With Ice,Orange,,,,,,0.0
13436,49,0.0,14.5,Milkshake (Syrup)-Chocolate,1,Cold Drinks,2.9,4,MINI,2.9,2021-06-19 08:46:22,5.6913721453400745,,,,,,,Full Cream,,,,,0.0
25602,307,0.0,14.5,Freshly Squeezed Juice-Orange,1,Cold Drinks,6.5,1,REG,6.5,2022-10-02 08:57:27,37.82263636219195,,,,,With Ice,Orange,,,,,,0.0
15156,308,0.0,14.5,Freshly Squeezed Juice-Orange,1,Cold Drinks,6.0,3,REG,6.0,2021-08-28 09:08:48,10.76198852605863,,,,,With Ice,Apple,,,,,,0.0
3859,73,0.0,14.5,Smoothie-Banana Buzz,1,Cold Drinks,7.5,2,REG,7.5,2019-11-20 09:35:35,90.50966799187809,,,,,,,,,,,,0.0
19975,1100,0.0,14.5,Milkshake (Syrup)-Chocolate,1,Cold Drinks,6.0,3,LRG,6.0,2022-03-06 12:29:14,35.35533905932738,,,,,,,Full Cream,,,,,0.0
38178,1614,0.0,14.5,Iced Chocolate with Cream,1,Cold Drinks,5.9,1,REG,5.9,2023-12-03 07:38:31,26.633312473917574,With Cream,,,0,,,Skim,,Full,,,0.0
38178,1614,0.0,14.5,Milkshake (Syrup)-Chocolate,1,Cold Drinks,3.3,3,MINI,3.3,2023-12-03 07:38:31,26.633312473917574,,,,,,,Full Cream,,,,,0.0
3751,97,0.0,14.5,Smoothie-Koko Berries,1,Cold Drinks,7.5,3,REG,7.5,2019-10-27 08:49:20,200.60871004384268,,,,,,,,,,,,0.0
20837,888,0.0,14.5,Thickshake (Syrup)-Cookies and Cream,1,Cold Drinks,8.5,1,LRG,8.5,2022-04-08 15:45:00,57.14591310509777,,,,,,,,,,,,0.0
20837,888,0.0,14.5,Thickshake (Syrup)-Blue Heaven,1,Cold Drinks,6.0,2,SML,6.0,2022-04-08 15:45:00,57.14591310509777,,,,,,,,,,,,0.0
7645,172,0.0,14.5,Milkshake (Syrup)-Vanilla,1,Cold Drinks,2.5,2,MINI,2.5,2020-10-01 09:23:32,5.2489316501187995,,,,,,,Full Cream,,,,,0.0
7645,172,0.0,14.5,Milkshake (Syrup)-Banana,1,Cold Drinks,2.5,3,MINI,2.5,2020-10-01 09:23:32,5.2489316501187995,,,,,,,Full Cream,,,,,0.0
5600,172,0.0,14.5,Milkshake (Syrup)-Vanilla,1,Cold Drinks,2.5,3,MINI,2.5,2020-07-06 10:46:04,5.2489316501187995,,,,,,,Full Cream,,,,,0.0
5600,172,0.0,14.5,Milkshake (Syrup)-Lime,1,Cold Drinks,2.5,4,MINI,2.5,2020-07-06 10:46:04,5.2489316501187995,,,,,,,Full Cream,,,,,0.0
14987,175,0.0,14.5,Milkshake (Syrup)-Caramel,1,Cold Drinks,2.9,4,MINI,2.9,2021-08-22 10:29:39,10.277826498239987,,,,,,,Full Cream,,,,,0.0
31496,446,0.0,14.5,Milkshake (Syrup)-Chocolate,1,Cold Drinks,2.9,3,MINI,2.9,2023-05-05 08:58:53,6.801133915060578,,,,,,,Full Cream,,,,,0.0
14147,446,0.0,14.5,Iced Chocolate with Cream,1,Cold Drinks,5.5,1,REG,5.5,2021-07-20 10:07:37,6.801133915060578,With Cream,,,0,,,Full Cream,,Full,,,0.0
26318,67,0.0,27.3,Freshly Squeezed Juice-Orange,1,Cold Drinks,6.5,1,REG,6.5,2022-10-28 10:31:53,49.80813085628067,,,,,With Ice,"Orange, Lemon, Apple, Celery",,,,,,0.0
26318,67,0.0,27.3,Freshly Squeezed Juice-Orange,1,Cold Drinks,7.0,2,REG,6.5,2022-10-28 10:31:53,49.80813085628067,,,,,With Ice,"Orange, Lemon, Apple, Celery, Ginger",,,,,,0.5
12693,645,0.0,27.3,Ice Chai,1,Cold Drinks,7.0,3,REG,6.0,2021-05-22 11:45:06,172.60359208313133,,,,0,,,Oat Milk,,Full,,,1.0
26358,228,0.0,27.3,Milkshake (Syrup)-Strawberry,1,Cold Drinks,2.9,5,MINI,2.9,2022-10-30 09:35:36,142.2871211013458,,,,,,,Full Cream,,,,,0.0
26358,228,0.0,27.3,Milkshake (Syrup)-Lime,1,Cold Drinks,2.9,6,MINI,2.9,2022-10-30 09:35:36,142.2871211013458,,,,,,,Full Cream,,,,,0.0
30299,1027,0.0,40.1,Iced Coffee with Cream,1,Cold Drinks,5.7,3,REG,5.7,2023-03-26 12:33:46,74.56256748924513,With Cream,Normal,,0,,,Full Cream,,Full,Vanilla,,0.0
15978,541,0.0,52.9,Smoothie-Koko Berries,1,Cold Drinks,7.6,5,REG,7.6,2021-09-24 13:21:29,72.33584156997668,,,,,,,,,,,,0.0
15978,541,0.0,52.9,Freshly Squeezed Juice-Orange,1,Cold Drinks,7.0,3,REG,6.0,2021-09-24 13:21:29,72.33584156997668,,,,,With Ice,"Orange, Apple, Celery, Carrot, Ginger, Beetroot",,,,,,1.0
36161,234,2.25,24.75,Milkshake (Syrup)-Cookies and Cream,1,Cold Drinks,7.2,3,LRG,7.2,2023-09-29 10:34:10,3.306975953679214,,,,,,,Skim,,,,,0.0
25333,596,0.0,9.4,Ice Latte,1,Cold Drinks,4.8,2,REG,4.8,2022-09-21 10:43:08,222.56235081432797,,Normal,,0,,,Skim,,Full,None,,0.0
17113,387,0.0,9.4,Iced Chocolate with Cream,1,Cold Drinks,5.5,1,REG,5.5,2021-11-02 10:56:38,89.20540707357817,With Cream,,,0,,,Full Cream,,Full,,,0.0
17113,387,0.0,9.4,Milkshake (Syrup)-Strawberry,1,Cold Drinks,3.9,2,SML,3.9,2021-11-02 10:56:38,89.20540707357817,,,,,,,Full Cream,,,,,0.0
3295,5,0.0,22.2,Affogato,1,Cold Drinks,5.0,1,REG,4.5,2019-05-12 10:56:09,159.94181122746923,,Normal,0,1,,,,0,Full,,0,0.5
37807,20,0.0,22.2,Ice Latte,1,Cold Drinks,5.7,4,REG,5.2,2023-11-21 07:44:07,15.937429912097317,,Normal,,1,,,Skim,,Full,None,,0.5
37807,20,0.0,22.2,Milkshake (Syrup)-Chocolate,1,Cold Drinks,3.3,5,MINI,3.3,2023-11-21 07:44:07,15.937429912097317,,,,,,,Full Cream,,,,,0.0
22884,1044,0.0,22.2,Smoothie-Koko Berries,1,Cold Drinks,7.6,4,REG,7.6,2022-06-25 09:13:14,36.46887554972373,,,,,,,,,,,,0.0
30216,1379,0.0,22.2,Freshly Squeezed Juice-Apple,1,Cold Drinks,6.5,1,REG,6.5,2023-03-23 12:21:40,165.72668262332814,,,,,With Ice,Orange,,,,,,0.0
28403,1379,0.0,22.2,Freshly Squeezed Juice-Orange,1,Cold Drinks,6.5,1,REG,6.5,2023-01-19 12:08:28,165.72668262332814,,,,,With Ice,Orange,,,,,,0.0
33521,228,0.0,22.2,Smoothie-Mango Magic,1,Cold Drinks,7.6,4,REG,7.6,2023-07-09 10:56:45,142.2871211013458,,,,,,,,,,,,0.0
13053,234,0.0,22.2,Iced Chocolate with Cream,1,Cold Drinks,5.5,2,REG,5.5,2021-06-05 09:46:14,3.306975953679214,With Cream,,,0,,,Skim,,Full,,,0.0
13053,234,0.0,22.2,Iced Chocolate with Cream,1,Cold Drinks,5.5,3,REG,5.5,2021-06-05 09:46:14,3.306975953679214,With Cream,,,0,,,Skim,,Full,,,0.0
12854,234,0.0,22.2,Iced Chocolate with Cream,1,Cold Drinks,5.5,2,REG,5.5,2021-05-29 09:37:43,3.306975953679214,With Cream,,,0,,,Skim,,Full,,,0.0
12854,234,0.0,22.2,Iced Chocolate with Cream,1,Cold Drinks,5.5,3,REG,5.5,2021-05-29 09:37:43,3.306975953679214,With Cream,,,0,,,Skim,,Full,,,0.0
11606,234,0.0,22.2,Iced Chocolate with Cream,1,Cold Drinks,5.5,2,REG,5.5,2021-04-04 07:49:29,3.306975953679214,With Cream,,,0,,,Skim,,Full,,,0.0
11606,234,0.0,22.2,Iced Chocolate with Cream,1,Cold Drinks,5.5,3,REG,5.5,2021-04-04 07:49:29,3.306975953679214,With Cream,,,0,,,Skim,,Full,,,0.0
31861,12,0.0,35.0,Smoothie-Mango Magic,1,Cold Drinks,7.6,2,REG,7.6,2023-05-16 08:45:26,30.753554335954057,,,,,,,,,,,,0.0
34618,20,0.0,35.0,Milkshake (Syrup)-Chocolate,1,Cold Drinks,3.3,4,MINI,3.3,2023-08-12 10:14:12,15.937429912097317,,,,,,,Full Cream,,,,,0.0
34618,20,0.0,35.0,Milkshake (Syrup)-Chocolate,2,Cold Drinks,10.4,5,SML,5.2,2023-08-12 10:14:12,15.937429912097317,,,,,,,Full Cream,,,,,0.0
34618,20,0.0,35.0,Ice Latte,1,Cold Drinks,5.7,3,REG,5.2,2023-08-12 10:14:12,15.937429912097317,,Normal,,1,,,Skim,,Full,None,,0.5
19919,1096,0.0,35.0,Smoothie-Mango Magic,1,Cold Drinks,7.6,3,REG,7.6,2022-03-04 12:45:00,102.91074667455888,,,,,,,,,,,,0.0
19919,1096,0.0,35.0,Smoothie-Green Machine,1,Cold Drinks,7.6,4,REG,7.6,2022-03-04 12:45:00,102.91074667455888,,,,,,,,,,,,0.0
4120,91,0.0,35.0,Coffee Milkshake,1,Cold Drinks,7.0,1,LRG,7.0,2020-01-28 09:15:00,190.160834182917,,Normal,,0,,,Full Cream,,Full,,,0.0
4120,91,0.0,35.0,Thickshake (Syrup)-Vanilla,1,Cold Drinks,8.0,2,LRG,8.0,2020-01-28 09:15:00,190.160834182917,,,,,,,,,,,,0.0
11253,391,0.0,35.0,Iced Coffee with Cream,1,Cold Drinks,5.5,3,REG,5.5,2021-03-18 15:21:52,186.28197264720313,With Cream,Normal,,0,,,Full Cream,,Full,Vanilla,,0.0
11253,391,0.0,35.0,Iced Coffee with Cream,1,Cold Drinks,5.5,4,REG,5.5,2021-03-18 15:21:52,186.28197264720313,With Cream,Normal,,0,,,Full Cream,,Full,Vanilla,,0.0
35065,234,0.0,35.0,Milkshake (Syrup)-Cookies and Cream,1,Cold Drinks,7.2,3,LRG,7.2,2023-08-26 09:28:57,3.306975953679214,,,,,,,Full Cream,,,,,0.0
35065,234,0.0,35.0,Milkshake (Syrup)-Chocolate,1,Cold Drinks,7.2,4,LRG,7.2,2023-08-26 09:28:57,3.306975953679214,,,,,,,Skim,,,,,0.0
35048,1577,0.0,47.8,Iced Coffee with Cream,1,Cold Drinks,5.9,1,REG,5.9,2023-08-26 08:00:36,62.22539674441618,With Cream,Normal,,0,,,Full Cream,,Full,Vanilla,,0.0
35048,1577,0.0,47.8,Iced Mocha with Cream,1,Cold Drinks,6.9,2,REG,6.4,2023-08-26 08:00:36,62.22539674441618,With Cream,Normal,,1,,,Skim,,Full,,,0.5
12634,351,0.0,47.8,Milkshake (Syrup)-Strawberry,1,Cold Drinks,2.9,6,MINI,2.9,2021-05-20 08:41:42,15.749687649741688,,,,,,,Full Cream,,,,,0.0
12634,351,0.0,47.8,Milkshake (Syrup)-Strawberry,1,Cold Drinks,2.9,7,MINI,2.9,2021-05-20 08:41:42,15.749687649741688,,,,,,,Full Cream,,,,,0.0
24823,1268,0.0,73.4,Ice Chai,1,Cold Drinks,6.5,4,REG,6.0,2022-09-04 09:29:43,102.91074667455888,,,,0,,,Soy,,Half,,,0.5
24823,1268,0.0,73.4,Thickshake (Syrup)-Chocolate,1,Cold Drinks,9.0,5,LRG,9.0,2022-09-04 09:29:43,102.91074667455888,,,,,,,,,,,,0.0
22726,1073,0.0,17.1,Freshly Squeezed Juice-Orange,1,Cold Drinks,6.2,2,REG,6.2,2022-06-19 09:07:11,23.118424220987432,,,,,With Ice,Apple,,,,,,0.0
21994,847,0.0,17.1,Smoothie-Koko Berries,1,Cold Drinks,7.6,1,REG,7.6,2022-05-23 13:27:26,99.59365529421736,,,,,,,,,,,,0.0
19895,161,0.0,17.1,Smoothie-Green Machine,1,Cold Drinks,7.6,1,REG,7.6,2022-03-04 07:39:50,23.82515677258169,,,,,,,,,,,,0.0
22600,175,0.0,17.1,Milkshake (Syrup)-Chocolate,1,Cold Drinks,2.9,3,MINI,2.9,2022-06-14 09:13:19,10.277826498239987,,,,,,,Full Cream,,,,,0.0
22600,175,0.0,17.1,Milkshake (Syrup)-Caramel,1,Cold Drinks,2.9,4,MINI,2.9,2022-06-14 09:13:19,10.277826498239987,,,,,,,Full Cream,,,,,0.0
23230,1212,0.0,17.1,Milkshake (Syrup)-Cookies and Cream,1,Cold Drinks,6.0,2,LRG,6.0,2022-07-09 08:37:08,102.91074667455888,,,,,,,Skim,,,,,0.0
25406,446,0.0,17.1,Freshly Squeezed Juice-Orange,1,Cold Drinks,6.5,1,REG,6.5,2022-09-24 08:53:12,6.801133915060578,,,,,With Ice,Orange,,,,,,0.0
25406,446,0.0,17.1,Freshly Squeezed Juice-Orange,1,Cold Drinks,6.5,2,REG,6.5,2022-09-24 08:53:12,6.801133915060578,,,,,With Ice,Orange,,,,,,0.0
33446,725,0.0,17.1,Smoothie-Mango Magic,1,Cold Drinks,7.6,1,REG,7.6,2023-07-07 09:08:05,194.44279364378613,,,,,,,,,,,,0.0
31499,725,0.0,17.1,Smoothie-Mango Magic,1,Cold Drinks,7.6,1,REG,7.6,2023-05-05 09:03:16,194.44279364378613,,,,,,,,,,,,0.0
30575,725,0.0,17.1,Smoothie-Banana Buzz,1,Cold Drinks,7.6,1,REG,7.6,2023-04-04 08:29:32,194.44279364378613,,,,,,,,,,,,0.0
6739,255,0.0,17.1,Ice Latte,1,Cold Drinks,4.5,2,REG,4.5,2020-08-29 08:25:43,56.13881858007836,,Normal,,0,,,Full Cream,,Full,Vanilla,,0.0
6739,255,0.0,17.1,Ice Latte,1,Cold Drinks,4.5,3,REG,4.5,2020-08-29 08:25:43,56.13881858007836,,Normal,,0,,,Full Cream,,Full,Vanilla,,0.0
6739,255,0.0,17.1,Milkshake (Syrup)-Chocolate,1,Cold Drinks,3.8,4,SML,3.8,2020-08-29 08:25:43,56.13881858007836,,,,,,,Full Cream,,,,,0.0
3845,20,0.0,29.9,Ice Latte,1,Cold Drinks,5.0,2,REG,4.5,2019-11-17 11:22:58,15.937429912097317,,Normal,,1,,,Skim,,Full,None,,0.5
3845,20,0.0,29.9,Iced Coffee with Cream,1,Cold Drinks,5.0,3,REG,5.0,2019-11-17 11:22:58,15.937429912097317,With Cream,Normal,,0,,,Skim,,Full,None,,0.0
9592,298,0.0,29.9,Milkshake (Syrup)-Strawberry,1,Cold Drinks,2.5,6,MINI,2.5,2020-12-15 10:24:29,103.43870180925002,,,,,,,Full Cream,,,,,0.0
9592,298,0.0,29.9,Milkshake (Syrup)-Caramel,1,Cold Drinks,3.8,7,SML,3.8,2020-12-15 10:24:29,103.43870180925002,,,,,,,Full Cream,,,,,0.0
9592,298,0.0,29.9,Milkshake (Syrup)-Chocolate,1,Cold Drinks,6.0,8,LRG,6.0,2020-12-15 10:24:29,103.43870180925002,,,,,,,Full Cream,,,,,0.0
25322,1148,0.0,29.9,Milkshake (Syrup)-Lime,1,Cold Drinks,3.9,2,SML,3.9,2022-09-21 07:51:18,21.754424527504998,,,,,,,Full Cream,,,,,0.0
25322,1148,0.0,29.9,Milkshake (Syrup)-Banana,1,Cold Drinks,3.9,3,SML,3.9,2022-09-21 07:51:18,21.754424527504998,,,,,,,Full Cream,,,,,0.0
25322,1148,0.0,29.9,Smoothie-Banana Buzz,1,Cold Drinks,7.6,4,REG,7.6,2022-09-21 07:51:18,21.754424527504998,,,,,,,,,,,,0.0
21020,175,0.0,29.9,Milkshake (Syrup)-Strawberry,1,Cold Drinks,2.9,6,MINI,2.9,2022-04-15 09:50:48,10.277826498239987,,,,,,,Full Cream,,,,,0.0
7166,177,0.0,29.9,Freshly Squeezed Juice-Orange,1,Cold Drinks,6.0,1,REG,6.0,2020-09-13 11:22:25,187.55969716332987,,,,,With Ice,"Orange, Lemon, Apple",,,,,,0.0
7166,177,0.0,29.9,Freshly Squeezed Juice-Orange,1,Cold Drinks,6.0,2,REG,6.0,2020-09-13 11:22:25,187.55969716332987,,,,,With Ice,"Orange, Lemon, Apple",,,,,,0.0
21206,704,0.0,29.9,Iced Chocolate with Cream,1,Cold Drinks,5.5,1,REG,5.5,2022-04-24 09:54:38,199.9233186332533,With Cream,,,0,,,Skim,,Full,,,0.0
21206,704,0.0,29.9,Milkshake (Syrup)-Caramel,1,Cold Drinks,6.0,4,LRG,6.0,2022-04-24 09:54:38,199.9233186332533,,,,,,,Full Cream,,,,,0.0
21206,704,0.0,29.9,Milkshake (Syrup)-Vanilla,1,Cold Drinks,3.9,5,SML,3.9,2022-04-24 09:54:38,199.9233186332533,,,,,,,Full Cream,,,,,0.0
21206,704,0.0,29.9,Milkshake (Syrup)-Chocolate,1,Cold Drinks,3.9,6,SML,3.9,2022-04-24 09:54:38,199.9233186332533,,,,,,,Full Cream,,,,,0.0
35546,1148,0.0,55.5,Milkshake (Syrup)-Lime,2,Cold Drinks,10.4,3,SML,5.2,2023-09-10 09:15:43,21.754424527504998,,,,,,,Full Cream,,,,,0.0
35546,1148,0.0,55.5,Milkshake (Syrup)-Chocolate,1,Cold Drinks,5.2,4,SML,5.2,2023-09-10 09:15:43,21.754424527504998,,,,,,,Full Cream,,,,,0.0
11027,645,0.0,68.3,Smoothie-Banana Buzz,1,Cold Drinks,7.6,5,REG,7.6,2021-03-08 13:32:29,172.60359208313133,,,,,,,,,,,,0.0
11027,645,0.0,68.3,Ice Chai,1,Cold Drinks,6.0,4,REG,6.0,2021-03-08 13:32:29,172.60359208313133,,,,0,,,Full Cream,,Full,,,0.0
28976,1026,0.0,12.0,Milkshake (Syrup)-Blue Heaven,1,Cold Drinks,2.9,2,MINI,2.9,2023-02-10 12:40:10,24.170229622409465,,,,,,,Full Cream,,,,,0.0
28976,1026,0.0,12.0,Milkshake (Syrup)-Vanilla,1,Cold Drinks,2.9,3,MINI,2.9,2023-02-10 12:40:10,24.170229622409465,,,,,,,Full Cream,,,,,0.0
26208,261,0.0,12.0,Milkshake (Syrup)-Chocolate,1,Cold Drinks,3.9,3,SML,3.9,2022-10-24 09:30:10,15.87426905030864,,,,,,,Skim,,,,,0.0
24629,261,0.0,12.0,Milkshake (Syrup)-Chocolate,1,Cold Drinks,3.9,3,SML,3.9,2022-08-28 12:08:22,15.87426905030864,,,,,,,Full Cream,,,,,0.0
24600,261,0.0,12.0,Milkshake (Syrup)-Chocolate,1,Cold Drinks,3.9,3,SML,3.9,2022-08-27 12:18:06,15.87426905030864,,,,,,,Skim,,,,,0.0
23782,261,0.0,12.0,Milkshake (Syrup)-Chocolate,1,Cold Drinks,3.9,3,SML,3.9,2022-07-29 10:08:17,15.87426905030864,,,,,,,Skim,,,,,0.0
10670,32,0.0,12.0,Milkshake (Syrup)-Strawberry,1,Cold Drinks,3.9,2,SML,3.9,2021-02-16 13:56:28,21.344574393513,,,,,,,Full Cream,,,,,0.0
10670,32,0.0,12.0,Milkshake (Syrup)-Vanilla,1,Cold Drinks,3.9,3,SML,3.9,2021-02-16 13:56:28,21.344574393513,,,,,,,Full Cream,,,,,0.0
9408,559,0.0,12.0,Iced Chocolate with Cream,1,Cold Drinks,5.0,1,REG,5.0,2020-12-07 13:06:51,208.97208745029403,With Cream,,,0,,,Full Cream,,Full,,,0.0
9409,77,0.0,12.0,Ice Latte,1,Cold Drinks,4.5,2,REG,4.5,2020-12-07 13:16:34,20.45079035996667,,Normal,,0,,,Skim,,Full,None,,0.0
20455,888,0.0,12.0,Thickshake (Syrup)-Cookies and Cream,1,Cold Drinks,6.0,1,SML,6.0,2022-03-25 15:45:00,57.14591310509777,,,,,,,,,,,,0.0
20455,888,0.0,12.0,Thickshake (Syrup)-Cookies and Cream,1,Cold Drinks,6.0,2,SML,6.0,2022-03-25 15:45:00,57.14591310509777,,,,,,,,,,,,0.0
21430,136,0.0,12.0,Iced Coffee with Cream,1,Cold Drinks,6.0,1,REG,5.5,2022-05-02 07:35:05,224.86274788104717,No Cream,Normal,,1,,,Full Cream,,Full,Vanilla,,0.5
21430,136,0.0,12.0,Iced Coffee with Cream,1,Cold Drinks,6.0,2,REG,5.5,2022-05-02 07:35:05,224.86274788104717,No Cream,Normal,,1,,,Full Cream,,Full,Vanilla,,0.5
20702,136,0.0,12.0,Iced Coffee with Cream,1,Cold Drinks,6.0,1,REG,5.5,2022-04-04 07:34:02,224.86274788104717,No Cream,Normal,,1,,,Full Cream,,Full,Vanilla,,0.5
20702,136,0.0,12.0,Iced Coffee with Cream,1,Cold Drinks,6.0,2,REG,5.5,2022-04-04 07:34:02,224.86274788104717,No Cream,Normal,,1,,,Full Cream,,Full,Vanilla,,0.5
19584,392,0.0,12.0,Iced Coffee with Cream,1,Cold Drinks,5.5,1,REG,5.5,2022-02-20 14:19:12,14.551929023255726,With Cream,Normal,,0,,,Full Cream,,Full,Vanilla,,0.0
19584,392,0.0,12.0,Iced Mocha with Cream,1,Cold Drinks,6.5,2,REG,6.0,2022-02-20 14:19:12,14.551929023255726,No Cream,Normal,,0,,,Soy,,Full,,,0.5
4176,148,0.0,12.0,Ice Latte,1,Cold Drinks,5.0,1,REG,4.5,2020-02-11 10:28:35,102.91074667455888,,Normal,,0,,,Lactose Free,,Full,Vanilla,,0.5
16236,675,0.0,12.0,Smoothie-Koko Berries,1,Cold Drinks,7.6,2,REG,7.6,2021-10-02 12:26:36,34.565856439158985,,,,,,,,,,,,0.0
19748,421,0.0,12.0,Freshly Squeezed Juice-Orange,1,Cold Drinks,7.2,1,REG,6.2,2022-02-27 09:00:00,32.56254897822951,,,,,With Ice,"Orange, Lemon, Apple, Celery, Carrot, Ginger, Beetroot",,,,,,1.0
16012,421,0.0,12.0,Freshly Squeezed Juice-Orange,1,Cold Drinks,7.0,1,REG,6.0,2021-09-26 08:00:00,32.56254897822951,,,,,With Ice,"Orange, Lemon, Apple, Celery, Carrot, Ginger, Beetroot",,,,,,1.0
14220,421,0.0,12.0,Freshly Squeezed Juice-Orange,1,Cold Drinks,6.5,1,REG,6.0,2021-07-23 09:46:47,32.56254897822951,,,,,With Ice,"Orange, Lemon, Apple, Celery, Carrot, Ginger",,,,,,0.5
24853,1191,0.0,12.0,Smoothie-Green Machine,1,Cold Drinks,7.6,2,REG,7.6,2022-09-05 07:59:45,37.61946146075213,,,,,,,,,,,,0.0
18487,946,0.0,12.0,Milkshake (Syrup)-Vanilla,1,Cold Drinks,6.0,2,LRG,6.0,2021-12-23 11:51:17,59.96387801557423,,,,,,,Full Cream,,,,,0.0
6993,442,0.0,12.0,Ice Chai,1,Cold Drinks,6.0,1,REG,6.0,2020-09-06 14:37:59,102.91074667455888,,,,0,,,Full Cream,,Full,,,0.0
6993,442,0.0,12.0,Milkshake (Syrup)-Blue Heaven,1,Cold Drinks,6.0,2,LRG,6.0,2020-09-06 14:37:59,102.91074667455888,,,,,,,Full Cream,,,,,0.0
7016,444,0.0,12.0,Freshly Squeezed Juice-Orange,1,Cold Drinks,6.0,1,REG,6.0,2020-09-07 13:15:00,74.95331880577403,,,,,With Ice,"Orange, Lemon, Apple, Celery",,,,,,0.0
7016,444,0.0,12.0,Freshly Squeezed Juice-Orange,1,Cold Drinks,6.0,2,REG,6.0,2020-09-07 13:15:00,74.95331880577403,,,,,With Ice,"Orange, Lemon, Apple, Celery",,,,,,0.0
7706,218,0.0,12.0,Ice Chai,1,Cold Drinks,7.0,1,REG,6.0,2020-10-03 11:59:23,243.58160850113458,,,,0,,,Coconut Milk,,Full,,,1.0
7706,218,0.0,12.0,Iced Coffee with Cream,1,Cold Drinks,5.0,2,REG,5.0,2020-10-03 11:59:23,243.58160850113458,With Cream,Normal,,0,,,Skim,,Full,Vanilla,,0.0
40085,578,0.0,24.8,Milkshake (Syrup)-Strawberry,2,Cold Drinks,14.4,3,LRG,7.2,2024-02-17 13:21:27,52.26973255838355,,,,,,,Full Cream,,,,,0.0
40085,578,0.0,24.8,Ice Latte,1,Cold Drinks,6.2,1,REG,5.2,2024-02-17 13:21:27,52.26973255838355,,Normal,,0,,,Oat Milk,,Full,None,,1.0
32646,72,0.0,24.8,Milkshake (Syrup)-Chocolate,1,Cold Drinks,4.5,5,SML,4.5,2023-06-10 10:41:34,364.2651049258859,,,,,,,Full Cream,,,,,0.0
14197,642,0.0,24.8,Milkshake (Syrup)-Banana,1,Cold Drinks,6.0,3,LRG,6.0,2021-07-22 14:15:00,129.8272536468121,,,,,,,Full Cream,,,,,0.0
38593,175,0.0,24.8,Milkshake (Syrup)-Caramel,1,Cold Drinks,3.3,3,MINI,3.3,2023-12-16 09:23:06,10.277826498239987,,,,,,,Full Cream,,,,,0.0
38593,175,0.0,24.8,Milkshake (Syrup)-Banana,1,Cold Drinks,7.2,4,LRG,7.2,2023-12-16 09:23:06,10.277826498239987,,,,,,,Full Cream,,,,,0.0
38593,175,0.0,24.8,Milkshake (Syrup)-Strawberry,1,Cold Drinks,3.3,5,MINI,3.3,2023-12-16 09:23:06,10.277826498239987,,,,,,,Full Cream,,,,,0.0
12671,727,0.0,24.8,Freshly Squeezed Juice-Orange,1,Cold Drinks,6.0,2,REG,6.0,2021-05-21 12:30:00,352.13917703090067,,,,,With Ice,Orange,,,,,,0.0
39259,234,0.0,24.8,Iced Chocolate with Cream,1,Cold Drinks,5.9,4,REG,5.9,2024-01-20 10:53:45,3.306975953679214,With Cream,,,0,,,Full Cream,,Full,,,0.0
20077,788,0.0,37.6,Milkshake (Syrup)-Vanilla,1,Cold Drinks,3.9,2,SML,3.9,2022-03-10 09:54:25,248.71957818279722,,,,,,,Full Cream,,,,,0.0
21257,197,0.0,37.6,Milkshake (Syrup)-Vanilla,1,Cold Drinks,2.9,5,MINI,2.9,2022-04-26 10:15:00,8.972684535279665,,,,,,,Full Cream,,,,,0.0
21257,197,0.0,37.6,Milkshake (Syrup)-Chocolate,1,Cold Drinks,2.9,6,MINI,2.9,2022-04-26 10:15:00,8.972684535279665,,,,,,,Full Cream,,,,,0.0
24405,1255,0.0,37.6,Smoothie-Koko Berries,1,Cold Drinks,7.6,3,REG,7.6,2022-08-20 11:21:20,30.29186071202668,,,,,,,,,,,,0.0
24405,1255,0.0,37.6,Smoothie-Green Machine,1,Cold Drinks,7.6,4,REG,7.6,2022-08-20 11:21:20,30.29186071202668,,,,,,,,,,,,0.0
16635,754,0.0,37.6,Thickshake (Syrup)-Lime,1,Cold Drinks,6.0,3,SML,6.0,2021-10-16 11:04:03,5.580993662182695,,,,,,,,,,,,0.0
16635,754,0.0,37.6,Thickshake (Syrup)-Banana,1,Cold Drinks,6.0,4,SML,6.0,2021-10-16 11:04:03,5.580993662182695,,,,,,,,,,,,0.0
16447,754,0.0,37.6,Thickshake (Syrup)-Cookies and Cream,1,Cold Drinks,6.0,3,SML,6.0,2021-10-10 09:38:41,5.580993662182695,,,,,,,,,,,,0.0
16447,754,0.0,37.6,Thickshake (Syrup)-Blue Heaven,1,Cold Drinks,6.0,4,SML,6.0,2021-10-10 09:38:41,5.580993662182695,,,,,,,,,,,,0.0
13291,645,0.0,50.4,Ice Chai,1,Cold Drinks,7.0,4,REG,6.0,2021-06-13 13:31:36,172.60359208313133,,,,0,,,Oat Milk,,Full,,,1.0
13291,645,0.0,50.4,Milkshake (Syrup)-Blue Heaven,1,Cold Drinks,6.0,5,LRG,6.0,2021-06-13 13:31:36,172.60359208313133,,,,,,,Full Cream,,,,,0.0
36686,1569,0.0,6.9,Iced Mocha with Cream,1,Cold Drinks,6.9,1,REG,6.4,2023-10-16 08:59:06,42.224149344643855,With Cream,Normal,,1,,,Full Cream,,Full,,,0.5
37940,1342,0.0,6.9,Coffee Frappe,1,Cold Drinks,6.9,1,REG,6.9,2023-11-25 10:22:07,3.5178538052384973,,Normal,,0,,,Full Cream,,Full,,,0.0
37128,1637,0.0,6.9,Ice Chai,1,Cold Drinks,6.9,1,REG,6.4,2023-10-29 11:50:23,2.0,,,,1,,,Full Cream,,Full,,,0.5
36028,446,0.0,6.9,Iced Coffee with Cream,1,Cold Drinks,6.9,1,REG,5.9,2023-09-25 12:38:30,6.801133915060578,With Cream,Normal,,0,,,Oat Milk,,Full,Vanilla,,1.0
33684,1253,0.0,6.9,Thickshake (Syrup)-Caramel,1,Cold Drinks,6.9,1,SML,6.9,2023-07-14 13:22:16,17.271483649803734,,,,,,,,,,,,0.0
33251,1253,0.0,6.9,Thickshake (Syrup)-Caramel,1,Cold Drinks,6.9,1,SML,6.9,2023-06-30 09:40:01,17.271483649803734,,,,,,,,,,,,0.0
31899,1253,0.0,6.9,Thickshake (Syrup)-Caramel,1,Cold Drinks,6.9,1,SML,6.9,2023-05-17 10:49:58,17.271483649803734,,,,,,,,,,,,0.0
31676,1253,0.0,6.9,Thickshake (Syrup)-Caramel,1,Cold Drinks,6.9,1,SML,6.9,2023-05-10 11:08:17,17.271483649803734,,,,,,,,,,,,0.0
31396,1253,0.0,6.9,Thickshake (Syrup)-Caramel,1,Cold Drinks,6.9,1,SML,6.9,2023-05-02 09:52:16,17.271483649803734,,,,,,,,,,,,0.0
31270,1253,0.0,6.9,Thickshake (Syrup)-Blue Heaven,1,Cold Drinks,6.9,1,SML,6.9,2023-04-28 09:55:45,17.271483649803734,,,,,,,,,,,,0.0
31206,1253,0.0,6.9,Thickshake (Syrup)-Caramel,1,Cold Drinks,6.9,1,SML,6.9,2023-04-26 11:05:49,17.271483649803734,,,,,,,,,,,,0.0
30909,1253,0.0,6.9,Thickshake (Syrup)-Caramel,1,Cold Drinks,6.9,1,SML,6.9,2023-04-17 08:16:29,17.271483649803734,,,,,,,,,,,,0.0
30356,1253,0.0,6.9,Thickshake (Syrup)-Caramel,1,Cold Drinks,6.9,1,SML,6.9,2023-03-28 09:34:42,17.271483649803734,,,,,,,,,,,,0.0
29718,1253,0.0,6.9,Thickshake (Syrup)-Caramel,1,Cold Drinks,6.9,1,SML,6.9,2023-03-07 09:25:11,17.271483649803734,,,,,,,,,,,,0.0
28908,1253,0.0,6.9,Thickshake (Syrup)-Caramel,1,Cold Drinks,6.9,1,SML,6.9,2023-02-08 09:54:22,17.271483649803734,,,,,,,,,,,,0.0
20134,49,0.0,19.7,Milkshake (Syrup)-Chocolate,1,Cold Drinks,3.9,4,SML,3.9,2022-03-12 10:18:08,5.6913721453400745,,,,,,,Full Cream,,,,,0.0
20134,49,0.0,19.7,Milkshake (Syrup)-Vanilla,1,Cold Drinks,3.9,5,SML,3.9,2022-03-12 10:18:08,5.6913721453400745,,,,,,,Full Cream,,,,,0.0
39349,1395,0.0,19.7,Freshly Squeezed Juice-Orange,1,Cold Drinks,7.2,1,REG,7.2,2024-01-23 15:32:45,33.35922803720277,,,,,With Ice,Lemon,,,,,,0.0
37366,1395,0.0,19.7,Freshly Squeezed Juice-Orange,1,Cold Drinks,7.2,2,REG,7.2,2023-11-06 15:46:46,33.35922803720277,,,,,With Ice,Lemon,,,,,,0.0
30426,691,0.0,19.7,Iced Mocha with Cream,1,Cold Drinks,6.2,3,REG,6.2,2023-03-30 10:37:50,257.06575034414834,No Cream,Normal,,0,,,Skim,,Full,,,0.0
20562,721,0.0,19.7,Ice Latte,1,Cold Drinks,4.8,1,REG,4.8,2022-03-29 13:41:21,22.483978525220593,,Normal,,0,,,Full Cream,,Full,None,,0.0
27421,341,0.0,32.5,Thickshake (Syrup)-Strawberry,1,Cold Drinks,9.0,2,LRG,9.0,2022-12-04 13:56:57,86.43207290008986,,,,,,,,,,,,0.0
19681,88,0.0,32.5,Smoothie-Mango Magic,1,Cold Drinks,7.6,2,REG,7.6,2022-02-24 12:48:18,78.77380993269992,,,,,,,,,,,,0.0
17874,391,0.0,32.5,Iced Coffee with Cream,1,Cold Drinks,6.0,3,REG,5.5,2021-11-29 15:27:35,186.28197264720313,With Cream,Normal,,1,,,Skim,,Full,Vanilla,,0.5
17874,391,0.0,32.5,Iced Coffee with Cream,1,Cold Drinks,6.0,4,REG,5.5,2021-11-29 15:27:35,186.28197264720313,With Cream,Normal,,1,,,Skim,,Full,Vanilla,,0.5
20912,197,0.0,45.3,Milkshake (Syrup)-Vanilla,1,Cold Drinks,3.9,5,SML,3.9,2022-04-11 09:45:00,8.972684535279665,,,,,,,Full Cream,,,,,0.0
20912,197,0.0,45.3,Milkshake (Syrup)-Chocolate,1,Cold Drinks,3.9,6,SML,3.9,2022-04-11 09:45:00,8.972684535279665,,,,,,,Full Cream,,,,,0.0
14009,488,0.0,45.3,Freshly Squeezed Juice-Orange,1,Cold Drinks,6.5,3,REG,6.0,2021-07-14 12:15:00,408.7989645370856,,,,,With Ice,"Orange, Lemon, Apple, Carrot, Ginger",,,,,,0.5
26834,744,0.0,45.3,Freshly Squeezed Juice-Orange,1,Cold Drinks,6.5,4,REG,6.5,2022-11-15 12:23:43,34.65177212719068,,,,,With Ice,"Orange, Apple, Celery, Carrot",,,,,,0.0
27678,1026,0.0,14.6,Freshly Squeezed Juice-Orange,1,Cold Drinks,7.0,2,REG,6.5,2022-12-13 08:29:41,24.170229622409465,,,,,With Ice,"Orange, Celery, Ginger",,,,,,0.5
9504,537,0.0,14.6,Milkshake (Syrup)-Strawberry,1,Cold Drinks,3.8,4,SML,3.8,2020-12-11 09:00:00,158.16461185879868,,,,,,,Full Cream,,,,,0.0
13031,49,0.0,14.6,Milkshake (Syrup)-Chocolate,1,Cold Drinks,3.9,3,SML,3.9,2021-06-04 10:36:37,5.6913721453400745,,,,,,,Full Cream,,,,,0.0
12451,316,0.0,14.6,Smoothie-Green Machine,1,Cold Drinks,7.6,2,REG,7.6,2021-05-11 12:24:54,172.2840411926572,,,,,,,,,,,,0.0
33735,911,0.0,14.6,Milkshake (Syrup)-Banana,1,Cold Drinks,4.5,2,SML,4.5,2023-07-16 10:09:16,56.60107341270999,,,,,,,Full Cream,,,,,0.0
33735,911,0.0,14.6,Milkshake (Syrup)-Blue Heaven,1,Cold Drinks,5.5,3,SML,4.5,2023-07-16 10:09:16,56.60107341270999,,,,,,,Oat Milk,,,,,1.0
16405,916,0.0,14.6,Smoothie-Koko Berries,1,Cold Drinks,7.6,1,REG,7.6,2021-10-08 11:02:34,52.79835856034415,,,,,,,,,,,,0.0
15954,916,0.0,14.6,Smoothie-Koko Berries,1,Cold Drinks,7.6,1,REG,7.6,2021-09-24 09:05:49,52.79835856034415,,,,,,,,,,,,0.0
15892,916,0.0,14.6,Smoothie-Koko Berries,1,Cold Drinks,7.6,1,REG,7.6,2021-09-22 06:56:43,52.79835856034415,,,,,,,,,,,,0.0
34208,185,0.0,14.6,Milkshake (Syrup)-Banana,1,Cold Drinks,3.3,3,MINI,3.3,2023-07-30 11:15:12,280.4948801275663,,,,,,,Full Cream,,,,,0.0
23342,725,0.0,14.6,Smoothie-Banana Buzz,1,Cold Drinks,7.6,1,REG,7.6,2022-07-14 09:18:14,194.44279364378613,,,,,,,,,,,,0.0
34864,1267,0.0,14.6,Milkshake (Syrup)-Chocolate,1,Cold Drinks,3.3,3,MINI,3.3,2023-08-20 11:56:06,308.0541078014272,,,,,,,Full Cream,,,,,0.0
21877,1134,0.0,27.4,Iced Coffee with Cream,1,Cold Drinks,6.2,2,REG,5.5,2022-05-19 09:15:00,32.526911934581186,With Cream,Decaf,,0,,,Bonsoy,,Full,Vanilla,,0.7000000000000002
21877,1134,0.0,27.4,Iced Coffee with Cream,1,Cold Drinks,6.2,3,REG,5.5,2022-05-19 09:15:00,32.526911934581186,With Cream,Normal,,0,,,Bonsoy,,Full,Vanilla,,0.7000000000000002
22131,666,0.0,27.4,Freshly Squeezed Juice-Orange,1,Cold Drinks,6.7,1,REG,6.2,2022-05-28 07:37:42,190.90276757204614,,,,,With Ice,"Orange, Lemon, Apple, Carrot, Ginger",,,,,,0.5
22131,666,0.0,27.4,Freshly Squeezed Juice-Orange,1,Cold Drinks,6.7,2,REG,6.2,2022-05-28 07:37:42,190.90276757204614,,,,,With Ice,"Orange, Lemon, Apple, Carrot, Ginger",,,,,,0.5
11453,479,0.0,27.4,Freshly Squeezed Juice-Orange,1,Cold Drinks,6.5,2,REG,6.0,2021-03-28 11:03:32,35.83992187491485,,,,,With Ice,"Orange, Lemon, Apple, Celery, Carrot, Ginger",,,,,,0.5
10734,479,0.0,27.4,Freshly Squeezed Juice-Orange,1,Cold Drinks,6.5,2,REG,6.0,2021-02-19 10:53:44,35.83992187491485,,,,,With Ice,"Orange, Lemon, Apple, Celery, Carrot, Ginger",,,,,,0.5
12786,172,0.0,40.2,Smoothie-Green Machine,1,Cold Drinks,7.6,5,REG,7.6,2021-05-26 09:57:03,5.2489316501187995,,,,,,,,,,,,0.0
12786,172,0.0,40.2,Smoothie-Koko Berries,1,Cold Drinks,7.6,6,REG,7.6,2021-05-26 09:57:03,5.2489316501187995,,,,,,,,,,,,0.0
12786,172,0.0,40.2,Freshly Squeezed Juice-Orange,1,Cold Drinks,7.0,1,REG,6.0,2021-05-26 09:57:03,5.2489316501187995,,,,,With Ice,"Orange, Lemon, Apple, Celery, Carrot, Ginger, Beetroot",,,,,,1.0
12786,172,0.0,40.2,Freshly Squeezed Juice-Orange,1,Cold Drinks,7.0,2,REG,6.0,2021-05-26 09:57:03,5.2489316501187995,,,,,With Ice,"Orange, Lemon, Apple, Celery, Carrot, Ginger, Beetroot",,,,,,1.0
27932,197,0.0,40.2,Milkshake (Syrup)-Vanilla,1,Cold Drinks,4.4,5,SML,3.9,2022-12-20 11:04:45,8.972684535279665,,,,,,,Lactose Free,,,,,0.5000000000000004
27932,197,0.0,40.2,Milkshake (Syrup)-Chocolate,1,Cold Drinks,3.9,6,SML,3.9,2022-12-20 11:04:45,8.972684535279665,,,,,,,Skim,,,,,0.0
7903,20,0.0,9.5,Ice Latte,1,Cold Drinks,5.0,1,REG,4.5,2020-10-11 13:52:38,15.937429912097317,,Normal,,1,,,Skim,,Full,None,,0.5
7903,20,0.0,9.5,Ice Latte,1,Cold Drinks,4.5,2,REG,4.5,2020-10-11 13:52:38,15.937429912097317,,Normal,,0,,,Skim,,Full,None,,0.0
3906,73,0.0,9.5,Thickshake (Syrup)-Vanilla,1,Cold Drinks,7.0,2,LRG,7.0,2019-11-27 11:19:33,90.50966799187809,,,,,,,,,,,,0.0
3906,73,0.0,9.5,Milkshake (Syrup)-Strawberry,1,Cold Drinks,2.5,1,MINI,2.5,2019-11-27 11:19:33,90.50966799187809,,,,,,,Full Cream,,,,,0.0
14906,860,0.0,9.5,Ice Latte,1,Cold Drinks,5.3,1,REG,4.8,2021-08-19 15:20:43,54.11547697733845,,Normal,,0,,,Soy,,Full,Vanilla,,0.5
33407,387,0.0,9.5,Milkshake (Syrup)-Vanilla,1,Cold Drinks,4.5,1,SML,4.5,2023-07-05 14:30:00,89.20540707357817,,,,,,,Full Cream,,,,,0.0
33407,387,0.0,9.5,Milkshake (Syrup)-Cookies and Cream,1,Cold Drinks,5.0,2,SML,4.5,2023-07-05 14:30:00,89.20540707357817,,,,,,,Lactose Free,,,,,0.5
29135,175,0.0,9.5,Milkshake (Syrup)-Banana,1,Cold Drinks,4.5,2,SML,4.5,2023-02-16 09:03:16,10.277826498239987,,,,,,,Full Cream,,,,,0.0
28609,9,0.0,22.3,Smoothie-Green Machine,1,Cold Drinks,7.6,2,REG,7.6,2023-01-28 09:50:13,6.703924063787684,,,,,,,,,,,,0.0
28304,9,0.0,22.3,Smoothie-Green Machine,1,Cold Drinks,7.6,2,REG,7.6,2023-01-15 12:27:52,6.703924063787684,,,,,,,,,,,,0.0
28160,9,0.0,22.3,Smoothie-Green Machine,1,Cold Drinks,7.6,2,REG,7.6,2023-01-10 09:53:29,6.703924063787684,,,,,,,,,,,,0.0
13933,20,0.0,22.3,Freshly Squeezed Juice-Orange,1,Cold Drinks,6.5,3,REG,6.0,2021-07-11 08:26:54,15.937429912097317,,,,,With Ice,"Apple, Carrot, Ginger",,,,,,0.5
13933,20,0.0,22.3,Milkshake (Syrup)-Chocolate,1,Cold Drinks,2.9,4,MINI,2.9,2021-07-11 08:26:54,15.937429912097317,,,,,,,Full Cream,,,,,0.0
13158,20,0.0,22.3,Milkshake (Syrup)-Chocolate,1,Cold Drinks,2.9,4,MINI,2.9,2021-06-09 09:19:37,15.937429912097317,,,,,,,Full Cream,,,,,0.0
13158,20,0.0,22.3,Freshly Squeezed Juice-Orange,1,Cold Drinks,6.5,3,REG,6.0,2021-06-09 09:19:37,15.937429912097317,,,,,With Ice,"Apple, Carrot, Ginger",,,,,,0.5
24431,233,0.0,22.3,Thickshake (Syrup)-Chocolate,1,Cold Drinks,6.5,3,SML,6.5,2022-08-21 10:35:11,14.254925248600953,,,,,,,,,,,,0.0
24431,233,0.0,22.3,Thickshake (Syrup)-Chocolate,1,Cold Drinks,6.5,4,SML,6.5,2022-08-21 10:35:11,14.254925248600953,,,,,,,,,,,,0.0
24401,233,0.0,22.3,Thickshake (Syrup)-Chocolate,1,Cold Drinks,6.5,3,SML,6.5,2022-08-20 09:55:51,14.254925248600953,,,,,,,,,,,,0.0
24401,233,0.0,22.3,Thickshake (Syrup)-Chocolate,1,Cold Drinks,6.5,4,SML,6.5,2022-08-20 09:55:51,14.254925248600953,,,,,,,,,,,,0.0
24234,233,0.0,22.3,Thickshake (Syrup)-Chocolate,1,Cold Drinks,6.5,3,SML,6.5,2022-08-14 08:34:34,14.254925248600953,,,,,,,,,,,,0.0
24234,233,0.0,22.3,Thickshake (Syrup)-Chocolate,1,Cold Drinks,6.5,4,SML,6.5,2022-08-14 08:34:34,14.254925248600953,,,,,,,,,,,,0.0
24021,233,0.0,22.3,Thickshake (Syrup)-Chocolate,1,Cold Drinks,6.5,3,SML,6.5,2022-08-06 09:20:01,14.254925248600953,,,,,,,,,,,,0.0
24021,233,0.0,22.3,Thickshake (Syrup)-Chocolate,1,Cold Drinks,6.5,4,SML,6.5,2022-08-06 09:20:01,14.254925248600953,,,,,,,,,,,,0.0
23796,233,0.0,22.3,Thickshake (Syrup)-Chocolate,1,Cold Drinks,6.5,3,SML,6.5,2022-07-30 08:05:58,14.254925248600953,,,,,,,,,,,,0.0
23796,233,0.0,22.3,Thickshake (Syrup)-Chocolate,1,Cold Drinks,6.5,4,SML,6.5,2022-07-30 08:05:58,14.254925248600953,,,,,,,,,,,,0.0
14497,489,0.0,22.3,Ice Latte,1,Cold Drinks,5.3,2,REG,4.8,2021-08-03 13:24:00,473.27060617226874,,Normal,,0,,,Soy,,Full,None,,0.5
40543,234,0.0,22.3,Milkshake (Syrup)-Cookies and Cream,1,Cold Drinks,5.2,4,SML,5.2,2024-03-03 10:23:34,3.306975953679214,,,,,,,Skim,,,,,0.0
40512,234,0.0,22.3,Milkshake (Syrup)-Cookies and Cream,1,Cold Drinks,5.2,4,SML,5.2,2024-03-02 10:23:04,3.306975953679214,,,,,,,Skim,,,,,0.0
24618,1259,0.0,22.3,Milkshake (Syrup)-Cookies and Cream,1,Cold Drinks,3.9,3,SML,3.9,2022-08-28 10:11:10,102.91074667455888,,,,,,,Skim,,,,,0.0
24618,1259,0.0,22.3,Milkshake (Syrup)-Cookies and Cream,1,Cold Drinks,3.9,4,SML,3.9,2022-08-28 10:11:10,102.91074667455888,,,,,,,Skim,,,,,0.0
24785,1265,0.0,22.3,Thickshake (Syrup)-Chocolate,1,Cold Drinks,6.5,3,SML,6.5,2022-09-03 08:06:34,102.91074667455888,,,,,,,,,,,,0.0
24785,1265,0.0,22.3,Thickshake (Syrup)-Chocolate,1,Cold Drinks,6.5,4,SML,6.5,2022-09-03 08:06:34,102.91074667455888,,,,,,,,,,,,0.0
38405,810,0.0,35.1,Freshly Squeezed Juice-Orange,1,Cold Drinks,7.2,1,REG,7.2,2023-12-10 09:49:05,144.58892088938225,,,,,With Ice,Lemon,,,,,,0.0
26188,575,0.0,35.1,Freshly Squeezed Juice-Orange,1,Cold Drinks,7.5,1,REG,6.5,2022-10-23 11:12:31,76.78296157615826,,,,,With Ice,"Lemon, Apple, Carrot, Ginger, Beetroot",,,,,,1.0
26188,575,0.0,35.1,Smoothie-Mango Magic,1,Cold Drinks,7.6,2,REG,7.6,2022-10-23 11:12:31,76.78296157615826,,,,,,,,,,,,0.0
28476,1381,0.0,35.1,Milkshake (Syrup)-Lime,1,Cold Drinks,2.9,4,MINI,2.9,2023-01-22 10:00:00,102.91074667455888,,,,,,,Full Cream,,,,,0.0
28476,1381,0.0,35.1,Milkshake (Syrup)-Blue Heaven,1,Cold Drinks,2.9,5,MINI,2.9,2023-01-22 10:00:00,102.91074667455888,,,,,,,Full Cream,,,,,0.0
28476,1381,0.0,35.1,Milkshake (Syrup)-Banana,1,Cold Drinks,6.5,6,LRG,6.5,2023-01-22 10:00:00,102.91074667455888,,,,,,,Full Cream,,,,,0.0
7078,172,0.0,35.1,Iced Coffee with Cream,1,Cold Drinks,5.0,1,REG,5.0,2020-09-10 08:51:37,5.2489316501187995,With Cream,Normal,,0,,,Full Cream,,Full,Vanilla,,0.0
7078,172,0.0,35.1,Milkshake (Syrup)-Banana,1,Cold Drinks,6.0,4,LRG,6.0,2020-09-10 08:51:37,5.2489316501187995,,,,,,,Full Cream,,,,,0.0
26266,9,0.0,17.2,Smoothie-Green Machine,1,Cold Drinks,7.6,3,REG,7.6,2022-10-26 12:42:27,6.703924063787684,,,,,,,,,,,,0.0
28291,1071,0.0,17.2,Freshly Squeezed Juice-Orange,1,Cold Drinks,6.5,2,REG,6.5,2023-01-15 09:56:17,344.24603604592653,,,,,With Ice,Orange,,,,,,0.0
16693,48,0.0,17.2,Smoothie-Mango Magic,1,Cold Drinks,7.6,3,REG,7.6,2021-10-18 09:46:02,20.32398627078375,,,,,,,,,,,,0.0
5988,49,0.0,17.2,Milkshake (Syrup)-Chocolate,1,Cold Drinks,3.8,4,SML,3.8,2020-07-26 10:07:36,5.6913721453400745,,,,,,,Full Cream,,,,,0.0
38541,1405,0.0,17.2,Freshly Squeezed Juice-Orange,1,Cold Drinks,7.2,2,REG,7.2,2023-12-14 12:19:52,71.1488147909285,,,,,With Ice,Orange,,,,,,0.0
38298,421,0.0,17.2,Iced Chocolate with Cream,1,Cold Drinks,6.4,1,REG,5.9,2023-12-07 07:14:00,32.56254897822951,No Cream,,,0,,,Soy,,Full,,,0.5
28817,234,0.0,17.2,Milkshake (Syrup)-Cookies and Cream,1,Cold Drinks,6.5,2,LRG,6.5,2023-02-05 09:18:27,3.306975953679214,,,,,,,Full Cream,,,,,0.0
25247,234,0.0,17.2,Milkshake (Syrup)-Cookies and Cream,1,Cold Drinks,6.0,3,LRG,6.0,2022-09-18 10:15:05,3.306975953679214,,,,,,,Skim,,,,,0.0
25023,234,0.0,17.2,Milkshake (Syrup)-Cookies and Cream,1,Cold Drinks,6.0,3,LRG,6.0,2022-09-10 09:40:55,3.306975953679214,,,,,,,Skim,,,,,0.0
9661,13,0.0,30.0,Thickshake (Syrup)-Chocolate,1,Cold Drinks,8.0,2,LRG,8.0,2020-12-19 08:23:38,44.810789212237296,,,,,,,,,,,,0.0
9661,13,0.0,30.0,Freshly Squeezed Juice-Orange,1,Cold Drinks,6.0,1,REG,6.0,2020-12-19 08:23:38,44.810789212237296,,,,,With Ice,Apple,,,,,,0.0
5960,20,0.0,30.0,Ice Latte,1,Cold Drinks,5.0,4,REG,4.5,2020-07-25 08:36:05,15.937429912097317,,Normal,,1,,,Skim,,Full,None,,0.5
5960,20,0.0,30.0,Freshly Squeezed Juice-Orange,1,Cold Drinks,6.5,3,REG,6.0,2020-07-25 08:36:05,15.937429912097317,,,,,With Ice,"Orange, Ginger",,,,,,0.5
3892,91,0.0,30.0,Thickshake (Syrup)-Vanilla,1,Cold Drinks,7.0,1,LRG,7.0,2019-11-25 10:15:00,190.160834182917,,,,,,,,,,,,0.0
3892,91,0.0,30.0,Thickshake (Syrup)-Vanilla,1,Cold Drinks,7.0,2,LRG,7.0,2019-11-25 10:15:00,190.160834182917,,,,,,,,,,,,0.0
16512,173,0.0,30.0,Milkshake (Syrup)-Chocolate,1,Cold Drinks,6.0,4,LRG,6.0,2021-10-12 09:41:05,8.342553249041227,,,,,,,Full Cream,,,,,0.0
16512,173,0.0,30.0,Freshly Squeezed Juice-Orange,1,Cold Drinks,6.0,1,REG,6.0,2021-10-12 09:41:05,8.342553249041227,,,,,With Ice,Orange,,,,,,0.0
15401,228,0.0,42.8,Milkshake (Syrup)-Caramel,1,Cold Drinks,3.9,7,SML,3.9,2021-09-05 10:19:27,142.2871211013458,,,,,,,Full Cream,,,,,0.0
15401,228,0.0,42.8,Milkshake (Syrup)-Caramel,1,Cold Drinks,3.9,8,SML,3.9,2021-09-05 10:19:27,142.2871211013458,,,,,,,Full Cream,,,,,0.0
11007,175,0.0,81.2,Milkshake (Syrup)-Cookies and Cream,1,Cold Drinks,2.9,7,MINI,2.9,2021-03-07 10:09:21,10.277826498239987,,,,,,,Full Cream,,,,,0.0
11007,175,0.0,81.2,Milkshake (Syrup)-Cookies and Cream,1,Cold Drinks,2.9,8,MINI,2.9,2021-03-07 10:09:21,10.277826498239987,,,,,,,Full Cream,,,,,0.0
11007,175,0.0,81.2,Milkshake (Syrup)-Lime,1,Cold Drinks,2.9,9,MINI,2.9,2021-03-07 10:09:21,10.277826498239987,,,,,,,Full Cream,,,,,0.0
11007,175,0.0,81.2,Milkshake (Syrup)-Chocolate,1,Cold Drinks,3.9,10,SML,3.9,2021-03-07 10:09:21,10.277826498239987,,,,,,,Full Cream,,,,,0.0
24056,1242,0.0,94.0,Thickshake (Syrup)-Vanilla,1,Cold Drinks,9.0,5,LRG,9.0,2022-08-07 10:15:00,102.91074667455888,,,,,,,,,,,,0.0
24056,1242,0.0,94.0,Milkshake (Syrup)-Chocolate,1,Cold Drinks,3.9,3,SML,3.9,2022-08-07 10:15:00,102.91074667455888,,,,,,,Full Cream,,,,,0.0
14711,812,0.0,12.1,Milkshake (Syrup)-Chocolate,1,Cold Drinks,3.9,2,SML,3.9,2021-08-11 12:55:57,79.96972545436999,,,,,,,Full Cream,,,,,0.0
14711,812,0.0,12.1,Milkshake (Syrup)-Chocolate,1,Cold Drinks,3.9,3,SML,3.9,2021-08-11 12:55:57,79.96972545436999,,,,,,,Full Cream,,,,,0.0
24587,49,0.0,12.1,Milkshake (Syrup)-Chocolate,1,Cold Drinks,3.9,3,SML,3.9,2022-08-27 09:39:32,5.6913721453400745,,,,,,,Full Cream,,,,,0.0
9922,49,0.0,12.1,Ice Latte,1,Cold Drinks,5.3,3,REG,4.8,2021-01-09 09:54:02,5.6913721453400745,,Normal,,0,,,Soy,,Full,None,,0.5
4716,49,0.0,12.1,Milkshake (Syrup)-Chocolate,1,Cold Drinks,3.8,3,SML,3.8,2020-05-02 10:47:19,5.6913721453400745,,,,,,,Full Cream,,,,,0.0
31423,1148,0.0,12.1,Milkshake (Syrup)-Chocolate,1,Cold Drinks,2.9,2,MINI,2.9,2023-05-03 10:29:20,21.754424527504998,,,,,,,Full Cream,,,,,0.0
14196,208,0.0,12.1,Milkshake (Syrup)-Chocolate,1,Cold Drinks,3.9,2,SML,3.9,2021-07-22 11:30:23,143.6961079103099,,,,,,,Full Cream,,,,,0.0
14196,208,0.0,12.1,Milkshake (Syrup)-Cookies and Cream,1,Cold Drinks,3.9,3,SML,3.9,2021-07-22 11:30:23,143.6961079103099,,,,,,,Full Cream,,,,,0.0
11874,233,0.0,12.1,Milkshake (Syrup)-Strawberry,1,Cold Drinks,3.9,3,SML,3.9,2021-04-17 09:10:44,14.254925248600953,,,,,,,Full Cream,,,,,0.0
30232,1271,0.0,12.1,Smoothie-Green Machine,1,Cold Drinks,7.6,2,REG,7.6,2023-03-24 07:56:45,37.048231112583885,,,,,,,,,,,,0.0
30232,1271,0.0,12.1,Milkshake (Syrup)-Cookies and Cream,1,Cold Drinks,4.5,1,SML,4.5,2023-03-24 07:56:45,37.048231112583885,,,,,,,Full Cream,,,,,0.0
30022,1271,0.0,12.1,Smoothie-Green Machine,1,Cold Drinks,7.6,2,REG,7.6,2023-03-17 08:00:17,37.048231112583885,,,,,,,,,,,,0.0
30022,1271,0.0,12.1,Milkshake (Syrup)-Cookies and Cream,1,Cold Drinks,4.5,1,SML,4.5,2023-03-17 08:00:17,37.048231112583885,,,,,,,Full Cream,,,,,0.0
29581,1271,0.0,12.1,Smoothie-Green Machine,1,Cold Drinks,7.6,2,REG,7.6,2023-03-03 08:02:16,37.048231112583885,,,,,,,,,,,,0.0
29581,1271,0.0,12.1,Milkshake (Syrup)-Cookies and Cream,1,Cold Drinks,4.5,1,SML,4.5,2023-03-03 08:02:16,37.048231112583885,,,,,,,Full Cream,,,,,0.0
29157,1271,0.0,12.1,Smoothie-Green Machine,1,Cold Drinks,7.6,2,REG,7.6,2023-02-17 07:53:48,37.048231112583885,,,,,,,,,,,,0.0
29157,1271,0.0,12.1,Milkshake (Syrup)-Cookies and Cream,1,Cold Drinks,4.5,1,SML,4.5,2023-02-17 07:53:48,37.048231112583885,,,,,,,Full Cream,,,,,0.0
28758,1271,0.0,12.1,Smoothie-Green Machine,1,Cold Drinks,7.6,2,REG,7.6,2023-02-03 07:53:18,37.048231112583885,,,,,,,,,,,,0.0
28758,1271,0.0,12.1,Milkshake (Syrup)-Cookies and Cream,1,Cold Drinks,4.5,1,SML,4.5,2023-02-03 07:53:18,37.048231112583885,,,,,,,Full Cream,,,,,0.0
19188,814,0.0,24.9,Iced Coffee with Cream,1,Cold Drinks,5.5,2,REG,5.5,2022-02-05 15:46:24,144.56895356950722,No Cream,Normal,,0,,,Full Cream,,Full,Vanilla,,0.0
19188,814,0.0,24.9,Milkshake (Syrup)-Banana,1,Cold Drinks,6.0,3,LRG,6.0,2022-02-05 15:46:24,144.56895356950722,,,,,,,Full Cream,,,,,0.0
19188,814,0.0,24.9,Milkshake (Syrup)-Banana,1,Cold Drinks,2.9,4,MINI,2.9,2022-02-05 15:46:24,144.56895356950722,,,,,,,Full Cream,,,,,0.0
12209,92,0.0,24.9,Iced Coffee with Cream,1,Cold Drinks,5.5,2,REG,5.5,2021-05-02 11:34:55,32.28859341322894,With Cream,Normal,,0,,,Full Cream,,Full,Vanilla,,0.0
19921,888,0.0,24.9,Thickshake (Syrup)-Cookies and Cream,1,Cold Drinks,6.0,4,SML,6.0,2022-03-04 15:45:00,57.14591310509777,,,,,,,,,,,,0.0
19921,888,0.0,24.9,Thickshake (Syrup)-Banana,1,Cold Drinks,6.0,5,SML,6.0,2022-03-04 15:45:00,57.14591310509777,,,,,,,,,,,,0.0
19921,888,0.0,24.9,Coffee Frappe,1,Cold Drinks,6.5,1,REG,6.5,2022-03-04 15:45:00,57.14591310509777,,Normal,,0,,,Full Cream,,Full,,,0.0
26696,172,0.0,24.9,Freshly Squeezed Juice-Orange,1,Cold Drinks,7.0,2,REG,6.5,2022-11-11 07:46:55,5.2489316501187995,,,,,With Ice,"Orange, Lemon, Apple, Celery, Carrot, Ginger",,,,,,0.5
16183,941,0.0,24.9,Freshly Squeezed Juice-Orange,1,Cold Drinks,6.0,1,REG,6.0,2021-10-01 08:53:01,102.91074667455888,,,,,With Ice,Celery,,,,,,0.0
32896,233,0.0,24.9,Milkshake (Syrup)-Vanilla,1,Cold Drinks,6.5,2,LRG,6.5,2023-06-18 11:23:59,14.254925248600953,,,,,,,Full Cream,,,,,0.0
32896,233,0.0,24.9,Thickshake (Syrup)-Chocolate,1,Cold Drinks,6.9,3,SML,6.9,2023-06-18 11:23:59,14.254925248600953,,,,,,,,,,,,0.0
32896,233,0.0,24.9,Thickshake (Syrup)-Chocolate,1,Cold Drinks,6.9,4,SML,6.9,2023-06-18 11:23:59,14.254925248600953,,,,,,,,,,,,0.0
9891,494,0.0,24.9,Ice Chai,1,Cold Drinks,6.0,3,REG,6.0,2021-01-07 11:00:00,7.0710678118654755,,,,0,,,Full Cream,,Full,,,0.0
17245,92,0.0,37.7,Smoothie-Banana Buzz,1,Cold Drinks,7.6,4,REG,7.6,2021-11-07 13:26:45,32.28859341322894,,,,,,,,,,,,0.0
19355,255,0.0,50.5,Ice Latte,1,Cold Drinks,5.3,3,REG,4.8,2022-02-11 12:45:00,56.13881858007836,,Normal,,1,,,Full Cream,,Full,Vanilla,,0.5
19355,255,0.0,50.5,Ice Latte,1,Cold Drinks,5.3,4,REG,4.8,2022-02-11 12:45:00,56.13881858007836,,Normal,,1,,,Full Cream,,Full,None,,0.5
16855,127,0.0,63.3,Iced Coffee with Cream,1,Cold Drinks,5.5,6,REG,5.5,2021-10-24 10:22:59,77.04087019928528,With Cream,Normal,,0,,,Skim,,Half,Vanilla,,0.0
3909,17,0.0,7.0,Iced Mocha with Cream,1,Cold Drinks,5.5,2,REG,5.5,2019-11-28 09:16:03,151.14105679006963,With Cream,Normal,,0,,,Full Cream,,Full,,,0.0
25648,541,0.0,7.0,Iced Coffee with Cream,1,Cold Drinks,7.0,1,REG,5.5,2022-10-03 11:40:43,72.33584156997668,With Cream,Normal,,1,,,Oat Milk,,Full,Vanilla,,1.5
26900,551,0.0,7.0,Freshly Squeezed Juice-Orange,1,Cold Drinks,7.0,1,REG,6.5,2022-11-17 10:00:02,90.8151122632385,,,,,With Ice,"Orange, Lemon, Carrot, Ginger",,,,,,0.5
26657,551,0.0,7.0,Freshly Squeezed Juice-Orange,1,Cold Drinks,7.0,1,REG,6.5,2022-11-10 06:46:36,90.8151122632385,,,,,With Ice,"Orange, Lemon, Carrot, Ginger",,,,,,0.5
26104,551,0.0,7.0,Freshly Squeezed Juice-Orange,1,Cold Drinks,7.0,1,REG,6.5,2022-10-20 11:15:25,90.8151122632385,,,,,With Ice,"Orange, Lemon, Ginger",,,,,,0.5
24270,551,0.0,7.0,Freshly Squeezed Juice-Orange,1,Cold Drinks,7.0,1,REG,6.5,2022-08-15 11:45:00,90.8151122632385,,,,,With Ice,"Orange, Lemon, Apple, Carrot, Ginger",,,,,,0.5
33007,67,0.0,7.0,Freshly Squeezed Juice-Orange,1,Cold Drinks,7.0,1,REG,6.5,2023-06-22 12:10:12,49.80813085628067,,,,,With Ice,"Lemon, Ginger",,,,,,0.5
32946,67,0.0,7.0,Freshly Squeezed Juice-Orange,1,Cold Drinks,7.0,1,REG,6.5,2023-06-20 12:14:53,49.80813085628067,,,,,With Ice,"Lemon, Ginger",,,,,,0.5
32858,67,0.0,7.0,Freshly Squeezed Juice-Orange,1,Cold Drinks,7.0,1,REG,6.5,2023-06-17 10:36:20,49.80813085628067,,,,,With Ice,"Lemon, Ginger",,,,,,0.5
29280,67,0.0,7.0,Freshly Squeezed Juice-Orange,1,Cold Drinks,7.0,1,REG,6.5,2023-02-21 10:20:20,49.80813085628067,,,,,With Ice,"Orange, Lemon, Apple, Celery, Ginger",,,,,,0.5
28945,67,0.0,7.0,Freshly Squeezed Juice-Orange,1,Cold Drinks,7.0,1,REG,6.5,2023-02-09 12:49:20,49.80813085628067,,,,,With Ice,"Orange, Lemon, Apple, Celery, Ginger",,,,,,0.5
40414,9,0.0,19.8,Smoothie-Green Machine,1,Cold Drinks,8.5,3,REG,8.5,2024-02-28 10:07:39,6.703924063787684,,,,,,,,,,,,0.0
14452,32,0.0,19.8,Smoothie-Banana Buzz,1,Cold Drinks,7.6,3,REG,7.6,2021-08-01 14:15:41,21.344574393513,,,,,,,,,,,,0.0
10473,49,0.0,19.8,Milkshake (Syrup)-Chocolate,1,Cold Drinks,3.9,5,SML,3.9,2021-02-07 10:02:52,5.6913721453400745,,,,,,,Full Cream,,,,,0.0
11699,351,0.0,19.8,Milkshake (Syrup)-Vanilla,1,Cold Drinks,3.9,3,SML,3.9,2021-04-09 08:22:10,15.749687649741688,,,,,,,Full Cream,,,,,0.0
11699,351,0.0,19.8,Milkshake (Syrup)-Vanilla,1,Cold Drinks,2.9,4,MINI,2.9,2021-04-09 08:22:10,15.749687649741688,,,,,,,Full Cream,,,,,0.0
18558,663,0.0,19.8,Ice Latte,1,Cold Drinks,5.3,3,REG,4.8,2022-01-09 11:38:03,81.72819241790091,,Normal,,0,,,Lactose Free,,Full,None,,0.5
18558,663,0.0,19.8,Freshly Squeezed Juice-Orange,1,Cold Drinks,6.2,1,REG,6.2,2022-01-09 11:38:03,81.72819241790091,,,,,With Ice,"Orange, Apple, Carrot",,,,,,0.0
18558,663,0.0,19.8,Milkshake (Syrup)-Strawberry,1,Cold Drinks,2.9,4,MINI,2.9,2022-01-09 11:38:03,81.72819241790091,,,,,,,Full Cream,,,,,0.0
12747,421,0.0,19.8,Freshly Squeezed Juice-Orange,1,Cold Drinks,6.5,1,REG,6.0,2021-05-25 08:00:00,32.56254897822951,,,,,With Ice,"Orange, Apple, Celery, Carrot, Ginger",,,,,,0.5
30254,223,0.0,19.8,Milkshake (Syrup)-Strawberry,2,Cold Drinks,5.8,3,MINI,2.9,2023-03-25 07:27:52,32.77916866786114,,,,,,,Full Cream,,,,,0.0
19032,251,0.0,19.8,Ice Latte,1,Cold Drinks,5.3,2,REG,4.8,2022-01-31 09:06:04,60.441634282927495,,Normal,,0,,,Lactose Free,,Full,Vanilla,,0.5
5790,336,0.0,32.6,Smoothie-Koko Berries,1,Cold Drinks,7.6,2,REG,7.6,2020-07-16 12:06:39,468.10468914549443,,,,,,,,,,,,0.0
5790,336,0.0,32.6,Freshly Squeezed Juice-Orange,1,Cold Drinks,6.0,1,REG,6.0,2020-07-16 12:06:39,468.10468914549443,,,,,With Ice,"Orange, Lemon, Apple",,,,,,0.0
15774,909,0.0,45.4,Milkshake (Syrup)-Cookies and Cream,1,Cold Drinks,3.9,3,SML,3.9,2021-09-18 09:00:49,102.91074667455888,,,,,,,Full Cream,,,,,0.0
15774,909,0.0,45.4,Milkshake (Syrup)-Strawberry,1,Cold Drinks,3.9,4,SML,3.9,2021-09-18 09:00:49,102.91074667455888,,,,,,,Full Cream,,,,,0.0
7805,165,0.0,45.4,Coffee Milkshake,1,Cold Drinks,6.0,3,REG,6.0,2020-10-07 12:22:35,138.46479697020467,,Normal,,0,,,Full Cream,,Full,,,0.0
7805,165,0.0,45.4,Thickshake (Syrup)-Chocolate,1,Cold Drinks,8.0,8,LRG,8.0,2020-10-07 12:22:35,138.46479697020467,,,,,,,,,,,,0.0
38141,1255,0.0,45.4,Smoothie-Green Machine,1,Cold Drinks,8.5,3,REG,8.5,2023-12-01 12:47:39,30.29186071202668,,,,,,,,,,,,0.0
19920,1097,0.0,14.7,Ice Latte,1,Cold Drinks,4.8,2,REG,4.8,2022-03-04 12:35:25,28.284271247461902,,Normal,,0,,,Skim,,Full,Vanilla,,0.0
28146,1373,0.0,14.7,Ice Chai,1,Cold Drinks,6.2,1,REG,6.2,2023-01-10 06:13:25,9.0,,,,0,,,Full Cream,,Full,,,0.0
22022,175,0.0,14.7,Milkshake (Syrup)-Caramel,1,Cold Drinks,2.9,2,MINI,2.9,2022-05-24 10:04:50,10.277826498239987,,,,,,,Full Cream,,,,,0.0
19198,175,0.0,14.7,Milkshake (Syrup)-Spearmint,1,Cold Drinks,2.9,4,MINI,2.9,2022-02-06 09:58:44,10.277826498239987,,,,,,,Full Cream,,,,,0.0
16924,714,0.0,14.7,Ice Latte,1,Cold Drinks,4.8,1,REG,4.8,2021-10-26 13:30:18,30.763709092069007,,Normal,,0,,,Full Cream,,Full,None,,0.0
30059,223,0.0,14.7,Milkshake (Syrup)-Strawberry,1,Cold Drinks,2.9,3,MINI,2.9,2023-03-18 08:39:16,32.77916866786114,,,,,,,Full Cream,,,,,0.0
30059,223,0.0,14.7,Milkshake (Syrup)-Strawberry,1,Cold Drinks,2.9,4,MINI,2.9,2023-03-18 08:39:16,32.77916866786114,,,,,,,Full Cream,,,,,0.0
4721,243,0.0,14.7,Milkshake (Syrup)-Chocolate,1,Cold Drinks,3.8,5,SML,3.8,2020-05-03 09:00:00,102.91074667455888,,,,,,,Full Cream,,,,,0.0
3507,59,0.0,27.5,Smoothie-Koko Berries,1,Cold Drinks,7.5,2,REG,7.5,2019-08-24 10:19:11,162.9431685910035,,,,,,,,,,,,0.0
4138,143,0.0,27.5,Smoothie-Mango Magic,1,Cold Drinks,7.6,4,REG,7.6,2020-02-02 10:29:23,102.91074667455888,,,,,,,,,,,,0.0
17906,917,0.0,27.5,Smoothie-Green Machine,1,Cold Drinks,7.6,2,REG,7.6,2021-12-01 06:55:07,148.00386095349964,,,,,,,,,,,,0.0
17906,917,0.0,27.5,Smoothie-Green Machine,1,Cold Drinks,7.6,3,REG,7.6,2021-12-01 06:55:07,148.00386095349964,,,,,,,,,,,,0.0
26055,172,0.0,27.5,Freshly Squeezed Juice-Orange,1,Cold Drinks,7.0,1,REG,6.5,2022-10-19 06:11:17,5.2489316501187995,,,,,With Ice,"Orange, Lemon, Apple, Celery, Carrot, Ginger",,,,,,0.5
26055,172,0.0,27.5,Freshly Squeezed Juice-Orange,1,Cold Drinks,7.0,2,REG,6.5,2022-10-19 06:11:17,5.2489316501187995,,,,,With Ice,"Orange, Lemon, Apple, Celery, Carrot, Ginger",,,,,,0.5
8936,172,0.0,27.5,Freshly Squeezed Juice-Orange,1,Cold Drinks,7.0,1,REG,6.0,2020-11-18 08:26:38,5.2489316501187995,,,,,With Ice,"Orange, Lemon, Apple, Celery, Carrot, Ginger, Beetroot",,,,,,1.0
8936,172,0.0,27.5,Freshly Squeezed Juice-Orange,1,Cold Drinks,7.0,2,REG,6.0,2020-11-18 08:26:38,5.2489316501187995,,,,,With Ice,"Orange, Lemon, Apple, Celery, Carrot, Ginger, Beetroot",,,,,,1.0
28457,475,0.0,27.5,Freshly Squeezed Juice-Orange,1,Cold Drinks,6.5,2,REG,6.5,2023-01-21 10:52:12,194.8814713583307,,,,,With Ice,Orange,,,,,,0.0
38511,1544,0.0,40.3,Iced Chocolate with Cream,1,Cold Drinks,5.9,4,REG,5.9,2023-12-13 13:45:00,24.192696205830433,With Cream,,,0,,,Full Cream,,Full,,,0.0
38511,1544,0.0,40.3,Milkshake (Syrup)-Chocolate,1,Cold Drinks,7.2,5,LRG,7.2,2023-12-13 13:45:00,24.192696205830433,,,,,,,Full Cream,,,,,0.0
34733,288,0.0,40.3,Thickshake (Syrup)-Vanilla,1,Cold Drinks,10.5,3,LRG,10.5,2023-08-16 14:03:48,33.10473998574539,,,,,,,,,,,,0.0
40119,811,0.0,40.3,Smoothie-Green Machine,1,Cold Drinks,8.5,3,REG,8.5,2024-02-18 14:28:00,56.15160730560616,,,,,,,,,,,,0.0
39564,811,0.0,40.3,Smoothie-Green Machine,1,Cold Drinks,8.5,2,REG,8.5,2024-01-31 12:30:00,56.15160730560616,,,,,,,,,,,,0.0
15573,20,0.0,9.6,Ice Latte,1,Cold Drinks,5.3,2,REG,4.8,2021-09-11 11:15:40,15.937429912097317,,Normal,,1,,,Skim,,Full,None,,0.5
14709,20,0.0,9.6,Ice Latte,1,Cold Drinks,5.3,2,REG,4.8,2021-08-11 12:40:16,15.937429912097317,,Normal,,1,,,Skim,,Full,None,,0.5
12833,20,0.0,9.6,Ice Latte,1,Cold Drinks,5.3,2,REG,4.8,2021-05-28 10:07:15,15.937429912097317,,Normal,,1,,,Skim,,Full,None,,0.5
11271,20,0.0,9.6,Ice Latte,1,Cold Drinks,5.3,2,REG,4.8,2021-03-19 09:38:13,15.937429912097317,,Normal,,1,,,Skim,,Full,None,,0.5
5316,299,0.0,9.6,Freshly Squeezed Juice-Orange,1,Cold Drinks,6.0,2,REG,6.0,2020-06-16 10:25:13,102.91074667455888,,,,,With Ice,"Orange, Lemon, Apple",,,,,,0.0
33802,308,0.0,9.6,Milkshake (Syrup)-Vanilla,1,Cold Drinks,2.9,3,MINI,2.9,2023-07-18 09:54:38,10.76198852605863,,,,,,,Full Cream,,,,,0.0
33651,308,0.0,9.6,Milkshake (Syrup)-Vanilla,1,Cold Drinks,2.9,3,MINI,2.9,2023-07-13 10:21:20,10.76198852605863,,,,,,,Full Cream,,,,,0.0
33183,308,0.0,9.6,Milkshake (Syrup)-Vanilla,1,Cold Drinks,2.9,3,MINI,2.9,2023-06-28 09:28:36,10.76198852605863,,,,,,,Full Cream,,,,,0.0
20308,1113,0.0,9.6,Ice Latte,1,Cold Drinks,4.8,1,REG,4.8,2022-03-19 11:01:38,102.91074667455888,,Normal,,0,,,Full Cream,,Half,None,,0.0
20308,1113,0.0,9.6,Ice Latte,1,Cold Drinks,4.8,2,REG,4.8,2022-03-19 11:01:38,102.91074667455888,,Normal,,0,,,Full Cream,,Full,None,,0.0
30954,1413,0.0,9.6,Milkshake (Syrup)-Chocolate,1,Cold Drinks,4.5,2,SML,4.5,2023-04-18 10:50:34,2.996206390327985,,,,,,,Skim,,,,,0.0
19158,391,0.0,9.6,Ice Latte,1,Cold Drinks,4.8,1,REG,4.8,2022-02-04 14:03:51,186.28197264720313,,Normal,,0,,,Skim,,Full,None,,0.0
19158,391,0.0,9.6,Ice Latte,1,Cold Drinks,4.8,2,REG,4.8,2022-02-04 14:03:51,186.28197264720313,,Normal,,0,,,Skim,,Full,None,,0.0
15601,268,0.0,22.4,Iced Chocolate with Cream,1,Cold Drinks,5.5,2,REG,5.5,2021-09-12 09:58:49,86.00495109529,With Cream,,,0,,,Skim,,Full,,,0.0
35668,308,0.0,22.4,Milkshake (Syrup)-Vanilla,1,Cold Drinks,3.3,5,MINI,3.3,2023-09-14 08:52:18,10.76198852605863,,,,,,,Full Cream,,,,,0.0
6602,177,0.0,22.4,Milkshake (Syrup)-Chocolate,1,Cold Drinks,3.8,5,SML,3.8,2020-08-23 10:07:20,187.55969716332987,,,,,,,Full Cream,,,,,0.0
32406,451,0.0,22.4,Iced Coffee with Cream,1,Cold Drinks,5.7,2,REG,5.7,2023-06-03 08:15:00,62.44086395645575,With Cream,Normal,,0,,,Full Cream,,Full,Vanilla,,0.0
16925,979,0.0,22.4,Thickshake (Syrup)-Blue Heaven,1,Cold Drinks,8.0,3,LRG,8.0,2021-10-26 15:48:24,102.91074667455888,,,,,,,,,,,,0.0
16925,979,0.0,22.4,Iced Coffee with Cream,1,Cold Drinks,5.5,1,REG,5.5,2021-10-26 15:48:24,102.91074667455888,With Cream,Normal,,0,,,Full Cream,,Full,Vanilla,,0.0
7998,172,0.0,35.2,Milkshake (Syrup)-Vanilla,1,Cold Drinks,3.8,7,SML,3.8,2020-10-14 09:43:46,5.2489316501187995,,,,,,,Full Cream,,,,,0.0
15081,869,0.0,48.0,Smoothie-Mango Magic,1,Cold Drinks,7.6,5,REG,7.6,2021-08-25 12:17:07,102.91074667455888,,,,,,,,,,,,0.0
8917,42,0.0,4.5,Ice Latte,1,Cold Drinks,4.5,1,REG,4.5,2020-11-16 11:05:28,103.99667852237637,,Normal,,0,,,Skim,,Full,None,,0.0
22892,308,0.0,4.5,Milkshake (Syrup)-Vanilla,1,Cold Drinks,2.9,2,MINI,2.9,2022-06-25 10:31:39,10.76198852605863,,,,,,,Full Cream,,,,,0.0
8548,315,0.0,4.5,Ice Latte,1,Cold Drinks,4.5,1,REG,4.5,2020-11-01 11:42:42,238.90108775334141,,Normal,,0,,,Skim,,Full,None,,0.0
9622,583,0.0,4.5,Ice Latte,1,Cold Drinks,4.5,1,REG,4.5,2020-12-17 07:13:54,352.76243186220006,,Normal,,0,,,Skim,,Full,None,,0.0
30164,1148,0.0,4.5,Milkshake (Syrup)-Lime,1,Cold Drinks,4.5,1,SML,4.5,2023-03-21 13:39:23,21.754424527504998,,,,,,,Full Cream,,,,,0.0
7244,395,0.0,4.5,Ice Latte,1,Cold Drinks,4.5,1,REG,4.5,2020-09-16 09:43:03,126.54861666945389,,Normal,,0,,,Skim,,Full,None,,0.0
9546,161,0.0,4.5,Ice Latte,1,Cold Drinks,4.5,1,REG,4.5,2020-12-13 09:09:20,23.82515677258169,,Normal,,0,,,Full Cream,,Full,None,,0.0
9362,161,0.0,4.5,Ice Latte,1,Cold Drinks,4.5,1,REG,4.5,2020-12-06 09:18:48,23.82515677258169,,Normal,,0,,,Full Cream,,Full,None,,0.0
9287,161,0.0,4.5,Ice Latte,1,Cold Drinks,4.5,1,REG,4.5,2020-12-03 06:34:09,23.82515677258169,,Normal,,0,,,Full Cream,,Full,None,,0.0
32695,233,1.34,14.74,Thickshake (Syrup)-Chocolate,1,Cold Drinks,6.9,2,SML,6.9,2023-06-12 10:44:13,14.254925248600953,,,,,,,,,,,,0.0
32695,233,1.34,14.74,Milkshake (Syrup)-Vanilla,1,Cold Drinks,6.5,1,LRG,6.5,2023-06-12 10:44:13,14.254925248600953,,,,,,,Full Cream,,,,,0.0
11888,275,0.0,17.3,Freshly Squeezed Juice-Orange,1,Cold Drinks,6.0,1,REG,6.0,2021-04-18 07:31:47,9.182885244928025,,,,,With Ice,Orange,,,,,,0.0
15397,49,0.0,17.3,Milkshake (Syrup)-Chocolate,1,Cold Drinks,3.9,4,SML,3.9,2021-09-05 09:53:13,5.6913721453400745,,,,,,,Full Cream,,,,,0.0
33057,307,0.0,17.3,Milkshake (Syrup)-Chocolate,1,Cold Drinks,4.5,2,SML,4.5,2023-06-24 08:54:24,37.82263636219195,,,,,,,Full Cream,,,,,0.0
33057,307,0.0,17.3,Smoothie-Koko Berries,1,Cold Drinks,7.6,3,REG,7.6,2023-06-24 08:54:24,37.82263636219195,,,,,,,,,,,,0.0
15568,316,0.0,17.3,Iced Chocolate with Cream,1,Cold Drinks,6.0,3,REG,5.5,2021-09-11 10:29:40,172.2840411926572,No Cream,,,0,,,Soy,,Quarter,,,0.5
23933,607,0.0,17.3,Ice Chai,1,Cold Drinks,6.0,2,REG,6.0,2022-08-03 15:08:47,102.91074667455888,,,,0,,,Full Cream,,Full,,,0.0
23933,607,0.0,17.3,Smoothie-Banana Buzz,1,Cold Drinks,7.6,3,REG,7.6,2022-08-03 15:08:47,102.91074667455888,,,,,,,,,,,,0.0
33258,175,0.0,17.3,Milkshake (Syrup)-Strawberry,1,Cold Drinks,2.9,3,MINI,2.9,2023-06-30 12:29:58,10.277826498239987,,,,,,,Full Cream,,,,,0.0
33258,175,0.0,17.3,Milkshake (Syrup)-Blue Heaven,1,Cold Drinks,2.9,4,MINI,2.9,2023-06-30 12:29:58,10.277826498239987,,,,,,,Full Cream,,,,,0.0
31958,175,0.0,17.3,Milkshake (Syrup)-Blue Heaven,1,Cold Drinks,2.9,3,MINI,2.9,2023-05-19 08:41:00,10.277826498239987,,,,,,,Full Cream,,,,,0.0
31958,175,0.0,17.3,Milkshake (Syrup)-Caramel,1,Cold Drinks,2.9,4,MINI,2.9,2023-05-19 08:41:00,10.277826498239987,,,,,,,Full Cream,,,,,0.0
31058,175,0.0,17.3,Milkshake (Syrup)-Strawberry,1,Cold Drinks,2.9,3,MINI,2.9,2023-04-21 10:35:11,10.277826498239987,,,,,,,Full Cream,,,,,0.0
31058,175,0.0,17.3,Milkshake (Syrup)-Blue Heaven,1,Cold Drinks,2.9,4,MINI,2.9,2023-04-21 10:35:11,10.277826498239987,,,,,,,Full Cream,,,,,0.0
24591,233,0.0,17.3,Thickshake (Syrup)-Chocolate,1,Cold Drinks,6.5,2,SML,6.5,2022-08-27 09:59:45,14.254925248600953,,,,,,,,,,,,0.0
24591,233,0.0,17.3,Thickshake (Syrup)-Chocolate,1,Cold Drinks,6.5,3,SML,6.5,2022-08-27 09:59:45,14.254925248600953,,,,,,,,,,,,0.0
39099,275,0.0,30.1,Iced Chocolate with Cream,1,Cold Drinks,5.9,2,REG,5.9,2024-01-14 08:58:04,9.182885244928025,No Cream,,,0,,,Full Cream,,Full,,,0.0
39099,275,0.0,30.1,Freshly Squeezed Juice-Orange,1,Cold Drinks,7.2,1,REG,7.2,2024-01-14 08:58:04,9.182885244928025,,,,,With Ice,Orange,,,,,,0.0
29879,175,0.0,30.1,Milkshake (Syrup)-Banana,1,Cold Drinks,6.5,4,LRG,6.5,2023-03-12 12:27:02,10.277826498239987,,,,,,,Full Cream,,,,,0.0
29879,175,0.0,30.1,Milkshake (Syrup)-Caramel,1,Cold Drinks,6.5,5,LRG,6.5,2023-03-12 12:27:02,10.277826498239987,,,,,,,Full Cream,,,,,0.0
18848,951,0.0,30.1,Smoothie-Koko Berries,1,Cold Drinks,7.6,2,REG,7.6,2022-01-23 14:32:00,272.8833694700601,,,,,,,,,,,,0.0
18848,951,0.0,30.1,Smoothie-Mango Magic,1,Cold Drinks,7.6,3,REG,7.6,2022-01-23 14:32:00,272.8833694700601,,,,,,,,,,,,0.0
34926,811,0.0,42.9,Smoothie-Green Machine,1,Cold Drinks,8.5,2,REG,8.5,2023-08-22 14:15:26,56.15160730560616,,,,,,,,,,,,0.0
3750,20,0.0,12.2,Ice Latte,1,Cold Drinks,5.0,4,REG,4.5,2019-10-26 10:39:14,15.937429912097317,,Normal,,1,,,Skim,,Full,None,,0.5
3534,20,0.0,12.2,Ice Latte,1,Cold Drinks,5.0,4,REG,4.5,2019-08-31 09:55:53,15.937429912097317,,Normal,,1,,,Skim,,Full,None,,0.5
18645,351,0.0,12.2,Freshly Squeezed Juice-Orange,1,Cold Drinks,6.2,1,REG,6.2,2022-01-13 10:17:27,15.749687649741688,,,,,With Ice,Apple,,,,,,0.0
30283,888,0.0,12.2,Smoothie-Koko Berries,1,Cold Drinks,7.6,2,REG,7.6,2023-03-26 09:15:00,57.14591310509777,,,,,,,,,,,,0.0
14599,684,0.0,12.2,Milkshake (Syrup)-Banana,1,Cold Drinks,3.9,2,SML,3.9,2021-08-07 10:40:29,79.55052302961757,,,,,,,Full Cream,,,,,0.0
16810,974,0.0,12.2,Milkshake (Syrup)-Vanilla,1,Cold Drinks,6.0,2,LRG,6.0,2021-10-23 07:00:47,102.91074667455888,,,,,,,Full Cream,,,,,0.0
24014,1238,0.0,12.2,Milkshake (Syrup)-Cookies and Cream,1,Cold Drinks,6.0,2,LRG,6.0,2022-08-06 08:38:50,102.91074667455888,,,,,,,Skim,,,,,0.0
35744,1058,0.0,25.0,Smoothie-Mango Magic,1,Cold Drinks,8.5,2,REG,8.5,2023-09-16 11:53:36,140.34269744903983,,,,,,,,,,,,0.0
7399,341,0.0,25.0,Iced Coffee with Cream,1,Cold Drinks,5.0,2,REG,5.0,2020-09-22 09:54:53,86.43207290008986,With Cream,Normal,,0,,,Full Cream,,Full,Vanilla,,0.0
7270,341,0.0,25.0,Iced Coffee with Cream,1,Cold Drinks,5.0,2,REG,5.0,2020-09-17 10:22:52,86.43207290008986,With Cream,Normal,,0,,,Full Cream,,Full,Vanilla,,0.0
7037,341,0.0,25.0,Iced Coffee with Cream,1,Cold Drinks,5.0,2,REG,5.0,2020-09-08 09:54:06,86.43207290008986,With Cream,Normal,,0,,,Full Cream,,Full,Vanilla,,0.0
6922,341,0.0,25.0,Iced Coffee with Cream,1,Cold Drinks,5.0,2,REG,5.0,2020-09-04 10:38:14,86.43207290008986,With Cream,Normal,,0,,,Full Cream,,Full,Vanilla,,0.0
15489,856,0.0,25.0,Iced Coffee with Cream,1,Cold Drinks,6.5,3,REG,5.5,2021-09-08 12:02:50,102.91074667455888,With Cream,Normal,,0,,,Oat Milk,,Full,Vanilla,,1.0
36763,1638,0.0,25.0,Smoothie-Mango Magic,1,Cold Drinks,8.5,2,REG,8.5,2023-10-18 10:45:00,102.91074667455888,,,,,,,,,,,,0.0
37325,1395,0.0,25.0,Smoothie-Mango Magic,1,Cold Drinks,8.5,2,REG,8.5,2023-11-04 12:55:10,33.35922803720277,,,,,,,,,,,,0.0
38707,906,0.0,25.0,Milkshake (Syrup)-Strawberry,1,Cold Drinks,5.2,2,SML,5.2,2023-12-19 15:46:54,94.49445811463804,,,,,,,Full Cream,,,,,0.0
38707,906,0.0,25.0,Milkshake (Syrup)-Cookies and Cream,1,Cold Drinks,5.2,3,SML,5.2,2023-12-19 15:46:54,94.49445811463804,,,,,,,Full Cream,,,,,0.0
38707,906,0.0,25.0,Milkshake (Syrup)-Cookies and Cream,1,Cold Drinks,5.2,4,SML,5.2,2023-12-19 15:46:54,94.49445811463804,,,,,,,Full Cream,,,,,0.0
38707,906,0.0,25.0,Milkshake (Syrup)-Chocolate,1,Cold Drinks,5.2,5,SML,5.2,2023-12-19 15:46:54,94.49445811463804,,,,,,,Full Cream,,,,,0.0
18913,651,0.0,25.0,Iced Coffee with Cream,1,Cold Drinks,5.5,1,REG,5.5,2022-01-26 10:28:12,12.04302822937506,No Cream,Normal,,0,,,Skim,,Full,Vanilla,,0.0
18913,651,0.0,25.0,Iced Coffee with Cream,1,Cold Drinks,5.5,2,REG,5.5,2022-01-26 10:28:12,12.04302822937506,With Cream,Normal,,0,,,Skim,,Full,Vanilla,,0.0
9779,401,0.0,25.0,Freshly Squeezed Juice-Orange,1,Cold Drinks,7.0,1,REG,6.0,2020-12-24 09:25:06,391.3550817352446,,,,,With Ice,"Orange, Lemon, Apple, Celery, Carrot, Ginger, Beetroot",,,,,,1.0
9779,401,0.0,25.0,Freshly Squeezed Juice-Orange,1,Cold Drinks,7.0,2,REG,6.0,2020-12-24 09:25:06,391.3550817352446,,,,,With Ice,"Orange, Lemon, Apple, Celery, Carrot, Ginger, Beetroot",,,,,,1.0
18661,172,0.0,25.0,Milkshake (Syrup)-Chocolate,1,Cold Drinks,3.9,2,SML,3.9,2022-01-14 09:38:50,5.2489316501187995,,,,,,,Full Cream,,,,,0.0
18661,172,0.0,25.0,Milkshake (Syrup)-Vanilla,1,Cold Drinks,3.9,3,SML,3.9,2022-01-14 09:38:50,5.2489316501187995,,,,,,,Full Cream,,,,,0.0
18661,172,0.0,25.0,Milkshake (Syrup)-Lime,1,Cold Drinks,3.9,4,SML,3.9,2022-01-14 09:38:50,5.2489316501187995,,,,,,,Full Cream,,,,,0.0
18661,172,0.0,25.0,Milkshake (Syrup)-Lime,1,Cold Drinks,3.9,5,SML,3.9,2022-01-14 09:38:50,5.2489316501187995,,,,,,,Full Cream,,,,,0.0
18661,172,0.0,25.0,Milkshake (Syrup)-Strawberry,1,Cold Drinks,3.9,6,SML,3.9,2022-01-14 09:38:50,5.2489316501187995,,,,,,,Full Cream,,,,,0.0
5388,177,0.0,25.0,Milkshake (Syrup)-Chocolate,1,Cold Drinks,3.8,6,SML,3.8,2020-06-21 09:57:57,187.55969716332987,,,,,,,Full Cream,,,,,0.0
5388,177,0.0,25.0,Milkshake (Syrup)-Chocolate,1,Cold Drinks,2.5,7,MINI,2.5,2020-06-21 09:57:57,187.55969716332987,,,,,,,Full Cream,,,,,0.0
20867,946,0.0,25.0,Milkshake (Syrup)-Vanilla,1,Cold Drinks,6.0,3,LRG,6.0,2022-04-09 12:30:00,59.96387801557423,,,,,,,Full Cream,,,,,0.0
20867,946,0.0,25.0,Milkshake (Syrup)-Vanilla,1,Cold Drinks,6.0,4,LRG,6.0,2022-04-09 12:30:00,59.96387801557423,,,,,,,Full Cream,,,,,0.0
11314,655,0.0,50.6,Thickshake (Syrup)-Cookies and Cream,1,Cold Drinks,8.0,6,LRG,8.0,2021-03-21 13:55:36,102.91074667455888,,,,,,,,,,,,0.0
36154,324,1.11,12.21,Iced Coffee with Cream,1,Cold Drinks,6.9,2,REG,5.9,2023-09-29 09:41:46,21.399972119696923,No Cream,Normal,,0,,,Oat Milk,,Full,None,,1.0
37852,1050,0.0,7.1,Ice Chai,1,Cold Drinks,7.1,1,REG,6.4,2023-11-22 15:41:05,267.26291674429257,,,,0,,,Bonsoy,,Full,,,0.6999999999999993
27892,13,0.0,19.9,Coffee Frappe,1,Cold Drinks,6.5,1,REG,6.5,2022-12-19 10:23:24,44.810789212237296,,Normal,,0,,,Full Cream,,Half,,,0.0
6988,20,0.0,19.9,Ice Latte,1,Cold Drinks,5.0,4,REG,4.5,2020-09-06 11:13:59,15.937429912097317,,Normal,,1,,,Skim,,Full,None,,0.5
6988,20,0.0,19.9,Milkshake (Syrup)-Chocolate,1,Cold Drinks,3.8,5,SML,3.8,2020-09-06 11:13:59,15.937429912097317,,,,,,,Full Cream,,,,,0.0
6988,20,0.0,19.9,Milkshake (Syrup)-Chocolate,1,Cold Drinks,3.8,6,SML,3.8,2020-09-06 11:13:59,15.937429912097317,,,,,,,Full Cream,,,,,0.0
15580,788,0.0,19.9,Milkshake (Syrup)-Chocolate,1,Cold Drinks,3.9,2,SML,3.9,2021-09-11 13:42:00,248.71957818279722,,,,,,,Full Cream,,,,,0.0
15580,788,0.0,19.9,Thickshake (Syrup)-Chocolate,1,Cold Drinks,6.0,3,SML,6.0,2021-09-11 13:42:00,248.71957818279722,,,,,,,,,,,,0.0
39656,49,0.0,19.9,Iced Coffee with Cream,1,Cold Drinks,6.9,4,REG,5.9,2024-02-03 10:34:52,5.6913721453400745,No Cream,Decaf,,2,,,Full Cream,,Full,Vanilla,,1.0
13547,324,0.0,19.9,Iced Coffee with Cream,1,Cold Drinks,5.5,2,REG,5.5,2021-06-23 13:10:35,21.399972119696923,No Cream,Normal,,0,,,Full Cream,,Full,None,,0.0
9035,324,0.0,19.9,Iced Coffee with Cream,1,Cold Drinks,5.0,2,REG,5.0,2020-11-22 12:22:33,21.399972119696923,No Cream,Normal,,0,,,Full Cream,,Full,Vanilla,,0.0
14104,325,0.0,19.9,Freshly Squeezed Juice-Orange,1,Cold Drinks,6.0,2,REG,6.0,2021-07-18 11:03:42,58.48327818411425,,,,,With Ice,Orange,,,,,,0.0
18916,172,0.0,19.9,Freshly Squeezed Juice-Orange,1,Cold Drinks,7.2,1,REG,6.2,2022-01-26 10:58:02,5.2489316501187995,,,,,With Ice,"Orange, Lemon, Apple, Celery, Carrot, Ginger, Beetroot",,,,,,1.0
18916,172,0.0,19.9,Freshly Squeezed Juice-Orange,1,Cold Drinks,7.2,2,REG,6.2,2022-01-26 10:58:02,5.2489316501187995,,,,,With Ice,"Orange, Lemon, Apple, Celery, Carrot, Ginger, Beetroot",,,,,,1.0
4933,174,0.0,19.9,Freshly Squeezed Juice-Orange,1,Cold Drinks,6.0,1,REG,6.0,2020-05-18 10:12:08,25.02950639697456,,,,,With Ice,Orange,,,,,,0.0
4933,174,0.0,19.9,Iced Coffee with Cream,1,Cold Drinks,5.0,2,REG,5.0,2020-05-18 10:12:08,25.02950639697456,With Cream,Decaf,,0,,,Full Cream,,Full,Vanilla,,0.0
4685,174,0.0,19.9,Iced Coffee with Cream,1,Cold Drinks,5.0,2,REG,5.0,2020-04-29 09:54:29,25.02950639697456,With Cream,Decaf,,0,,,Full Cream,,Full,Vanilla,,0.0
4685,174,0.0,19.9,Freshly Squeezed Juice-Orange,1,Cold Drinks,6.0,1,REG,6.0,2020-04-29 09:54:29,25.02950639697456,,,,,With Ice,Orange,,,,,,0.0
4598,174,0.0,19.9,Freshly Squeezed Juice-Orange,1,Cold Drinks,6.0,1,REG,6.0,2020-04-22 10:11:17,25.02950639697456,,,,,With Ice,Orange,,,,,,0.0
4598,174,0.0,19.9,Iced Coffee with Cream,1,Cold Drinks,5.0,2,REG,5.0,2020-04-22 10:11:17,25.02950639697456,With Cream,Normal,,0,,,Full Cream,,Full,Vanilla,,0.0
39330,1255,0.0,19.9,Ice Latte,1,Cold Drinks,5.2,2,REG,5.2,2024-01-23 08:44:10,30.29186071202668,,Normal,,0,,,Full Cream,,Full,None,,0.0
27857,234,0.0,19.9,Milkshake (Syrup)-Vanilla,1,Cold Drinks,6.0,3,LRG,6.0,2022-12-18 10:03:52,3.306975953679214,,,,,,,Skim,,,,,0.0
27174,234,0.0,19.9,Milkshake (Syrup)-Cookies and Cream,1,Cold Drinks,6.0,3,LRG,6.0,2022-11-26 09:40:25,3.306975953679214,,,,,,,Skim,,,,,0.0
26764,234,0.0,19.9,Milkshake (Syrup)-Cookies and Cream,1,Cold Drinks,6.0,3,LRG,6.0,2022-11-13 09:49:29,3.306975953679214,,,,,,,Skim,,,,,0.0
5921,241,0.0,19.9,Iced Coffee with Cream,1,Cold Drinks,5.0,2,REG,5.0,2020-07-23 10:17:48,47.34272207354931,With Cream,Decaf,,0,,,Full Cream,,Full,Vanilla,,0.0
5921,241,0.0,19.9,Freshly Squeezed Juice-Orange,1,Cold Drinks,6.0,1,REG,6.0,2020-07-23 10:17:48,47.34272207354931,,,,,With Ice,Orange,,,,,,0.0
5077,241,0.0,19.9,Iced Coffee with Cream,1,Cold Drinks,5.0,2,REG,5.0,2020-05-29 10:34:03,47.34272207354931,With Cream,Decaf,,0,,,Full Cream,,Full,Vanilla,,0.0
5077,241,0.0,19.9,Freshly Squeezed Juice-Orange,1,Cold Drinks,6.0,1,REG,6.0,2020-05-29 10:34:03,47.34272207354931,,,,,With Ice,Orange,,,,,,0.0
4703,241,0.0,19.9,Iced Coffee with Cream,1,Cold Drinks,5.0,2,REG,5.0,2020-05-01 10:11:30,47.34272207354931,With Cream,Decaf,,0,,,Full Cream,,Full,Vanilla,,0.0
37361,1524,0.0,19.9,Ice Latte,1,Cold Drinks,5.7,1,REG,5.2,2023-11-06 10:01:02,25.790363648906876,,Normal,,1,,,Full Cream,,Full,None,,0.5
37361,1524,0.0,19.9,Ice Latte,1,Cold Drinks,5.7,2,REG,5.2,2023-11-06 10:01:02,25.790363648906876,,Normal,,1,,,Full Cream,,Full,Vanilla,,0.5
37361,1524,0.0,19.9,Smoothie-Koko Berries,1,Cold Drinks,8.5,3,REG,8.5,2023-11-06 10:01:02,25.790363648906876,,,,,,,,,,,,0.0
36872,1395,0.0,32.7,Smoothie-Mango Magic,1,Cold Drinks,8.5,4,REG,8.5,2023-10-21 12:01:35,33.35922803720277,,,,,,,,,,,,0.0
36872,1395,0.0,32.7,Freshly Squeezed Juice-Orange,1,Cold Drinks,7.2,2,REG,7.2,2023-10-21 12:01:35,33.35922803720277,,,,,With Ice,Lemon,,,,,,0.0
22983,1148,0.0,32.7,Milkshake (Syrup)-Banana,1,Cold Drinks,2.9,4,MINI,2.9,2022-06-29 09:01:37,21.754424527504998,,,,,,,Full Cream,,,,,0.0
22983,1148,0.0,32.7,Milkshake (Syrup)-Chocolate,1,Cold Drinks,2.9,5,MINI,2.9,2022-06-29 09:01:37,21.754424527504998,,,,,,,Full Cream,,,,,0.0
22983,1148,0.0,32.7,Milkshake (Syrup)-Banana,1,Cold Drinks,2.9,6,MINI,2.9,2022-06-29 09:01:37,21.754424527504998,,,,,,,Full Cream,,,,,0.0
15915,919,0.0,32.7,Thickshake (Syrup)-Blue Heaven,1,Cold Drinks,8.0,6,LRG,8.0,2021-09-22 12:31:14,370.9185509361474,,,,,,,,,,,,0.0
19557,336,0.0,45.5,Smoothie-Koko Berries,1,Cold Drinks,7.6,3,REG,7.6,2022-02-19 12:10:29,468.10468914549443,,,,,,,,,,,,0.0
19557,336,0.0,45.5,Milkshake (Syrup)-Lime,1,Cold Drinks,3.9,2,SML,3.9,2022-02-19 12:10:29,468.10468914549443,,,,,,,Full Cream,,,,,0.0
19557,336,0.0,45.5,Smoothie-Mango Magic,1,Cold Drinks,7.6,4,REG,7.6,2022-02-19 12:10:29,468.10468914549443,,,,,,,,,,,,0.0
15599,890,0.0,45.5,Ice Chai,1,Cold Drinks,6.5,3,REG,6.0,2021-09-12 09:58:57,118.40101350917567,,,,1,,,Full Cream,,Full,,,0.5
15599,890,0.0,45.5,Smoothie-Green Machine,1,Cold Drinks,7.6,4,REG,7.6,2021-09-12 09:58:57,118.40101350917567,,,,,,,,,,,,0.0
18533,757,0.0,58.3,Iced Chocolate with Cream,1,Cold Drinks,5.5,3,REG,5.5,2022-01-08 10:00:00,680.9767494807244,With Cream,,,0,,,Full Cream,,Full,,,0.0
18533,757,0.0,58.3,Milkshake (Syrup)-Strawberry,1,Cold Drinks,6.0,6,LRG,6.0,2022-01-08 10:00:00,680.9767494807244,,,,,,,Full Cream,,,,,0.0
18533,757,0.0,58.3,Iced Chocolate with Cream,1,Cold Drinks,5.5,4,REG,5.5,2022-01-08 10:00:00,680.9767494807244,With Cream,,,0,,,Skim,,Full,,,0.0
38435,49,0.0,14.8,Iced Chocolate with Cream,1,Cold Drinks,5.9,3,REG,5.9,2023-12-11 09:53:17,5.6913721453400745,No Cream,,,0,,,Full Cream,,Full,,,0.0
21150,1073,0.0,14.8,Milkshake (Syrup)-Chocolate,1,Cold Drinks,3.9,3,SML,3.9,2022-04-22 08:48:21,23.118424220987432,,,,,,,Full Cream,,,,,0.0
19569,1073,0.0,14.8,Milkshake (Syrup)-Chocolate,1,Cold Drinks,3.9,3,SML,3.9,2022-02-20 08:50:03,23.118424220987432,,,,,,,Full Cream,,,,,0.0
25099,308,0.0,14.8,Milkshake (Syrup)-Chocolate,1,Cold Drinks,3.9,3,SML,3.9,2022-09-13 08:47:17,10.76198852605863,,,,,,,Full Cream,,,,,0.0
25099,308,0.0,14.8,Milkshake (Syrup)-Vanilla,1,Cold Drinks,3.9,4,SML,3.9,2022-09-13 08:47:17,10.76198852605863,,,,,,,Full Cream,,,,,0.0
25821,324,0.0,14.8,Iced Coffee with Cream,1,Cold Drinks,6.0,3,REG,5.5,2022-10-10 13:48:54,21.399972119696923,No Cream,Normal,,0,,,Lactose Free,,Full,Vanilla,,0.5
20203,1106,0.0,14.8,Milkshake (Syrup)-Chocolate,1,Cold Drinks,2.9,2,MINI,2.9,2022-03-15 09:27:56,605.7950698599872,,,,,,,Full Cream,,,,,0.0
20027,89,0.0,14.8,Freshly Squeezed Juice-Orange,1,Cold Drinks,7.2,3,REG,6.2,2022-03-08 09:41:44,151.01420580226997,,,,,With Ice,"Ginger, Beetroot",,,,,,1.0
28193,1148,0.0,14.8,Milkshake (Syrup)-Lime,1,Cold Drinks,2.9,2,MINI,2.9,2023-01-11 09:55:46,21.754424527504998,,,,,,,Full Cream,,,,,0.0
28193,1148,0.0,14.8,Milkshake (Syrup)-Strawberry,1,Cold Drinks,2.9,3,MINI,2.9,2023-01-11 09:55:46,21.754424527504998,,,,,,,Full Cream,,,,,0.0
26674,1148,0.0,14.8,Milkshake (Syrup)-Cookies and Cream,1,Cold Drinks,2.9,3,MINI,2.9,2022-11-10 08:37:44,21.754424527504998,,,,,,,Full Cream,,,,,0.0
5688,174,0.0,14.8,Iced Coffee with Cream,1,Cold Drinks,5.0,1,REG,5.0,2020-07-11 12:12:41,25.02950639697456,With Cream,Decaf,,0,,,Full Cream,,Full,Vanilla,,0.0
5688,174,0.0,14.8,Iced Coffee with Cream,1,Cold Drinks,5.0,2,REG,5.0,2020-07-11 12:12:41,25.02950639697456,With Cream,Decaf,,0,,,Full Cream,,Full,Vanilla,,0.0
28647,446,0.0,14.8,Thickshake (Syrup)-Chocolate,1,Cold Drinks,4.9,3,MINI,4.9,2023-01-30 08:37:25,6.801133915060578,,,,,,,,,,,,0.0
12897,740,0.0,14.8,Milkshake (Syrup)-Chocolate,1,Cold Drinks,2.9,3,MINI,2.9,2021-05-30 13:33:12,472.551937180807,,,,,,,Full Cream,,,,,0.0
12897,740,0.0,14.8,Thickshake (Syrup)-Chocolate,1,Cold Drinks,6.0,4,SML,6.0,2021-05-30 13:33:12,472.551937180807,,,,,,,,,,,,0.0
25337,1054,0.0,27.6,Ice Latte,1,Cold Drinks,5.3,3,REG,4.8,2022-09-21 12:45:00,216.788683591495,,Normal,,0,,,Lactose Free,,Full,Vanilla,,0.5
7133,341,0.0,27.6,Smoothie-Mango Magic,1,Cold Drinks,7.6,2,REG,7.6,2020-09-12 09:44:35,86.43207290008986,,,,,,,,,,,,0.0
6662,341,0.0,27.6,Smoothie-Mango Magic,1,Cold Drinks,7.6,2,REG,7.6,2020-08-25 10:15:46,86.43207290008986,,,,,,,,,,,,0.0
20254,1109,0.0,27.6,Smoothie-Banana Buzz,1,Cold Drinks,7.6,2,REG,7.6,2022-03-17 11:01:33,121.41987363807341,,,,,,,,,,,,0.0
8755,92,0.0,27.6,Iced Chocolate with Cream,1,Cold Drinks,5.0,2,REG,5.0,2020-11-10 07:20:12,32.28859341322894,No Cream,,,0,,,Full Cream,,Full,,,0.0
20105,810,0.0,40.4,Freshly Squeezed Juice-Orange,1,Cold Drinks,6.7,1,REG,6.2,2022-03-11 09:16:44,144.58892088938225,,,,,With Ice,"Orange, Lemon, Apple, Celery, Ginger",,,,,,0.5
20105,810,0.0,40.4,Freshly Squeezed Juice-Orange,1,Cold Drinks,6.7,2,REG,6.2,2022-03-11 09:16:44,144.58892088938225,,,,,With Ice,"Orange, Lemon, Apple, Celery, Ginger",,,,,,0.5
7533,382,0.0,40.4,Smoothie-Green Machine,1,Cold Drinks,7.6,5,REG,7.6,2020-09-27 09:04:44,102.91074667455888,,,,,,,,,,,,0.0
7533,382,0.0,40.4,Freshly Squeezed Juice-Orange,1,Cold Drinks,6.0,4,REG,6.0,2020-09-27 09:04:44,102.91074667455888,,,,,With Ice,Orange,,,,,,0.0
9966,14,0.0,9.7,Freshly Squeezed Juice-Orange,1,Cold Drinks,6.0,2,REG,6.0,2021-01-12 08:58:17,39.92548018814512,,,,,With Ice,"Orange, Lemon, Apple, Celery",,,,,,0.0
24033,20,0.0,9.7,Ice Latte,1,Cold Drinks,5.3,2,REG,4.8,2022-08-06 11:03:52,15.937429912097317,,Normal,,1,,,Skim,,Full,None,,0.5
23412,20,0.0,9.7,Ice Latte,1,Cold Drinks,5.3,2,REG,4.8,2022-07-17 09:06:50,15.937429912097317,,Normal,,1,,,Skim,,Full,None,,0.5
21003,20,0.0,9.7,Ice Latte,1,Cold Drinks,5.3,2,REG,4.8,2022-04-14 11:09:12,15.937429912097317,,Normal,,1,,,Skim,,Full,None,,0.5
20682,20,0.0,9.7,Ice Latte,1,Cold Drinks,5.3,2,REG,4.8,2022-04-03 09:05:33,15.937429912097317,,Normal,,1,,,Skim,,Full,None,,0.5
18968,20,0.0,9.7,Ice Latte,1,Cold Drinks,5.3,2,REG,4.8,2022-01-29 07:35:48,15.937429912097317,,Normal,,1,,,Skim,,Full,None,,0.5
9033,171,0.0,9.7,Ice Latte,1,Cold Drinks,4.5,1,REG,4.5,2020-11-22 10:57:21,99.77538334756329,,Normal,,0,,,Full Cream,,Full,None,,0.0
9033,171,0.0,9.7,Ice Latte,1,Cold Drinks,5.2,2,REG,4.5,2020-11-22 10:57:21,99.77538334756329,,Normal,,0,,,Almond,,Full,None,,0.7000000000000002
35023,446,0.0,9.7,Milkshake (Syrup)-Chocolate,1,Cold Drinks,3.3,2,MINI,3.3,2023-08-25 08:36:59,6.801133915060578,,,,,,,Full Cream,,,,,0.0
17214,49,0.0,22.5,Milkshake (Syrup)-Vanilla,1,Cold Drinks,3.9,5,SML,3.9,2021-11-06 09:05:21,5.6913721453400745,,,,,,,Full Cream,,,,,0.0
17214,49,0.0,22.5,Milkshake (Syrup)-Chocolate,1,Cold Drinks,3.9,6,SML,3.9,2021-11-06 09:05:21,5.6913721453400745,,,,,,,Full Cream,,,,,0.0
8013,68,0.0,22.5,Iced Coffee with Cream,1,Cold Drinks,5.0,3,REG,5.0,2020-10-15 07:59:04,149.45707058490885,No Cream,Normal,,0,,,Full Cream,,Full,Vanilla,,0.0
16039,847,0.0,22.5,Smoothie-Green Machine,1,Cold Drinks,7.6,2,REG,7.6,2021-09-26 12:54:51,99.59365529421736,,,,,,,,,,,,0.0
13803,615,0.0,22.5,Freshly Squeezed Juice-Orange,1,Cold Drinks,6.5,1,REG,6.0,2021-07-05 10:06:43,66.89693565478167,,,,,With Ice,"Orange, Lemon, Apple, Celery, Carrot, Ginger",,,,,,0.5
13803,615,0.0,22.5,Thickshake (Syrup)-Chocolate,1,Cold Drinks,8.0,2,LRG,8.0,2021-07-05 10:06:43,66.89693565478167,,,,,,,,,,,,0.0
24624,873,0.0,22.5,Freshly Squeezed Juice-Orange,1,Cold Drinks,7.0,1,REG,6.5,2022-08-28 10:50:04,138.56983798792578,,,,,With Ice,"Orange, Lemon, Carrot, Ginger",,,,,,0.5
25038,912,0.0,22.5,Freshly Squeezed Juice-Orange,1,Cold Drinks,7.0,1,REG,6.5,2022-09-11 09:00:00,102.91074667455888,,,,,With Ice,"Orange, Lemon, Carrot, Ginger",,,,,,0.5
15390,173,0.0,22.5,Milkshake (Syrup)-Chocolate,1,Cold Drinks,3.9,5,SML,3.9,2021-09-05 09:12:27,8.342553249041227,,,,,,,Full Cream,,,,,0.0
19970,175,0.0,22.5,Milkshake (Syrup)-Caramel,1,Cold Drinks,2.9,4,MINI,2.9,2022-03-06 10:57:33,10.277826498239987,,,,,,,Full Cream,,,,,0.0
35953,704,0.0,22.5,Milkshake (Syrup)-Cookies and Cream,1,Cold Drinks,7.2,3,LRG,7.2,2023-09-23 09:35:28,199.9233186332533,,,,,,,Skim,,,,,0.0
38899,234,0.0,22.5,Milkshake (Syrup)-Cookies and Cream,1,Cold Drinks,7.2,3,LRG,7.2,2024-01-06 09:39:57,3.306975953679214,,,,,,,Full Cream,,,,,0.0
38832,234,0.0,22.5,Milkshake (Syrup)-Cookies and Cream,1,Cold Drinks,7.2,3,LRG,7.2,2023-12-24 10:12:33,3.306975953679214,,,,,,,Full Cream,,,,,0.0
38802,234,0.0,22.5,Milkshake (Syrup)-Cookies and Cream,1,Cold Drinks,7.2,3,LRG,7.2,2023-12-23 09:43:59,3.306975953679214,,,,,,,Full Cream,,,,,0.0
38631,234,0.0,22.5,Milkshake (Syrup)-Cookies and Cream,1,Cold Drinks,7.2,3,LRG,7.2,2023-12-17 10:15:41,3.306975953679214,,,,,,,Skim,,,,,0.0
38404,234,0.0,22.5,Milkshake (Syrup)-Cookies and Cream,1,Cold Drinks,7.2,3,LRG,7.2,2023-12-10 09:47:33,3.306975953679214,,,,,,,Skim,,,,,0.0
37745,234,0.0,22.5,Milkshake (Syrup)-Vanilla,1,Cold Drinks,7.2,3,LRG,7.2,2023-11-19 09:49:06,3.306975953679214,,,,,,,Full Cream,,,,,0.0
37715,234,0.0,22.5,Milkshake (Syrup)-Cookies and Cream,1,Cold Drinks,7.2,3,LRG,7.2,2023-11-18 09:49:42,3.306975953679214,,,,,,,Skim,,,,,0.0
37535,234,0.0,22.5,Milkshake (Syrup)-Cookies and Cream,1,Cold Drinks,7.2,3,LRG,7.2,2023-11-12 09:21:01,3.306975953679214,,,,,,,Full Cream,,,,,0.0
37126,234,0.0,22.5,Milkshake (Syrup)-Cookies and Cream,1,Cold Drinks,7.2,3,LRG,7.2,2023-10-29 10:23:34,3.306975953679214,,,,,,,Full Cream,,,,,0.0
37096,234,0.0,22.5,Milkshake (Syrup)-Cookies and Cream,1,Cold Drinks,7.2,3,LRG,7.2,2023-10-28 09:46:34,3.306975953679214,,,,,,,Full Cream,,,,,0.0
36864,234,0.0,22.5,Milkshake (Syrup)-Cookies and Cream,1,Cold Drinks,7.2,3,LRG,7.2,2023-10-21 09:23:59,3.306975953679214,,,,,,,Skim,,,,,0.0
36623,234,0.0,22.5,Milkshake (Syrup)-Cookies and Cream,1,Cold Drinks,7.2,3,LRG,7.2,2023-10-14 10:25:38,3.306975953679214,,,,,,,Skim,,,,,0.0
35973,234,0.0,22.5,Milkshake (Syrup)-Cookies and Cream,1,Cold Drinks,7.2,3,LRG,7.2,2023-09-24 09:02:36,3.306975953679214,,,,,,,Skim,,,,,0.0
35094,234,0.0,22.5,Milkshake (Syrup)-Vanilla,1,Cold Drinks,7.2,3,LRG,7.2,2023-08-27 09:17:58,3.306975953679214,,,,,,,Skim,,,,,0.0
34640,234,0.0,22.5,Milkshake (Syrup)-Chocolate,1,Cold Drinks,7.2,3,LRG,7.2,2023-08-13 09:27:46,3.306975953679214,,,,,,,Skim,,,,,0.0
34610,234,0.0,22.5,Milkshake (Syrup)-Chocolate,1,Cold Drinks,7.2,3,LRG,7.2,2023-08-12 09:25:10,3.306975953679214,,,,,,,Skim,,,,,0.0
14970,864,0.0,35.3,Freshly Squeezed Juice-Orange,1,Cold Drinks,6.0,4,REG,6.0,2021-08-21 12:45:00,102.91074667455888,,,,,With Ice,"Orange, Celery, Carrot",,,,,,0.0
20933,1134,0.0,35.3,Iced Coffee with Cream,1,Cold Drinks,6.2,3,REG,5.5,2022-04-12 08:45:00,32.526911934581186,With Cream,Decaf,,0,,,Bonsoy,,Full,Vanilla,,0.7000000000000002
35255,1144,0.0,35.3,Iced Coffee with Cream,1,Cold Drinks,6.4,2,REG,5.9,2023-09-02 08:12:41,58.176580277235466,With Cream,Normal,,1,,,Full Cream,,Full,Vanilla,,0.5
35255,1144,0.0,35.3,Iced Chocolate with Cream,1,Cold Drinks,5.9,1,REG,5.9,2023-09-02 08:12:41,58.176580277235466,With Cream,,,0,,,Full Cream,,Full,,,0.0
6017,362,0.0,48.1,Thickshake (Syrup)-Chocolate,1,Cold Drinks,6.0,5,SML,6.0,2020-07-27 12:00:00,102.91074667455888,,,,,,,,,,,,0.0
28582,275,0.65,7.15,Freshly Squeezed Juice-Orange,1,Cold Drinks,6.5,1,REG,6.5,2023-01-26 11:02:47,9.182885244928025,,,,,With Ice,Orange,,,,,,0.0
25368,275,0.65,7.15,Freshly Squeezed Juice-Orange,1,Cold Drinks,6.5,1,REG,6.5,2022-09-23 07:35:03,9.182885244928025,,,,,With Ice,Orange,,,,,,0.0
25344,275,0.65,7.15,Freshly Squeezed Juice-Orange,1,Cold Drinks,6.5,1,REG,6.5,2022-09-22 07:32:47,9.182885244928025,,,,,With Ice,Orange,,,,,,0.0
25385,1050,0.65,7.15,Thickshake (Syrup)-Chocolate,1,Cold Drinks,6.5,1,SML,6.5,2022-09-23 10:18:31,267.26291674429257,,,,,,,,,,,,0.0
28501,1026,0.0,17.4,Freshly Squeezed Juice-Orange,1,Cold Drinks,6.5,3,REG,6.5,2023-01-23 08:43:09,24.170229622409465,,,,,With Ice,"Apple, Celery",,,,,,0.0
10469,9,0.0,17.4,Smoothie-Green Machine,1,Cold Drinks,7.6,3,REG,7.6,2021-02-07 09:26:07,6.703924063787684,,,,,,,,,,,,0.0
31991,270,0.0,17.4,Iced Coffee with Cream,1,Cold Drinks,5.7,2,REG,5.7,2023-05-21 07:58:31,499.110675769079,With Cream,Normal,,0,,,Full Cream,,Full,None,,0.0
36990,20,0.0,17.4,Milkshake (Syrup)-Chocolate,1,Cold Drinks,3.3,4,MINI,3.3,2023-10-25 08:50:49,15.937429912097317,,,,,,,Full Cream,,,,,0.0
36990,20,0.0,17.4,Ice Latte,1,Cold Drinks,5.7,3,REG,5.2,2023-10-25 08:50:49,15.937429912097317,,Normal,,1,,,Skim,,Full,None,,0.5
40416,1569,0.0,17.4,Iced Mocha with Cream,1,Cold Drinks,6.4,2,REG,6.4,2024-02-28 12:39:23,42.224149344643855,With Cream,Normal,,0,,,Full Cream,,Full,,,0.0
36901,1637,0.0,17.4,Iced Mocha with Cream,1,Cold Drinks,6.4,2,REG,6.4,2023-10-22 13:22:46,2.0,With Cream,Normal,,0,,,Full Cream,,Full,,,0.0
23419,172,0.0,17.4,Milkshake (Syrup)-Lime,1,Cold Drinks,3.9,3,SML,3.9,2022-07-17 10:05:50,5.2489316501187995,,,,,,,Full Cream,,,,,0.0
23419,172,0.0,17.4,Milkshake (Syrup)-Cookies and Cream,1,Cold Drinks,3.9,4,SML,3.9,2022-07-17 10:05:50,5.2489316501187995,,,,,,,Full Cream,,,,,0.0
13816,172,0.0,17.4,Milkshake (Syrup)-Vanilla,1,Cold Drinks,3.9,4,SML,3.9,2021-07-06 08:15:33,5.2489316501187995,,,,,,,Full Cream,,,,,0.0
17959,175,0.0,17.4,Milkshake (Syrup)-Chocolate,1,Cold Drinks,2.9,4,MINI,2.9,2021-12-03 08:45:19,10.277826498239987,,,,,,,Full Cream,,,,,0.0
17959,175,0.0,17.4,Milkshake (Syrup)-Strawberry,1,Cold Drinks,2.9,5,MINI,2.9,2021-12-03 08:45:19,10.277826498239987,,,,,,,Full Cream,,,,,0.0
15574,692,0.0,17.4,Milkshake (Syrup)-Strawberry,1,Cold Drinks,2.9,4,MINI,2.9,2021-09-11 11:30:00,23.069184676126802,,,,,,,Full Cream,,,,,0.0
15574,692,0.0,17.4,Freshly Squeezed Juice-Orange,1,Cold Drinks,6.0,1,REG,6.0,2021-09-11 11:30:00,23.069184676126802,,,,,With Ice,"Orange, Celery, Carrot",,,,,,0.0
7187,197,0.0,17.4,Milkshake (Syrup)-Chocolate,1,Cold Drinks,3.8,3,SML,3.8,2020-09-14 09:16:59,8.972684535279665,,,,,,,Full Cream,,,,,0.0
7187,197,0.0,17.4,Milkshake (Syrup)-Vanilla,1,Cold Drinks,3.8,4,SML,3.8,2020-09-14 09:16:59,8.972684535279665,,,,,,,Full Cream,,,,,0.0
33842,1253,0.0,17.4,Thickshake (Syrup)-Caramel,1,Cold Drinks,6.9,1,SML,6.9,2023-07-19 10:58:05,17.271483649803734,,,,,,,,,,,,0.0
33619,1253,0.0,17.4,Thickshake (Syrup)-Caramel,1,Cold Drinks,6.9,1,SML,6.9,2023-07-12 10:35:21,17.271483649803734,,,,,,,,,,,,0.0
32589,1253,0.0,17.4,Thickshake (Syrup)-Caramel,1,Cold Drinks,6.9,1,SML,6.9,2023-06-08 10:34:19,17.271483649803734,,,,,,,,,,,,0.0
32368,1253,0.0,17.4,Thickshake (Syrup)-Caramel,1,Cold Drinks,6.9,1,SML,6.9,2023-06-01 10:03:16,17.271483649803734,,,,,,,,,,,,0.0
30614,1253,0.0,17.4,Thickshake (Syrup)-Caramel,1,Cold Drinks,6.9,1,SML,6.9,2023-04-05 10:56:24,17.271483649803734,,,,,,,,,,,,0.0
23077,234,0.0,17.4,Milkshake (Syrup)-Cookies and Cream,1,Cold Drinks,2.9,3,MINI,2.9,2022-07-03 09:00:54,3.306975953679214,,,,,,,Skim,,,,,0.0
28255,1144,0.0,30.2,Ice Latte,1,Cold Drinks,6.0,2,REG,5.0,2023-01-13 12:04:32,58.176580277235466,,Normal,,0,,,Oat Milk,,Full,Vanilla,,1.0
26265,1144,0.0,30.2,Smoothie-Banana Buzz,1,Cold Drinks,7.6,2,REG,7.6,2022-10-26 12:31:49,58.176580277235466,,,,,,,,,,,,0.0
6286,381,0.0,30.2,Ice Latte,1,Cold Drinks,5.2,1,REG,4.5,2020-08-09 09:26:22,12.701705922171767,,Normal,,0,,,Almond,,Full,None,,0.7000000000000002
6286,381,0.0,30.2,Thickshake (Syrup)-Chocolate,1,Cold Drinks,6.0,4,SML,6.0,2020-08-09 09:26:22,12.701705922171767,,,,,,,,,,,,0.0
34175,79,0.0,68.6,Milkshake (Syrup)-Strawberry,1,Cold Drinks,5.2,3,SML,5.2,2023-07-29 11:51:47,44.926900403068,,,,,,,Full Cream,,,,,0.0
34289,771,0.0,12.3,Iced Coffee with Cream,1,Cold Drinks,6.9,2,REG,5.9,2023-08-02 08:52:24,64.57491273581955,No Cream,Normal,,0,,,Oat Milk,,Full,None,,1.0
9699,20,0.0,12.3,Ice Latte,1,Cold Drinks,5.0,4,REG,4.5,2020-12-20 10:35:15,15.937429912097317,,Normal,,1,,,Skim,,Full,None,,0.5
8261,20,0.0,12.3,Ice Latte,1,Cold Drinks,5.0,4,REG,4.5,2020-10-22 09:11:11,15.937429912097317,,Normal,,1,,,Skim,,Full,None,,0.5
5864,20,0.0,12.3,Ice Latte,1,Cold Drinks,5.0,4,REG,4.5,2020-07-20 08:53:11,15.937429912097317,,Normal,,1,,,Skim,,Full,None,,0.5
5415,20,0.0,12.3,Ice Latte,1,Cold Drinks,5.0,4,REG,4.5,2020-06-22 15:04:26,15.937429912097317,,Normal,,1,,,Skim,,Full,None,,0.5
4859,20,0.0,12.3,Ice Latte,1,Cold Drinks,5.0,4,REG,4.5,2020-05-13 11:36:03,15.937429912097317,,Normal,,1,,,Skim,,Full,None,,0.5
4017,20,0.0,12.3,Ice Latte,1,Cold Drinks,5.0,4,REG,4.5,2020-01-02 07:49:46,15.937429912097317,,Normal,,1,,,Skim,,Full,None,,0.5
30785,49,0.0,12.3,Milkshake (Syrup)-Chocolate,1,Cold Drinks,4.5,3,SML,4.5,2023-04-12 11:23:36,5.6913721453400745,,,,,,,Full Cream,,,,,0.0
37513,324,0.0,12.3,Iced Coffee with Cream,1,Cold Drinks,6.9,2,REG,5.9,2023-11-11 09:53:29,21.399972119696923,No Cream,Normal,,0,,,Oat Milk,,Full,None,,1.0
35984,324,0.0,12.3,Iced Coffee with Cream,1,Cold Drinks,6.9,2,REG,5.9,2023-09-24 10:39:43,21.399972119696923,No Cream,Normal,,0,,,Oat Milk,,Full,None,,1.0
35405,324,0.0,12.3,Iced Coffee with Cream,1,Cold Drinks,6.9,2,REG,5.9,2023-09-06 11:04:49,21.399972119696923,No Cream,Normal,,0,,,Oat Milk,,Full,None,,1.0
35311,324,0.0,12.3,Iced Coffee with Cream,1,Cold Drinks,6.9,2,REG,5.9,2023-09-03 12:04:36,21.399972119696923,No Cream,Normal,,0,,,Oat Milk,,Full,None,,1.0
35078,324,0.0,12.3,Iced Coffee with Cream,1,Cold Drinks,6.9,2,REG,5.9,2023-08-26 10:37:32,21.399972119696923,No Cream,Normal,,0,,,Oat Milk,,Full,None,,1.0
34518,324,0.0,12.3,Iced Coffee with Cream,1,Cold Drinks,6.9,2,REG,5.9,2023-08-09 12:26:04,21.399972119696923,No Cream,Normal,,0,,,Oat Milk,,Full,None,,1.0
34360,324,0.0,12.3,Iced Coffee with Cream,1,Cold Drinks,6.9,2,REG,5.9,2023-08-04 14:11:58,21.399972119696923,No Cream,Normal,,0,,,Oat Milk,,Full,None,,1.0
12354,705,0.0,12.3,Smoothie-Koko Berries,1,Cold Drinks,7.6,2,REG,7.6,2021-05-08 09:22:37,102.91074667455888,,,,,,,,,,,,0.0
35761,1027,0.0,25.1,Ice Latte,1,Cold Drinks,5.2,4,REG,5.2,2023-09-17 09:27:29,74.56256748924513,,Normal,,0,,,Full Cream,,Full,None,,0.0
13534,740,0.0,25.1,Freshly Squeezed Juice-Orange,1,Cold Drinks,6.5,2,REG,6.0,2021-06-23 09:02:10,472.551937180807,,,,,With Ice,"Orange, Apple, Carrot, Ginger",,,,,,0.5
13534,740,0.0,25.1,Milkshake (Syrup)-Chocolate,1,Cold Drinks,2.9,3,MINI,2.9,2021-06-23 09:02:10,472.551937180807,,,,,,,Full Cream,,,,,0.0
13534,740,0.0,25.1,Milkshake (Syrup)-Chocolate,1,Cold Drinks,2.9,4,MINI,2.9,2021-06-23 09:02:10,472.551937180807,,,,,,,Full Cream,,,,,0.0
35302,1017,0.0,25.1,Smoothie-Koko Berries,1,Cold Drinks,8.5,4,REG,8.5,2023-09-03 10:08:07,44.7730470925372,,,,,,,,,,,,0.0
34998,288,0.0,37.9,Smoothie-Mango Magic,1,Cold Drinks,8.5,2,REG,8.5,2023-08-24 13:12:46,33.10473998574539,,,,,,,,,,,,0.0
34998,288,0.0,37.9,Iced Coffee with Cream,1,Cold Drinks,5.9,1,REG,5.9,2023-08-24 13:12:46,33.10473998574539,With Cream,Normal,,0,,,Full Cream,,Full,Vanilla,,0.0
15055,867,0.0,37.9,Thickshake (Syrup)-Chocolate,1,Cold Drinks,8.0,4,LRG,8.0,2021-08-24 11:41:55,137.05619285533945,,,,,,,,,,,,0.0
15055,867,0.0,37.9,Thickshake (Syrup)-Chocolate,1,Cold Drinks,6.0,5,SML,6.0,2021-08-24 11:41:55,137.05619285533945,,,,,,,,,,,,0.0
36424,391,0.0,37.9,Iced Coffee with Cream,1,Cold Drinks,5.9,2,REG,5.9,2023-10-08 13:12:32,186.28197264720313,With Cream,Normal,,0,,,Skim,,Full,None,,0.0
39945,1297,0.0,7.2,Milkshake (Syrup)-Chocolate,1,Cold Drinks,7.2,1,LRG,7.2,2024-02-13 15:17:58,11.608704721735998,,,,,,,Full Cream,,,,,0.0
40123,275,0.0,7.2,Freshly Squeezed Juice-Orange,1,Cold Drinks,7.2,1,REG,7.2,2024-02-19 07:07:45,9.182885244928025,,,,,With Ice,Orange,,,,,,0.0
39987,275,0.0,7.2,Freshly Squeezed Juice-Orange,1,Cold Drinks,7.2,1,REG,7.2,2024-02-15 06:52:11,9.182885244928025,,,,,With Ice,Orange,,,,,,0.0
39827,275,0.0,7.2,Freshly Squeezed Juice-Orange,1,Cold Drinks,7.2,1,REG,7.2,2024-02-09 07:36:17,9.182885244928025,,,,,With Ice,Orange,,,,,,0.0
39689,275,0.0,7.2,Freshly Squeezed Juice-Orange,1,Cold Drinks,7.2,1,REG,7.2,2024-02-05 07:29:58,9.182885244928025,,,,,With Ice,Orange,,,,,,0.0
39595,275,0.0,7.2,Freshly Squeezed Juice-Orange,1,Cold Drinks,7.2,1,REG,7.2,2024-02-02 07:05:51,9.182885244928025,,,,,With Ice,Orange,,,,,,0.0
39578,275,0.0,7.2,Freshly Squeezed Juice-Orange,1,Cold Drinks,7.2,1,REG,7.2,2024-02-01 07:36:09,9.182885244928025,,,,,With Ice,Orange,,,,,,0.0
39379,275,0.0,7.2,Freshly Squeezed Juice-Orange,1,Cold Drinks,7.2,1,REG,7.2,2024-01-25 06:01:05,9.182885244928025,,,,,With Ice,Orange,,,,,,0.0
39042,275,0.0,7.2,Freshly Squeezed Juice-Orange,1,Cold Drinks,7.2,1,REG,7.2,2024-01-12 07:15:05,9.182885244928025,,,,,With Ice,Orange,,,,,,0.0
38769,275,0.0,7.2,Freshly Squeezed Juice-Orange,1,Cold Drinks,7.2,1,REG,7.2,2023-12-22 05:54:27,9.182885244928025,,,,,With Ice,Orange,,,,,,0.0
38640,275,0.0,7.2,Freshly Squeezed Juice-Orange,1,Cold Drinks,7.2,1,REG,7.2,2023-12-18 06:57:34,9.182885244928025,,,,,With Ice,Orange,,,,,,0.0
38554,275,0.0,7.2,Freshly Squeezed Juice-Orange,1,Cold Drinks,7.2,1,REG,7.2,2023-12-15 07:47:49,9.182885244928025,,,,,With Ice,Orange,,,,,,0.0
38515,275,0.0,7.2,Freshly Squeezed Juice-Orange,1,Cold Drinks,7.2,1,REG,7.2,2023-12-14 06:24:04,9.182885244928025,,,,,With Ice,Orange,,,,,,0.0
38457,275,0.0,7.2,Freshly Squeezed Juice-Orange,1,Cold Drinks,7.2,1,REG,7.2,2023-12-12 08:06:47,9.182885244928025,,,,,With Ice,Orange,,,,,,0.0
38338,275,0.0,7.2,Freshly Squeezed Juice-Orange,1,Cold Drinks,7.2,1,REG,7.2,2023-12-08 08:21:02,9.182885244928025,,,,,With Ice,Orange,,,,,,0.0
37470,275,0.0,7.2,Freshly Squeezed Juice-Orange,1,Cold Drinks,7.2,1,REG,7.2,2023-11-10 08:07:05,9.182885244928025,,,,,With Ice,Orange,,,,,,0.0
36855,275,0.0,7.2,Freshly Squeezed Juice-Orange,1,Cold Drinks,7.2,1,REG,7.2,2023-10-21 08:18:25,9.182885244928025,,,,,With Ice,Orange,,,,,,0.0
36821,275,0.0,7.2,Freshly Squeezed Juice-Orange,1,Cold Drinks,7.2,1,REG,7.2,2023-10-20 07:48:14,9.182885244928025,,,,,With Ice,Orange,,,,,,0.0
36739,275,0.0,7.2,Freshly Squeezed Juice-Orange,1,Cold Drinks,7.2,1,REG,7.2,2023-10-18 07:06:20,9.182885244928025,,,,,With Ice,Orange,,,,,,0.0
36606,275,0.0,7.2,Freshly Squeezed Juice-Orange,1,Cold Drinks,7.2,1,REG,7.2,2023-10-14 08:40:24,9.182885244928025,,,,,With Ice,Orange,,,,,,0.0
36328,275,0.0,7.2,Freshly Squeezed Juice-Orange,1,Cold Drinks,7.2,1,REG,7.2,2023-10-06 06:31:36,9.182885244928025,,,,,With Ice,Orange,,,,,,0.0
35684,275,0.0,7.2,Freshly Squeezed Juice-Orange,1,Cold Drinks,7.2,1,REG,7.2,2023-09-15 07:18:08,9.182885244928025,,,,,With Ice,Orange,,,,,,0.0
35327,275,0.0,7.2,Freshly Squeezed Juice-Orange,1,Cold Drinks,7.2,1,REG,7.2,2023-09-04 07:50:51,9.182885244928025,,,,,With Ice,Orange,,,,,,0.0
16127,20,0.0,7.2,Milkshake (Syrup)-Chocolate,1,Cold Drinks,2.9,2,MINI,2.9,2021-09-29 10:31:26,15.937429912097317,,,,,,,Full Cream,,,,,0.0
12099,20,0.0,7.2,Milkshake (Syrup)-Chocolate,1,Cold Drinks,2.9,2,MINI,2.9,2021-04-27 09:38:14,15.937429912097317,,,,,,,Full Cream,,,,,0.0
31304,541,0.0,7.2,Iced Mocha with Cream,1,Cold Drinks,7.2,1,REG,6.2,2023-04-29 15:01:27,72.33584156997668,With Cream,Normal,,0,,,Oat Milk,,Full,,,1.0
39005,559,0.0,7.2,Milkshake (Syrup)-Chocolate,1,Cold Drinks,7.2,1,LRG,7.2,2024-01-10 10:47:24,208.97208745029403,,,,,,,Full Cream,,,,,0.0
34136,559,0.0,7.2,Milkshake (Syrup)-Chocolate,1,Cold Drinks,7.2,1,LRG,7.2,2023-07-28 10:50:43,208.97208745029403,,,,,,,Full Cream,,,,,0.0
35757,870,0.0,7.2,Freshly Squeezed Juice-Orange,1,Cold Drinks,7.2,1,REG,7.2,2023-09-17 09:04:07,218.74886666373078,,,,,With Ice,"Lemon, Celery",,,,,,0.0
8098,520,0.0,20.0,Freshly Squeezed Juice-Orange,1,Cold Drinks,6.0,2,REG,6.0,2020-10-17 12:32:06,102.91074667455888,,,,,With Ice,"Orange, Lemon, Apple",,,,,,0.0
5260,268,0.0,20.0,Iced Chocolate with Cream,1,Cold Drinks,5.0,2,REG,5.0,2020-06-12 10:00:11,86.00495109529,With Cream,,,0,,,Skim,,Full,,,0.0
5260,268,0.0,20.0,Iced Chocolate with Cream,1,Cold Drinks,5.0,3,REG,5.0,2020-06-12 10:00:11,86.00495109529,With Cream,,,0,,,Skim,,Full,,,0.0
5260,268,0.0,20.0,Iced Chocolate with Cream,1,Cold Drinks,5.0,4,REG,5.0,2020-06-12 10:00:11,86.00495109529,With Cream,,,0,,,Skim,,Full,,,0.0
27173,788,0.0,20.0,Thickshake (Syrup)-Chocolate,1,Cold Drinks,9.0,1,LRG,9.0,2022-11-26 09:22:33,248.71957818279722,,,,,,,,,,,,0.0
16254,42,0.0,20.0,Iced Mocha with Cream,1,Cold Drinks,6.0,1,REG,6.0,2021-10-03 10:38:33,103.99667852237637,With Cream,Normal,,0,,,Skim,,Full,,,0.0
16254,42,0.0,20.0,Iced Mocha with Cream,1,Cold Drinks,6.0,2,REG,6.0,2021-10-03 10:38:33,103.99667852237637,With Cream,Normal,,0,,,Full Cream,,Full,,,0.0
14699,814,0.0,20.0,Iced Coffee with Cream,1,Cold Drinks,5.5,2,REG,5.5,2021-08-11 10:17:22,144.56895356950722,No Cream,Normal,,0,,,Full Cream,,Full,Vanilla,,0.0
20114,1104,0.0,20.0,Thickshake (Syrup)-Vanilla,1,Cold Drinks,6.0,1,SML,6.0,2022-03-11 15:45:00,102.91074667455888,,,,,,,,,,,,0.0
20114,1104,0.0,20.0,Thickshake (Syrup)-Spearmint,1,Cold Drinks,6.0,2,SML,6.0,2022-03-11 15:45:00,102.91074667455888,,,,,,,,,,,,0.0
10736,351,0.0,20.0,Milkshake (Syrup)-Vanilla,1,Cold Drinks,2.9,2,MINI,2.9,2021-02-19 13:09:41,15.749687649741688,,,,,,,Full Cream,,,,,0.0
10736,351,0.0,20.0,Milkshake (Syrup)-Vanilla,1,Cold Drinks,2.9,3,MINI,2.9,2021-02-19 13:09:41,15.749687649741688,,,,,,,Full Cream,,,,,0.0
10736,351,0.0,20.0,Milkshake (Syrup)-Vanilla,1,Cold Drinks,2.9,4,MINI,2.9,2021-02-19 13:09:41,15.749687649741688,,,,,,,Full Cream,,,,,0.0
16957,391,0.0,20.0,Iced Coffee with Cream,1,Cold Drinks,6.0,1,REG,5.5,2021-10-27 12:00:23,186.28197264720313,With Cream,Normal,,1,,,Skim,,Full,Vanilla,,0.5
9924,404,0.0,20.0,Freshly Squeezed Juice-Orange,1,Cold Drinks,6.0,1,REG,6.0,2021-01-09 10:19:12,155.17930076081467,,,,,With Ice,Orange,,,,,,0.0
33163,446,0.0,20.0,Smoothie-Mango Magic,1,Cold Drinks,7.6,3,REG,7.6,2023-06-27 15:15:41,6.801133915060578,,,,,,,,,,,,0.0
15367,228,0.0,20.0,Milkshake (Syrup)-Caramel,1,Cold Drinks,2.9,5,MINI,2.9,2021-09-04 11:15:19,142.2871211013458,,,,,,,Full Cream,,,,,0.0
3316,5,0.0,32.8,Freshly Squeezed Juice-Orange,1,Cold Drinks,7.5,3,REG,6.0,2019-05-26 07:00:00,159.94181122746923,,,,,No Ice,"Orange, Lemon, Apple, Celery, Carrot, Ginger, Beetroot",,,,,,1.5
3316,5,0.0,32.8,Milkshake (Syrup)-Butterscotch,1,Cold Drinks,6.0,4,REG,6.0,2019-05-26 07:00:00,159.94181122746923,,,,,,,Full Cream,,,,,0.0
15163,165,0.0,32.8,Coffee Milkshake,1,Cold Drinks,6.0,1,REG,6.0,2021-08-28 10:50:04,138.46479697020467,,Normal,,0,,,Full Cream,,Full,,,0.0
5289,177,0.0,32.8,Freshly Squeezed Juice-Orange,1,Cold Drinks,6.0,2,REG,6.0,2020-06-14 10:23:07,187.55969716332987,,,,,With Ice,"Orange, Lemon, Apple",,,,,,0.0
5289,177,0.0,32.8,Freshly Squeezed Juice-Orange,1,Cold Drinks,6.0,3,REG,6.0,2020-06-14 10:23:07,187.55969716332987,,,,,With Ice,"Orange, Lemon, Apple",,,,,,0.0
38290,197,0.0,32.8,Smoothie-Koko Berries,2,Cold Drinks,17.0,4,REG,8.5,2023-12-06 09:54:44,8.972684535279665,,,,,,,,,,,,0.0
37944,1241,0.0,32.8,Milkshake (Syrup)-Vanilla,1,Cold Drinks,5.2,4,SML,5.2,2023-11-25 11:10:23,102.91074667455888,,,,,,,Skim,,,,,0.0
37944,1241,0.0,32.8,Smoothie-Koko Berries,1,Cold Drinks,8.5,5,REG,8.5,2023-11-25 11:10:23,102.91074667455888,,,,,,,,,,,,0.0
9030,351,0.0,45.6,Milkshake (Syrup)-Vanilla,1,Cold Drinks,2.5,8,MINI,2.5,2020-11-22 10:09:24,15.749687649741688,,,,,,,Full Cream,,,,,0.0
9030,351,0.0,45.6,Milkshake (Syrup)-Vanilla,1,Cold Drinks,2.5,9,MINI,2.5,2020-11-22 10:09:24,15.749687649741688,,,,,,,Full Cream,,,,,0.0
32370,1148,0.0,45.6,Thickshake (Syrup)-Lime,1,Cold Drinks,6.9,7,SML,6.9,2023-06-01 10:29:19,21.754424527504998,,,,,,,,,,,,0.0
32370,1148,0.0,45.6,Milkshake (Syrup)-Lime,1,Cold Drinks,4.5,6,SML,4.5,2023-06-01 10:29:19,21.754424527504998,,,,,,,Full Cream,,,,,0.0
31146,146,0.0,58.4,Milkshake (Syrup)-Chocolate,1,Cold Drinks,6.5,5,LRG,6.5,2023-04-24 12:15:14,218.5940613016823,,,,,,,Full Cream,,,,,0.0
31146,146,0.0,58.4,Ice Latte,1,Cold Drinks,5.0,4,REG,5.0,2023-04-24 12:15:14,218.5940613016823,,Normal,,0,,,Skim,,Half,Vanilla,,0.0
13282,42,0.0,14.9,Milkshake (Syrup)-Chocolate,1,Cold Drinks,6.0,2,LRG,6.0,2021-06-13 10:44:07,103.99667852237637,,,,,,,Full Cream,,,,,0.0
34326,67,0.0,14.9,Freshly Squeezed Juice-Orange,1,Cold Drinks,7.7,1,REG,7.2,2023-08-03 13:07:44,49.80813085628067,,,,,With Ice,"Lemon, Ginger",,,,,,0.5
34326,67,0.0,14.9,Freshly Squeezed Juice-Orange,1,Cold Drinks,7.2,2,REG,7.2,2023-08-03 13:07:44,49.80813085628067,,,,,With Ice,Orange,,,,,,0.0
14173,642,0.0,14.9,Milkshake (Syrup)-Banana,1,Cold Drinks,6.0,2,LRG,6.0,2021-07-21 13:15:00,129.8272536468121,,,,,,,Full Cream,,,,,0.0
28773,151,0.0,14.9,Iced Coffee with Cream,1,Cold Drinks,5.7,2,REG,5.7,2023-02-03 09:52:57,500.76647917633886,No Cream,Normal,,0,,,Full Cream,,Full,Vanilla,,0.0
33818,1444,0.0,14.9,Smoothie-Banana Buzz,1,Cold Drinks,7.6,3,REG,7.6,2023-07-19 07:27:59,28.269114898469265,,,,,,,,,,,,0.0
36054,175,0.0,14.9,Smoothie-Mango Magic,1,Cold Drinks,8.5,2,REG,8.5,2023-09-26 09:09:12,10.277826498239987,,,,,,,,,,,,0.0
38383,451,0.0,14.9,Iced Coffee with Cream,1,Cold Drinks,5.9,1,REG,5.9,2023-12-09 10:18:39,62.44086395645575,With Cream,Normal,,0,,,Skim,,Full,Vanilla,,0.0
16406,223,0.0,14.9,Milkshake (Syrup)-Chocolate,1,Cold Drinks,2.9,2,MINI,2.9,2021-10-08 11:29:35,32.77916866786114,,,,,,,Full Cream,,,,,0.0
16406,223,0.0,14.9,Milkshake (Syrup)-Chocolate,1,Cold Drinks,2.9,3,MINI,2.9,2021-10-08 11:29:35,32.77916866786114,,,,,,,Full Cream,,,,,0.0
4946,72,0.0,27.7,Milkshake (Syrup)-Lime,1,Cold Drinks,3.8,3,SML,3.8,2020-05-19 10:30:00,364.2651049258859,,,,,,,Full Cream,,,,,0.0
12068,351,0.0,27.7,Milkshake (Syrup)-Strawberry,1,Cold Drinks,2.9,4,MINI,2.9,2021-04-26 08:43:47,15.749687649741688,,,,,,,Full Cream,,,,,0.0
12068,351,0.0,27.7,Milkshake (Syrup)-Strawberry,1,Cold Drinks,2.9,5,MINI,2.9,2021-04-26 08:43:47,15.749687649741688,,,,,,,Full Cream,,,,,0.0
12068,351,0.0,27.7,Milkshake (Syrup)-Strawberry,1,Cold Drinks,2.9,6,MINI,2.9,2021-04-26 08:43:47,15.749687649741688,,,,,,,Full Cream,,,,,0.0
30522,704,0.0,27.7,Milkshake (Syrup)-Vanilla,1,Cold Drinks,6.5,3,LRG,6.5,2023-04-02 09:15:54,199.9233186332533,,,,,,,Skim,,,,,0.0
25475,1223,0.0,40.5,Iced Chocolate with Cream,1,Cold Drinks,5.5,2,REG,5.5,2022-09-27 07:09:44,25.1555162936482,With Cream,,,0,,,Full Cream,,Full,,,0.0
15797,890,0.0,53.3,Ice Chai,1,Cold Drinks,6.5,4,REG,6.0,2021-09-18 14:10:49,118.40101350917567,,,,1,,,Full Cream,,Full,,,0.5
15797,890,0.0,53.3,Smoothie-Green Machine,1,Cold Drinks,7.6,5,REG,7.6,2021-09-18 14:10:49,118.40101350917567,,,,,,,,,,,,0.0
20888,146,0.0,53.3,Iced Coffee with Cream,1,Cold Drinks,5.5,4,REG,5.5,2022-04-10 09:45:25,218.5940613016823,With Cream,Normal,,0,,,Skim,,Half,Vanilla,,0.0
29414,1144,0.0,66.1,Iced Coffee with Cream,2,Cold Drinks,14.4,2,REG,5.7,2023-02-25 11:15:00,58.176580277235466,With Cream,Normal,,1,,,Oat Milk,,Full,Vanilla,,1.5
29414,1144,0.0,66.1,Milkshake (Syrup)-Chocolate,1,Cold Drinks,6.5,3,LRG,6.5,2023-02-25 11:15:00,58.176580277235466,,,,,,,Skim,,,,,0.0
15392,127,0.0,66.1,Iced Coffee with Cream,1,Cold Drinks,5.5,5,REG,5.5,2021-09-05 09:36:24,77.04087019928528,With Cream,Normal,,0,,,Full Cream,,Half,Vanilla,,0.0
15392,127,0.0,66.1,Thickshake (Syrup)-Chocolate,1,Cold Drinks,6.0,6,SML,6.0,2021-09-05 09:36:24,77.04087019928528,,,,,,,,,,,,0.0
25401,1026,0.0,9.8,Milkshake (Syrup)-Strawberry,1,Cold Drinks,3.9,3,SML,3.9,2022-09-24 08:27:26,24.170229622409465,,,,,,,Full Cream,,,,,0.0
8719,42,0.0,9.8,Iced Mocha with Cream,1,Cold Drinks,5.5,1,REG,5.5,2020-11-08 11:24:46,103.99667852237637,With Cream,Normal,,0,,,Full Cream,,Full,,,0.0
21993,1107,0.0,9.8,Ice Latte,1,Cold Drinks,4.8,1,REG,4.8,2022-05-23 12:39:25,30.252902261404525,,Normal,,0,,,Full Cream,,Half,None,,0.0
19268,387,0.0,9.8,Iced Chocolate with Cream,1,Cold Drinks,5.5,1,REG,5.5,2022-02-09 07:58:30,89.20540707357817,With Cream,,,0,,,Full Cream,,Full,,,0.0
5094,174,0.0,9.8,Iced Coffee with Cream,1,Cold Drinks,5.0,1,REG,5.0,2020-05-30 11:42:41,25.02950639697456,With Cream,Decaf,,0,,,Full Cream,,Full,Vanilla,,0.0
12524,521,0.0,22.6,Smoothie-Banana Buzz,1,Cold Drinks,7.6,3,REG,7.6,2021-05-14 13:15:30,185.75564229728337,,,,,,,,,,,,0.0
29196,1148,0.0,22.6,Iced Chocolate with Cream,1,Cold Drinks,5.7,1,REG,5.7,2023-02-18 09:57:10,21.754424527504998,No Cream,,,0,,,Full Cream,,Half,,,0.0
29196,1148,0.0,22.6,Milkshake (Syrup)-Vanilla,1,Cold Drinks,4.5,3,SML,4.5,2023-02-18 09:57:10,21.754424527504998,,,,,,,Full Cream,,,,,0.0
37514,172,0.0,22.6,Freshly Squeezed Juice-Carrot,1,Cold Drinks,7.7,1,REG,7.2,2023-11-11 10:04:03,5.2489316501187995,,,,,With Ice,"Lemon, Celery, Ginger",,,,,,0.5
37434,172,0.0,22.6,Freshly Squeezed Juice-Carrot,1,Cold Drinks,7.7,1,REG,7.2,2023-11-09 08:09:06,5.2489316501187995,,,,,With Ice,"Lemon, Celery, Ginger",,,,,,0.5
37236,172,0.0,22.6,Freshly Squeezed Juice-Carrot,1,Cold Drinks,7.7,1,REG,7.2,2023-11-02 07:21:04,5.2489316501187995,,,,,With Ice,"Lemon, Celery, Ginger",,,,,,0.5
32616,172,0.0,22.6,Iced Chocolate with Cream,2,Cold Drinks,12.4,1,REG,5.7,2023-06-09 09:37:36,5.2489316501187995,No Cream,,,0,,,Lactose Free,,Full,,,0.5
32616,172,0.0,22.6,Milkshake (Syrup)-Lime,1,Cold Drinks,4.5,3,SML,4.5,2023-06-09 09:37:36,5.2489316501187995,,,,,,,Full Cream,,,,,0.0
9895,172,0.0,22.6,Milkshake (Syrup)-Lime,1,Cold Drinks,3.9,1,SML,3.9,2021-01-07 11:44:21,5.2489316501187995,,,,,,,Full Cream,,,,,0.0
9895,172,0.0,22.6,Milkshake (Syrup)-Lime,1,Cold Drinks,3.9,2,SML,3.9,2021-01-07 11:44:21,5.2489316501187995,,,,,,,Full Cream,,,,,0.0
6926,432,0.0,22.6,Smoothie-Mango Magic,1,Cold Drinks,7.6,3,REG,7.6,2020-09-04 13:00:00,128.69343417595164,,,,,,,,,,,,0.0
27859,228,0.0,22.6,Smoothie-Mango Magic,1,Cold Drinks,7.6,4,REG,7.6,2022-12-18 10:13:13,142.2871211013458,,,,,,,,,,,,0.0
29842,234,0.0,22.6,Milkshake (Syrup)-Cookies and Cream,1,Cold Drinks,6.5,3,LRG,6.5,2023-03-11 09:13:58,3.306975953679214,,,,,,,Full Cream,,,,,0.0
14991,754,0.0,22.6,Milkshake (Syrup)-Vanilla,1,Cold Drinks,6.0,3,LRG,6.0,2021-08-22 10:28:47,5.580993662182695,,,,,,,Full Cream,,,,,0.0
14991,754,0.0,22.6,Thickshake (Syrup)-Cookies and Cream,1,Cold Drinks,8.0,4,LRG,8.0,2021-08-22 10:28:47,5.580993662182695,,,,,,,,,,,,0.0
14893,20,0.0,35.4,Milkshake (Syrup)-Chocolate,1,Cold Drinks,2.9,3,MINI,2.9,2021-08-19 08:41:05,15.937429912097317,,,,,,,Full Cream,,,,,0.0
14893,20,0.0,35.4,Freshly Squeezed Juice-Orange,1,Cold Drinks,6.5,2,REG,6.0,2021-08-19 08:41:05,15.937429912097317,,,,,With Ice,"Apple, Carrot, Ginger",,,,,,0.5
20282,1054,0.0,48.2,Iced Chocolate with Cream,1,Cold Drinks,6.0,4,REG,5.5,2022-03-18 12:45:00,216.788683591495,With Cream,,,0,,,Lactose Free,,Full,,,0.5
20282,1054,0.0,48.2,Thickshake (Syrup)-Chocolate,1,Cold Drinks,8.5,5,LRG,8.5,2022-03-18 12:45:00,216.788683591495,,,,,,,,,,,,0.0
28384,575,0.0,17.5,Freshly Squeezed Juice-Orange,1,Cold Drinks,7.0,1,REG,6.5,2023-01-19 07:39:55,76.78296157615826,,,,,With Ice,"Orange, Apple, Carrot, Ginger",,,,,,0.5
19739,845,0.0,17.5,Thickshake (Syrup)-Strawberry,1,Cold Drinks,8.5,1,LRG,8.5,2022-02-26 10:38:28,102.91074667455888,,,,,,,,,,,,0.0
9874,602,0.0,17.5,Ice Chai,1,Cold Drinks,6.7,3,REG,6.0,2021-01-06 10:58:20,102.91074667455888,,,,0,,,Almond,,Full,,,0.7000000000000002
10546,97,0.0,17.5,Smoothie-Green Machine,1,Cold Drinks,7.6,2,REG,7.6,2021-02-10 11:55:51,200.60871004384268,,,,,,,,,,,,0.0
15056,627,0.0,17.5,Smoothie-Mango Magic,1,Cold Drinks,7.6,2,REG,7.6,2021-08-24 12:45:00,102.91074667455888,,,,,,,,,,,,0.0
24608,651,0.0,17.5,Freshly Squeezed Juice-Orange,1,Cold Drinks,7.5,2,REG,6.5,2022-08-28 08:00:00,12.04302822937506,,,,,With Ice,"Orange, Lemon, Apple, Celery, Carrot, Ginger, Beetroot",,,,,,1.0
9841,421,0.0,17.5,Freshly Squeezed Juice-Orange,1,Cold Drinks,6.5,1,REG,6.0,2021-01-05 07:56:41,32.56254897822951,,,,,With Ice,"Orange, Apple, Celery, Carrot, Ginger",,,,,,0.5
9841,421,0.0,17.5,Iced Mocha with Cream,1,Cold Drinks,6.5,2,REG,6.0,2021-01-05 07:56:41,32.56254897822951,No Cream,Normal,,0,,,Soy,,Half,,,0.5
33128,166,0.0,17.5,Milkshake (Syrup)-Lime,1,Cold Drinks,4.5,2,SML,4.5,2023-06-26 10:39:24,80.17974459831028,,,,,,,Full Cream,,,,,0.0
33128,166,0.0,17.5,Milkshake (Syrup)-Blue Heaven,1,Cold Drinks,4.5,3,SML,4.5,2023-06-26 10:39:24,80.17974459831028,,,,,,,Full Cream,,,,,0.0
33128,166,0.0,17.5,Milkshake (Syrup)-Cookies and Cream,1,Cold Drinks,4.5,4,SML,4.5,2023-06-26 10:39:24,80.17974459831028,,,,,,,Full Cream,,,,,0.0
27036,426,0.0,17.5,Freshly Squeezed Juice-Orange,1,Cold Drinks,6.5,1,REG,6.5,2022-11-22 08:35:47,366.8509493617525,,,,,With Ice,Orange,,,,,,0.0
26891,426,0.0,17.5,Freshly Squeezed Juice-Orange,1,Cold Drinks,6.5,1,REG,6.5,2022-11-17 08:33:44,366.8509493617525,,,,,With Ice,Orange,,,,,,0.0
40406,175,0.0,17.5,Milkshake (Syrup)-Blue Heaven,1,Cold Drinks,3.3,2,MINI,3.3,2024-02-28 08:57:36,10.277826498239987,,,,,,,Full Cream,,,,,0.0
40064,175,0.0,17.5,Milkshake (Syrup)-Caramel,1,Cold Drinks,3.3,2,MINI,3.3,2024-02-17 09:11:38,10.277826498239987,,,,,,,Full Cream,,,,,0.0
14053,175,0.0,17.5,Milkshake (Syrup)-Banana,1,Cold Drinks,2.9,2,MINI,2.9,2021-07-16 10:36:10,10.277826498239987,,,,,,,Full Cream,,,,,0.0
14053,175,0.0,17.5,Milkshake (Syrup)-Lime,1,Cold Drinks,2.9,3,MINI,2.9,2021-07-16 10:36:10,10.277826498239987,,,,,,,Full Cream,,,,,0.0
32630,1463,0.0,17.5,Smoothie-Green Machine,1,Cold Drinks,7.6,3,REG,7.6,2023-06-10 07:57:17,1.6209896585867094,,,,,,,,,,,,0.0
33352,446,0.0,17.5,Milkshake (Syrup)-Chocolate,1,Cold Drinks,2.9,3,MINI,2.9,2023-07-03 10:06:28,6.801133915060578,,,,,,,Full Cream,,,,,0.0
7708,198,0.0,17.5,Smoothie-Koko Berries,1,Cold Drinks,7.6,2,REG,7.6,2020-10-03 13:45:00,62.13855485928201,,,,,,,,,,,,0.0
9407,464,0.0,17.5,Smoothie-Mango Magic,1,Cold Drinks,7.6,2,REG,7.6,2020-12-07 12:00:00,16.97056274847714,,,,,,,,,,,,0.0
33697,234,0.0,17.5,Milkshake (Syrup)-Cookies and Cream,1,Cold Drinks,6.5,3,LRG,6.5,2023-07-15 09:00:21,3.306975953679214,,,,,,,Skim,,,,,0.0
33317,234,0.0,17.5,Milkshake (Syrup)-Cookies and Cream,1,Cold Drinks,6.5,3,LRG,6.5,2023-07-02 09:22:05,3.306975953679214,,,,,,,Skim,,,,,0.0
33182,234,0.0,17.5,Milkshake (Syrup)-Cookies and Cream,1,Cold Drinks,6.5,3,LRG,6.5,2023-06-28 09:03:44,3.306975953679214,,,,,,,Skim,,,,,0.0
33063,234,0.0,17.5,Milkshake (Syrup)-Cookies and Cream,1,Cold Drinks,6.5,3,LRG,6.5,2023-06-24 09:42:04,3.306975953679214,,,,,,,Skim,,,,,0.0
32831,234,0.0,17.5,Milkshake (Syrup)-Cookies and Cream,1,Cold Drinks,6.5,3,LRG,6.5,2023-06-16 09:43:41,3.306975953679214,,,,,,,Skim,,,,,0.0
32665,234,0.0,17.5,Milkshake (Syrup)-Cookies and Cream,1,Cold Drinks,6.5,3,LRG,6.5,2023-06-11 09:22:31,3.306975953679214,,,,,,,Skim,,,,,0.0
32640,234,0.0,17.5,Milkshake (Syrup)-Cookies and Cream,1,Cold Drinks,6.5,3,LRG,6.5,2023-06-10 09:49:22,3.306975953679214,,,,,,,Skim,,,,,0.0
32397,234,0.0,17.5,Milkshake (Syrup)-Cookies and Cream,1,Cold Drinks,6.5,3,LRG,6.5,2023-06-02 09:51:31,3.306975953679214,,,,,,,Skim,,,,,0.0
32200,234,0.0,17.5,Milkshake (Syrup)-Cookies and Cream,1,Cold Drinks,6.5,3,LRG,6.5,2023-05-27 09:35:36,3.306975953679214,,,,,,,Skim,,,,,0.0
31318,234,0.0,17.5,Milkshake (Syrup)-Cookies and Cream,1,Cold Drinks,6.5,3,LRG,6.5,2023-04-30 09:00:40,3.306975953679214,,,,,,,Skim,,,,,0.0
29424,234,0.0,17.5,Milkshake (Syrup)-Vanilla,1,Cold Drinks,6.5,3,LRG,6.5,2023-02-26 08:45:49,3.306975953679214,,,,,,,Skim,,,,,0.0
29218,234,0.0,17.5,Milkshake (Syrup)-Cookies and Cream,1,Cold Drinks,6.5,3,LRG,6.5,2023-02-19 09:56:50,3.306975953679214,,,,,,,Skim,,,,,0.0
28270,234,0.0,17.5,Milkshake (Syrup)-Cookies and Cream,1,Cold Drinks,6.5,3,LRG,6.5,2023-01-14 09:14:01,3.306975953679214,,,,,,,Skim,,,,,0.0
34999,1517,0.0,17.5,Milkshake (Syrup)-Lime,1,Cold Drinks,3.3,4,MINI,3.3,2023-08-24 14:45:00,13.6180135261227,,,,,,,Full Cream,,,,,0.0
10619,20,0.0,30.3,Ice Latte,1,Cold Drinks,5.3,2,REG,4.8,2021-02-14 10:45:05,15.937429912097317,,Normal,,1,,,Skim,,Full,None,,0.5
10619,20,0.0,30.3,Milkshake (Syrup)-Chocolate,1,Cold Drinks,2.9,5,MINI,2.9,2021-02-14 10:45:05,15.937429912097317,,,,,,,Full Cream,,,,,0.0
10619,20,0.0,30.3,Milkshake (Syrup)-Chocolate,1,Cold Drinks,2.9,6,MINI,2.9,2021-02-14 10:45:05,15.937429912097317,,,,,,,Full Cream,,,,,0.0
10619,20,0.0,30.3,Milkshake (Syrup)-Chocolate,1,Cold Drinks,2.9,7,MINI,2.9,2021-02-14 10:45:05,15.937429912097317,,,,,,,Full Cream,,,,,0.0
10619,20,0.0,30.3,Milkshake (Syrup)-Chocolate,1,Cold Drinks,2.9,8,MINI,2.9,2021-02-14 10:45:05,15.937429912097317,,,,,,,Full Cream,,,,,0.0
19156,541,0.0,30.3,Iced Mocha with Cream,1,Cold Drinks,7.5,3,REG,6.0,2022-02-04 12:00:00,72.33584156997668,With Cream,Normal,,1,,,Oat Milk,,Full,,,1.5
19156,541,0.0,30.3,Ice Latte,1,Cold Drinks,5.8,2,REG,4.8,2022-02-04 12:00:00,72.33584156997668,,Normal,,0,,,Oat Milk,,Full,Vanilla,,1.0
16296,888,0.0,30.3,Thickshake (Syrup)-Caramel,1,Cold Drinks,6.0,2,SML,6.0,2021-10-04 12:55:34,57.14591310509777,,,,,,,,,,,,0.0
16296,888,0.0,30.3,Thickshake (Syrup)-Banana,1,Cold Drinks,6.0,3,SML,6.0,2021-10-04 12:55:34,57.14591310509777,,,,,,,,,,,,0.0
16263,173,0.0,30.3,Freshly Squeezed Juice-Orange,1,Cold Drinks,6.0,2,REG,6.0,2021-10-03 11:24:36,8.342553249041227,,,,,With Ice,Orange,,,,,,0.0
22564,234,0.0,30.3,Milkshake (Syrup)-Cookies and Cream,1,Cold Drinks,6.0,3,LRG,6.0,2022-06-13 09:32:23,3.306975953679214,,,,,,,Skim,,,,,0.0
11670,351,0.0,43.1,Milkshake (Syrup)-Vanilla,1,Cold Drinks,2.9,6,MINI,2.9,2021-04-08 08:10:35,15.749687649741688,,,,,,,Full Cream,,,,,0.0
11670,351,0.0,43.1,Milkshake (Syrup)-Vanilla,1,Cold Drinks,2.9,7,MINI,2.9,2021-04-08 08:10:35,15.749687649741688,,,,,,,Full Cream,,,,,0.0
11670,351,0.0,43.1,Milkshake (Syrup)-Vanilla,1,Cold Drinks,2.9,8,MINI,2.9,2021-04-08 08:10:35,15.749687649741688,,,,,,,Full Cream,,,,,0.0
11670,351,0.0,43.1,Milkshake (Syrup)-Vanilla,1,Cold Drinks,2.9,9,MINI,2.9,2021-04-08 08:10:35,15.749687649741688,,,,,,,Full Cream,,,,,0.0
18782,275,0.0,12.4,Freshly Squeezed Juice-Orange,1,Cold Drinks,6.2,1,REG,6.2,2022-01-20 10:02:48,9.182885244928025,,,,,With Ice,Orange,,,,,,0.0
18782,275,0.0,12.4,Freshly Squeezed Juice-Orange,1,Cold Drinks,6.2,2,REG,6.2,2022-01-20 10:02:48,9.182885244928025,,,,,With Ice,Orange,,,,,,0.0
13518,20,0.0,12.4,Freshly Squeezed Juice-Orange,1,Cold Drinks,6.5,3,REG,6.0,2021-06-22 09:22:20,15.937429912097317,,,,,With Ice,"Apple, Carrot, Ginger",,,,,,0.5
17894,538,0.0,12.4,Ice Latte,1,Cold Drinks,4.8,1,REG,4.8,2021-11-30 12:21:28,22.71930726679517,,Normal,,0,,,Full Cream,,Full,None,,0.0
17894,538,0.0,12.4,Smoothie-Mango Magic,1,Cold Drinks,7.6,2,REG,7.6,2021-11-30 12:21:28,22.71930726679517,,,,,,,,,,,,0.0
6488,291,0.0,12.4,Smoothie-Mango Magic,1,Cold Drinks,7.6,2,REG,7.6,2020-08-18 08:11:09,117.65671017530349,,,,,,,,,,,,0.0
18800,1059,0.0,12.4,Smoothie-Banana Buzz,1,Cold Drinks,7.6,2,REG,7.6,2022-01-21 09:25:36,102.91074667455888,,,,,,,,,,,,0.0
26654,1325,0.0,12.4,Ice Latte,1,Cold Drinks,4.8,1,REG,4.8,2022-11-09 15:31:43,62.76362582955774,,Normal,,0,,,Full Cream,,Full,None,,0.0
26654,1325,0.0,12.4,Smoothie-Green Machine,1,Cold Drinks,7.6,2,REG,7.6,2022-11-09 15:31:43,62.76362582955774,,,,,,,,,,,,0.0
15461,49,0.0,12.4,Milkshake (Syrup)-Chocolate,1,Cold Drinks,3.9,3,SML,3.9,2021-09-07 10:42:18,5.6913721453400745,,,,,,,Full Cream,,,,,0.0
8092,49,0.0,12.4,Milkshake (Syrup)-Chocolate,1,Cold Drinks,3.8,3,SML,3.8,2020-10-17 11:04:46,5.6913721453400745,,,,,,,Full Cream,,,,,0.0
6263,49,0.0,12.4,Milkshake (Syrup)-Chocolate,1,Cold Drinks,3.8,3,SML,3.8,2020-08-08 10:08:46,5.6913721453400745,,,,,,,Full Cream,,,,,0.0
4919,49,0.0,12.4,Milkshake (Syrup)-Chocolate,1,Cold Drinks,3.8,3,SML,3.8,2020-05-17 11:01:07,5.6913721453400745,,,,,,,Full Cream,,,,,0.0
18293,832,0.0,12.4,Smoothie-Mango Magic,1,Cold Drinks,7.6,2,REG,7.6,2021-12-16 07:54:35,237.35009304120078,,,,,,,,,,,,0.0
15372,886,0.0,12.4,Freshly Squeezed Juice-Orange,1,Cold Drinks,6.0,3,REG,6.0,2021-09-04 12:07:08,102.91074667455888,,,,,With Ice,"Orange, Lemon, Apple",,,,,,0.0
18541,166,0.0,12.4,Milkshake (Syrup)-Chocolate,1,Cold Drinks,2.9,4,MINI,2.9,2022-01-08 11:16:40,80.17974459831028,,,,,,,Full Cream,,,,,0.0
19688,429,0.0,12.4,Ice Latte,1,Cold Drinks,4.8,1,REG,4.8,2022-02-25 07:20:58,161.1496199188816,,Normal,,0,,,Full Cream,,Full,None,,0.0
19688,429,0.0,12.4,Smoothie-Mango Magic,1,Cold Drinks,7.6,2,REG,7.6,2022-02-25 07:20:58,161.1496199188816,,,,,,,,,,,,0.0
27890,175,0.0,12.4,Smoothie-Mango Magic,1,Cold Drinks,7.6,2,REG,7.6,2022-12-19 09:27:21,10.277826498239987,,,,,,,,,,,,0.0
20337,8,0.0,25.2,Smoothie-Mango Magic,1,Cold Drinks,7.6,3,REG,7.6,2022-03-20 11:11:07,62.84419773419412,,,,,,,,,,,,0.0
20337,8,0.0,25.2,Smoothie-Mango Magic,1,Cold Drinks,7.6,4,REG,7.6,2022-03-20 11:11:07,62.84419773419412,,,,,,,,,,,,0.0
20854,12,0.0,25.2,Smoothie-Mango Magic,1,Cold Drinks,7.6,3,REG,7.6,2022-04-09 09:52:07,30.753554335954057,,,,,,,,,,,,0.0
20854,12,0.0,25.2,Smoothie-Mango Magic,1,Cold Drinks,7.6,4,REG,7.6,2022-04-09 09:52:07,30.753554335954057,,,,,,,,,,,,0.0
15000,12,0.0,25.2,Smoothie-Mango Magic,1,Cold Drinks,7.6,3,REG,7.6,2021-08-22 13:22:05,30.753554335954057,,,,,,,,,,,,0.0
15000,12,0.0,25.2,Smoothie-Mango Magic,1,Cold Drinks,7.6,4,REG,7.6,2021-08-22 13:22:05,30.753554335954057,,,,,,,,,,,,0.0
14633,12,0.0,25.2,Smoothie-Mango Magic,1,Cold Drinks,7.6,3,REG,7.6,2021-08-08 13:31:30,30.753554335954057,,,,,,,,,,,,0.0
14633,12,0.0,25.2,Smoothie-Mango Magic,1,Cold Drinks,7.6,4,REG,7.6,2021-08-08 13:31:30,30.753554335954057,,,,,,,,,,,,0.0
12024,12,0.0,25.2,Smoothie-Mango Magic,1,Cold Drinks,7.6,3,REG,7.6,2021-04-24 09:03:47,30.753554335954057,,,,,,,,,,,,0.0
12024,12,0.0,25.2,Smoothie-Mango Magic,1,Cold Drinks,7.6,4,REG,7.6,2021-04-24 09:03:47,30.753554335954057,,,,,,,,,,,,0.0
10973,12,0.0,25.2,Smoothie-Mango Magic,1,Cold Drinks,7.6,3,REG,7.6,2021-03-05 06:55:12,30.753554335954057,,,,,,,,,,,,0.0
10973,12,0.0,25.2,Smoothie-Mango Magic,1,Cold Drinks,7.6,4,REG,7.6,2021-03-05 06:55:12,30.753554335954057,,,,,,,,,,,,0.0
10681,12,0.0,25.2,Smoothie-Mango Magic,1,Cold Drinks,7.6,3,REG,7.6,2021-02-17 08:09:47,30.753554335954057,,,,,,,,,,,,0.0
10681,12,0.0,25.2,Smoothie-Mango Magic,1,Cold Drinks,7.6,4,REG,7.6,2021-02-17 08:09:47,30.753554335954057,,,,,,,,,,,,0.0
10215,12,0.0,25.2,Smoothie-Mango Magic,1,Cold Drinks,7.6,3,REG,7.6,2021-01-26 08:31:16,30.753554335954057,,,,,,,,,,,,0.0
10215,12,0.0,25.2,Smoothie-Mango Magic,1,Cold Drinks,7.6,4,REG,7.6,2021-01-26 08:31:16,30.753554335954057,,,,,,,,,,,,0.0
9716,12,0.0,25.2,Smoothie-Mango Magic,1,Cold Drinks,7.6,3,REG,7.6,2020-12-21 08:26:25,30.753554335954057,,,,,,,,,,,,0.0
9716,12,0.0,25.2,Smoothie-Mango Magic,1,Cold Drinks,7.6,4,REG,7.6,2020-12-21 08:26:25,30.753554335954057,,,,,,,,,,,,0.0
34170,1554,0.0,25.2,Freshly Squeezed Juice-Orange,1,Cold Drinks,7.7,1,REG,7.2,2023-07-29 10:33:15,102.91074667455888,,,,,With Ice,"Lemon, Ginger",,,,,,0.5
3841,20,0.0,25.2,Ice Latte,1,Cold Drinks,5.0,2,REG,4.5,2019-11-16 09:50:21,15.937429912097317,,Normal,,1,,,Skim,,Full,None,,0.5
28116,77,0.0,25.2,Smoothie-Mango Magic,1,Cold Drinks,7.6,3,REG,7.6,2023-01-08 11:31:33,20.45079035996667,,,,,,,,,,,,0.0
28116,77,0.0,25.2,Smoothie-Mango Magic,1,Cold Drinks,7.6,4,REG,7.6,2023-01-08 11:31:33,20.45079035996667,,,,,,,,,,,,0.0
21080,1107,0.0,25.2,Iced Coffee with Cream,1,Cold Drinks,5.5,2,REG,5.5,2022-04-19 14:15:00,30.252902261404525,With Cream,Normal,,0,,,Full Cream,,Full,Vanilla,,0.0
21080,1107,0.0,25.2,Ice Latte,1,Cold Drinks,4.8,1,REG,4.8,2022-04-19 14:15:00,30.252902261404525,,Normal,,0,,,Full Cream,,Half,None,,0.0
28168,1374,0.0,25.2,Coffee Frappe,1,Cold Drinks,6.7,1,REG,6.7,2023-01-10 12:16:41,22.120880030716076,,Normal,,0,,,Skim,,Full,,,0.0
4052,132,0.0,25.2,Smoothie-Banana Buzz,1,Cold Drinks,7.6,3,REG,7.6,2020-01-13 06:30:00,15.262777629002558,,,,,,,,,,,,0.0
4052,132,0.0,25.2,Smoothie-Mango Magic,1,Cold Drinks,7.6,4,REG,7.6,2020-01-13 06:30:00,15.262777629002558,,,,,,,,,,,,0.0
6427,396,0.0,25.2,Smoothie-Banana Buzz,1,Cold Drinks,7.6,2,REG,7.6,2020-08-15 09:30:00,102.91074667455888,,,,,,,,,,,,0.0
6427,396,0.0,25.2,Smoothie-Mango Magic,1,Cold Drinks,7.6,3,REG,7.6,2020-08-15 09:30:00,102.91074667455888,,,,,,,,,,,,0.0
12343,702,0.0,25.2,Milkshake (Syrup)-Chocolate,1,Cold Drinks,6.0,4,LRG,6.0,2021-05-07 12:45:00,102.91074667455888,,,,,,,Full Cream,,,,,0.0
12343,702,0.0,25.2,Ice Latte,1,Cold Drinks,4.8,3,REG,4.8,2021-05-07 12:45:00,102.91074667455888,,Normal,,0,,,Full Cream,,Full,None,,0.0
4633,206,0.0,25.2,Thickshake (Syrup)-Chocolate,1,Cold Drinks,6.0,3,SML,6.0,2020-04-25 12:00:00,102.91074667455888,,,,,,,,,,,,0.0
4633,206,0.0,25.2,Thickshake (Syrup)-Chocolate,1,Cold Drinks,6.0,4,SML,6.0,2020-04-25 12:00:00,102.91074667455888,,,,,,,,,,,,0.0
4633,206,0.0,25.2,Thickshake (Syrup)-Blue Heaven,1,Cold Drinks,6.0,5,SML,6.0,2020-04-25 12:00:00,102.91074667455888,,,,,,,,,,,,0.0
7307,462,0.0,25.2,Milkshake (Syrup)-Vanilla,1,Cold Drinks,3.8,2,SML,3.8,2020-09-18 13:00:00,102.91074667455888,,,,,,,Full Cream,,,,,0.0
7307,462,0.0,25.2,Thickshake (Syrup)-Vanilla,1,Cold Drinks,6.0,3,SML,6.0,2020-09-18 13:00:00,102.91074667455888,,,,,,,,,,,,0.0
27164,811,0.0,38.0,Smoothie-Mango Magic,1,Cold Drinks,7.6,4,REG,7.6,2022-11-26 08:30:37,56.15160730560616,,,,,,,,,,,,0.0
27164,811,0.0,38.0,Freshly Squeezed Juice-Orange,1,Cold Drinks,6.5,2,REG,6.5,2022-11-26 08:30:37,56.15160730560616,,,,,With Ice,"Orange, Lemon, Apple, Celery, Carrot",,,,,,0.0
25338,446,0.0,38.0,Smoothie-Koko Berries,1,Cold Drinks,7.6,5,REG,7.6,2022-09-21 12:26:37,6.801133915060578,,,,,,,,,,,,0.0
25338,446,0.0,38.0,Iced Coffee with Cream,1,Cold Drinks,5.5,2,REG,5.5,2022-09-21 12:26:37,6.801133915060578,With Cream,Normal,,0,,,Full Cream,,Full,Vanilla,,0.0
25338,446,0.0,38.0,Iced Coffee with Cream,1,Cold Drinks,5.5,3,REG,5.5,2022-09-21 12:26:37,6.801133915060578,With Cream,Normal,,0,,,Full Cream,,Half,Vanilla,,0.0
25338,446,0.0,38.0,Milkshake (Syrup)-Lime,1,Cold Drinks,3.9,4,SML,3.9,2022-09-21 12:26:37,6.801133915060578,,,,,,,Full Cream,,,,,0.0
25338,446,0.0,38.0,Freshly Squeezed Juice-Orange,1,Cold Drinks,6.5,1,REG,6.5,2022-09-21 12:26:37,6.801133915060578,,,,,With Ice,Orange,,,,,,0.0
28627,1384,0.0,50.8,Freshly Squeezed Juice-Orange,1,Cold Drinks,6.5,3,REG,6.5,2023-01-29 10:44:24,102.91074667455888,,,,,With Ice,Apple,,,,,,0.0
28627,1384,0.0,50.8,Freshly Squeezed Juice-Orange,1,Cold Drinks,6.5,4,REG,6.5,2023-01-29 10:44:24,102.91074667455888,,,,,With Ice,Apple,,,,,,0.0
22769,20,0.0,7.3,Milkshake (Syrup)-Chocolate,1,Cold Drinks,2.9,2,MINI,2.9,2022-06-21 07:11:31,15.937429912097317,,,,,,,Full Cream,,,,,0.0
22644,20,0.0,7.3,Milkshake (Syrup)-Chocolate,1,Cold Drinks,2.9,2,MINI,2.9,2022-06-16 08:38:28,15.937429912097317,,,,,,,Full Cream,,,,,0.0
22613,20,0.0,7.3,Milkshake (Syrup)-Chocolate,1,Cold Drinks,2.9,2,MINI,2.9,2022-06-15 08:45:00,15.937429912097317,,,,,,,Full Cream,,,,,0.0
22444,20,0.0,7.3,Milkshake (Syrup)-Chocolate,1,Cold Drinks,2.9,2,MINI,2.9,2022-06-08 08:31:59,15.937429912097317,,,,,,,Full Cream,,,,,0.0
21478,20,0.0,7.3,Milkshake (Syrup)-Chocolate,1,Cold Drinks,2.9,2,MINI,2.9,2022-05-04 08:36:52,15.937429912097317,,,,,,,Full Cream,,,,,0.0
20046,20,0.0,7.3,Milkshake (Syrup)-Chocolate,1,Cold Drinks,2.9,2,MINI,2.9,2022-03-09 08:40:07,15.937429912097317,,,,,,,Full Cream,,,,,0.0
11827,268,0.0,20.1,Iced Chocolate with Cream,1,Cold Drinks,5.5,4,REG,5.5,2021-04-15 09:17:55,86.00495109529,With Cream,,,0,,,Skim,,Full,,,0.0
28653,846,0.0,20.1,Smoothie-Banana Buzz,1,Cold Drinks,7.6,2,REG,7.6,2023-01-30 10:45:00,113.91735336941782,,,,,,,,,,,,0.0
37365,1637,0.0,20.1,Ice Latte,1,Cold Drinks,5.2,3,REG,5.2,2023-11-06 12:22:36,2.0,,Normal,,0,,,Full Cream,,Full,None,,0.0
37365,1637,0.0,20.1,Ice Chai,1,Cold Drinks,6.4,2,REG,6.4,2023-11-06 12:22:36,2.0,,,,0,,,Full Cream,,Full,,,0.0
16147,127,0.0,20.1,Iced Coffee with Cream,1,Cold Drinks,5.5,4,REG,5.5,2021-09-30 09:01:22,77.04087019928528,With Cream,Normal,,0,,,Skim,,Half,Vanilla,,0.0
28004,172,0.0,20.1,Freshly Squeezed Juice-Orange,1,Cold Drinks,7.0,1,REG,6.5,2022-12-23 09:21:38,5.2489316501187995,,,,,With Ice,"Apple, Carrot, Ginger",,,,,,0.5
28004,172,0.0,20.1,Smoothie-Mango Magic,1,Cold Drinks,7.6,3,REG,7.6,2022-12-23 09:21:38,5.2489316501187995,,,,,,,,,,,,0.0
12672,180,0.0,20.1,Smoothie-Mango Magic,1,Cold Drinks,7.6,3,REG,7.6,2021-05-21 13:34:15,41.012193308819754,,,,,,,,,,,,0.0
12672,180,0.0,20.1,Freshly Squeezed Juice-Orange,1,Cold Drinks,6.0,1,REG,6.0,2021-05-21 13:34:15,41.012193308819754,,,,,With Ice,"Orange, Apple",,,,,,0.0
12672,180,0.0,20.1,Freshly Squeezed Juice-Orange,1,Cold Drinks,6.5,2,REG,6.0,2021-05-21 13:34:15,41.012193308819754,,,,,With Ice,"Lemon, Apple, Celery, Ginger",,,,,,0.5
8592,472,0.0,20.1,Freshly Squeezed Juice-Orange,1,Cold Drinks,6.5,1,REG,6.0,2020-11-03 10:15:40,4.320493798938574,,,,,With Ice,"Lemon, Apple, Carrot, Ginger",,,,,,0.5
23629,233,0.0,20.1,Thickshake (Syrup)-Chocolate,1,Cold Drinks,6.0,3,SML,6.0,2022-07-24 10:12:20,14.254925248600953,,,,,,,,,,,,0.0
23629,233,0.0,20.1,Thickshake (Syrup)-Chocolate,1,Cold Drinks,6.0,4,SML,6.0,2022-07-24 10:12:20,14.254925248600953,,,,,,,,,,,,0.0
21387,1158,0.0,32.9,Freshly Squeezed Juice-Orange,1,Cold Drinks,6.2,3,REG,6.2,2022-04-30 11:39:37,102.91074667455888,,,,,With Ice,"Orange, Lemon, Apple, Celery",,,,,,0.0
18583,674,0.0,32.9,Coffee Frappe,1,Cold Drinks,8.0,1,LRG,8.0,2022-01-10 12:29:35,40.622332688356025,,Normal,,0,,,Full Cream,,Full,,,0.0
8311,472,0.0,32.9,Freshly Squeezed Juice-Orange,1,Cold Drinks,6.5,2,REG,6.0,2020-10-24 10:01:39,4.320493798938574,,,,,With Ice,"Orange, Lemon, Apple, Carrot, Ginger",,,,,,0.5
8311,472,0.0,32.9,Freshly Squeezed Juice-Orange,1,Cold Drinks,6.5,3,REG,6.0,2020-10-24 10:01:39,4.320493798938574,,,,,With Ice,"Orange, Lemon, Apple, Carrot, Ginger",,,,,,0.5
18663,165,0.0,45.7,Ice Chai,1,Cold Drinks,7.0,6,REG,6.0,2022-01-14 11:08:50,138.46479697020467,,,,0,,,Coconut Milk,,Full,,,1.0
32456,175,0.0,45.7,Smoothie-Mango Magic,1,Cold Drinks,7.6,5,REG,7.6,2023-06-04 09:39:14,10.277826498239987,,,,,,,,,,,,0.0
27395,234,0.0,45.7,Iced Chocolate with Cream,1,Cold Drinks,5.5,1,REG,5.5,2022-12-03 12:07:42,3.306975953679214,With Cream,,,0,,,Skim,,Full,,,0.0
27395,234,0.0,45.7,Milkshake (Syrup)-Cookies and Cream,1,Cold Drinks,6.0,4,LRG,6.0,2022-12-03 12:07:42,3.306975953679214,,,,,,,Skim,,,,,0.0
27395,234,0.0,45.7,Iced Mocha with Cream,1,Cold Drinks,6.0,2,REG,6.0,2022-12-03 12:07:42,3.306975953679214,With Cream,Normal,,0,,,Skim,,Full,,,0.0
19388,14,0.0,15.0,Freshly Squeezed Juice-Orange,1,Cold Drinks,6.2,3,REG,6.2,2022-02-13 08:45:00,39.92548018814512,,,,,With Ice,Orange,,,,,,0.0
28084,275,0.0,15.0,Freshly Squeezed Juice-Orange,1,Cold Drinks,6.5,1,REG,6.5,2023-01-07 08:16:20,9.182885244928025,,,,,With Ice,Orange,,,,,,0.0
30258,20,0.0,15.0,Milkshake (Syrup)-Vanilla,3,Cold Drinks,8.7,3,MINI,2.9,2023-03-25 08:07:54,15.937429912097317,,,,,,,Full Cream,,,,,0.0
14805,810,0.0,15.0,Freshly Squeezed Juice-Orange,1,Cold Drinks,6.0,1,REG,6.0,2021-08-15 12:55:30,144.58892088938225,,,,,With Ice,"Orange, Lemon, Apple, Celery",,,,,,0.0
14193,810,0.0,15.0,Freshly Squeezed Juice-Orange,1,Cold Drinks,6.0,1,REG,6.0,2021-07-22 10:12:23,144.58892088938225,,,,,With Ice,"Orange, Lemon, Apple, Celery",,,,,,0.0
15755,49,0.0,15.0,Milkshake (Syrup)-Chocolate,1,Cold Drinks,3.9,4,SML,3.9,2021-09-17 11:31:56,5.6913721453400745,,,,,,,Full Cream,,,,,0.0
3878,59,0.0,15.0,Freshly Squeezed Juice-Orange,1,Cold Drinks,6.0,2,REG,6.0,2019-11-23 10:15:00,162.9431685910035,,,,,With Ice,Orange,,,,,,0.0
16044,88,0.0,15.0,Iced Coffee with Cream,1,Cold Drinks,5.5,3,REG,5.5,2021-09-26 15:30:00,78.77380993269992,No Cream,Normal,,0,,,Full Cream,,Full,Vanilla,,0.0
16044,88,0.0,15.0,Iced Chocolate with Cream,1,Cold Drinks,5.5,2,REG,5.5,2021-09-26 15:30:00,78.77380993269992,No Cream,,,0,,,Full Cream,,Full,,,0.0
29728,1374,0.0,15.0,Freshly Squeezed Juice-Orange,1,Cold Drinks,6.5,1,REG,6.5,2023-03-07 12:38:17,22.120880030716076,,,,,With Ice,Lemon,,,,,,0.0
3729,98,0.0,15.0,Freshly Squeezed Juice-Orange,1,Cold Drinks,6.5,1,REG,6.0,2019-10-23 09:26:13,102.91074667455888,,,,,With Ice,"Orange, Lemon, Ginger",,,,,,0.5
28462,1380,0.0,15.0,Freshly Squeezed Juice-Orange,1,Cold Drinks,6.5,1,REG,6.5,2023-01-21 12:13:53,31.834991230824404,,,,,With Ice,"Lemon, Apple, Celery",,,,,,0.0
3848,108,0.0,15.0,Smoothie-Mango Magic,1,Cold Drinks,7.5,1,REG,7.5,2019-11-18 09:31:41,102.91074667455888,,,,,,,,,,,,0.0
3848,108,0.0,15.0,Smoothie-Green Machine,1,Cold Drinks,7.5,2,REG,7.5,2019-11-18 09:31:41,102.91074667455888,,,,,,,,,,,,0.0
3799,108,0.0,15.0,Smoothie-Green Machine,1,Cold Drinks,7.5,1,REG,7.5,2019-11-07 09:47:33,102.91074667455888,,,,,,,,,,,,0.0
3799,108,0.0,15.0,Smoothie-Green Machine,1,Cold Drinks,7.5,2,REG,7.5,2019-11-07 09:47:33,102.91074667455888,,,,,,,,,,,,0.0
33902,1405,0.0,15.0,Freshly Squeezed Juice-Orange,1,Cold Drinks,6.5,1,REG,6.5,2023-07-21 09:33:22,71.1488147909285,,,,,With Ice,Orange,,,,,,0.0
25315,666,0.0,15.0,Freshly Squeezed Juice-Orange,1,Cold Drinks,7.0,1,REG,6.5,2022-09-21 07:09:50,190.90276757204614,,,,,With Ice,"Orange, Lemon, Apple, Carrot, Ginger",,,,,,0.5
12196,421,0.0,15.0,Freshly Squeezed Juice-Orange,1,Cold Drinks,6.5,1,REG,6.0,2021-05-02 08:33:51,32.56254897822951,,,,,With Ice,"Orange, Apple, Celery, Carrot, Ginger",,,,,,0.5
9860,421,0.0,15.0,Freshly Squeezed Juice-Orange,1,Cold Drinks,6.5,1,REG,6.0,2021-01-06 07:44:37,32.56254897822951,,,,,With Ice,"Orange, Apple, Celery, Carrot, Ginger",,,,,,0.5
20523,688,0.0,15.0,Freshly Squeezed Juice-Orange,1,Cold Drinks,6.2,2,REG,6.2,2022-03-28 08:32:40,22.478237858370612,,,,,With Ice,"Orange, Lemon, Celery, Carrot",,,,,,0.0
14358,698,0.0,15.0,Freshly Squeezed Juice-Orange,1,Cold Drinks,6.0,1,REG,6.0,2021-07-28 11:28:17,86.16392645546176,,,,,With Ice,"Orange, Lemon, Apple, Celery",,,,,,0.0
19251,446,0.0,15.0,Thickshake (Syrup)-Chocolate,1,Cold Drinks,6.0,3,SML,6.0,2022-02-08 08:58:19,6.801133915060578,,,,,,,,,,,,0.0
11723,233,0.0,15.0,Milkshake (Syrup)-Vanilla,1,Cold Drinks,2.9,3,MINI,2.9,2021-04-10 09:54:48,14.254925248600953,,,,,,,Full Cream,,,,,0.0
11723,233,0.0,15.0,Milkshake (Syrup)-Vanilla,1,Cold Drinks,2.9,4,MINI,2.9,2021-04-10 09:54:48,14.254925248600953,,,,,,,Full Cream,,,,,0.0
11436,233,0.0,15.0,Milkshake (Syrup)-Vanilla,1,Cold Drinks,2.9,3,MINI,2.9,2021-03-27 10:48:06,14.254925248600953,,,,,,,Full Cream,,,,,0.0
11436,233,0.0,15.0,Milkshake (Syrup)-Vanilla,1,Cold Drinks,2.9,4,MINI,2.9,2021-03-27 10:48:06,14.254925248600953,,,,,,,Full Cream,,,,,0.0
11283,233,0.0,15.0,Milkshake (Syrup)-Lime,1,Cold Drinks,2.9,3,MINI,2.9,2021-03-20 09:03:44,14.254925248600953,,,,,,,Full Cream,,,,,0.0
11283,233,0.0,15.0,Milkshake (Syrup)-Vanilla,1,Cold Drinks,2.9,4,MINI,2.9,2021-03-20 09:03:44,14.254925248600953,,,,,,,Full Cream,,,,,0.0
10993,233,0.0,15.0,Milkshake (Syrup)-Vanilla,1,Cold Drinks,2.9,3,MINI,2.9,2021-03-06 09:08:40,14.254925248600953,,,,,,,Full Cream,,,,,0.0
10993,233,0.0,15.0,Milkshake (Syrup)-Vanilla,1,Cold Drinks,2.9,4,MINI,2.9,2021-03-06 09:08:40,14.254925248600953,,,,,,,Full Cream,,,,,0.0
10744,233,0.0,15.0,Milkshake (Syrup)-Vanilla,1,Cold Drinks,2.9,3,MINI,2.9,2021-02-20 09:13:19,14.254925248600953,,,,,,,Full Cream,,,,,0.0
10744,233,0.0,15.0,Milkshake (Syrup)-Vanilla,1,Cold Drinks,2.9,4,MINI,2.9,2021-02-20 09:13:19,14.254925248600953,,,,,,,Full Cream,,,,,0.0
10452,233,0.0,15.0,Milkshake (Syrup)-Vanilla,1,Cold Drinks,2.9,3,MINI,2.9,2021-02-06 09:05:40,14.254925248600953,,,,,,,Full Cream,,,,,0.0
10452,233,0.0,15.0,Milkshake (Syrup)-Chocolate,1,Cold Drinks,2.9,4,MINI,2.9,2021-02-06 09:05:40,14.254925248600953,,,,,,,Full Cream,,,,,0.0
36658,1569,0.0,27.8,Iced Mocha with Cream,1,Cold Drinks,6.4,2,REG,6.4,2023-10-15 13:27:28,42.224149344643855,With Cream,Normal,,0,,,Full Cream,,Full,,,0.0
36658,1569,0.0,27.8,Smoothie-Koko Berries,1,Cold Drinks,8.5,3,REG,8.5,2023-10-15 13:27:28,42.224149344643855,,,,,,,,,,,,0.0
38997,1144,0.0,27.8,Iced Coffee with Cream,1,Cold Drinks,7.4,3,REG,5.9,2024-01-10 08:40:19,58.176580277235466,With Cream,Normal,,1,,,Oat Milk,,Full,Vanilla,,1.5
26507,1319,0.0,66.2,Coffee Frappe,1,Cold Drinks,6.5,3,REG,6.5,2022-11-04 15:17:42,102.91074667455888,,Normal,,0,,,Skim,,Full,,,0.0
9619,275,0.0,9.9,Freshly Squeezed Juice-Orange,1,Cold Drinks,6.0,1,REG,6.0,2020-12-17 05:57:03,9.182885244928025,,,,,With Ice,Orange,,,,,,0.0
9335,275,0.0,9.9,Freshly Squeezed Juice-Orange,1,Cold Drinks,6.0,1,REG,6.0,2020-12-05 07:18:10,9.182885244928025,,,,,With Ice,Orange,,,,,,0.0
6097,49,0.0,9.9,Milkshake (Syrup)-Chocolate,1,Cold Drinks,3.8,2,SML,3.8,2020-07-31 11:14:16,5.6913721453400745,,,,,,,Full Cream,,,,,0.0
6097,49,0.0,9.9,Milkshake (Syrup)-Chocolate,1,Cold Drinks,2.5,3,MINI,2.5,2020-07-31 11:14:16,5.6913721453400745,,,,,,,Full Cream,,,,,0.0
27763,308,0.0,9.9,Milkshake (Syrup)-Vanilla,1,Cold Drinks,2.9,3,MINI,2.9,2022-12-15 09:09:41,10.76198852605863,,,,,,,Full Cream,,,,,0.0
27586,308,0.0,9.9,Milkshake (Syrup)-Vanilla,1,Cold Drinks,2.9,3,MINI,2.9,2022-12-10 08:46:19,10.76198852605863,,,,,,,Full Cream,,,,,0.0
27101,308,0.0,9.9,Milkshake (Syrup)-Vanilla,1,Cold Drinks,2.9,3,MINI,2.9,2022-11-24 09:28:48,10.76198852605863,,,,,,,Full Cream,,,,,0.0
19866,308,0.0,9.9,Milkshake (Syrup)-Vanilla,1,Cold Drinks,2.9,3,MINI,2.9,2022-03-03 08:07:00,10.76198852605863,,,,,,,Full Cream,,,,,0.0
30737,1342,0.9,9.9,Ice Latte,1,Cold Drinks,5.0,1,REG,5.0,2023-04-10 09:46:42,3.5178538052384973,,Normal,,0,,,Full Cream,,Full,None,,0.0
10464,622,0.0,9.9,Milkshake (Syrup)-Blue Heaven,1,Cold Drinks,2.9,1,MINI,2.9,2021-02-06 12:55:53,372.866374634846,,,,,,,Full Cream,,,,,0.0
37916,256,0.0,22.7,Ice Latte,1,Cold Drinks,5.9,2,REG,5.2,2023-11-25 07:24:49,142.209027165674,,Normal,,0,,,Almond,,Full,None,,0.7000000000000002
37091,172,0.0,22.7,Milkshake (Syrup)-Lime,1,Cold Drinks,5.2,3,SML,5.2,2023-10-28 09:33:04,5.2489316501187995,,,,,,,Full Cream,,,,,0.0
37091,172,0.0,22.7,Milkshake (Syrup)-Banana,1,Cold Drinks,5.2,4,SML,5.2,2023-10-28 09:33:04,5.2489316501187995,,,,,,,Full Cream,,,,,0.0
37091,172,0.0,22.7,Iced Chocolate with Cream,1,Cold Drinks,6.4,1,REG,5.9,2023-10-28 09:33:04,5.2489316501187995,With Cream,,,0,,,Lactose Free,,Full,,,0.5
39237,175,0.0,22.7,Milkshake (Syrup)-Caramel,1,Cold Drinks,3.3,3,MINI,3.3,2024-01-19 11:09:45,10.277826498239987,,,,,,,Full Cream,,,,,0.0
37406,175,0.0,22.7,Smoothie-Mango Magic,1,Cold Drinks,8.5,2,REG,8.5,2023-11-08 08:53:55,10.277826498239987,,,,,,,,,,,,0.0
35210,175,0.0,22.7,Smoothie-Mango Magic,1,Cold Drinks,8.5,2,REG,8.5,2023-08-31 09:49:03,10.277826498239987,,,,,,,,,,,,0.0
11164,234,0.0,22.7,Iced Mocha with Cream,1,Cold Drinks,6.0,3,REG,6.0,2021-03-14 09:17:32,3.306975953679214,With Cream,Normal,,0,,,Skim,,Full,,,0.0
11164,234,0.0,22.7,Iced Chocolate with Cream,1,Cold Drinks,5.5,2,REG,5.5,2021-03-14 09:17:32,3.306975953679214,With Cream,,,0,,,Skim,,Full,,,0.0
10886,234,0.0,22.7,Iced Mocha with Cream,1,Cold Drinks,6.0,3,REG,6.0,2021-02-28 09:01:21,3.306975953679214,With Cream,Normal,,0,,,Skim,,Full,,,0.0
10886,234,0.0,22.7,Iced Chocolate with Cream,1,Cold Drinks,5.5,2,REG,5.5,2021-02-28 09:01:21,3.306975953679214,With Cream,,,0,,,Skim,,Full,,,0.0
23957,537,0.0,35.5,Milkshake (Syrup)-Strawberry,1,Cold Drinks,3.9,6,SML,3.9,2022-08-04 10:40:06,158.16461185879868,,,,,,,Full Cream,,,,,0.0
18785,331,0.0,35.5,Smoothie-Koko Berries,1,Cold Drinks,7.6,2,REG,7.6,2022-01-20 12:18:55,177.61527753317512,,,,,,,,,,,,0.0
18785,331,0.0,35.5,Thickshake (Syrup)-Banana,1,Cold Drinks,8.5,3,LRG,8.5,2022-01-20 12:18:55,177.61527753317512,,,,,,,,,,,,0.0
27507,172,0.0,35.5,Freshly Squeezed Juice-Orange,1,Cold Drinks,7.0,1,REG,6.5,2022-12-07 09:09:13,5.2489316501187995,,,,,With Ice,"Orange, Lemon, Apple, Celery, Carrot, Ginger",,,,,,0.5
27507,172,0.0,35.5,Freshly Squeezed Juice-Orange,1,Cold Drinks,7.0,2,REG,6.5,2022-12-07 09:09:13,5.2489316501187995,,,,,With Ice,"Orange, Lemon, Apple, Celery, Carrot, Ginger",,,,,,0.5
26974,172,0.0,35.5,Freshly Squeezed Juice-Orange,1,Cold Drinks,7.0,1,REG,6.5,2022-11-20 08:51:07,5.2489316501187995,,,,,With Ice,"Orange, Lemon, Apple, Celery, Carrot, Ginger",,,,,,0.5
26974,172,0.0,35.5,Freshly Squeezed Juice-Orange,1,Cold Drinks,7.0,2,REG,6.5,2022-11-20 08:51:07,5.2489316501187995,,,,,With Ice,"Orange, Lemon, Apple, Celery, Carrot, Ginger",,,,,,0.5
26354,172,0.0,35.5,Freshly Squeezed Juice-Orange,1,Cold Drinks,7.0,1,REG,6.5,2022-10-30 08:42:00,5.2489316501187995,,,,,With Ice,"Orange, Lemon, Apple, Celery, Carrot, Ginger",,,,,,0.5
26354,172,0.0,35.5,Freshly Squeezed Juice-Orange,1,Cold Drinks,7.0,2,REG,6.5,2022-10-30 08:42:00,5.2489316501187995,,,,,With Ice,"Orange, Lemon, Apple, Celery, Carrot, Ginger",,,,,,0.5
16667,175,0.0,35.5,Milkshake (Syrup)-Caramel,1,Cold Drinks,2.9,5,MINI,2.9,2021-10-17 10:44:04,10.277826498239987,,,,,,,Full Cream,,,,,0.0
36641,1463,0.0,35.5,Freshly Squeezed Juice-Orange,1,Cold Drinks,7.2,3,REG,7.2,2023-10-15 07:52:08,1.6209896585867094,,,,,With Ice,Orange,,,,,,0.0
7612,127,0.0,48.3,Iced Coffee with Cream,1,Cold Drinks,5.0,3,REG,5.0,2020-09-30 08:30:12,77.04087019928528,No Cream,Normal,,0,,,Full Cream,,Full,Vanilla,,0.0
17210,88,0.0,61.1,Iced Chocolate with Cream,1,Cold Drinks,6.0,2,REG,5.5,2021-11-06 07:46:32,78.77380993269992,No Cream,,,0,,,Soy,,Full,,,0.5
17210,88,0.0,61.1,Iced Coffee with Cream,1,Cold Drinks,6.5,3,REG,5.5,2021-11-06 07:46:32,78.77380993269992,With Cream,Normal,,0,,,Oat Milk,,Full,Vanilla,,1.0
37386,1224,2.53,27.83,Iced Coffee with Cream,1,Cold Drinks,5.9,3,REG,5.9,2023-11-07 11:11:37,6.5756027296697885,No Cream,Normal,,0,,,Full Cream,,Full,Vanilla,,0.0
27408,20,0.0,4.8,Ice Latte,1,Cold Drinks,4.8,1,REG,4.8,2022-12-04 08:44:36,15.937429912097317,,Normal,,0,,,Skim,,Full,None,,0.0
20506,20,0.0,4.8,Ice Latte,1,Cold Drinks,4.8,1,REG,4.8,2022-03-27 12:01:16,15.937429912097317,,Normal,,0,,,Skim,,Full,None,,0.0
16938,583,0.0,4.8,Ice Latte,1,Cold Drinks,4.8,1,REG,4.8,2021-10-27 07:50:21,352.76243186220006,,Normal,,0,,,Skim,,Full,None,,0.0
26669,593,0.0,4.8,Ice Latte,1,Cold Drinks,4.8,1,REG,4.8,2022-11-10 08:06:16,114.66552061030718,,Normal,,0,,,Skim,,Full,None,,0.0
17683,593,0.0,4.8,Ice Latte,1,Cold Drinks,4.8,1,REG,4.8,2021-11-23 07:10:10,114.66552061030718,,Normal,,0,,,Skim,,Full,Vanilla,,0.0
20279,1107,0.0,4.8,Ice Latte,1,Cold Drinks,4.8,1,REG,4.8,2022-03-18 10:31:37,30.252902261404525,,Normal,,0,,,Full Cream,,Half,None,,0.0
20252,1107,0.0,4.8,Ice Latte,1,Cold Drinks,4.8,1,REG,4.8,2022-03-17 10:26:14,30.252902261404525,,Normal,,0,,,Full Cream,,Half,None,,0.0
20229,1107,0.0,4.8,Ice Latte,1,Cold Drinks,4.8,1,REG,4.8,2022-03-16 10:51:19,30.252902261404525,,Normal,,0,,,Full Cream,,Half,None,,0.0
20205,1107,0.0,4.8,Ice Latte,1,Cold Drinks,4.8,1,REG,4.8,2022-03-15 09:55:28,30.252902261404525,,Normal,,0,,,Full Cream,,Half,None,,0.0
26356,632,0.0,4.8,Ice Latte,1,Cold Drinks,4.8,1,REG,4.8,2022-10-30 09:10:59,37.43510177679527,,Decaf,,0,,,Full Cream,,Full,None,,0.0
17821,395,0.0,4.8,Ice Latte,1,Cold Drinks,4.8,1,REG,4.8,2021-11-27 11:58:20,126.54861666945389,,Normal,,0,,,Skim,,Full,None,,0.0
10716,161,0.0,4.8,Ice Latte,1,Cold Drinks,4.8,1,REG,4.8,2021-02-19 07:04:11,23.82515677258169,,Normal,,0,,,Full Cream,,Full,None,,0.0
10199,193,0.0,4.8,Ice Latte,1,Cold Drinks,4.8,1,REG,4.8,2021-01-25 07:15:00,118.3135767316008,,Normal,,0,,,Full Cream,,Full,None,,0.0
27418,223,0.0,4.8,Ice Latte,1,Cold Drinks,4.8,1,REG,4.8,2022-12-04 11:47:49,32.77916866786114,,Normal,,0,,,Skim,,Full,None,,0.0
10597,8,0.0,17.6,Smoothie-Mango Magic,1,Cold Drinks,7.6,3,REG,7.6,2021-02-13 11:00:57,62.84419773419412,,,,,,,,,,,,0.0
10335,8,0.0,17.6,Smoothie-Mango Magic,1,Cold Drinks,7.6,3,REG,7.6,2021-01-31 12:11:59,62.84419773419412,,,,,,,,,,,,0.0
12557,12,0.0,17.6,Smoothie-Mango Magic,1,Cold Drinks,7.6,3,REG,7.6,2021-05-16 09:54:17,30.753554335954057,,,,,,,,,,,,0.0
11624,12,0.0,17.6,Smoothie-Mango Magic,1,Cold Drinks,7.6,3,REG,7.6,2021-04-05 10:06:34,30.753554335954057,,,,,,,,,,,,0.0
10072,12,0.0,17.6,Smoothie-Mango Magic,1,Cold Drinks,7.6,3,REG,7.6,2021-01-17 10:19:35,30.753554335954057,,,,,,,,,,,,0.0
4603,12,0.0,17.6,Milkshake (Syrup)-Chocolate,1,Cold Drinks,3.8,3,SML,3.8,2020-04-22 13:20:26,30.753554335954057,,,,,,,Full Cream,,,,,0.0
4603,12,0.0,17.6,Milkshake (Syrup)-Chocolate,1,Cold Drinks,3.8,4,SML,3.8,2020-04-22 13:20:26,30.753554335954057,,,,,,,Full Cream,,,,,0.0
15516,847,0.0,17.6,Smoothie-Green Machine,1,Cold Drinks,7.6,1,REG,7.6,2021-09-09 11:49:21,99.59365529421736,,,,,,,,,,,,0.0
20307,721,0.0,17.6,Smoothie-Banana Buzz,1,Cold Drinks,7.6,1,REG,7.6,2022-03-19 10:48:43,22.483978525220593,,,,,,,,,,,,0.0
36419,228,0.0,17.6,Milkshake (Syrup)-Caramel,1,Cold Drinks,3.3,3,MINI,3.3,2023-10-08 11:00:04,142.2871211013458,,,,,,,Full Cream,,,,,0.0
36419,228,0.0,17.6,Milkshake (Syrup)-Caramel,1,Cold Drinks,3.3,4,MINI,3.3,2023-10-08 11:00:04,142.2871211013458,,,,,,,Full Cream,,,,,0.0
5705,248,0.0,17.6,Milkshake (Syrup)-Chocolate,1,Cold Drinks,3.8,3,SML,3.8,2020-07-12 11:20:29,89.37219093199812,,,,,,,Full Cream,,,,,0.0
5705,248,0.0,17.6,Milkshake (Syrup)-Chocolate,1,Cold Drinks,3.8,4,SML,3.8,2020-07-12 11:20:29,89.37219093199812,,,,,,,Full Cream,,,,,0.0
25965,1302,0.0,30.4,Milkshake (Syrup)-Blue Heaven,1,Cold Drinks,6.0,3,LRG,6.0,2022-10-15 14:13:10,102.91074667455888,,,,,,,Full Cream,,,,,0.0
14356,811,0.0,30.4,Freshly Squeezed Juice-Orange,1,Cold Drinks,6.5,3,REG,6.0,2021-07-28 10:41:01,56.15160730560616,,,,,With Ice,"Lemon, Apple, Celery, Carrot, Ginger",,,,,,0.5
14240,814,0.0,30.4,Coffee Milkshake,1,Cold Drinks,6.0,1,REG,6.0,2021-07-24 08:43:58,144.56895356950722,,Normal,,0,,,Full Cream,,Full,,,0.0
22913,839,0.0,30.4,Milkshake (Syrup)-Chocolate,1,Cold Drinks,2.9,3,MINI,2.9,2022-06-26 09:54:55,7.6513830729472705,,,,,,,Full Cream,,,,,0.0
18669,839,0.0,30.4,Milkshake (Syrup)-Chocolate,1,Cold Drinks,2.9,4,MINI,2.9,2022-01-15 08:15:00,7.6513830729472705,,,,,,,Full Cream,,,,,0.0
10445,88,0.0,30.4,Ice Chai,1,Cold Drinks,6.0,3,REG,6.0,2021-02-05 10:34:45,78.77380993269992,,,,0,,,Full Cream,,Full,,,0.0
10445,88,0.0,30.4,Iced Chocolate with Cream,1,Cold Drinks,6.5,4,REG,5.5,2021-02-05 10:34:45,78.77380993269992,No Cream,,,0,,,Oat Milk,,Full,,,1.0
12286,351,0.0,30.4,Milkshake (Syrup)-Strawberry,1,Cold Drinks,2.9,4,MINI,2.9,2021-05-05 12:00:51,15.749687649741688,,,,,,,Full Cream,,,,,0.0
12286,351,0.0,30.4,Milkshake (Syrup)-Strawberry,1,Cold Drinks,2.9,5,MINI,2.9,2021-05-05 12:00:51,15.749687649741688,,,,,,,Full Cream,,,,,0.0
33558,1144,0.0,30.4,Iced Mocha with Cream,1,Cold Drinks,6.2,2,REG,6.2,2023-07-10 11:30:59,58.176580277235466,With Cream,Normal,,0,,,Skim,,Full,,,0.0
23093,127,0.0,30.4,Milkshake (Syrup)-Chocolate,1,Cold Drinks,6.0,3,LRG,6.0,2022-07-03 11:04:42,77.04087019928528,,,,,,,Full Cream,,,,,0.0
7633,471,0.0,30.4,Freshly Squeezed Juice-Orange,1,Cold Drinks,6.0,3,REG,6.0,2020-10-01 08:15:00,102.91074667455888,,,,,With Ice,"Orange, Lemon",,,,,,0.0
25585,1255,0.0,30.4,Smoothie-Mango Magic,1,Cold Drinks,7.6,1,REG,7.6,2022-10-01 10:53:15,30.29186071202668,,,,,,,,,,,,0.0
25585,1255,0.0,30.4,Smoothie-Mango Magic,1,Cold Drinks,7.6,2,REG,7.6,2022-10-01 10:53:15,30.29186071202668,,,,,,,,,,,,0.0
25585,1255,0.0,30.4,Smoothie-Green Machine,1,Cold Drinks,7.6,3,REG,7.6,2022-10-01 10:53:15,30.29186071202668,,,,,,,,,,,,0.0
25585,1255,0.0,30.4,Smoothie-Green Machine,1,Cold Drinks,7.6,4,REG,7.6,2022-10-01 10:53:15,30.29186071202668,,,,,,,,,,,,0.0
38444,1144,0.0,43.2,Iced Mocha with Cream,1,Cold Drinks,6.4,5,REG,6.4,2023-12-11 12:52:59,58.176580277235466,With Cream,Normal,,0,,,Skim,,Full,,,0.0
35676,1197,0.0,43.2,Freshly Squeezed Juice-Orange,1,Cold Drinks,7.2,1,REG,7.2,2023-09-14 12:45:00,102.91074667455888,,,,,With Ice,Orange,,,,,,0.0
24817,290,0.0,56.0,Iced Chocolate with Cream,1,Cold Drinks,5.5,3,REG,5.5,2022-09-04 08:58:03,47.99811603917823,With Cream,,,0,,,Full Cream,,Full,,,0.0
24817,290,0.0,56.0,Iced Chocolate with Cream,1,Cold Drinks,5.5,4,REG,5.5,2022-09-04 08:58:03,47.99811603917823,With Cream,,,0,,,Full Cream,,Full,,,0.0
4723,205,0.0,56.0,Milkshake (Syrup)-Banana,1,Cold Drinks,3.8,7,SML,3.8,2020-05-03 09:08:57,102.91074667455888,,,,,,,Full Cream,,,,,0.0
4723,205,0.0,56.0,Milkshake (Syrup)-Strawberry,1,Cold Drinks,3.8,8,SML,3.8,2020-05-03 09:08:57,102.91074667455888,,,,,,,Full Cream,,,,,0.0
29028,841,0.0,68.8,Smoothie-Mango Magic,1,Cold Drinks,7.6,6,REG,7.6,2023-02-12 11:23:40,202.39565212721345,,,,,,,,,,,,0.0
29028,841,0.0,68.8,Smoothie-Mango Magic,1,Cold Drinks,7.6,7,REG,7.6,2023-02-12 11:23:40,202.39565212721345,,,,,,,,,,,,0.0
12947,20,0.0,12.5,Ice Latte,1,Cold Drinks,5.3,2,REG,4.8,2021-06-01 09:10:58,15.937429912097317,,Normal,,1,,,Skim,,Full,None,,0.5
12947,20,0.0,12.5,Milkshake (Syrup)-Chocolate,1,Cold Drinks,2.9,3,MINI,2.9,2021-06-01 09:10:58,15.937429912097317,,,,,,,Full Cream,,,,,0.0
18201,799,0.0,12.5,Iced Coffee with Cream,1,Cold Drinks,5.5,1,REG,5.5,2021-12-12 09:19:47,227.42422425453665,With Cream,Normal,,0,,,Full Cream,,Full,Vanilla,,0.0
27365,48,0.0,12.5,Smoothie-Mango Magic,1,Cold Drinks,7.6,2,REG,7.6,2022-12-02 11:32:55,20.32398627078375,,,,,,,,,,,,0.0
26643,48,0.0,12.5,Smoothie-Green Machine,1,Cold Drinks,7.6,2,REG,7.6,2022-11-09 08:55:04,20.32398627078375,,,,,,,,,,,,0.0
14996,49,0.0,12.5,Milkshake (Syrup)-Chocolate,1,Cold Drinks,3.9,3,SML,3.9,2021-08-22 11:21:56,5.6913721453400745,,,,,,,Full Cream,,,,,0.0
3523,63,0.0,12.5,Thickshake (Syrup)-Strawberry,1,Cold Drinks,7.0,2,LRG,7.0,2019-08-29 09:05:15,577.0693199261246,,,,,,,,,,,,0.0
4012,78,0.0,12.5,Iced Coffee with Cream,1,Cold Drinks,5.5,1,REG,5.0,2019-12-23 08:39:15,118.77749604723726,With Cream,Normal,,1,,,Full Cream,,Full,Vanilla,,0.5
3704,78,0.0,12.5,Iced Mocha with Cream,1,Cold Drinks,5.5,1,REG,5.5,2019-10-17 08:45:00,118.77749604723726,With Cream,Normal,,0,,,Full Cream,,Full,,,0.0
18489,101,0.0,12.5,Iced Mocha with Cream,1,Cold Drinks,6.5,1,REG,6.0,2021-12-23 12:34:19,58.06680913565154,With Cream,Normal,,1,,,Full Cream,,Full,,,0.5
18489,101,0.0,12.5,Iced Mocha with Cream,1,Cold Drinks,6.0,2,REG,6.0,2021-12-23 12:34:19,58.06680913565154,With Cream,Normal,,0,,,Full Cream,,Full,,,0.0
9744,161,0.0,12.5,Ice Latte,1,Cold Drinks,4.5,1,REG,4.5,2020-12-22 09:22:49,23.82515677258169,,Normal,,0,,,Full Cream,,Full,None,,0.0
9697,161,0.0,12.5,Ice Latte,1,Cold Drinks,4.5,1,REG,4.5,2020-12-20 10:10:35,23.82515677258169,,Normal,,0,,,Full Cream,,Full,None,,0.0
9672,161,0.0,12.5,Ice Latte,1,Cold Drinks,4.5,1,REG,4.5,2020-12-19 10:30:20,23.82515677258169,,Normal,,0,,,Full Cream,,Full,None,,0.0
9211,161,0.0,12.5,Ice Latte,1,Cold Drinks,4.5,1,REG,4.5,2020-11-30 06:30:51,23.82515677258169,,Normal,,0,,,Full Cream,,Full,None,,0.0
9198,161,0.0,12.5,Ice Latte,1,Cold Drinks,4.5,1,REG,4.5,2020-11-29 09:14:36,23.82515677258169,,Normal,,0,,,Full Cream,,Full,None,,0.0
9171,161,0.0,12.5,Ice Latte,1,Cold Drinks,4.5,1,REG,4.5,2020-11-28 07:38:15,23.82515677258169,,Normal,,0,,,Full Cream,,Full,None,,0.0
17125,421,0.0,12.5,Freshly Squeezed Juice-Orange,1,Cold Drinks,6.5,1,REG,6.0,2021-11-03 07:50:34,32.56254897822951,,,,,With Ice,"Orange, Lemon, Apple, Celery, Carrot, Ginger",,,,,,0.5
20484,166,0.0,12.5,Freshly Squeezed Juice-Orange,1,Cold Drinks,6.7,1,REG,6.2,2022-03-26 13:25:00,80.17974459831028,,,,,With Ice,"Orange, Apple, Carrot, Ginger",,,,,,0.5
20484,166,0.0,12.5,Milkshake (Syrup)-Lime,1,Cold Drinks,2.9,2,MINI,2.9,2022-03-26 13:25:00,80.17974459831028,,,,,,,Full Cream,,,,,0.0
20484,166,0.0,12.5,Milkshake (Syrup)-Chocolate,1,Cold Drinks,2.9,3,MINI,2.9,2022-03-26 13:25:00,80.17974459831028,,,,,,,Full Cream,,,,,0.0
16287,172,0.0,12.5,Freshly Squeezed Juice-Orange,1,Cold Drinks,7.0,1,REG,6.0,2021-10-04 09:30:17,5.2489316501187995,,,,,With Ice,"Orange, Lemon, Apple, Celery, Carrot, Ginger, Beetroot",,,,,,1.0
13796,172,0.0,12.5,Freshly Squeezed Juice-Orange,1,Cold Drinks,7.0,1,REG,6.0,2021-07-05 08:13:27,5.2489316501187995,,,,,With Ice,"Orange, Lemon, Apple, Celery, Carrot, Ginger, Beetroot",,,,,,1.0
8960,172,0.0,12.5,Freshly Squeezed Juice-Orange,1,Cold Drinks,7.0,1,REG,6.0,2020-11-19 08:38:56,5.2489316501187995,,,,,With Ice,"Orange, Lemon, Apple, Celery, Carrot, Ginger, Beetroot",,,,,,1.0
27069,175,0.0,12.5,Milkshake (Syrup)-Banana,1,Cold Drinks,2.9,3,MINI,2.9,2022-11-23 09:14:58,10.277826498239987,,,,,,,Full Cream,,,,,0.0
26861,175,0.0,12.5,Milkshake (Syrup)-Blue Heaven,1,Cold Drinks,2.9,3,MINI,2.9,2022-11-16 09:05:35,10.277826498239987,,,,,,,Full Cream,,,,,0.0
26768,175,0.0,12.5,Milkshake (Syrup)-Lime,1,Cold Drinks,2.9,3,MINI,2.9,2022-11-13 10:03:25,10.277826498239987,,,,,,,Full Cream,,,,,0.0
26340,175,0.0,12.5,Milkshake (Syrup)-Strawberry,1,Cold Drinks,2.9,3,MINI,2.9,2022-10-29 10:00:45,10.277826498239987,,,,,,,Full Cream,,,,,0.0
21075,175,0.0,12.5,Milkshake (Syrup)-Spearmint,1,Cold Drinks,2.9,3,MINI,2.9,2022-04-19 10:19:10,10.277826498239987,,,,,,,Full Cream,,,,,0.0
7309,464,0.0,12.5,Iced Mocha with Cream,1,Cold Drinks,5.5,2,REG,5.5,2020-09-18 13:45:00,16.97056274847714,With Cream,Normal,,0,,,Skim,,Half,,,0.0
35772,1600,0.0,25.3,Thickshake (Syrup)-Chocolate,1,Cold Drinks,7.9,3,SML,7.9,2023-09-17 11:29:57,102.91074667455888,,,,,,,,,,,,0.0
35772,1600,0.0,25.3,Thickshake (Syrup)-Chocolate,1,Cold Drinks,7.9,4,SML,7.9,2023-09-17 11:29:57,102.91074667455888,,,,,,,,,,,,0.0
12846,421,0.0,25.3,Freshly Squeezed Juice-Orange,1,Cold Drinks,6.5,1,REG,6.0,2021-05-29 08:35:28,32.56254897822951,,,,,With Ice,"Orange, Apple, Celery, Carrot, Ginger",,,,,,0.5
28977,288,0.0,38.1,Smoothie-Mango Magic,1,Cold Drinks,7.6,4,REG,7.6,2023-02-10 14:06:55,33.10473998574539,,,,,,,,,,,,0.0
28977,288,0.0,38.1,Coffee Frappe,1,Cold Drinks,6.7,1,REG,6.7,2023-02-10 14:06:55,33.10473998574539,,Normal,,0,,,Full Cream,,Full,,,0.0
37322,48,0.0,38.1,Smoothie-Mango Magic,1,Cold Drinks,8.5,3,REG,8.5,2023-11-04 11:25:24,20.32398627078375,,,,,,,,,,,,0.0
16251,175,0.0,63.7,Smoothie-Green Machine,1,Cold Drinks,7.6,14,REG,7.6,2021-10-03 10:15:00,10.277826498239987,,,,,,,,,,,,0.0
16251,175,0.0,63.7,Milkshake (Syrup)-Caramel,1,Cold Drinks,3.9,10,SML,3.9,2021-10-03 10:15:00,10.277826498239987,,,,,,,Full Cream,,,,,0.0
16251,175,0.0,63.7,Milkshake (Syrup)-Banana,1,Cold Drinks,3.9,11,SML,3.9,2021-10-03 10:15:00,10.277826498239987,,,,,,,Full Cream,,,,,0.0
9229,49,0.0,7.4,Milkshake (Syrup)-Chocolate,1,Cold Drinks,3.8,2,SML,3.8,2020-11-30 09:41:01,5.6913721453400745,,,,,,,Full Cream,,,,,0.0
5078,49,0.0,7.4,Milkshake (Syrup)-Chocolate,1,Cold Drinks,3.8,2,SML,3.8,2020-05-29 11:29:48,5.6913721453400745,,,,,,,Full Cream,,,,,0.0
28141,1372,0.0,7.4,Coffee Frappe,1,Cold Drinks,7.4,1,REG,6.7,2023-01-09 13:20:59,102.91074667455888,,Normal,,0,,,Almond,,Full,,,0.7000000000000002
37949,1667,0.0,7.4,Iced Mocha with Cream,1,Cold Drinks,7.4,1,REG,6.4,2023-11-25 12:35:29,102.91074667455888,No Cream,Normal,,0,,,Oat Milk,,Full,,,1.0
39376,1544,0.0,20.2,Freshly Squeezed Juice-Orange,1,Cold Drinks,7.2,2,REG,7.2,2024-01-24 12:44:18,24.192696205830433,,,,,With Ice,Orange,,,,,,0.0
16372,12,0.0,20.2,Smoothie-Mango Magic,1,Cold Drinks,7.6,2,REG,7.6,2021-10-07 12:29:58,30.753554335954057,,,,,,,,,,,,0.0
16372,12,0.0,20.2,Smoothie-Mango Magic,1,Cold Drinks,7.6,3,REG,7.6,2021-10-07 12:29:58,30.753554335954057,,,,,,,,,,,,0.0
22601,268,0.0,20.2,Milkshake (Syrup)-Vanilla,1,Cold Drinks,6.0,2,LRG,6.0,2022-06-14 09:48:32,86.00495109529,,,,,,,Skim,,,,,0.0
14811,20,0.0,20.2,Smoothie-Banana Buzz,1,Cold Drinks,7.6,5,REG,7.6,2021-08-15 14:47:15,15.937429912097317,,,,,,,,,,,,0.0
14811,20,0.0,20.2,Milkshake (Syrup)-Chocolate,1,Cold Drinks,2.9,1,MINI,2.9,2021-08-15 14:47:15,15.937429912097317,,,,,,,Full Cream,,,,,0.0
14811,20,0.0,20.2,Milkshake (Syrup)-Chocolate,1,Cold Drinks,2.9,2,MINI,2.9,2021-08-15 14:47:15,15.937429912097317,,,,,,,Full Cream,,,,,0.0
14811,20,0.0,20.2,Milkshake (Syrup)-Chocolate,1,Cold Drinks,2.9,3,MINI,2.9,2021-08-15 14:47:15,15.937429912097317,,,,,,,Full Cream,,,,,0.0
14811,20,0.0,20.2,Milkshake (Syrup)-Chocolate,1,Cold Drinks,3.9,4,SML,3.9,2021-08-15 14:47:15,15.937429912097317,,,,,,,Full Cream,,,,,0.0
28201,811,0.0,20.2,Freshly Squeezed Juice-Orange,1,Cold Drinks,7.0,2,REG,6.5,2023-01-12 06:30:00,56.15160730560616,,,,,With Ice,"Orange, Lemon, Apple, Celery, Carrot, Beetroot",,,,,,0.5
28877,1392,0.0,20.2,Ice Latte,1,Cold Drinks,6.0,2,REG,5.0,2023-02-07 10:10:48,102.91074667455888,,Normal,,0,,,Oat Milk,,Full,Vanilla,,1.0
7806,387,0.0,20.2,Milkshake (Syrup)-Chocolate,1,Cold Drinks,3.8,3,SML,3.8,2020-10-07 12:19:33,89.20540707357817,,,,,,,Full Cream,,,,,0.0
36062,172,0.0,20.2,Milkshake (Syrup)-Vanilla,1,Cold Drinks,5.2,3,SML,5.2,2023-09-26 11:11:31,5.2489316501187995,,,,,,,Full Cream,,,,,0.0
36062,172,0.0,20.2,Milkshake (Syrup)-Lime,1,Cold Drinks,5.2,4,SML,5.2,2023-09-26 11:11:31,5.2489316501187995,,,,,,,Full Cream,,,,,0.0
30068,175,0.0,20.2,Milkshake (Syrup)-Vanilla,1,Cold Drinks,2.9,5,MINI,2.9,2023-03-18 10:13:05,10.277826498239987,,,,,,,Full Cream,,,,,0.0
23239,1213,0.0,20.2,Thickshake (Syrup)-Lime,1,Cold Drinks,8.5,2,LRG,8.5,2022-07-09 10:59:52,102.91074667455888,,,,,,,,,,,,0.0
16478,208,0.0,20.2,Milkshake (Syrup)-Lime,1,Cold Drinks,6.0,2,LRG,6.0,2021-10-11 09:00:00,143.6961079103099,,,,,,,Full Cream,,,,,0.0
16478,208,0.0,20.2,Milkshake (Syrup)-Cookies and Cream,1,Cold Drinks,6.0,3,LRG,6.0,2021-10-11 09:00:00,143.6961079103099,,,,,,,Full Cream,,,,,0.0
16478,208,0.0,20.2,Milkshake (Syrup)-Chocolate,1,Cold Drinks,3.9,4,SML,3.9,2021-10-11 09:00:00,143.6961079103099,,,,,,,Full Cream,,,,,0.0
16442,10,0.0,33.0,Milkshake (Syrup)-Banana,1,Cold Drinks,3.9,4,SML,3.9,2021-10-10 09:00:00,55.12194523194774,,,,,,,Full Cream,,,,,0.0
5707,59,0.0,33.0,Freshly Squeezed Juice-Orange,1,Cold Drinks,6.0,4,REG,6.0,2020-07-12 11:44:35,162.9431685910035,,,,,With Ice,Orange,,,,,,0.0
22578,341,0.0,33.0,Coffee Frappe,1,Cold Drinks,8.5,2,LRG,8.0,2022-06-13 11:30:20,86.43207290008986,,Normal,,1,,,Full Cream,,Full,,,0.5
3802,91,0.0,33.0,Milkshake (Syrup)-Vanilla,1,Cold Drinks,6.0,1,LRG,6.0,2019-11-08 09:30:00,190.160834182917,,,,,,,Full Cream,,,,,0.0
3802,91,0.0,33.0,Thickshake (Syrup)-Vanilla,1,Cold Drinks,7.0,2,LRG,7.0,2019-11-08 09:30:00,190.160834182917,,,,,,,,,,,,0.0
3777,91,0.0,33.0,Milkshake (Syrup)-Vanilla,1,Cold Drinks,6.0,1,LRG,6.0,2019-11-04 09:45:00,190.160834182917,,,,,,,Full Cream,,,,,0.0
3777,91,0.0,33.0,Thickshake (Syrup)-Vanilla,1,Cold Drinks,7.0,2,LRG,7.0,2019-11-04 09:45:00,190.160834182917,,,,,,,,,,,,0.0
20177,92,0.0,33.0,Iced Chocolate with Cream,1,Cold Drinks,6.0,2,REG,5.5,2022-03-14 10:50:05,32.28859341322894,No Cream,,,0,,,Soy,,Full,,,0.5
20177,92,0.0,33.0,Coffee Frappe,1,Cold Drinks,7.5,1,REG,6.5,2022-03-14 10:50:05,32.28859341322894,,Normal,,1,,,Soy,,Full,,,1.0
15546,521,0.0,45.8,Ice Latte,1,Cold Drinks,6.3,3,REG,4.8,2021-09-10 10:55:32,185.75564229728337,,Normal,,1,,,Oat Milk,,Full,Vanilla,,1.5
15546,521,0.0,45.8,Smoothie-Koko Berries,1,Cold Drinks,7.6,5,REG,7.6,2021-09-10 10:55:32,185.75564229728337,,,,,,,,,,,,0.0
14081,802,0.0,45.8,Thickshake (Syrup)-Strawberry,1,Cold Drinks,6.0,5,SML,6.0,2021-07-17 12:50:38,221.47610856854666,,,,,,,,,,,,0.0
15645,811,0.0,45.8,Freshly Squeezed Juice-Orange,1,Cold Drinks,6.0,3,REG,6.0,2021-09-13 12:44:16,56.15160730560616,,,,,With Ice,"Orange, Lemon, Apple, Celery, Carrot",,,,,,0.0
15645,811,0.0,45.8,Milkshake (Syrup)-Blue Heaven,1,Cold Drinks,3.9,4,SML,3.9,2021-09-13 12:44:16,56.15160730560616,,,,,,,Full Cream,,,,,0.0
15645,811,0.0,45.8,Thickshake (Syrup)-Strawberry,1,Cold Drinks,6.0,6,SML,6.0,2021-09-13 12:44:16,56.15160730560616,,,,,,,,,,,,0.0
33746,101,0.0,45.8,Milkshake (Syrup)-Vanilla,1,Cold Drinks,4.5,2,SML,4.5,2023-07-16 12:27:01,58.06680913565154,,,,,,,Full Cream,,,,,0.0
33746,101,0.0,45.8,Milkshake (Syrup)-Chocolate,1,Cold Drinks,4.5,3,SML,4.5,2023-07-16 12:27:01,58.06680913565154,,,,,,,Full Cream,,,,,0.0
14109,443,0.0,45.8,Milkshake (Syrup)-Strawberry,1,Cold Drinks,2.9,4,MINI,2.9,2021-07-18 12:53:08,259.95384205662356,,,,,,,Full Cream,,,,,0.0
14109,443,0.0,45.8,Iced Coffee with Cream,1,Cold Drinks,5.5,3,REG,5.5,2021-07-18 12:53:08,259.95384205662356,No Cream,Normal,,0,,,Full Cream,,Full,Vanilla,,0.0
14109,443,0.0,45.8,Freshly Squeezed Juice-Orange,1,Cold Drinks,6.0,2,REG,6.0,2021-07-18 12:53:08,259.95384205662356,,,,,With Ice,"Orange, Apple, Carrot",,,,,,0.0
39565,1229,0.0,45.8,Smoothie-Koko Berries,1,Cold Drinks,8.5,5,REG,8.5,2024-01-31 12:34:10,147.0606513137867,,,,,,,,,,,,0.0
6811,429,0.0,71.4,Ice Latte,1,Cold Drinks,5.5,7,REG,4.5,2020-08-31 10:15:08,161.1496199188816,,Normal,,0,,,Oat Milk,,Full,Vanilla,,1.0
6811,429,0.0,71.4,Freshly Squeezed Juice-Orange,1,Cold Drinks,6.5,6,REG,6.0,2020-08-31 10:15:08,161.1496199188816,,,,,With Ice,"Orange, Apple, Carrot, Ginger",,,,,,0.5
14607,541,0.0,15.1,Iced Coffee with Cream,1,Cold Drinks,7.5,1,REG,5.5,2021-08-07 15:47:24,72.33584156997668,With Cream,Normal,,2,,,Oat Milk,,Full,Vanilla,,2.0
14607,541,0.0,15.1,Smoothie-Mango Magic,1,Cold Drinks,7.6,2,REG,7.6,2021-08-07 15:47:24,72.33584156997668,,,,,,,,,,,,0.0
30767,811,0.0,15.1,Smoothie-Green Machine,1,Cold Drinks,7.6,2,REG,7.6,2023-04-11 12:33:23,56.15160730560616,,,,,,,,,,,,0.0
30767,811,0.0,15.1,Freshly Squeezed Juice-Carrot,1,Cold Drinks,7.5,1,REG,6.5,2023-04-11 12:33:23,56.15160730560616,,,,,With Ice,"Lemon, Celery, Ginger, Beetroot",,,,,,1.0
6412,325,0.0,15.1,Freshly Squeezed Juice-Orange,1,Cold Drinks,6.0,1,REG,6.0,2020-08-14 10:15:00,58.48327818411425,,,,,With Ice,Orange,,,,,,0.0
7932,502,0.0,15.1,Smoothie-Mango Magic,1,Cold Drinks,7.6,2,REG,7.6,2020-10-12 12:17:43,102.91074667455888,,,,,,,,,,,,0.0
18240,1029,0.0,27.9,Milkshake (Syrup)-Chocolate,1,Cold Drinks,6.0,2,LRG,6.0,2021-12-13 15:38:48,71.32647942150705,,,,,,,Full Cream,,,,,0.0
18240,1029,0.0,27.9,Milkshake (Syrup)-Strawberry,1,Cold Drinks,6.0,3,LRG,6.0,2021-12-13 15:38:48,71.32647942150705,,,,,,,Full Cream,,,,,0.0
18240,1029,0.0,27.9,Milkshake (Syrup)-Chocolate,1,Cold Drinks,6.0,4,LRG,6.0,2021-12-13 15:38:48,71.32647942150705,,,,,,,Full Cream,,,,,0.0
18219,1040,0.0,27.9,Smoothie-Koko Berries,1,Cold Drinks,7.6,2,REG,7.6,2021-12-13 06:45:00,759.432682994352,,,,,,,,,,,,0.0
35746,1050,0.0,27.9,Smoothie-Mango Magic,1,Cold Drinks,8.5,3,REG,8.5,2023-09-16 12:01:47,267.26291674429257,,,,,,,,,,,,0.0
36900,1643,0.0,27.9,Iced Coffee with Cream,1,Cold Drinks,6.4,1,REG,5.9,2023-10-22 12:22:01,102.91074667455888,No Cream,Normal,,1,,,Full Cream,,Full,None,,0.5
37541,1192,0.0,27.9,Smoothie-Koko Berries,1,Cold Drinks,8.5,3,REG,8.5,2023-11-12 13:31:54,48.3676739574891,,,,,,,,,,,,0.0
16061,173,0.0,27.9,Milkshake (Syrup)-Chocolate,1,Cold Drinks,3.9,4,SML,3.9,2021-09-27 10:11:25,8.342553249041227,,,,,,,Full Cream,,,,,0.0
16061,173,0.0,27.9,Freshly Squeezed Juice-Orange,1,Cold Drinks,6.0,1,REG,6.0,2021-09-27 10:11:25,8.342553249041227,,,,,With Ice,Orange,,,,,,0.0
38738,696,0.0,27.9,Coffee Frappe,1,Cold Drinks,6.9,1,REG,6.9,2023-12-20 12:43:49,135.3212716495325,,Normal,,0,,,Skim,,Full,,,0.0
38738,696,0.0,27.9,Smoothie-Mango Magic,1,Cold Drinks,8.5,2,REG,8.5,2023-12-20 12:43:49,135.3212716495325,,,,,,,,,,,,0.0
33508,451,0.0,27.9,Iced Coffee with Cream,1,Cold Drinks,5.7,1,REG,5.7,2023-07-09 08:17:32,62.44086395645575,With Cream,Normal,,0,,,Full Cream,,Full,Vanilla,,0.0
29020,234,0.0,27.9,Milkshake (Syrup)-Cookies and Cream,1,Cold Drinks,4.5,5,SML,4.5,2023-02-12 09:27:06,3.306975953679214,,,,,,,Skim,,,,,0.0
28156,1268,0.0,40.7,Smoothie-Mango Magic,1,Cold Drinks,7.6,4,REG,7.6,2023-01-10 08:53:06,102.91074667455888,,,,,,,,,,,,0.0
28156,1268,0.0,40.7,Smoothie-Mango Magic,1,Cold Drinks,7.6,5,REG,7.6,2023-01-10 08:53:06,102.91074667455888,,,,,,,,,,,,0.0
38665,1148,0.0,53.5,Milkshake (Syrup)-Chocolate,2,Cold Drinks,6.6,6,MINI,3.3,2023-12-18 10:45:06,21.754424527504998,,,,,,,Full Cream,,,,,0.0
38665,1148,0.0,53.5,Milkshake (Syrup)-Strawberry,2,Cold Drinks,6.6,7,MINI,3.3,2023-12-18 10:45:06,21.754424527504998,,,,,,,Full Cream,,,,,0.0
5738,14,0.0,10.0,Freshly Squeezed Juice-Orange,1,Cold Drinks,6.0,2,REG,6.0,2020-07-14 12:25:35,39.92548018814512,,,,,With Ice,"Orange, Lemon, Apple",,,,,,0.0
3868,16,0.0,10.0,Iced Coffee with Cream,1,Cold Drinks,5.0,2,REG,5.0,2019-11-21 10:20:40,16.49222585866511,With Cream,Normal,,0,,,Full Cream,,Full,Vanilla,,0.0
9767,324,0.0,10.0,Iced Coffee with Cream,1,Cold Drinks,5.0,2,REG,5.0,2020-12-23 12:22:41,21.399972119696923,No Cream,Normal,,0,,,Full Cream,,Full,Vanilla,,0.0
9512,324,0.0,10.0,Iced Coffee with Cream,1,Cold Drinks,5.0,2,REG,5.0,2020-12-11 10:37:26,21.399972119696923,No Cream,Normal,,0,,,Full Cream,,Full,Vanilla,,0.0
9331,324,0.0,10.0,Iced Coffee with Cream,1,Cold Drinks,5.0,2,REG,5.0,2020-12-04 14:04:38,21.399972119696923,No Cream,Normal,,0,,,Full Cream,,Full,Vanilla,,0.0
9308,324,0.0,10.0,Iced Coffee with Cream,1,Cold Drinks,5.0,2,REG,5.0,2020-12-03 13:06:31,21.399972119696923,No Cream,Normal,,0,,,Full Cream,,Full,Vanilla,,0.0
9257,324,0.0,10.0,Iced Coffee with Cream,1,Cold Drinks,5.0,2,REG,5.0,2020-12-01 14:00:35,21.399972119696923,No Cream,Normal,,0,,,Full Cream,,Full,Vanilla,,0.0
9181,324,0.0,10.0,Iced Coffee with Cream,1,Cold Drinks,5.0,2,REG,5.0,2020-11-28 10:09:00,21.399972119696923,No Cream,Normal,,0,,,Full Cream,,Full,Vanilla,,0.0
8435,324,0.0,10.0,Iced Coffee with Cream,1,Cold Drinks,5.0,2,REG,5.0,2020-10-28 13:25:27,21.399972119696923,No Cream,Normal,,0,,,Full Cream,,Full,Vanilla,,0.0
7905,324,0.0,10.0,Iced Coffee with Cream,1,Cold Drinks,5.0,2,REG,5.0,2020-10-11 14:44:02,21.399972119696923,No Cream,Normal,,0,,,Full Cream,,Full,Vanilla,,0.0
7681,324,0.0,10.0,Iced Coffee with Cream,1,Cold Drinks,5.0,2,REG,5.0,2020-10-02 13:01:23,21.399972119696923,No Cream,Normal,,0,,,Full Cream,,Full,Vanilla,,0.0
7523,324,0.0,10.0,Iced Coffee with Cream,1,Cold Drinks,5.0,2,REG,5.0,2020-09-26 14:01:19,21.399972119696923,No Cream,Normal,,0,,,Full Cream,,Full,Vanilla,,0.0
7385,324,0.0,10.0,Iced Coffee with Cream,1,Cold Drinks,5.0,2,REG,5.0,2020-09-21 14:45:18,21.399972119696923,No Cream,Normal,,0,,,Full Cream,,Full,Vanilla,,0.0
7332,324,0.0,10.0,Iced Coffee with Cream,1,Cold Drinks,5.0,2,REG,5.0,2020-09-19 14:33:57,21.399972119696923,No Cream,Normal,,0,,,Full Cream,,Full,Vanilla,,0.0
7224,324,0.0,10.0,Iced Coffee with Cream,1,Cold Drinks,5.0,2,REG,5.0,2020-09-15 10:28:12,21.399972119696923,No Cream,Normal,,0,,,Full Cream,,Full,Vanilla,,0.0
7018,324,0.0,10.0,Iced Coffee with Cream,1,Cold Drinks,5.0,2,REG,5.0,2020-09-07 13:56:38,21.399972119696923,No Cream,Normal,,0,,,Full Cream,,Full,Vanilla,,0.0
6498,324,0.0,10.0,Iced Coffee with Cream,1,Cold Drinks,5.0,2,REG,5.0,2020-08-18 10:22:51,21.399972119696923,No Cream,Normal,,0,,,Full Cream,,Full,Vanilla,,0.0
36179,1408,0.0,10.0,Ice Latte,1,Cold Drinks,5.2,1,REG,5.2,2023-09-30 08:47:32,61.75007229608261,,Normal,,0,,,Skim,,Full,None,,0.0
7219,197,0.0,10.0,Milkshake (Syrup)-Vanilla,1,Cold Drinks,2.5,2,MINI,2.5,2020-09-15 09:38:46,8.972684535279665,,,,,,,Full Cream,,,,,0.0
7219,197,0.0,10.0,Milkshake (Syrup)-Chocolate,1,Cold Drinks,2.5,3,MINI,2.5,2020-09-15 09:38:46,8.972684535279665,,,,,,,Full Cream,,,,,0.0
6837,197,0.0,10.0,Milkshake (Syrup)-Vanilla,1,Cold Drinks,2.5,2,MINI,2.5,2020-09-01 09:46:46,8.972684535279665,,,,,,,Full Cream,,,,,0.0
6837,197,0.0,10.0,Milkshake (Syrup)-Chocolate,1,Cold Drinks,2.5,3,MINI,2.5,2020-09-01 09:46:46,8.972684535279665,,,,,,,Full Cream,,,,,0.0
6536,197,0.0,10.0,Milkshake (Syrup)-Vanilla,1,Cold Drinks,2.5,2,MINI,2.5,2020-08-20 09:46:35,8.972684535279665,,,,,,,Full Cream,,,,,0.0
6536,197,0.0,10.0,Milkshake (Syrup)-Chocolate,1,Cold Drinks,2.5,3,MINI,2.5,2020-08-20 09:46:35,8.972684535279665,,,,,,,Full Cream,,,,,0.0
6244,197,0.0,10.0,Milkshake (Syrup)-Chocolate,1,Cold Drinks,2.5,2,MINI,2.5,2020-08-07 09:37:26,8.972684535279665,,,,,,,Full Cream,,,,,0.0
6244,197,0.0,10.0,Milkshake (Syrup)-Vanilla,1,Cold Drinks,2.5,3,MINI,2.5,2020-08-07 09:37:26,8.972684535279665,,,,,,,Full Cream,,,,,0.0
40513,1751,0.0,10.0,Ice Latte,1,Cold Drinks,5.2,2,REG,5.2,2024-03-02 10:24:34,102.91074667455888,,Normal,,0,,,Full Cream,,Full,Vanilla,,0.0
17224,261,0.0,22.8,Milkshake (Syrup)-Chocolate,1,Cold Drinks,3.9,5,SML,3.9,2021-11-06 11:42:13,15.87426905030864,,,,,,,Full Cream,,,,,0.0
17224,261,0.0,22.8,Iced Chocolate with Cream,1,Cold Drinks,5.5,4,REG,5.5,2021-11-06 11:42:13,15.87426905030864,With Cream,,,0,,,Full Cream,,Full,,,0.0
26233,1309,0.0,22.8,Smoothie-Banana Buzz,1,Cold Drinks,7.6,1,REG,7.6,2022-10-25 09:46:07,102.91074667455888,,,,,,,,,,,,0.0
26233,1309,0.0,22.8,Smoothie-Koko Berries,1,Cold Drinks,7.6,2,REG,7.6,2022-10-25 09:46:07,102.91074667455888,,,,,,,,,,,,0.0
26233,1309,0.0,22.8,Smoothie-Koko Berries,1,Cold Drinks,7.6,3,REG,7.6,2022-10-25 09:46:07,102.91074667455888,,,,,,,,,,,,0.0
34731,1133,0.0,22.8,Iced Coffee with Cream,1,Cold Drinks,6.9,2,REG,5.9,2023-08-16 12:00:07,102.91074667455888,No Cream,Normal,,0,,,Oat Milk,,Full,None,,1.0
38199,1649,0.0,22.8,Thickshake (Syrup)-Chocolate,1,Cold Drinks,7.9,4,SML,7.9,2023-12-03 13:11:25,9.121403400793103,,,,,,,,,,,,0.0
38199,1649,0.0,22.8,Iced Chocolate with Cream,1,Cold Drinks,5.9,1,REG,5.9,2023-12-03 13:11:25,9.121403400793103,No Cream,,,0,,,Skim,,Full,,,0.0
31573,888,0.0,22.8,Smoothie-Koko Berries,1,Cold Drinks,7.6,1,REG,7.6,2023-05-07 14:11:09,57.14591310509777,,,,,,,,,,,,0.0
31573,888,0.0,22.8,Smoothie-Mango Magic,1,Cold Drinks,7.6,2,REG,7.6,2023-05-07 14:11:09,57.14591310509777,,,,,,,,,,,,0.0
31573,888,0.0,22.8,Smoothie-Mango Magic,1,Cold Drinks,7.6,3,REG,7.6,2023-05-07 14:11:09,57.14591310509777,,,,,,,,,,,,0.0
15491,137,0.0,22.8,Smoothie-Koko Berries,1,Cold Drinks,7.6,1,REG,7.6,2021-09-08 12:20:55,250.69389416463372,,,,,,,,,,,,0.0
15491,137,0.0,22.8,Smoothie-Green Machine,1,Cold Drinks,7.6,2,REG,7.6,2021-09-08 12:20:55,250.69389416463372,,,,,,,,,,,,0.0
15491,137,0.0,22.8,Smoothie-Mango Magic,1,Cold Drinks,7.6,3,REG,7.6,2021-09-08 12:20:55,250.69389416463372,,,,,,,,,,,,0.0
19470,175,0.0,22.8,Milkshake (Syrup)-Caramel,1,Cold Drinks,2.9,4,MINI,2.9,2022-02-16 09:43:58,10.277826498239987,,,,,,,Full Cream,,,,,0.0
21102,443,0.0,35.6,Smoothie-Koko Berries,1,Cold Drinks,7.6,4,REG,7.6,2022-04-20 13:20:54,259.95384205662356,,,,,,,,,,,,0.0
21102,443,0.0,35.6,Freshly Squeezed Juice-Orange,1,Cold Drinks,6.2,1,REG,6.2,2022-04-20 13:20:54,259.95384205662356,,,,,With Ice,"Orange, Apple, Carrot",,,,,,0.0
34209,1524,0.0,35.6,Thickshake (Syrup)-Strawberry,1,Cold Drinks,7.9,3,SML,7.9,2023-07-30 11:42:48,25.790363648906876,,,,,,,,,,,,0.0
34209,1524,0.0,35.6,Ice Latte,1,Cold Drinks,5.7,2,REG,5.2,2023-07-30 11:42:48,25.790363648906876,,Normal,,1,,,Full Cream,,Full,None,,0.5
16299,919,0.0,48.4,Iced Coffee with Cream,1,Cold Drinks,5.5,2,REG,5.5,2021-10-04 14:05:24,370.9185509361474,With Cream,Normal,,0,,,Full Cream,,Full,Vanilla,,0.0
16299,919,0.0,48.4,Iced Coffee with Cream,1,Cold Drinks,5.5,3,REG,5.5,2021-10-04 14:05:24,370.9185509361474,With Cream,Normal,,0,,,Full Cream,,Full,Vanilla,,0.0
16299,919,0.0,48.4,Thickshake (Syrup)-Blue Heaven,1,Cold Drinks,8.0,7,LRG,8.0,2021-10-04 14:05:24,370.9185509361474,,,,,,,,,,,,0.0
12540,719,0.0,74.0,Milkshake (Syrup)-Chocolate,1,Cold Drinks,6.0,2,LRG,6.0,2021-05-15 12:51:15,102.91074667455888,,,,,,,Full Cream,,,,,0.0
12540,719,0.0,74.0,Milkshake (Syrup)-Strawberry,1,Cold Drinks,3.9,3,SML,3.9,2021-05-15 12:51:15,102.91074667455888,,,,,,,Full Cream,,,,,0.0
12540,719,0.0,74.0,Iced Coffee with Cream,1,Cold Drinks,5.5,1,REG,5.5,2021-05-15 12:51:15,102.91074667455888,With Cream,Normal,,0,,,Full Cream,,Full,Vanilla,,0.0
29743,1026,0.0,17.7,Freshly Squeezed Juice-Orange,1,Cold Drinks,7.0,2,REG,6.5,2023-03-08 08:04:05,24.170229622409465,,,,,With Ice,"Orange, Apple, Celery, Ginger",,,,,,0.5
29398,1026,0.0,17.7,Freshly Squeezed Juice-Orange,1,Cold Drinks,7.0,2,REG,6.5,2023-02-25 08:52:25,24.170229622409465,,,,,With Ice,"Orange, Apple, Celery, Carrot, Ginger",,,,,,0.5
40382,1544,0.0,17.7,Freshly Squeezed Juice-Apple,1,Cold Drinks,7.2,3,REG,7.2,2024-02-27 09:00:18,24.192696205830433,,,,,With Ice,Orange,,,,,,0.0
9165,521,0.0,17.7,Ice Latte,1,Cold Drinks,5.0,2,REG,4.5,2020-11-27 12:26:32,185.75564229728337,,Normal,,1,,,Full Cream,,Full,Vanilla,,0.5
9165,521,0.0,17.7,Ice Latte,1,Cold Drinks,5.7,3,REG,4.5,2020-11-27 12:26:32,185.75564229728337,,Normal,,1,,,Almond,,Full,Vanilla,,1.2000000000000002
38801,275,0.0,17.7,Freshly Squeezed Juice-Orange,1,Cold Drinks,7.2,1,REG,7.2,2023-12-23 09:31:22,9.182885244928025,,,,,With Ice,Orange,,,,,,0.0
38765,49,0.0,17.7,Iced Chocolate with Cream,1,Cold Drinks,5.9,4,REG,5.9,2023-12-21 10:31:23,5.6913721453400745,No Cream,,,0,,,Full Cream,,Full,,,0.0
35931,1606,0.0,17.7,Freshly Squeezed Juice-Orange,1,Cold Drinks,7.7,1,REG,7.2,2023-09-22 14:00:00,102.91074667455888,,,,,With Ice,"Lemon, Ginger",,,,,,0.5
30766,691,0.0,17.7,Iced Mocha with Cream,1,Cold Drinks,6.2,2,REG,6.2,2023-04-11 11:34:02,257.06575034414834,No Cream,Normal,,0,,,Skim,,Full,,,0.0
29567,691,0.0,17.7,Iced Mocha with Cream,1,Cold Drinks,6.2,2,REG,6.2,2023-03-02 11:35:38,257.06575034414834,No Cream,Normal,,0,,,Skim,,Full,,,0.0
7471,476,0.0,17.7,Iced Mocha with Cream,1,Cold Drinks,6.2,1,REG,5.5,2020-09-24 13:06:08,4.242640687119285,No Cream,Normal,,0,,,Almond,,Full,,,0.7000000000000002
21756,234,0.0,17.7,Milkshake (Syrup)-Cookies and Cream,1,Cold Drinks,6.0,2,LRG,6.0,2022-05-14 09:06:20,3.306975953679214,,,,,,,Full Cream,,,,,0.0
19656,48,0.0,30.5,Smoothie-Mango Magic,1,Cold Drinks,7.6,4,REG,7.6,2022-02-23 10:56:13,20.32398627078375,,,,,,,,,,,,0.0
19656,48,0.0,30.5,Freshly Squeezed Juice-Orange,1,Cold Drinks,6.2,2,REG,6.2,2022-02-23 10:56:13,20.32398627078375,,,,,With Ice,Orange,,,,,,0.0
20108,1103,0.0,30.5,Ice Latte,1,Cold Drinks,5.5,1,REG,4.8,2022-03-11 10:24:12,45.17709261306771,,Normal,,0,,,Almond,,Full,Vanilla,,0.7000000000000002
24213,1227,0.0,30.5,Milkshake (Syrup)-Lime,1,Cold Drinks,6.0,4,LRG,6.0,2022-08-13 10:20:49,572.7564927611035,,,,,,,Full Cream,,,,,0.0
26437,1253,0.0,30.5,Thickshake (Syrup)-Caramel,1,Cold Drinks,6.5,3,SML,6.5,2022-11-02 13:04:16,17.271483649803734,,,,,,,,,,,,0.0
15257,755,0.0,30.5,Thickshake (Syrup)-Chocolate,1,Cold Drinks,8.0,3,LRG,8.0,2021-08-31 12:15:15,101.82337649086284,,,,,,,,,,,,0.0
9726,351,0.0,43.3,Milkshake (Syrup)-Vanilla,1,Cold Drinks,2.5,5,MINI,2.5,2020-12-21 10:22:40,15.749687649741688,,,,,,,Full Cream,,,,,0.0
9726,351,0.0,43.3,Milkshake (Syrup)-Vanilla,1,Cold Drinks,2.5,6,MINI,2.5,2020-12-21 10:22:40,15.749687649741688,,,,,,,Full Cream,,,,,0.0
9726,351,0.0,43.3,Milkshake (Syrup)-Vanilla,1,Cold Drinks,2.5,7,MINI,2.5,2020-12-21 10:22:40,15.749687649741688,,,,,,,Full Cream,,,,,0.0
38704,919,0.0,43.3,Iced Coffee with Cream,1,Cold Drinks,5.9,1,REG,5.9,2023-12-19 13:28:08,370.9185509361474,With Cream,Normal,,0,,,Full Cream,,Full,Vanilla,,0.0
38704,919,0.0,43.3,Thickshake (Syrup)-Blue Heaven,1,Cold Drinks,10.5,5,LRG,10.5,2023-12-19 13:28:08,370.9185509361474,,,,,,,,,,,,0.0
14596,841,0.0,56.1,Smoothie-Mango Magic,1,Cold Drinks,7.6,5,REG,7.6,2021-08-07 10:14:25,202.39565212721345,,,,,,,,,,,,0.0
14596,841,0.0,56.1,Smoothie-Mango Magic,1,Cold Drinks,7.6,6,REG,7.6,2021-08-07 10:14:25,202.39565212721345,,,,,,,,,,,,0.0
9995,351,0.0,56.1,Milkshake (Syrup)-Vanilla,1,Cold Drinks,2.9,7,MINI,2.9,2021-01-13 12:30:00,15.749687649741688,,,,,,,Full Cream,,,,,0.0
9995,351,0.0,56.1,Milkshake (Syrup)-Vanilla,1,Cold Drinks,2.9,8,MINI,2.9,2021-01-13 12:30:00,15.749687649741688,,,,,,,Full Cream,,,,,0.0
16461,906,0.0,81.7,Milkshake (Syrup)-Cookies and Cream,1,Cold Drinks,3.9,5,SML,3.9,2021-10-10 12:30:03,94.49445811463804,,,,,,,Full Cream,,,,,0.0
16461,906,0.0,81.7,Milkshake (Syrup)-Cookies and Cream,1,Cold Drinks,3.9,6,SML,3.9,2021-10-10 12:30:03,94.49445811463804,,,,,,,Full Cream,,,,,0.0
16461,906,0.0,81.7,Milkshake (Syrup)-Banana,1,Cold Drinks,3.9,7,SML,3.9,2021-10-10 12:30:03,94.49445811463804,,,,,,,Full Cream,,,,,0.0
16461,906,0.0,81.7,Milkshake (Syrup)-Blue Heaven,1,Cold Drinks,3.9,8,SML,3.9,2021-10-10 12:30:03,94.49445811463804,,,,,,,Full Cream,,,,,0.0
16461,906,0.0,81.7,Milkshake (Syrup)-Chocolate,1,Cold Drinks,3.9,9,SML,3.9,2021-10-10 12:30:03,94.49445811463804,,,,,,,Full Cream,,,,,0.0
32699,288,4.17,45.87,Smoothie-Mango Magic,1,Cold Drinks,7.6,6,REG,7.6,2023-06-12 13:08:29,33.10473998574539,,,,,,,,,,,,0.0
20306,1026,0.0,12.6,Milkshake (Syrup)-Chocolate,1,Cold Drinks,2.9,3,MINI,2.9,2022-03-19 10:15:36,24.170229622409465,,,,,,,Full Cream,,,,,0.0
28349,9,0.0,12.6,Ice Latte,1,Cold Drinks,5.0,1,REG,5.0,2023-01-17 14:31:08,6.703924063787684,,Normal,,0,,,Full Cream,,Full,None,,0.0
28349,9,0.0,12.6,Smoothie-Green Machine,1,Cold Drinks,7.6,2,REG,7.6,2023-01-17 14:31:08,6.703924063787684,,,,,,,,,,,,0.0
28094,9,0.0,12.6,Smoothie-Green Machine,1,Cold Drinks,7.6,2,REG,7.6,2023-01-07 10:53:48,6.703924063787684,,,,,,,,,,,,0.0
28074,9,0.0,12.6,Smoothie-Green Machine,1,Cold Drinks,7.6,2,REG,7.6,2023-01-06 10:55:06,6.703924063787684,,,,,,,,,,,,0.0
28057,9,0.0,12.6,Smoothie-Green Machine,1,Cold Drinks,7.6,2,REG,7.6,2023-01-05 12:26:54,6.703924063787684,,,,,,,,,,,,0.0
27991,9,0.0,12.6,Smoothie-Green Machine,1,Cold Drinks,7.6,2,REG,7.6,2022-12-23 07:37:15,6.703924063787684,,,,,,,,,,,,0.0
27950,9,0.0,12.6,Smoothie-Green Machine,1,Cold Drinks,7.6,2,REG,7.6,2022-12-21 09:36:32,6.703924063787684,,,,,,,,,,,,0.0
27927,9,0.0,12.6,Smoothie-Green Machine,1,Cold Drinks,7.6,2,REG,7.6,2022-12-20 09:01:23,6.703924063787684,,,,,,,,,,,,0.0
27894,9,0.0,12.6,Smoothie-Green Machine,1,Cold Drinks,7.6,2,REG,7.6,2022-12-19 10:40:33,6.703924063787684,,,,,,,,,,,,0.0
27864,9,0.0,12.6,Smoothie-Green Machine,1,Cold Drinks,7.6,2,REG,7.6,2022-12-18 11:21:39,6.703924063787684,,,,,,,,,,,,0.0
27807,9,0.0,12.6,Smoothie-Green Machine,1,Cold Drinks,7.6,2,REG,7.6,2022-12-16 10:53:58,6.703924063787684,,,,,,,,,,,,0.0
27765,9,0.0,12.6,Smoothie-Green Machine,1,Cold Drinks,7.6,2,REG,7.6,2022-12-15 09:51:53,6.703924063787684,,,,,,,,,,,,0.0
27728,9,0.0,12.6,Smoothie-Green Machine,1,Cold Drinks,7.6,2,REG,7.6,2022-12-14 10:45:48,6.703924063787684,,,,,,,,,,,,0.0
27690,9,0.0,12.6,Smoothie-Green Machine,1,Cold Drinks,7.6,2,REG,7.6,2022-12-13 09:46:36,6.703924063787684,,,,,,,,,,,,0.0
27659,9,0.0,12.6,Smoothie-Green Machine,1,Cold Drinks,7.6,2,REG,7.6,2022-12-12 13:50:11,6.703924063787684,,,,,,,,,,,,0.0
27627,9,0.0,12.6,Smoothie-Green Machine,1,Cold Drinks,7.6,2,REG,7.6,2022-12-11 11:35:10,6.703924063787684,,,,,,,,,,,,0.0
27569,9,0.0,12.6,Smoothie-Green Machine,1,Cold Drinks,7.6,2,REG,7.6,2022-12-09 10:32:44,6.703924063787684,,,,,,,,,,,,0.0
27532,9,0.0,12.6,Smoothie-Green Machine,1,Cold Drinks,7.6,2,REG,7.6,2022-12-08 08:45:55,6.703924063787684,,,,,,,,,,,,0.0
27510,9,0.0,12.6,Smoothie-Green Machine,1,Cold Drinks,7.6,2,REG,7.6,2022-12-07 09:52:33,6.703924063787684,,,,,,,,,,,,0.0
27479,9,0.0,12.6,Smoothie-Green Machine,1,Cold Drinks,7.6,2,REG,7.6,2022-12-06 10:03:07,6.703924063787684,,,,,,,,,,,,0.0
27445,9,0.0,12.6,Smoothie-Green Machine,1,Cold Drinks,7.6,2,REG,7.6,2022-12-05 12:30:14,6.703924063787684,,,,,,,,,,,,0.0
27377,9,0.0,12.6,Smoothie-Green Machine,1,Cold Drinks,7.6,2,REG,7.6,2022-12-03 07:38:42,6.703924063787684,,,,,,,,,,,,0.0
27349,9,0.0,12.6,Smoothie-Green Machine,1,Cold Drinks,7.6,2,REG,7.6,2022-12-02 08:07:48,6.703924063787684,,,,,,,,,,,,0.0
27318,9,0.0,12.6,Smoothie-Green Machine,1,Cold Drinks,7.6,2,REG,7.6,2022-12-01 08:50:56,6.703924063787684,,,,,,,,,,,,0.0
27289,9,0.0,12.6,Smoothie-Green Machine,1,Cold Drinks,7.6,2,REG,7.6,2022-11-30 09:36:25,6.703924063787684,,,,,,,,,,,,0.0
27264,9,0.0,12.6,Smoothie-Green Machine,1,Cold Drinks,7.6,2,REG,7.6,2022-11-29 11:02:35,6.703924063787684,,,,,,,,,,,,0.0
27234,9,0.0,12.6,Smoothie-Green Machine,1,Cold Drinks,7.6,2,REG,7.6,2022-11-28 09:49:11,6.703924063787684,,,,,,,,,,,,0.0
27204,9,0.0,12.6,Smoothie-Green Machine,1,Cold Drinks,7.6,2,REG,7.6,2022-11-27 09:50:42,6.703924063787684,,,,,,,,,,,,0.0
27183,9,0.0,12.6,Smoothie-Green Machine,1,Cold Drinks,7.6,2,REG,7.6,2022-11-26 11:44:15,6.703924063787684,,,,,,,,,,,,0.0
27140,9,0.0,12.6,Smoothie-Green Machine,1,Cold Drinks,7.6,2,REG,7.6,2022-11-25 09:52:07,6.703924063787684,,,,,,,,,,,,0.0
27106,9,0.0,12.6,Smoothie-Green Machine,1,Cold Drinks,7.6,2,REG,7.6,2022-11-24 10:24:31,6.703924063787684,,,,,,,,,,,,0.0
27074,9,0.0,12.6,Smoothie-Green Machine,1,Cold Drinks,7.6,2,REG,7.6,2022-11-23 10:41:15,6.703924063787684,,,,,,,,,,,,0.0
27045,9,0.0,12.6,Smoothie-Green Machine,1,Cold Drinks,7.6,2,REG,7.6,2022-11-22 10:33:51,6.703924063787684,,,,,,,,,,,,0.0
27015,9,0.0,12.6,Smoothie-Green Machine,1,Cold Drinks,7.6,2,REG,7.6,2022-11-21 11:22:02,6.703924063787684,,,,,,,,,,,,0.0
26986,9,0.0,12.6,Smoothie-Green Machine,1,Cold Drinks,7.6,2,REG,7.6,2022-11-20 12:18:44,6.703924063787684,,,,,,,,,,,,0.0
26959,9,0.0,12.6,Smoothie-Green Machine,1,Cold Drinks,7.6,2,REG,7.6,2022-11-19 10:15:03,6.703924063787684,,,,,,,,,,,,0.0
26934,9,0.0,12.6,Smoothie-Green Machine,1,Cold Drinks,7.6,2,REG,7.6,2022-11-18 09:37:49,6.703924063787684,,,,,,,,,,,,0.0
26904,9,0.0,12.6,Smoothie-Green Machine,1,Cold Drinks,7.6,2,REG,7.6,2022-11-17 10:38:36,6.703924063787684,,,,,,,,,,,,0.0
26866,9,0.0,12.6,Smoothie-Green Machine,1,Cold Drinks,7.6,2,REG,7.6,2022-11-16 11:02:14,6.703924063787684,,,,,,,,,,,,0.0
26828,9,0.0,12.6,Smoothie-Green Machine,1,Cold Drinks,7.6,2,REG,7.6,2022-11-15 09:15:13,6.703924063787684,,,,,,,,,,,,0.0
26789,9,0.0,12.6,Smoothie-Green Machine,1,Cold Drinks,7.6,2,REG,7.6,2022-11-14 07:37:34,6.703924063787684,,,,,,,,,,,,0.0
26721,9,0.0,12.6,Smoothie-Green Machine,1,Cold Drinks,7.6,2,REG,7.6,2022-11-12 07:16:47,6.703924063787684,,,,,,,,,,,,0.0
26689,9,0.0,12.6,Smoothie-Green Machine,1,Cold Drinks,7.6,2,REG,7.6,2022-11-11 07:21:10,6.703924063787684,,,,,,,,,,,,0.0
26670,9,0.0,12.6,Smoothie-Green Machine,1,Cold Drinks,7.6,2,REG,7.6,2022-11-10 08:23:13,6.703924063787684,,,,,,,,,,,,0.0
26645,9,0.0,12.6,Smoothie-Green Machine,1,Cold Drinks,7.6,2,REG,7.6,2022-11-09 09:05:00,6.703924063787684,,,,,,,,,,,,0.0
26616,9,0.0,12.6,Smoothie-Green Machine,1,Cold Drinks,7.6,2,REG,7.6,2022-11-08 09:21:06,6.703924063787684,,,,,,,,,,,,0.0
26588,9,0.0,12.6,Smoothie-Green Machine,1,Cold Drinks,7.6,2,REG,7.6,2022-11-07 10:59:13,6.703924063787684,,,,,,,,,,,,0.0
26552,9,0.0,12.6,Smoothie-Green Machine,1,Cold Drinks,7.6,2,REG,7.6,2022-11-06 12:00:36,6.703924063787684,,,,,,,,,,,,0.0
26495,9,0.0,12.6,Smoothie-Green Machine,1,Cold Drinks,7.6,2,REG,7.6,2022-11-04 09:00:53,6.703924063787684,,,,,,,,,,,,0.0
26469,9,0.0,12.6,Smoothie-Green Machine,1,Cold Drinks,7.6,2,REG,7.6,2022-11-03 13:55:02,6.703924063787684,,,,,,,,,,,,0.0
26432,9,0.0,12.6,Smoothie-Green Machine,1,Cold Drinks,7.6,2,REG,7.6,2022-11-02 09:43:43,6.703924063787684,,,,,,,,,,,,0.0
26378,9,0.0,12.6,Smoothie-Green Machine,1,Cold Drinks,7.6,2,REG,7.6,2022-10-31 08:16:54,6.703924063787684,,,,,,,,,,,,0.0
26357,9,0.0,12.6,Smoothie-Green Machine,1,Cold Drinks,7.6,2,REG,7.6,2022-10-30 09:16:14,6.703924063787684,,,,,,,,,,,,0.0
26341,9,0.0,12.6,Smoothie-Green Machine,1,Cold Drinks,7.6,2,REG,7.6,2022-10-29 10:02:23,6.703924063787684,,,,,,,,,,,,0.0
26315,9,0.0,12.6,Smoothie-Green Machine,1,Cold Drinks,7.6,2,REG,7.6,2022-10-28 09:28:54,6.703924063787684,,,,,,,,,,,,0.0
26238,9,0.0,12.6,Smoothie-Green Machine,1,Cold Drinks,7.6,2,REG,7.6,2022-10-25 11:20:35,6.703924063787684,,,,,,,,,,,,0.0
26210,9,0.0,12.6,Smoothie-Green Machine,1,Cold Drinks,7.6,2,REG,7.6,2022-10-24 10:28:24,6.703924063787684,,,,,,,,,,,,0.0
26152,9,0.0,12.6,Smoothie-Green Machine,1,Cold Drinks,7.6,2,REG,7.6,2022-10-22 08:51:00,6.703924063787684,,,,,,,,,,,,0.0
26116,9,0.0,12.6,Smoothie-Green Machine,1,Cold Drinks,7.6,2,REG,7.6,2022-10-21 07:23:48,6.703924063787684,,,,,,,,,,,,0.0
26101,9,0.0,12.6,Smoothie-Green Machine,1,Cold Drinks,7.6,2,REG,7.6,2022-10-20 10:32:53,6.703924063787684,,,,,,,,,,,,0.0
26075,9,0.0,12.6,Smoothie-Green Machine,1,Cold Drinks,7.6,2,REG,7.6,2022-10-19 10:27:01,6.703924063787684,,,,,,,,,,,,0.0
26048,9,0.0,12.6,Smoothie-Green Machine,1,Cold Drinks,7.6,2,REG,7.6,2022-10-18 09:26:53,6.703924063787684,,,,,,,,,,,,0.0
26023,9,0.0,12.6,Smoothie-Green Machine,1,Cold Drinks,7.6,2,REG,7.6,2022-10-17 10:57:22,6.703924063787684,,,,,,,,,,,,0.0
25976,9,0.0,12.6,Smoothie-Green Machine,1,Cold Drinks,7.6,2,REG,7.6,2022-10-16 08:37:22,6.703924063787684,,,,,,,,,,,,0.0
25936,9,0.0,12.6,Smoothie-Green Machine,1,Cold Drinks,7.6,2,REG,7.6,2022-10-15 07:46:17,6.703924063787684,,,,,,,,,,,,0.0
25925,9,0.0,12.6,Smoothie-Green Machine,1,Cold Drinks,7.6,2,REG,7.6,2022-10-14 09:53:23,6.703924063787684,,,,,,,,,,,,0.0
25835,9,0.0,12.6,Smoothie-Green Machine,1,Cold Drinks,7.6,2,REG,7.6,2022-10-11 08:21:31,6.703924063787684,,,,,,,,,,,,0.0
25820,9,0.0,12.6,Smoothie-Green Machine,1,Cold Drinks,7.6,2,REG,7.6,2022-10-10 10:20:06,6.703924063787684,,,,,,,,,,,,0.0
25778,9,0.0,12.6,Smoothie-Green Machine,1,Cold Drinks,7.6,2,REG,7.6,2022-10-08 09:24:06,6.703924063787684,,,,,,,,,,,,0.0
25755,9,0.0,12.6,Smoothie-Green Machine,1,Cold Drinks,7.6,2,REG,7.6,2022-10-07 11:20:48,6.703924063787684,,,,,,,,,,,,0.0
25719,9,0.0,12.6,Smoothie-Green Machine,1,Cold Drinks,7.6,2,REG,7.6,2022-10-06 10:44:18,6.703924063787684,,,,,,,,,,,,0.0
25695,9,0.0,12.6,Smoothie-Green Machine,1,Cold Drinks,7.6,2,REG,7.6,2022-10-05 10:02:00,6.703924063787684,,,,,,,,,,,,0.0
25647,9,0.0,12.6,Smoothie-Green Machine,1,Cold Drinks,7.6,2,REG,7.6,2022-10-03 11:08:27,6.703924063787684,,,,,,,,,,,,0.0
25274,9,0.0,12.6,Smoothie-Green Machine,1,Cold Drinks,7.6,2,REG,7.6,2022-09-19 09:06:31,6.703924063787684,,,,,,,,,,,,0.0
25163,9,0.0,12.6,Smoothie-Green Machine,1,Cold Drinks,7.6,2,REG,7.6,2022-09-15 09:30:43,6.703924063787684,,,,,,,,,,,,0.0
25137,9,0.0,12.6,Smoothie-Green Machine,1,Cold Drinks,7.6,2,REG,7.6,2022-09-14 10:27:15,6.703924063787684,,,,,,,,,,,,0.0
25109,9,0.0,12.6,Smoothie-Green Machine,1,Cold Drinks,7.6,2,REG,7.6,2022-09-13 09:59:30,6.703924063787684,,,,,,,,,,,,0.0
25080,9,0.0,12.6,Smoothie-Green Machine,1,Cold Drinks,7.6,2,REG,7.6,2022-09-12 10:27:54,6.703924063787684,,,,,,,,,,,,0.0
24984,9,0.0,12.6,Smoothie-Green Machine,1,Cold Drinks,7.6,2,REG,7.6,2022-09-09 08:43:55,6.703924063787684,,,,,,,,,,,,0.0
24954,9,0.0,12.6,Smoothie-Green Machine,1,Cold Drinks,7.6,2,REG,7.6,2022-09-08 09:57:46,6.703924063787684,,,,,,,,,,,,0.0
24920,9,0.0,12.6,Smoothie-Green Machine,1,Cold Drinks,7.6,2,REG,7.6,2022-09-07 10:00:19,6.703924063787684,,,,,,,,,,,,0.0
24890,9,0.0,12.6,Smoothie-Green Machine,1,Cold Drinks,7.6,2,REG,7.6,2022-09-06 09:33:33,6.703924063787684,,,,,,,,,,,,0.0
24862,9,0.0,12.6,Smoothie-Green Machine,1,Cold Drinks,7.6,2,REG,7.6,2022-09-05 09:56:34,6.703924063787684,,,,,,,,,,,,0.0
24769,9,0.0,12.6,Smoothie-Green Machine,1,Cold Drinks,7.6,2,REG,7.6,2022-09-02 09:17:44,6.703924063787684,,,,,,,,,,,,0.0
24743,9,0.0,12.6,Smoothie-Green Machine,1,Cold Drinks,7.6,2,REG,7.6,2022-09-01 11:31:07,6.703924063787684,,,,,,,,,,,,0.0
24561,9,0.0,12.6,Smoothie-Green Machine,1,Cold Drinks,7.6,2,REG,7.6,2022-08-26 09:57:25,6.703924063787684,,,,,,,,,,,,0.0
24460,9,0.0,12.6,Smoothie-Green Machine,1,Cold Drinks,7.6,2,REG,7.6,2022-08-22 09:26:00,6.703924063787684,,,,,,,,,,,,0.0
24350,9,0.0,12.6,Smoothie-Green Machine,1,Cold Drinks,7.6,2,REG,7.6,2022-08-18 11:30:56,6.703924063787684,,,,,,,,,,,,0.0
24265,9,0.0,12.6,Smoothie-Green Machine,1,Cold Drinks,7.6,2,REG,7.6,2022-08-15 08:28:07,6.703924063787684,,,,,,,,,,,,0.0
24080,9,0.0,12.6,Smoothie-Green Machine,1,Cold Drinks,7.6,2,REG,7.6,2022-08-08 07:19:13,6.703924063787684,,,,,,,,,,,,0.0
23998,9,0.0,12.6,Smoothie-Green Machine,1,Cold Drinks,7.6,2,REG,7.6,2022-08-05 10:58:18,6.703924063787684,,,,,,,,,,,,0.0
23958,9,0.0,12.6,Smoothie-Green Machine,1,Cold Drinks,7.6,2,REG,7.6,2022-08-04 10:37:47,6.703924063787684,,,,,,,,,,,,0.0
23926,9,0.0,12.6,Smoothie-Green Machine,1,Cold Drinks,7.6,2,REG,7.6,2022-08-03 09:26:01,6.703924063787684,,,,,,,,,,,,0.0
23891,9,0.0,12.6,Smoothie-Green Machine,1,Cold Drinks,7.6,2,REG,7.6,2022-08-02 08:42:54,6.703924063787684,,,,,,,,,,,,0.0
23868,9,0.0,12.6,Smoothie-Green Machine,1,Cold Drinks,7.6,2,REG,7.6,2022-08-01 10:26:37,6.703924063787684,,,,,,,,,,,,0.0
23775,9,0.0,12.6,Smoothie-Green Machine,1,Cold Drinks,7.6,2,REG,7.6,2022-07-29 09:09:53,6.703924063787684,,,,,,,,,,,,0.0
23736,9,0.0,12.6,Smoothie-Green Machine,1,Cold Drinks,7.6,2,REG,7.6,2022-07-28 08:16:52,6.703924063787684,,,,,,,,,,,,0.0
23708,9,0.0,12.6,Smoothie-Green Machine,1,Cold Drinks,7.6,2,REG,7.6,2022-07-27 08:03:26,6.703924063787684,,,,,,,,,,,,0.0
23691,9,0.0,12.6,Smoothie-Green Machine,1,Cold Drinks,7.6,2,REG,7.6,2022-07-26 13:03:49,6.703924063787684,,,,,,,,,,,,0.0
23660,9,0.0,12.6,Smoothie-Green Machine,1,Cold Drinks,7.6,2,REG,7.6,2022-07-25 10:46:48,6.703924063787684,,,,,,,,,,,,0.0
23573,9,0.0,12.6,Smoothie-Green Machine,1,Cold Drinks,7.6,2,REG,7.6,2022-07-23 07:51:13,6.703924063787684,,,,,,,,,,,,0.0
23569,9,0.0,12.6,Smoothie-Green Machine,1,Cold Drinks,7.6,2,REG,7.6,2022-07-22 11:16:13,6.703924063787684,,,,,,,,,,,,0.0
23535,9,0.0,12.6,Smoothie-Green Machine,1,Cold Drinks,7.6,2,REG,7.6,2022-07-21 11:08:28,6.703924063787684,,,,,,,,,,,,0.0
23510,9,0.0,12.6,Smoothie-Green Machine,1,Cold Drinks,7.6,2,REG,7.6,2022-07-20 11:19:45,6.703924063787684,,,,,,,,,,,,0.0
23465,9,0.0,12.6,Smoothie-Green Machine,1,Cold Drinks,7.6,2,REG,7.6,2022-07-19 07:56:29,6.703924063787684,,,,,,,,,,,,0.0
23405,9,0.0,12.6,Smoothie-Green Machine,1,Cold Drinks,7.6,2,REG,7.6,2022-07-17 07:23:39,6.703924063787684,,,,,,,,,,,,0.0
23375,9,0.0,12.6,Smoothie-Green Machine,1,Cold Drinks,7.6,2,REG,7.6,2022-07-15 10:34:45,6.703924063787684,,,,,,,,,,,,0.0
23347,9,0.0,12.6,Smoothie-Green Machine,1,Cold Drinks,7.6,2,REG,7.6,2022-07-14 10:36:20,6.703924063787684,,,,,,,,,,,,0.0
23297,9,0.0,12.6,Smoothie-Green Machine,1,Cold Drinks,7.6,2,REG,7.6,2022-07-11 10:42:39,6.703924063787684,,,,,,,,,,,,0.0
23254,9,0.0,12.6,Smoothie-Green Machine,1,Cold Drinks,7.6,2,REG,7.6,2022-07-10 08:30:21,6.703924063787684,,,,,,,,,,,,0.0
23219,9,0.0,12.6,Smoothie-Green Machine,1,Cold Drinks,7.6,2,REG,7.6,2022-07-08 10:04:56,6.703924063787684,,,,,,,,,,,,0.0
23151,9,0.0,12.6,Smoothie-Green Machine,1,Cold Drinks,7.6,2,REG,7.6,2022-07-06 07:55:18,6.703924063787684,,,,,,,,,,,,0.0
23115,9,0.0,12.6,Smoothie-Green Machine,1,Cold Drinks,7.6,2,REG,7.6,2022-07-04 10:38:48,6.703924063787684,,,,,,,,,,,,0.0
23074,9,0.0,12.6,Smoothie-Green Machine,1,Cold Drinks,7.6,2,REG,7.6,2022-07-03 08:29:38,6.703924063787684,,,,,,,,,,,,0.0
23034,9,0.0,12.6,Smoothie-Green Machine,1,Cold Drinks,7.6,2,REG,7.6,2022-07-01 12:14:12,6.703924063787684,,,,,,,,,,,,0.0
23006,9,0.0,12.6,Smoothie-Green Machine,1,Cold Drinks,7.6,2,REG,7.6,2022-06-30 10:21:49,6.703924063787684,,,,,,,,,,,,0.0
22988,9,0.0,12.6,Smoothie-Green Machine,1,Cold Drinks,7.6,2,REG,7.6,2022-06-29 11:56:10,6.703924063787684,,,,,,,,,,,,0.0
22964,9,0.0,12.6,Smoothie-Green Machine,1,Cold Drinks,7.6,2,REG,7.6,2022-06-28 11:06:59,6.703924063787684,,,,,,,,,,,,0.0
22943,9,0.0,12.6,Smoothie-Green Machine,1,Cold Drinks,7.6,2,REG,7.6,2022-06-27 11:31:22,6.703924063787684,,,,,,,,,,,,0.0
22919,9,0.0,12.6,Smoothie-Green Machine,1,Cold Drinks,7.6,2,REG,7.6,2022-06-26 11:54:32,6.703924063787684,,,,,,,,,,,,0.0
22864,9,0.0,12.6,Smoothie-Green Machine,1,Cold Drinks,7.6,2,REG,7.6,2022-06-24 10:28:22,6.703924063787684,,,,,,,,,,,,0.0
22835,9,0.0,12.6,Smoothie-Green Machine,1,Cold Drinks,7.6,2,REG,7.6,2022-06-23 10:15:45,6.703924063787684,,,,,,,,,,,,0.0
22791,9,0.0,12.6,Smoothie-Green Machine,1,Cold Drinks,7.6,2,REG,7.6,2022-06-22 07:24:46,6.703924063787684,,,,,,,,,,,,0.0
22785,9,0.0,12.6,Smoothie-Green Machine,1,Cold Drinks,7.6,2,REG,7.6,2022-06-21 12:16:11,6.703924063787684,,,,,,,,,,,,0.0
22761,9,0.0,12.6,Smoothie-Green Machine,1,Cold Drinks,7.6,2,REG,7.6,2022-06-20 11:54:20,6.703924063787684,,,,,,,,,,,,0.0
22741,9,0.0,12.6,Smoothie-Mango Magic,1,Cold Drinks,7.6,2,REG,7.6,2022-06-19 14:21:06,6.703924063787684,,,,,,,,,,,,0.0
22713,9,0.0,12.6,Smoothie-Green Machine,1,Cold Drinks,7.6,2,REG,7.6,2022-06-18 10:32:00,6.703924063787684,,,,,,,,,,,,0.0
22666,9,0.0,12.6,Smoothie-Green Machine,1,Cold Drinks,7.6,2,REG,7.6,2022-06-17 08:24:28,6.703924063787684,,,,,,,,,,,,0.0
22650,9,0.0,12.6,Smoothie-Green Machine,1,Cold Drinks,7.6,2,REG,7.6,2022-06-16 11:20:25,6.703924063787684,,,,,,,,,,,,0.0
22624,9,0.0,12.6,Smoothie-Green Machine,1,Cold Drinks,7.6,2,REG,7.6,2022-06-15 09:00:47,6.703924063787684,,,,,,,,,,,,0.0
22568,9,0.0,12.6,Smoothie-Green Machine,1,Cold Drinks,7.6,2,REG,7.6,2022-06-13 09:49:56,6.703924063787684,,,,,,,,,,,,0.0
22520,9,0.0,12.6,Smoothie-Green Machine,1,Cold Drinks,7.6,2,REG,7.6,2022-06-11 08:19:49,6.703924063787684,,,,,,,,,,,,0.0
22502,9,0.0,12.6,Smoothie-Green Machine,1,Cold Drinks,7.6,2,REG,7.6,2022-06-10 08:57:51,6.703924063787684,,,,,,,,,,,,0.0
22458,9,0.0,12.6,Smoothie-Green Machine,1,Cold Drinks,7.6,2,REG,7.6,2022-06-08 11:14:25,6.703924063787684,,,,,,,,,,,,0.0
22399,9,0.0,12.6,Smoothie-Green Machine,1,Cold Drinks,7.6,2,REG,7.6,2022-06-06 09:11:22,6.703924063787684,,,,,,,,,,,,0.0
22366,9,0.0,12.6,Smoothie-Green Machine,1,Cold Drinks,7.6,2,REG,7.6,2022-06-05 08:46:11,6.703924063787684,,,,,,,,,,,,0.0
22337,9,0.0,12.6,Smoothie-Green Machine,1,Cold Drinks,7.6,2,REG,7.6,2022-06-04 08:22:08,6.703924063787684,,,,,,,,,,,,0.0
22311,9,0.0,12.6,Smoothie-Green Machine,1,Cold Drinks,7.6,2,REG,7.6,2022-06-03 07:50:14,6.703924063787684,,,,,,,,,,,,0.0
22299,9,0.0,12.6,Smoothie-Green Machine,1,Cold Drinks,7.6,2,REG,7.6,2022-06-02 10:21:15,6.703924063787684,,,,,,,,,,,,0.0
22269,9,0.0,12.6,Smoothie-Green Machine,1,Cold Drinks,7.6,2,REG,7.6,2022-06-01 09:41:54,6.703924063787684,,,,,,,,,,,,0.0
22239,9,0.0,12.6,Smoothie-Green Machine,1,Cold Drinks,7.6,2,REG,7.6,2022-05-31 10:05:13,6.703924063787684,,,,,,,,,,,,0.0
22199,9,0.0,12.6,Smoothie-Green Machine,1,Cold Drinks,7.6,2,REG,7.6,2022-05-30 08:22:09,6.703924063787684,,,,,,,,,,,,0.0
22135,9,0.0,12.6,Smoothie-Green Machine,1,Cold Drinks,7.6,2,REG,7.6,2022-05-28 08:24:40,6.703924063787684,,,,,,,,,,,,0.0
22122,9,0.0,12.6,Smoothie-Green Machine,1,Cold Drinks,7.6,2,REG,7.6,2022-05-27 10:21:03,6.703924063787684,,,,,,,,,,,,0.0
22093,9,0.0,12.6,Smoothie-Green Machine,1,Cold Drinks,7.6,2,REG,7.6,2022-05-26 10:56:21,6.703924063787684,,,,,,,,,,,,0.0
21778,9,0.0,12.6,Smoothie-Green Machine,1,Cold Drinks,7.6,2,REG,7.6,2022-05-15 08:46:37,6.703924063787684,,,,,,,,,,,,0.0
18801,9,0.0,12.6,Smoothie-Green Machine,1,Cold Drinks,7.6,2,REG,7.6,2022-01-21 09:54:47,6.703924063787684,,,,,,,,,,,,0.0
18437,9,0.0,12.6,Smoothie-Green Machine,1,Cold Drinks,7.6,2,REG,7.6,2021-12-21 09:46:37,6.703924063787684,,,,,,,,,,,,0.0
18092,9,0.0,12.6,Smoothie-Green Machine,1,Cold Drinks,7.6,2,REG,7.6,2021-12-08 10:41:53,6.703924063787684,,,,,,,,,,,,0.0
17733,9,0.0,12.6,Smoothie-Green Machine,1,Cold Drinks,7.6,2,REG,7.6,2021-11-24 11:07:05,6.703924063787684,,,,,,,,,,,,0.0
17702,9,0.0,12.6,Smoothie-Green Machine,1,Cold Drinks,7.6,2,REG,7.6,2021-11-23 10:50:59,6.703924063787684,,,,,,,,,,,,0.0
15934,9,0.0,12.6,Smoothie-Green Machine,1,Cold Drinks,7.6,2,REG,7.6,2021-09-23 10:00:52,6.703924063787684,,,,,,,,,,,,0.0
13037,9,0.0,12.6,Smoothie-Green Machine,1,Cold Drinks,7.6,2,REG,7.6,2021-06-04 12:15:19,6.703924063787684,,,,,,,,,,,,0.0
12852,9,0.0,12.6,Smoothie-Green Machine,1,Cold Drinks,7.6,2,REG,7.6,2021-05-29 09:13:02,6.703924063787684,,,,,,,,,,,,0.0
12763,9,0.0,12.6,Smoothie-Green Machine,1,Cold Drinks,7.6,2,REG,7.6,2021-05-25 10:49:26,6.703924063787684,,,,,,,,,,,,0.0
12733,9,0.0,12.6,Smoothie-Green Machine,1,Cold Drinks,7.6,2,REG,7.6,2021-05-24 09:49:22,6.703924063787684,,,,,,,,,,,,0.0
12665,9,0.0,12.6,Smoothie-Green Machine,1,Cold Drinks,7.6,2,REG,7.6,2021-05-21 09:55:57,6.703924063787684,,,,,,,,,,,,0.0
12469,9,0.0,12.6,Smoothie-Green Machine,1,Cold Drinks,7.6,2,REG,7.6,2021-05-12 09:47:36,6.703924063787684,,,,,,,,,,,,0.0
12418,9,0.0,12.6,Smoothie-Green Machine,1,Cold Drinks,7.6,2,REG,7.6,2021-05-10 09:45:14,6.703924063787684,,,,,,,,,,,,0.0
12342,9,0.0,12.6,Smoothie-Green Machine,1,Cold Drinks,7.6,2,REG,7.6,2021-05-07 10:22:43,6.703924063787684,,,,,,,,,,,,0.0
12279,9,0.0,12.6,Smoothie-Green Machine,1,Cold Drinks,7.6,2,REG,7.6,2021-05-05 09:05:44,6.703924063787684,,,,,,,,,,,,0.0
12169,9,0.0,12.6,Smoothie-Green Machine,1,Cold Drinks,7.6,2,REG,7.6,2021-04-30 09:13:42,6.703924063787684,,,,,,,,,,,,0.0
11852,9,0.0,12.6,Smoothie-Green Machine,1,Cold Drinks,7.6,2,REG,7.6,2021-04-16 09:10:27,6.703924063787684,,,,,,,,,,,,0.0
11829,9,0.0,12.6,Smoothie-Green Machine,1,Cold Drinks,7.6,2,REG,7.6,2021-04-15 10:05:21,6.703924063787684,,,,,,,,,,,,0.0
11779,9,0.0,12.6,Smoothie-Green Machine,1,Cold Drinks,7.6,2,REG,7.6,2021-04-13 09:11:09,6.703924063787684,,,,,,,,,,,,0.0
11643,9,0.0,12.6,Smoothie-Green Machine,1,Cold Drinks,7.6,2,REG,7.6,2021-04-06 10:00:46,6.703924063787684,,,,,,,,,,,,0.0
11555,9,0.0,12.6,Smoothie-Green Machine,1,Cold Drinks,7.6,2,REG,7.6,2021-04-01 08:24:37,6.703924063787684,,,,,,,,,,,,0.0
11480,9,0.0,12.6,Smoothie-Green Machine,1,Cold Drinks,7.6,2,REG,7.6,2021-03-29 09:21:59,6.703924063787684,,,,,,,,,,,,0.0
11444,9,0.0,12.6,Smoothie-Green Machine,1,Cold Drinks,7.6,2,REG,7.6,2021-03-28 08:44:25,6.703924063787684,,,,,,,,,,,,0.0
11412,9,0.0,12.6,Smoothie-Green Machine,1,Cold Drinks,7.6,2,REG,7.6,2021-03-26 09:12:07,6.703924063787684,,,,,,,,,,,,0.0
11385,9,0.0,12.6,Smoothie-Green Machine,1,Cold Drinks,7.6,2,REG,7.6,2021-03-25 09:16:05,6.703924063787684,,,,,,,,,,,,0.0
11250,9,0.0,12.6,Smoothie-Green Machine,1,Cold Drinks,7.6,2,REG,7.6,2021-03-18 10:00:43,6.703924063787684,,,,,,,,,,,,0.0
11226,9,0.0,12.6,Smoothie-Green Machine,1,Cold Drinks,7.6,2,REG,7.6,2021-03-17 08:27:12,6.703924063787684,,,,,,,,,,,,0.0
11113,9,0.0,12.6,Smoothie-Green Machine,1,Cold Drinks,7.6,2,REG,7.6,2021-03-12 07:30:14,6.703924063787684,,,,,,,,,,,,0.0
11100,9,0.0,12.6,Smoothie-Green Machine,1,Cold Drinks,7.6,2,REG,7.6,2021-03-11 10:16:26,6.703924063787684,,,,,,,,,,,,0.0
11071,9,0.0,12.6,Smoothie-Green Machine,1,Cold Drinks,7.6,2,REG,7.6,2021-03-10 09:36:44,6.703924063787684,,,,,,,,,,,,0.0
11024,9,0.0,12.6,Smoothie-Green Machine,1,Cold Drinks,7.6,2,REG,7.6,2021-03-08 11:37:15,6.703924063787684,,,,,,,,,,,,0.0
10922,9,0.0,12.6,Smoothie-Green Machine,1,Cold Drinks,7.6,2,REG,7.6,2021-03-02 09:04:44,6.703924063787684,,,,,,,,,,,,0.0
10892,9,0.0,12.6,Smoothie-Green Machine,1,Cold Drinks,7.6,2,REG,7.6,2021-02-28 10:58:26,6.703924063787684,,,,,,,,,,,,0.0
10831,9,0.0,12.6,Smoothie-Green Machine,1,Cold Drinks,7.6,2,REG,7.6,2021-02-25 08:31:10,6.703924063787684,,,,,,,,,,,,0.0
10817,9,0.0,12.6,Smoothie-Green Machine,1,Cold Drinks,7.6,2,REG,7.6,2021-02-24 10:12:37,6.703924063787684,,,,,,,,,,,,0.0
10796,9,0.0,12.6,Smoothie-Koko Berries,1,Cold Drinks,7.6,2,REG,7.6,2021-02-23 10:12:23,6.703924063787684,,,,,,,,,,,,0.0
10745,9,0.0,12.6,Smoothie-Green Machine,1,Cold Drinks,7.6,2,REG,7.6,2021-02-20 09:16:32,6.703924063787684,,,,,,,,,,,,0.0
10732,9,0.0,12.6,Smoothie-Green Machine,1,Cold Drinks,7.6,2,REG,7.6,2021-02-19 09:23:32,6.703924063787684,,,,,,,,,,,,0.0
10702,9,0.0,12.6,Smoothie-Green Machine,1,Cold Drinks,7.6,2,REG,7.6,2021-02-18 07:30:07,6.703924063787684,,,,,,,,,,,,0.0
10690,9,0.0,12.6,Smoothie-Green Machine,1,Cold Drinks,7.6,2,REG,7.6,2021-02-17 09:25:39,6.703924063787684,,,,,,,,,,,,0.0
10654,9,0.0,12.6,Smoothie-Green Machine,1,Cold Drinks,7.6,2,REG,7.6,2021-02-16 07:34:38,6.703924063787684,,,,,,,,,,,,0.0
10599,9,0.0,12.6,Smoothie-Koko Berries,1,Cold Drinks,7.6,2,REG,7.6,2021-02-13 11:32:05,6.703924063787684,,,,,,,,,,,,0.0
10575,9,0.0,12.6,Smoothie-Green Machine,1,Cold Drinks,7.6,2,REG,7.6,2021-02-12 08:40:26,6.703924063787684,,,,,,,,,,,,0.0
10554,9,0.0,12.6,Smoothie-Green Machine,1,Cold Drinks,7.6,2,REG,7.6,2021-02-11 08:28:27,6.703924063787684,,,,,,,,,,,,0.0
10542,9,0.0,12.6,Smoothie-Green Machine,1,Cold Drinks,7.6,2,REG,7.6,2021-02-10 09:18:37,6.703924063787684,,,,,,,,,,,,0.0
10516,9,0.0,12.6,Smoothie-Green Machine,1,Cold Drinks,7.6,2,REG,7.6,2021-02-09 09:37:57,6.703924063787684,,,,,,,,,,,,0.0
10487,9,0.0,12.6,Smoothie-Green Machine,1,Cold Drinks,7.6,2,REG,7.6,2021-02-08 07:19:41,6.703924063787684,,,,,,,,,,,,0.0
10457,9,0.0,12.6,Smoothie-Green Machine,1,Cold Drinks,7.6,2,REG,7.6,2021-02-06 10:05:01,6.703924063787684,,,,,,,,,,,,0.0
10440,9,0.0,12.6,Smoothie-Green Machine,1,Cold Drinks,7.6,2,REG,7.6,2021-02-05 09:21:39,6.703924063787684,,,,,,,,,,,,0.0
10412,9,0.0,12.6,Smoothie-Green Machine,1,Cold Drinks,7.6,2,REG,7.6,2021-02-04 07:00:39,6.703924063787684,,,,,,,,,,,,0.0
26553,12,0.0,12.6,Smoothie-Mango Magic,1,Cold Drinks,7.6,2,REG,7.6,2022-11-06 12:15:08,30.753554335954057,,,,,,,,,,,,0.0
25862,1298,0.0,12.6,Smoothie-Green Machine,1,Cold Drinks,7.6,2,REG,7.6,2022-10-12 09:19:02,102.91074667455888,,,,,,,,,,,,0.0
12984,32,0.0,12.6,Milkshake (Syrup)-Strawberry,1,Cold Drinks,3.9,2,SML,3.9,2021-06-02 13:01:43,21.344574393513,,,,,,,Full Cream,,,,,0.0
12984,32,0.0,12.6,Milkshake (Syrup)-Vanilla,1,Cold Drinks,3.9,3,SML,3.9,2021-06-02 13:01:43,21.344574393513,,,,,,,Full Cream,,,,,0.0
11012,32,0.0,12.6,Milkshake (Syrup)-Vanilla,1,Cold Drinks,3.9,2,SML,3.9,2021-03-07 12:31:23,21.344574393513,,,,,,,Full Cream,,,,,0.0
11012,32,0.0,12.6,Milkshake (Syrup)-Strawberry,1,Cold Drinks,3.9,3,SML,3.9,2021-03-07 12:31:23,21.344574393513,,,,,,,Full Cream,,,,,0.0
8589,59,0.0,12.6,Smoothie-Banana Buzz,1,Cold Drinks,7.6,2,REG,7.6,2020-11-03 10:05:42,162.9431685910035,,,,,,,,,,,,0.0
16202,578,0.0,12.6,Milkshake (Syrup)-Strawberry,1,Cold Drinks,2.9,3,MINI,2.9,2021-10-01 12:04:08,52.26973255838355,,,,,,,Full Cream,,,,,0.0
27767,77,0.0,12.6,Smoothie-Mango Magic,1,Cold Drinks,7.6,2,REG,7.6,2022-12-15 11:15:00,20.45079035996667,,,,,,,,,,,,0.0
27653,77,0.0,12.6,Smoothie-Mango Magic,1,Cold Drinks,7.6,2,REG,7.6,2022-12-12 09:47:40,20.45079035996667,,,,,,,,,,,,0.0
38052,1656,0.0,12.6,Iced Chocolate with Cream,1,Cold Drinks,6.4,2,REG,5.9,2023-11-29 08:36:59,32.526911934581186,No Cream,,,1,,,Full Cream,,Full,,,0.5
38052,1656,0.0,12.6,Ice Latte,1,Cold Drinks,6.2,1,REG,5.2,2023-11-29 08:36:59,32.526911934581186,,Normal,,0,,,Oat Milk,,Full,None,,1.0
6769,399,0.0,12.6,Smoothie-Mango Magic,1,Cold Drinks,7.6,2,REG,7.6,2020-08-30 08:26:52,102.91074667455888,,,,,,,,,,,,0.0
14420,663,0.0,12.6,Freshly Squeezed Juice-Orange,1,Cold Drinks,6.0,3,REG,6.0,2021-07-31 09:43:02,81.72819241790091,,,,,With Ice,"Orange, Apple",,,,,,0.0
32334,175,0.0,12.6,Smoothie-Mango Magic,1,Cold Drinks,7.6,2,REG,7.6,2023-05-31 09:00:59,10.277826498239987,,,,,,,,,,,,0.0
31777,175,0.0,12.6,Smoothie-Mango Magic,1,Cold Drinks,7.6,2,REG,7.6,2023-05-13 10:38:13,10.277826498239987,,,,,,,,,,,,0.0
23138,1208,0.0,12.6,Smoothie-Green Machine,1,Cold Drinks,7.6,2,REG,7.6,2022-07-05 09:24:40,102.91074667455888,,,,,,,,,,,,0.0
29463,197,0.0,12.6,Milkshake (Syrup)-Vanilla,1,Cold Drinks,5.0,3,SML,4.5,2023-02-27 08:53:26,8.972684535279665,,,,,,,Lactose Free,,,,,0.5
7035,197,0.0,12.6,Milkshake (Syrup)-Chocolate,1,Cold Drinks,3.8,2,SML,3.8,2020-09-08 09:39:33,8.972684535279665,,,,,,,Full Cream,,,,,0.0
7035,197,0.0,12.6,Milkshake (Syrup)-Vanilla,1,Cold Drinks,3.8,3,SML,3.8,2020-09-08 09:39:33,8.972684535279665,,,,,,,Full Cream,,,,,0.0
40417,1536,0.0,25.4,Coffee Frappe,1,Cold Drinks,6.9,2,REG,6.9,2024-02-28 12:56:46,12.29437639009218,,Normal,,0,,,Skim,,Full,,,0.0
39711,1569,0.0,25.4,Iced Mocha with Cream,1,Cold Drinks,6.4,1,REG,6.4,2024-02-05 13:06:47,42.224149344643855,With Cream,Normal,,0,,,Full Cream,,Full,,,0.0
39711,1569,0.0,25.4,Smoothie-Koko Berries,1,Cold Drinks,8.5,2,REG,8.5,2024-02-05 13:06:47,42.224149344643855,,,,,,,,,,,,0.0
39150,49,0.0,25.4,Milkshake (Syrup)-Chocolate,1,Cold Drinks,5.2,4,SML,5.2,2024-01-16 08:56:38,5.6913721453400745,,,,,,,Full Cream,,,,,0.0
39150,49,0.0,25.4,Milkshake (Syrup)-Chocolate,1,Cold Drinks,5.2,5,SML,5.2,2024-01-16 08:56:38,5.6913721453400745,,,,,,,Full Cream,,,,,0.0
22655,331,0.0,25.4,Thickshake (Syrup)-Cookies and Cream,1,Cold Drinks,8.5,2,LRG,8.5,2022-06-16 13:54:55,177.61527753317512,,,,,,,,,,,,0.0
5757,333,0.0,25.4,Ice Chai,1,Cold Drinks,6.7,4,REG,6.0,2020-07-15 09:15:00,39.81624459103763,,,,0,,,Almond,,Full,,,0.7000000000000002
31526,451,0.0,25.4,Iced Coffee with Cream,1,Cold Drinks,5.7,2,REG,5.7,2023-05-06 09:10:40,62.44086395645575,With Cream,Normal,,0,,,Full Cream,,Full,Vanilla,,0.0
29027,228,0.0,25.4,Milkshake (Syrup)-Caramel,1,Cold Drinks,2.9,5,MINI,2.9,2023-02-12 11:15:03,142.2871211013458,,,,,,,Full Cream,,,,,0.0
29027,228,0.0,25.4,Milkshake (Syrup)-Banana,1,Cold Drinks,2.9,6,MINI,2.9,2023-02-12 11:15:03,142.2871211013458,,,,,,,Full Cream,,,,,0.0
8700,488,0.0,25.4,Milkshake (Syrup)-Chocolate,1,Cold Drinks,2.5,3,MINI,2.5,2020-11-07 14:27:57,408.7989645370856,,,,,,,Full Cream,,,,,0.0
21601,234,0.0,25.4,Milkshake (Syrup)-Vanilla,1,Cold Drinks,6.0,3,LRG,6.0,2022-05-08 09:40:26,3.306975953679214,,,,,,,Full Cream,,,,,0.0
31061,288,0.0,38.2,Thickshake (Syrup)-Vanilla,1,Cold Drinks,9.5,4,LRG,9.5,2023-04-21 13:45:07,33.10473998574539,,,,,,,,,,,,0.0
31061,288,0.0,38.2,Iced Chocolate with Cream,1,Cold Drinks,5.7,3,REG,5.7,2023-04-21 13:45:07,33.10473998574539,With Cream,,,0,,,Full Cream,,Full,,,0.0
10293,351,0.0,38.2,Milkshake (Syrup)-Vanilla,1,Cold Drinks,2.9,4,MINI,2.9,2021-01-29 11:12:23,15.749687649741688,,,,,,,Full Cream,,,,,0.0
10293,351,0.0,38.2,Milkshake (Syrup)-Vanilla,1,Cold Drinks,2.9,5,MINI,2.9,2021-01-29 11:12:23,15.749687649741688,,,,,,,Full Cream,,,,,0.0
10293,351,0.0,38.2,Milkshake (Syrup)-Vanilla,1,Cold Drinks,2.9,6,MINI,2.9,2021-01-29 11:12:23,15.749687649741688,,,,,,,Full Cream,,,,,0.0
10293,351,0.0,38.2,Milkshake (Syrup)-Vanilla,1,Cold Drinks,2.9,7,MINI,2.9,2021-01-29 11:12:23,15.749687649741688,,,,,,,Full Cream,,,,,0.0
20481,1122,0.0,38.2,Milkshake (Syrup)-Strawberry,1,Cold Drinks,2.9,4,MINI,2.9,2022-03-26 10:12:24,124.53647390757992,,,,,,,Full Cream,,,,,0.0
9927,12,0.0,51.0,Smoothie-Mango Magic,1,Cold Drinks,7.6,5,REG,7.6,2021-01-09 12:51:08,30.753554335954057,,,,,,,,,,,,0.0
9927,12,0.0,51.0,Smoothie-Mango Magic,1,Cold Drinks,7.6,6,REG,7.6,2021-01-09 12:51:08,30.753554335954057,,,,,,,,,,,,0.0
10764,275,0.0,51.0,Ice Latte,1,Cold Drinks,4.8,3,REG,4.8,2021-02-21 09:06:13,9.182885244928025,,Normal,,0,,,Full Cream,,Full,Vanilla,,0.0
10764,275,0.0,51.0,Freshly Squeezed Juice-Orange,1,Cold Drinks,6.0,1,REG,6.0,2021-02-21 09:06:13,9.182885244928025,,,,,With Ice,Orange,,,,,,0.0
10764,275,0.0,51.0,Smoothie-Mango Magic,1,Cold Drinks,7.6,4,REG,7.6,2021-02-21 09:06:13,9.182885244928025,,,,,,,,,,,,0.0
10764,275,0.0,51.0,Smoothie-Koko Berries,1,Cold Drinks,7.6,5,REG,7.6,2021-02-21 09:06:13,9.182885244928025,,,,,,,,,,,,0.0
25993,888,0.0,51.0,Iced Chocolate with Cream,1,Cold Drinks,5.5,2,REG,5.5,2022-10-16 11:07:41,57.14591310509777,With Cream,,,0,,,Full Cream,,Full,,,0.0
25993,888,0.0,51.0,Iced Chocolate with Cream,1,Cold Drinks,5.5,3,REG,5.5,2022-10-16 11:07:41,57.14591310509777,With Cream,,,0,,,Full Cream,,Full,,,0.0
25993,888,0.0,51.0,Thickshake (Syrup)-Banana,1,Cold Drinks,6.5,5,SML,6.5,2022-10-16 11:07:41,57.14591310509777,,,,,,,,,,,,0.0
30499,443,0.0,51.0,Iced Mocha with Cream,1,Cold Drinks,6.2,2,REG,6.2,2023-04-01 12:23:35,259.95384205662356,No Cream,Normal,,0,,,Full Cream,,Full,,,0.0
30499,443,0.0,51.0,Milkshake (Syrup)-Strawberry,1,Cold Drinks,2.9,3,MINI,2.9,2023-04-01 12:23:35,259.95384205662356,,,,,,,Full Cream,,,,,0.0
30499,443,0.0,51.0,Milkshake (Syrup)-Strawberry,1,Cold Drinks,2.9,4,MINI,2.9,2023-04-01 12:23:35,259.95384205662356,,,,,,,Full Cream,,,,,0.0
30499,443,0.0,51.0,Freshly Squeezed Juice-Orange,1,Cold Drinks,6.5,1,REG,6.5,2023-04-01 12:23:35,259.95384205662356,,,,,With Ice,Orange,,,,,,0.0
21609,889,0.0,63.8,Smoothie-Mango Magic,1,Cold Drinks,7.6,7,REG,7.6,2022-05-08 13:00:00,72.61313012580209,,,,,,,,,,,,0.0
8851,559,0.0,7.5,Iced Chocolate with Cream,1,Cold Drinks,5.0,1,REG,5.0,2020-11-13 10:38:42,208.97208745029403,With Cream,,,0,,,Full Cream,,Full,,,0.0
8851,559,0.0,7.5,Milkshake (Syrup)-Chocolate,1,Cold Drinks,2.5,2,MINI,2.5,2020-11-13 10:38:42,208.97208745029403,,,,,,,Full Cream,,,,,0.0
3876,97,0.0,7.5,Smoothie-Green Machine,1,Cold Drinks,7.5,1,REG,7.5,2019-11-23 07:27:55,200.60871004384268,,,,,,,,,,,,0.0
3725,97,0.0,7.5,Smoothie-Green Machine,1,Cold Drinks,7.5,1,REG,7.5,2019-10-23 07:46:19,200.60871004384268,,,,,,,,,,,,0.0
4007,114,0.0,7.5,Smoothie-Green Machine,1,Cold Drinks,7.5,1,REG,7.5,2019-12-20 10:55:26,106.70379961458374,,,,,,,,,,,,0.0
37450,1655,0.0,7.5,Milkshake (Syrup)-Vanilla,1,Cold Drinks,3.3,2,MINI,3.3,2023-11-09 11:34:08,102.91074667455888,,,,,,,Full Cream,,,,,0.0
27606,421,0.0,7.5,Freshly Squeezed Juice-Orange,1,Cold Drinks,7.5,1,REG,6.5,2022-12-10 15:04:01,32.56254897822951,,,,,With Ice,"Orange, Lemon, Apple, Celery, Carrot, Ginger, Beetroot",,,,,,1.0
24975,421,0.0,7.5,Freshly Squeezed Juice-Orange,1,Cold Drinks,7.5,1,REG,6.5,2022-09-09 08:00:00,32.56254897822951,,,,,With Ice,"Orange, Lemon, Celery, Carrot, Ginger, Beetroot",,,,,,1.0
37521,1536,0.0,20.3,Smoothie-Koko Berries,1,Cold Drinks,8.5,2,REG,8.5,2023-11-11 11:49:52,12.29437639009218,,,,,,,,,,,,0.0
28676,42,0.0,20.3,Iced Mocha with Cream,1,Cold Drinks,6.2,1,REG,6.2,2023-01-31 08:37:23,103.99667852237637,With Cream,Normal,,0,,,Full Cream,,Full,,,0.0
23816,1191,0.0,20.3,Iced Coffee with Cream,1,Cold Drinks,5.5,4,REG,5.5,2022-07-30 10:34:34,37.61946146075213,With Cream,Normal,,0,,,Full Cream,,Full,Vanilla,,0.0
23816,1191,0.0,20.3,Iced Chocolate with Cream,1,Cold Drinks,5.5,3,REG,5.5,2022-07-30 10:34:34,37.61946146075213,With Cream,,,0,,,Full Cream,,Full,,,0.0
19009,231,0.0,20.3,Iced Coffee with Cream,1,Cold Drinks,5.5,1,REG,5.5,2022-01-30 10:15:15,7.019214570393231,With Cream,Normal,,0,,,Full Cream,,Full,Vanilla,,0.0
19009,231,0.0,20.3,Iced Coffee with Cream,1,Cold Drinks,5.5,2,REG,5.5,2022-01-30 10:15:15,7.019214570393231,With Cream,Normal,,0,,,Full Cream,,Full,Vanilla,,0.0
19009,231,0.0,20.3,Iced Coffee with Cream,1,Cold Drinks,5.5,3,REG,5.5,2022-01-30 10:15:15,7.019214570393231,With Cream,Normal,,0,,,Full Cream,,Full,Vanilla,,0.0
33714,233,0.0,20.3,Thickshake (Syrup)-Chocolate,1,Cold Drinks,6.9,2,SML,6.9,2023-07-15 10:42:36,14.254925248600953,,,,,,,,,,,,0.0
33714,233,0.0,20.3,Thickshake (Syrup)-Chocolate,1,Cold Drinks,6.9,3,SML,6.9,2023-07-15 10:42:36,14.254925248600953,,,,,,,,,,,,0.0
33714,233,0.0,20.3,Milkshake (Syrup)-Vanilla,1,Cold Drinks,6.5,1,LRG,6.5,2023-07-15 10:42:36,14.254925248600953,,,,,,,Full Cream,,,,,0.0
33088,233,0.0,20.3,Thickshake (Syrup)-Chocolate,1,Cold Drinks,6.9,2,SML,6.9,2023-06-25 08:43:04,14.254925248600953,,,,,,,,,,,,0.0
33088,233,0.0,20.3,Thickshake (Syrup)-Chocolate,1,Cold Drinks,6.9,3,SML,6.9,2023-06-25 08:43:04,14.254925248600953,,,,,,,,,,,,0.0
33088,233,0.0,20.3,Milkshake (Syrup)-Vanilla,1,Cold Drinks,6.5,1,LRG,6.5,2023-06-25 08:43:04,14.254925248600953,,,,,,,Full Cream,,,,,0.0
3323,5,0.0,33.1,Iced Chocolate with Cream,1,Cold Drinks,5.7,3,REG,5.0,2019-05-27 16:01:32,159.94181122746923,With Cream,,,0,,,Happy Soy Boy,,Full,,,0.7000000000000002
3323,5,0.0,33.1,Freshly Squeezed Juice-Orange,1,Cold Drinks,7.0,2,REG,6.0,2019-05-27 16:01:32,159.94181122746923,,,,,With Ice,"Orange, Lemon, Apple, Celery, Carrot, Ginger, Beetroot",,,,,,1.0
14564,831,0.0,33.1,Milkshake (Syrup)-Banana,1,Cold Drinks,3.9,3,SML,3.9,2021-08-06 09:24:31,242.97160327906633,,,,,,,Full Cream,,,,,0.0
14564,831,0.0,33.1,Iced Coffee with Cream,1,Cold Drinks,5.5,2,REG,5.5,2021-08-06 09:24:31,242.97160327906633,No Cream,Normal,,0,,,Full Cream,,Full,Vanilla,,0.0
14564,831,0.0,33.1,Milkshake (Syrup)-Chocolate,1,Cold Drinks,2.9,4,MINI,2.9,2021-08-06 09:24:31,242.97160327906633,,,,,,,Full Cream,,,,,0.0
21129,1107,0.0,33.1,Ice Latte,1,Cold Drinks,4.8,3,REG,4.8,2022-04-21 12:07:52,30.252902261404525,,Normal,,0,,,Full Cream,,Half,None,,0.0
21129,1107,0.0,33.1,Iced Coffee with Cream,1,Cold Drinks,5.5,4,REG,5.5,2022-04-21 12:07:52,30.252902261404525,With Cream,Normal,,0,,,Full Cream,,Full,Vanilla,,0.0
37492,1524,0.0,33.1,Ice Latte,1,Cold Drinks,5.7,3,REG,5.2,2023-11-10 14:26:14,25.790363648906876,,Normal,,1,,,Full Cream,,Full,Vanilla,,0.5
13928,541,0.0,45.9,Iced Coffee with Cream,1,Cold Drinks,7.5,3,REG,5.5,2021-07-10 15:08:47,72.33584156997668,With Cream,Normal,,2,,,Oat Milk,,Full,Vanilla,,2.0
15571,819,0.0,45.9,Smoothie-Green Machine,1,Cold Drinks,7.6,3,REG,7.6,2021-09-11 11:30:00,102.91074667455888,,,,,,,,,,,,0.0
15571,819,0.0,45.9,Thickshake (Syrup)-Chocolate,1,Cold Drinks,6.0,4,SML,6.0,2021-09-11 11:30:00,102.91074667455888,,,,,,,,,,,,0.0
9794,351,0.0,45.9,Milkshake (Syrup)-Vanilla,1,Cold Drinks,2.9,5,MINI,2.9,2021-01-02 10:07:16,15.749687649741688,,,,,,,Full Cream,,,,,0.0
9794,351,0.0,45.9,Milkshake (Syrup)-Vanilla,1,Cold Drinks,2.9,6,MINI,2.9,2021-01-02 10:07:16,15.749687649741688,,,,,,,Full Cream,,,,,0.0
9794,351,0.0,45.9,Thickshake (Syrup)-Lime,1,Cold Drinks,6.0,8,SML,6.0,2021-01-02 10:07:16,15.749687649741688,,,,,,,,,,,,0.0
13280,768,0.0,15.2,Smoothie-Banana Buzz,1,Cold Drinks,7.6,1,REG,7.6,2021-06-13 10:21:03,102.91074667455888,,,,,,,,,,,,0.0
13280,768,0.0,15.2,Smoothie-Mango Magic,1,Cold Drinks,7.6,2,REG,7.6,2021-06-13 10:21:03,102.91074667455888,,,,,,,,,,,,0.0
31646,1027,0.0,15.2,Iced Coffee with Cream,1,Cold Drinks,5.7,2,REG,5.7,2023-05-09 12:23:25,74.56256748924513,With Cream,Normal,,0,,,Full Cream,,Full,Vanilla,,0.0
10875,12,0.0,15.2,Smoothie-Mango Magic,1,Cold Drinks,7.6,1,REG,7.6,2021-02-27 10:17:38,30.753554335954057,,,,,,,,,,,,0.0
10875,12,0.0,15.2,Smoothie-Mango Magic,1,Cold Drinks,7.6,2,REG,7.6,2021-02-27 10:17:38,30.753554335954057,,,,,,,,,,,,0.0
11475,20,0.0,15.2,Ice Latte,1,Cold Drinks,5.3,4,REG,4.8,2021-03-29 08:45:42,15.937429912097317,,Normal,,1,,,Skim,,Full,None,,0.5
13917,794,0.0,15.2,Milkshake (Syrup)-Strawberry,1,Cold Drinks,2.9,4,MINI,2.9,2021-07-10 08:58:36,102.91074667455888,,,,,,,Full Cream,,,,,0.0
31398,288,0.0,15.2,Smoothie-Mango Magic,2,Cold Drinks,15.2,1,REG,7.6,2023-05-02 10:16:29,33.10473998574539,,,,,,,,,,,,0.0
18844,1058,0.0,15.2,Smoothie-Mango Magic,1,Cold Drinks,7.6,1,REG,7.6,2022-01-23 12:00:00,140.34269744903983,,,,,,,,,,,,0.0
18844,1058,0.0,15.2,Smoothie-Mango Magic,1,Cold Drinks,7.6,2,REG,7.6,2022-01-23 12:00:00,140.34269744903983,,,,,,,,,,,,0.0
6683,291,0.0,15.2,Smoothie-Mango Magic,1,Cold Drinks,7.6,1,REG,7.6,2020-08-26 09:21:20,117.65671017530349,,,,,,,,,,,,0.0
6683,291,0.0,15.2,Smoothie-Mango Magic,1,Cold Drinks,7.6,2,REG,7.6,2020-08-26 09:21:20,117.65671017530349,,,,,,,,,,,,0.0
23372,810,0.0,15.2,Freshly Squeezed Juice-Orange,1,Cold Drinks,6.2,1,REG,6.2,2022-07-15 09:57:04,144.58892088938225,,,,,With Ice,"Orange, Lemon, Apple, Celery",,,,,,0.0
5735,49,0.0,15.2,Milkshake (Syrup)-Chocolate,1,Cold Drinks,3.8,3,SML,3.8,2020-07-14 09:44:57,5.6913721453400745,,,,,,,Full Cream,,,,,0.0
5735,49,0.0,15.2,Milkshake (Syrup)-Chocolate,1,Cold Drinks,3.8,4,SML,3.8,2020-07-14 09:44:57,5.6913721453400745,,,,,,,Full Cream,,,,,0.0
5634,49,0.0,15.2,Milkshake (Syrup)-Chocolate,1,Cold Drinks,3.8,3,SML,3.8,2020-07-08 10:21:30,5.6913721453400745,,,,,,,Full Cream,,,,,0.0
5634,49,0.0,15.2,Milkshake (Syrup)-Chocolate,1,Cold Drinks,3.8,4,SML,3.8,2020-07-08 10:21:30,5.6913721453400745,,,,,,,Full Cream,,,,,0.0
10211,585,0.0,15.2,Smoothie-Green Machine,1,Cold Drinks,7.6,1,REG,7.6,2021-01-25 11:05:34,97.92730761007154,,,,,,,,,,,,0.0
10211,585,0.0,15.2,Smoothie-Mango Magic,1,Cold Drinks,7.6,2,REG,7.6,2021-01-25 11:05:34,97.92730761007154,,,,,,,,,,,,0.0
14549,77,0.0,15.2,Smoothie-Mango Magic,1,Cold Drinks,7.6,1,REG,7.6,2021-08-05 15:45:00,20.45079035996667,,,,,,,,,,,,0.0
14549,77,0.0,15.2,Smoothie-Mango Magic,1,Cold Drinks,7.6,2,REG,7.6,2021-08-05 15:45:00,20.45079035996667,,,,,,,,,,,,0.0
26366,846,0.0,15.2,Smoothie-Banana Buzz,1,Cold Drinks,7.6,1,REG,7.6,2022-10-30 12:22:52,113.91735336941782,,,,,,,,,,,,0.0
26366,846,0.0,15.2,Smoothie-Mango Magic,1,Cold Drinks,7.6,2,REG,7.6,2022-10-30 12:22:52,113.91735336941782,,,,,,,,,,,,0.0
4141,79,0.0,15.2,Smoothie-Koko Berries,1,Cold Drinks,7.6,1,REG,7.6,2020-02-02 15:13:06,44.926900403068,,,,,,,,,,,,0.0
4141,79,0.0,15.2,Smoothie-Banana Buzz,1,Cold Drinks,7.6,2,REG,7.6,2020-02-02 15:13:06,44.926900403068,,,,,,,,,,,,0.0
4246,83,0.0,15.2,Smoothie-Banana Buzz,1,Cold Drinks,7.6,1,REG,7.6,2020-02-23 13:53:35,147.2434634938042,,,,,,,,,,,,0.0
4246,83,0.0,15.2,Smoothie-Koko Berries,1,Cold Drinks,7.6,2,REG,7.6,2020-02-23 13:53:35,147.2434634938042,,,,,,,,,,,,0.0
31095,888,0.0,15.2,Smoothie-Koko Berries,1,Cold Drinks,7.6,1,REG,7.6,2023-04-22 13:30:00,57.14591310509777,,,,,,,,,,,,0.0
31095,888,0.0,15.2,Smoothie-Banana Buzz,1,Cold Drinks,7.6,2,REG,7.6,2023-04-22 13:30:00,57.14591310509777,,,,,,,,,,,,0.0
16742,387,0.0,15.2,Iced Chocolate with Cream,1,Cold Drinks,5.5,1,REG,5.5,2021-10-20 08:56:31,89.20540707357817,With Cream,,,0,,,Full Cream,,Full,,,0.0
16742,387,0.0,15.2,Iced Chocolate with Cream,1,Cold Drinks,5.5,2,REG,5.5,2021-10-20 08:56:31,89.20540707357817,With Cream,,,0,,,Full Cream,,Full,,,0.0
16588,387,0.0,15.2,Iced Chocolate with Cream,1,Cold Drinks,5.5,2,REG,5.5,2021-10-15 07:54:15,89.20540707357817,With Cream,,,0,,,Full Cream,,Full,,,0.0
13807,387,0.0,15.2,Iced Chocolate with Cream,1,Cold Drinks,5.5,1,REG,5.5,2021-07-05 10:56:41,89.20540707357817,With Cream,,,0,,,Full Cream,,Full,,,0.0
13807,387,0.0,15.2,Iced Chocolate with Cream,1,Cold Drinks,5.5,2,REG,5.5,2021-07-05 10:56:41,89.20540707357817,With Cream,,,0,,,Full Cream,,Full,,,0.0
4259,132,0.0,15.2,Smoothie-Mango Magic,1,Cold Drinks,7.6,1,REG,7.6,2020-02-26 06:30:00,15.262777629002558,,,,,,,,,,,,0.0
4259,132,0.0,15.2,Smoothie-Mango Magic,1,Cold Drinks,7.6,2,REG,7.6,2020-02-26 06:30:00,15.262777629002558,,,,,,,,,,,,0.0
4155,132,0.0,15.2,Smoothie-Green Machine,1,Cold Drinks,7.6,1,REG,7.6,2020-02-06 06:15:00,15.262777629002558,,,,,,,,,,,,0.0
4155,132,0.0,15.2,Smoothie-Green Machine,1,Cold Drinks,7.6,2,REG,7.6,2020-02-06 06:15:00,15.262777629002558,,,,,,,,,,,,0.0
4090,132,0.0,15.2,Smoothie-Green Machine,1,Cold Drinks,7.6,1,REG,7.6,2020-01-22 06:30:00,15.262777629002558,,,,,,,,,,,,0.0
4090,132,0.0,15.2,Smoothie-Green Machine,1,Cold Drinks,7.6,2,REG,7.6,2020-01-22 06:30:00,15.262777629002558,,,,,,,,,,,,0.0
4073,132,0.0,15.2,Smoothie-Koko Berries,1,Cold Drinks,7.6,1,REG,7.6,2020-01-17 06:30:00,15.262777629002558,,,,,,,,,,,,0.0
4073,132,0.0,15.2,Smoothie-Mango Magic,1,Cold Drinks,7.6,2,REG,7.6,2020-01-17 06:30:00,15.262777629002558,,,,,,,,,,,,0.0
4065,132,0.0,15.2,Smoothie-Green Machine,1,Cold Drinks,7.6,1,REG,7.6,2020-01-16 06:30:00,15.262777629002558,,,,,,,,,,,,0.0
4065,132,0.0,15.2,Smoothie-Green Machine,1,Cold Drinks,7.6,2,REG,7.6,2020-01-16 06:30:00,15.262777629002558,,,,,,,,,,,,0.0
4059,132,0.0,15.2,Smoothie-Green Machine,1,Cold Drinks,7.6,1,REG,7.6,2020-01-15 06:30:00,15.262777629002558,,,,,,,,,,,,0.0
4059,132,0.0,15.2,Smoothie-Green Machine,1,Cold Drinks,7.6,2,REG,7.6,2020-01-15 06:30:00,15.262777629002558,,,,,,,,,,,,0.0
22912,394,0.0,15.2,Milkshake (Syrup)-Caramel,1,Cold Drinks,6.0,3,LRG,6.0,2022-06-26 09:49:01,185.36195549641397,,,,,,,Full Cream,,,,,0.0
9577,172,0.0,15.2,Smoothie-Green Machine,1,Cold Drinks,7.6,1,REG,7.6,2020-12-14 11:57:42,5.2489316501187995,,,,,,,,,,,,0.0
9577,172,0.0,15.2,Smoothie-Green Machine,1,Cold Drinks,7.6,2,REG,7.6,2020-12-14 11:57:42,5.2489316501187995,,,,,,,,,,,,0.0
18041,175,0.0,15.2,Milkshake (Syrup)-Caramel,1,Cold Drinks,2.9,4,MINI,2.9,2021-12-06 10:23:07,10.277826498239987,,,,,,,Full Cream,,,,,0.0
17195,175,0.0,15.2,Milkshake (Syrup)-Caramel,1,Cold Drinks,2.9,4,MINI,2.9,2021-11-05 09:51:23,10.277826498239987,,,,,,,Full Cream,,,,,0.0
16605,175,0.0,15.2,Milkshake (Syrup)-Caramel,1,Cold Drinks,2.9,4,MINI,2.9,2021-10-15 11:21:32,10.277826498239987,,,,,,,Full Cream,,,,,0.0
14304,175,0.0,15.2,Milkshake (Syrup)-Caramel,1,Cold Drinks,2.9,4,MINI,2.9,2021-07-26 10:13:17,10.277826498239987,,,,,,,Full Cream,,,,,0.0
14222,175,0.0,15.2,Milkshake (Syrup)-Strawberry,1,Cold Drinks,2.9,4,MINI,2.9,2021-07-23 10:09:47,10.277826498239987,,,,,,,Full Cream,,,,,0.0
7579,432,0.0,15.2,Smoothie-Mango Magic,1,Cold Drinks,7.6,1,REG,7.6,2020-09-28 15:15:00,128.69343417595164,,,,,,,,,,,,0.0
7579,432,0.0,15.2,Smoothie-Mango Magic,1,Cold Drinks,7.6,2,REG,7.6,2020-09-28 15:15:00,128.69343417595164,,,,,,,,,,,,0.0
31331,189,0.0,15.2,Smoothie-Mango Magic,2,Cold Drinks,15.2,1,REG,7.6,2023-04-30 11:36:41,9.699059222346209,,,,,,,,,,,,0.0
7229,459,0.0,15.2,Smoothie-Mango Magic,1,Cold Drinks,7.6,1,REG,7.6,2020-09-15 12:54:57,102.91074667455888,,,,,,,,,,,,0.0
7229,459,0.0,15.2,Smoothie-Mango Magic,1,Cold Drinks,7.6,2,REG,7.6,2020-09-15 12:54:57,102.91074667455888,,,,,,,,,,,,0.0
7200,459,0.0,15.2,Smoothie-Mango Magic,1,Cold Drinks,7.6,1,REG,7.6,2020-09-14 13:26:06,102.91074667455888,,,,,,,,,,,,0.0
7200,459,0.0,15.2,Smoothie-Mango Magic,1,Cold Drinks,7.6,2,REG,7.6,2020-09-14 13:26:06,102.91074667455888,,,,,,,,,,,,0.0
6782,221,0.0,15.2,Smoothie-Banana Buzz,1,Cold Drinks,7.6,1,REG,7.6,2020-08-30 09:52:16,36.18611502544755,,,,,,,,,,,,0.0
6782,221,0.0,15.2,Smoothie-Banana Buzz,1,Cold Drinks,7.6,2,REG,7.6,2020-08-30 09:52:16,36.18611502544755,,,,,,,,,,,,0.0
32331,1502,0.0,15.2,Smoothie-Koko Berries,1,Cold Drinks,7.6,1,REG,7.6,2023-05-31 08:53:14,51.95831662656775,,,,,,,,,,,,0.0
32331,1502,0.0,15.2,Smoothie-Banana Buzz,1,Cold Drinks,7.6,2,REG,7.6,2023-05-31 08:53:14,51.95831662656775,,,,,,,,,,,,0.0
33192,1271,0.0,15.2,Smoothie-Mango Magic,1,Cold Drinks,7.6,1,REG,7.6,2023-06-28 12:31:13,37.048231112583885,,,,,,,,,,,,0.0
33192,1271,0.0,15.2,Smoothie-Green Machine,1,Cold Drinks,7.6,2,REG,7.6,2023-06-28 12:31:13,37.048231112583885,,,,,,,,,,,,0.0
29002,1271,0.0,15.2,Smoothie-Mango Magic,1,Cold Drinks,7.6,1,REG,7.6,2023-02-11 10:04:39,37.048231112583885,,,,,,,,,,,,0.0
29002,1271,0.0,15.2,Smoothie-Green Machine,1,Cold Drinks,7.6,2,REG,7.6,2023-02-11 10:04:39,37.048231112583885,,,,,,,,,,,,0.0
26407,175,2.08,22.88,Milkshake (Syrup)-Strawberry,1,Cold Drinks,2.9,4,MINI,2.9,2022-11-01 10:10:06,10.277826498239987,,,,,,,Full Cream,,,,,0.0
26407,175,2.08,22.88,Milkshake (Syrup)-Caramel,1,Cold Drinks,2.9,5,MINI,2.9,2022-11-01 10:10:06,10.277826498239987,,,,,,,Full Cream,,,,,0.0
33358,9,0.0,28.0,Smoothie-Green Machine,1,Cold Drinks,7.6,3,REG,7.6,2023-07-03 11:26:14,6.703924063787684,,,,,,,,,,,,0.0
11784,615,0.0,28.0,Iced Chocolate with Cream,1,Cold Drinks,5.5,2,REG,5.5,2021-04-13 11:21:15,66.89693565478167,With Cream,,,0,,,Full Cream,,Full,,,0.0
11784,615,0.0,28.0,Freshly Squeezed Juice-Orange,1,Cold Drinks,6.5,1,REG,6.0,2021-04-13 11:21:15,66.89693565478167,,,,,With Ice,"Orange, Lemon, Apple, Celery, Carrot, Ginger",,,,,,0.5
6371,390,0.0,28.0,Smoothie-Green Machine,1,Cold Drinks,7.6,3,REG,7.6,2020-08-12 11:45:00,102.91074667455888,,,,,,,,,,,,0.0
16986,421,0.0,28.0,Freshly Squeezed Juice-Orange,1,Cold Drinks,6.5,2,REG,6.0,2021-10-28 12:36:13,32.56254897822951,,,,,With Ice,"Orange, Lemon, Apple, Celery, Carrot, Ginger",,,,,,0.5
6781,426,0.0,28.0,Freshly Squeezed Juice-Orange,1,Cold Drinks,6.0,1,REG,6.0,2020-08-30 10:15:00,366.8509493617525,,,,,With Ice,Orange,,,,,,0.0
6781,426,0.0,28.0,Freshly Squeezed Juice-Orange,1,Cold Drinks,6.0,2,REG,6.0,2020-08-30 10:15:00,366.8509493617525,,,,,With Ice,Orange,,,,,,0.0
24068,127,0.0,40.8,Milkshake (Syrup)-Chocolate,1,Cold Drinks,6.0,4,LRG,6.0,2022-08-07 11:19:20,77.04087019928528,,,,,,,Full Cream,,,,,0.0
26691,1223,0.0,40.8,Milkshake (Syrup)-Vanilla,1,Cold Drinks,6.0,3,LRG,6.0,2022-11-11 07:28:30,25.1555162936482,,,,,,,Full Cream,,,,,0.0
14237,813,0.0,66.4,Milkshake (Syrup)-Chocolate,1,Cold Drinks,3.9,6,SML,3.9,2021-07-24 08:25:42,102.91074667455888,,,,,,,Full Cream,,,,,0.0
18612,275,0.0,10.1,Freshly Squeezed Juice-Orange,1,Cold Drinks,6.2,1,REG,6.2,2022-01-12 07:28:50,9.182885244928025,,,,,With Ice,Orange,,,,,,0.0
29283,48,0.0,10.1,Ice Latte,1,Cold Drinks,5.0,1,REG,5.0,2023-02-21 13:48:35,20.32398627078375,,Normal,,0,,,Full Cream,,Full,None,,0.0
9943,193,0.0,10.1,Ice Latte,1,Cold Drinks,4.8,2,REG,4.8,2021-01-11 07:15:00,118.3135767316008,,Normal,,0,,,Full Cream,,Full,None,,0.0
18779,197,0.0,10.1,Milkshake (Syrup)-Vanilla,1,Cold Drinks,2.9,2,MINI,2.9,2022-01-20 08:58:34,8.972684535279665,,,,,,,Full Cream,,,,,0.0
18779,197,0.0,10.1,Milkshake (Syrup)-Chocolate,1,Cold Drinks,2.9,3,MINI,2.9,2022-01-20 08:58:34,8.972684535279665,,,,,,,Full Cream,,,,,0.0
12924,9,0.0,22.9,Smoothie-Green Machine,1,Cold Drinks,7.6,4,REG,7.6,2021-05-31 11:13:57,6.703924063787684,,,,,,,,,,,,0.0
6375,14,0.0,22.9,Freshly Squeezed Juice-Orange,1,Cold Drinks,6.0,3,REG,6.0,2020-08-12 12:00:00,39.92548018814512,,,,,With Ice,"Orange, Lemon, Apple",,,,,,0.0
10838,537,0.0,22.9,Milkshake (Syrup)-Strawberry,1,Cold Drinks,3.9,4,SML,3.9,2021-02-25 12:03:48,158.16461185879868,,,,,,,Full Cream,,,,,0.0
18662,814,0.0,22.9,Milkshake (Syrup)-Chocolate,1,Cold Drinks,2.9,2,MINI,2.9,2022-01-14 10:03:47,144.56895356950722,,,,,,,Full Cream,,,,,0.0
18662,814,0.0,22.9,Iced Coffee with Cream,1,Cold Drinks,5.5,1,REG,5.5,2022-01-14 10:03:47,144.56895356950722,No Cream,Normal,,0,,,Full Cream,,Full,Vanilla,,0.0
21771,839,0.0,22.9,Iced Coffee with Cream,1,Cold Drinks,5.5,3,REG,5.5,2022-05-15 07:45:00,7.6513830729472705,No Cream,Normal,,0,,,Full Cream,,Full,Vanilla,,0.0
21771,839,0.0,22.9,Milkshake (Syrup)-Strawberry,1,Cold Drinks,2.9,4,MINI,2.9,2022-05-15 07:45:00,7.6513830729472705,,,,,,,Full Cream,,,,,0.0
21786,175,0.0,22.9,Milkshake (Syrup)-Caramel,1,Cold Drinks,2.9,5,MINI,2.9,2022-05-15 10:46:45,10.277826498239987,,,,,,,Full Cream,,,,,0.0
8749,224,0.0,22.9,Iced Coffee with Cream,1,Cold Drinks,5.5,3,REG,5.0,2020-11-09 13:09:09,102.91074667455888,With Cream,Normal,,1,,,Skim,,Full,Vanilla,,0.5
23692,811,0.0,35.7,Freshly Squeezed Juice-Orange,1,Cold Drinks,6.7,2,REG,6.2,2022-07-26 13:05:08,56.15160730560616,,,,,With Ice,"Orange, Lemon, Apple, Celery, Carrot, Ginger",,,,,,0.5
23692,811,0.0,35.7,Smoothie-Green Machine,1,Cold Drinks,7.6,4,REG,7.6,2022-07-26 13:05:08,56.15160730560616,,,,,,,,,,,,0.0
12388,248,0.0,35.7,Smoothie-Green Machine,1,Cold Drinks,7.6,7,REG,7.6,2021-05-09 11:18:33,89.37219093199812,,,,,,,,,,,,0.0
12388,248,0.0,35.7,Milkshake (Syrup)-Cookies and Cream,1,Cold Drinks,3.9,5,SML,3.9,2021-05-09 11:18:33,89.37219093199812,,,,,,,Full Cream,,,,,0.0
12388,248,0.0,35.7,Milkshake (Syrup)-Spearmint,1,Cold Drinks,3.9,6,SML,3.9,2021-05-09 11:18:33,89.37219093199812,,,,,,,Full Cream,,,,,0.0
14961,863,0.0,74.1,Ice Latte,1,Cold Drinks,4.8,6,REG,4.8,2021-08-21 10:28:57,102.91074667455888,,Normal,,0,,,Full Cream,,Full,None,,0.0
14961,863,0.0,74.1,Smoothie-Koko Berries,1,Cold Drinks,7.6,7,REG,7.6,2021-08-21 10:28:57,102.91074667455888,,,,,,,,,,,,0.0
3766,16,0.0,5.0,Iced Coffee with Cream,1,Cold Drinks,5.0,1,REG,5.0,2019-10-31 13:31:35,16.49222585866511,With Cream,Normal,,0,,,Full Cream,,Full,Vanilla,,0.0
8968,29,0.0,5.0,Ice Latte,1,Cold Drinks,5.0,1,REG,4.5,2020-11-19 11:07:09,166.67586641276068,,Normal,,0,,,Lactose Free,,Full,Vanilla,,0.5
8946,558,0.0,5.0,Ice Latte,1,Cold Drinks,5.0,1,REG,4.5,2020-11-18 10:35:37,248.27135691953404,,Normal,,1,,,Full Cream,,Full,None,,0.5
32220,1342,0.0,5.0,Ice Latte,1,Cold Drinks,5.0,1,REG,5.0,2023-05-27 15:02:56,3.5178538052384973,,Normal,,0,,,Full Cream,,Full,None,,0.0
9410,324,0.0,5.0,Iced Coffee with Cream,1,Cold Drinks,5.0,1,REG,5.0,2020-12-07 15:07:39,21.399972119696923,No Cream,Normal,,0,,,Full Cream,,Full,Vanilla,,0.0
9711,583,0.0,5.0,Ice Latte,1,Cold Drinks,5.0,1,REG,4.5,2020-12-21 07:37:47,352.76243186220006,,Normal,,1,,,Skim,,Full,Vanilla,,0.5
3793,107,0.0,5.0,Iced Coffee with Cream,1,Cold Drinks,5.0,1,REG,5.0,2019-11-06 12:28:36,147.7070796589702,With Cream,Normal,,0,,,Full Cream,,Full,Vanilla,,0.0
6745,233,0.0,5.0,Milkshake (Syrup)-Vanilla,1,Cold Drinks,2.5,1,MINI,2.5,2020-08-29 09:28:24,14.254925248600953,,,,,,,Full Cream,,,,,0.0
6745,233,0.0,5.0,Milkshake (Syrup)-Chocolate,1,Cold Drinks,2.5,2,MINI,2.5,2020-08-29 09:28:24,14.254925248600953,,,,,,,Full Cream,,,,,0.0
16837,261,0.0,17.8,Freshly Squeezed Juice-Orange,1,Cold Drinks,6.0,2,REG,6.0,2021-10-23 13:53:25,15.87426905030864,,,,,With Ice,Apple,,,,,,0.0
9021,13,0.0,17.8,Iced Mocha with Cream,1,Cold Drinks,5.5,1,REG,5.5,2020-11-22 08:26:08,44.810789212237296,With Cream,Normal,,0,,,Full Cream,,Full,,,0.0
13079,275,0.0,17.8,Freshly Squeezed Juice-Orange,1,Cold Drinks,6.0,1,REG,6.0,2021-06-06 09:18:53,9.182885244928025,,,,,With Ice,Orange,,,,,,0.0
14678,20,0.0,17.8,Freshly Squeezed Juice-Orange,1,Cold Drinks,6.5,2,REG,6.0,2021-08-10 09:03:23,15.937429912097317,,,,,With Ice,"Apple, Carrot, Ginger",,,,,,0.5
14519,20,0.0,17.8,Freshly Squeezed Juice-Orange,1,Cold Drinks,6.5,2,REG,6.0,2021-08-04 09:46:08,15.937429912097317,,,,,With Ice,"Apple, Carrot, Ginger",,,,,,0.5
15933,537,0.0,17.8,Milkshake (Syrup)-Strawberry,1,Cold Drinks,6.0,4,LRG,6.0,2021-09-23 09:55:04,158.16461185879868,,,,,,,Full Cream,,,,,0.0
29628,48,0.0,17.8,Smoothie-Mango Magic,1,Cold Drinks,7.6,3,REG,7.6,2023-03-04 10:41:18,20.32398627078375,,,,,,,,,,,,0.0
16891,49,0.0,17.8,Milkshake (Syrup)-Chocolate,1,Cold Drinks,3.9,4,SML,3.9,2021-10-25 10:56:08,5.6913721453400745,,,,,,,Full Cream,,,,,0.0
16891,49,0.0,17.8,Milkshake (Syrup)-Chocolate,1,Cold Drinks,3.9,5,SML,3.9,2021-10-25 10:56:08,5.6913721453400745,,,,,,,Full Cream,,,,,0.0
39361,638,0.0,17.8,Milkshake (Syrup)-Blue Heaven,1,Cold Drinks,7.2,2,LRG,7.2,2024-01-24 08:15:19,23.137598007538326,,,,,,,Full Cream,,,,,0.0
33396,228,0.0,17.8,Smoothie-Mango Magic,1,Cold Drinks,7.6,3,REG,7.6,2023-07-05 09:15:42,142.2871211013458,,,,,,,,,,,,0.0
25058,754,0.0,17.8,Thickshake (Syrup)-Spearmint,1,Cold Drinks,9.0,3,LRG,9.0,2022-09-11 13:42:19,5.580993662182695,,,,,,,,,,,,0.0
5736,331,0.0,30.6,Smoothie-Koko Berries,1,Cold Drinks,7.6,2,REG,7.6,2020-07-14 11:01:13,177.61527753317512,,,,,,,,,,,,0.0
28041,77,0.0,30.6,Smoothie-Mango Magic,1,Cold Drinks,7.6,2,REG,7.6,2023-01-05 09:15:40,20.45079035996667,,,,,,,,,,,,0.0
6750,341,0.0,30.6,Smoothie-Mango Magic,1,Cold Drinks,7.6,1,REG,7.6,2020-08-29 10:01:23,86.43207290008986,,,,,,,,,,,,0.0
6750,341,0.0,30.6,Thickshake (Syrup)-Vanilla,1,Cold Drinks,8.0,2,LRG,8.0,2020-08-29 10:01:23,86.43207290008986,,,,,,,,,,,,0.0
38595,1148,0.0,30.6,Milkshake (Syrup)-Spearmint,1,Cold Drinks,3.3,3,MINI,3.3,2023-12-16 09:46:17,21.754424527504998,,,,,,,Full Cream,,,,,0.0
38595,1148,0.0,30.6,Milkshake (Syrup)-Chocolate,1,Cold Drinks,3.3,4,MINI,3.3,2023-12-16 09:46:17,21.754424527504998,,,,,,,Full Cream,,,,,0.0
18006,675,0.0,30.6,Smoothie-Koko Berries,1,Cold Drinks,7.6,1,REG,7.6,2021-12-05 10:15:00,34.565856439158985,,,,,,,,,,,,0.0
19758,175,0.0,30.6,Milkshake (Syrup)-Caramel,1,Cold Drinks,2.9,5,MINI,2.9,2022-02-27 09:55:38,10.277826498239987,,,,,,,Full Cream,,,,,0.0
5702,177,0.0,30.6,Milkshake (Syrup)-Chocolate,1,Cold Drinks,3.8,7,SML,3.8,2020-07-12 10:25:05,187.55969716332987,,,,,,,Full Cream,,,,,0.0
5702,177,0.0,30.6,Freshly Squeezed Juice-Orange,1,Cold Drinks,6.0,2,REG,6.0,2020-07-12 10:25:05,187.55969716332987,,,,,With Ice,"Orange, Lemon, Apple",,,,,,0.0
38227,1192,0.0,43.4,Smoothie-Koko Berries,1,Cold Drinks,8.5,4,REG,8.5,2023-12-04 12:13:14,48.3676739574891,,,,,,,,,,,,0.0
6779,351,0.0,56.2,Ice Latte,1,Cold Drinks,4.5,5,REG,4.5,2020-08-30 09:30:24,15.749687649741688,,Normal,,0,,,Full Cream,,Full,None,,0.0
6779,351,0.0,56.2,Iced Chocolate with Cream,1,Cold Drinks,5.0,6,REG,5.0,2020-08-30 09:30:24,15.749687649741688,With Cream,,,0,,,Full Cream,,Full,,,0.0
29371,1026,0.0,12.7,Freshly Squeezed Juice-Orange,1,Cold Drinks,6.5,1,REG,6.5,2023-02-24 09:04:30,24.170229622409465,,,,,With Ice,"Orange, Apple, Celery",,,,,,0.0
28584,1026,0.0,12.7,Freshly Squeezed Juice-Orange,1,Cold Drinks,6.5,1,REG,6.5,2023-01-27 09:30:15,24.170229622409465,,,,,With Ice,"Apple, Celery",,,,,,0.0
28315,1026,0.0,12.7,Freshly Squeezed Juice-Orange,1,Cold Drinks,6.5,1,REG,6.5,2023-01-16 08:35:12,24.170229622409465,,,,,With Ice,"Orange, Celery",,,,,,0.0
24251,261,0.0,12.7,Milkshake (Syrup)-Chocolate,1,Cold Drinks,3.9,2,SML,3.9,2022-08-14 13:30:24,15.87426905030864,,,,,,,Skim,,,,,0.0
24251,261,0.0,12.7,Milkshake (Syrup)-Blue Heaven,1,Cold Drinks,3.9,3,SML,3.9,2022-08-14 13:30:24,15.87426905030864,,,,,,,Full Cream,,,,,0.0
20651,10,0.0,12.7,Milkshake (Syrup)-Banana,1,Cold Drinks,3.9,3,SML,3.9,2022-04-02 07:57:33,55.12194523194774,,,,,,,Full Cream,,,,,0.0
29199,1307,0.0,12.7,Iced Mocha with Cream,1,Cold Drinks,6.2,2,REG,6.2,2023-02-18 10:14:21,102.91074667455888,With Cream,Normal,,0,,,Skim,,Full,,,0.0
29199,1307,0.0,12.7,Freshly Squeezed Juice-Orange,1,Cold Drinks,6.5,1,REG,6.5,2023-02-18 10:14:21,102.91074667455888,,,,,With Ice,Apple,,,,,,0.0
25981,49,0.0,12.7,Milkshake (Syrup)-Chocolate,1,Cold Drinks,3.9,3,SML,3.9,2022-10-16 09:41:37,5.6913721453400745,,,,,,,Full Cream,,,,,0.0
25428,49,0.0,12.7,Milkshake (Syrup)-Chocolate,1,Cold Drinks,3.9,3,SML,3.9,2022-09-25 10:06:41,5.6913721453400745,,,,,,,Full Cream,,,,,0.0
22940,49,0.0,12.7,Milkshake (Syrup)-Chocolate,1,Cold Drinks,3.9,3,SML,3.9,2022-06-27 10:35:33,5.6913721453400745,,,,,,,Full Cream,,,,,0.0
33663,1444,0.0,12.7,Smoothie-Banana Buzz,1,Cold Drinks,7.6,2,REG,7.6,2023-07-14 08:01:05,28.269114898469265,,,,,,,,,,,,0.0
30634,1444,0.0,12.7,Smoothie-Banana Buzz,1,Cold Drinks,7.6,2,REG,7.6,2023-04-06 08:15:00,28.269114898469265,,,,,,,,,,,,0.0
29338,172,0.0,12.7,Freshly Squeezed Juice-Orange,1,Cold Drinks,7.0,1,REG,6.5,2023-02-23 09:28:57,5.2489316501187995,,,,,With Ice,"Orange, Lemon, Apple, Celery, Carrot, Ginger",,,,,,0.5
29310,172,0.0,12.7,Freshly Squeezed Juice-Orange,1,Cold Drinks,7.0,1,REG,6.5,2023-02-22 10:02:43,5.2489316501187995,,,,,With Ice,"Orange, Lemon, Apple, Celery, Carrot, Ginger",,,,,,0.5
29253,172,0.0,12.7,Freshly Squeezed Juice-Orange,1,Cold Drinks,7.0,1,REG,6.5,2023-02-20 09:14:54,5.2489316501187995,,,,,With Ice,"Orange, Lemon, Apple, Celery, Carrot, Ginger",,,,,,0.5
28774,172,0.0,12.7,Freshly Squeezed Juice-Orange,1,Cold Drinks,7.0,1,REG,6.5,2023-02-03 09:54:28,5.2489316501187995,,,,,With Ice,"Orange, Lemon, Apple, Celery, Carrot, Ginger",,,,,,0.5
28708,172,0.0,12.7,Freshly Squeezed Juice-Orange,1,Cold Drinks,7.0,1,REG,6.5,2023-02-01 08:46:45,5.2489316501187995,,,,,With Ice,"Orange, Lemon, Apple, Celery, Carrot, Ginger",,,,,,0.5
28130,172,0.0,12.7,Freshly Squeezed Juice-Orange,1,Cold Drinks,7.0,1,REG,6.5,2023-01-09 08:12:03,5.2489316501187995,,,,,With Ice,"Orange, Lemon, Apple, Celery, Carrot, Ginger",,,,,,0.5
20397,172,0.0,12.7,Freshly Squeezed Juice-Orange,1,Cold Drinks,7.2,1,REG,6.2,2022-03-23 09:11:17,5.2489316501187995,,,,,With Ice,"Orange, Lemon, Apple, Celery, Carrot, Ginger, Beetroot",,,,,,1.0
31386,189,0.0,12.7,Smoothie-Mango Magic,1,Cold Drinks,7.6,2,REG,7.6,2023-05-02 08:50:34,9.699059222346209,,,,,,,,,,,,0.0
31354,189,0.0,12.7,Smoothie-Mango Magic,1,Cold Drinks,7.6,2,REG,7.6,2023-05-01 08:46:36,9.699059222346209,,,,,,,,,,,,0.0
30641,189,0.0,12.7,Smoothie-Mango Magic,1,Cold Drinks,7.6,2,REG,7.6,2023-04-06 08:45:46,9.699059222346209,,,,,,,,,,,,0.0
18745,197,0.0,12.7,Milkshake (Syrup)-Vanilla,1,Cold Drinks,3.9,2,SML,3.9,2022-01-18 10:04:42,8.972684535279665,,,,,,,Full Cream,,,,,0.0
18745,197,0.0,12.7,Milkshake (Syrup)-Chocolate,1,Cold Drinks,3.9,3,SML,3.9,2022-01-18 10:04:42,8.972684535279665,,,,,,,Full Cream,,,,,0.0
39938,1544,0.0,25.5,Milkshake (Syrup)-Caramel,1,Cold Drinks,7.2,5,LRG,7.2,2024-02-13 08:52:17,24.192696205830433,,,,,,,Full Cream,,,,,0.0
39938,1544,0.0,25.5,Freshly Squeezed Juice-Apple,1,Cold Drinks,7.2,3,REG,7.2,2024-02-13 08:52:17,24.192696205830433,,,,,With Ice,Orange,,,,,,0.0
6974,268,0.0,25.5,Iced Chocolate with Cream,1,Cold Drinks,5.0,2,REG,5.0,2020-09-06 09:49:44,86.00495109529,With Cream,,,0,,,Skim,,Full,,,0.0
6974,268,0.0,25.5,Iced Chocolate with Cream,1,Cold Drinks,5.0,3,REG,5.0,2020-09-06 09:49:44,86.00495109529,With Cream,,,0,,,Skim,,Full,,,0.0
15001,558,0.0,25.5,Milkshake (Syrup)-Strawberry,1,Cold Drinks,3.9,2,SML,3.9,2021-08-22 14:00:16,248.27135691953404,,,,,,,Full Cream,,,,,0.0
15001,558,0.0,25.5,Milkshake (Syrup)-Chocolate,1,Cold Drinks,3.9,3,SML,3.9,2021-08-22 14:00:16,248.27135691953404,,,,,,,Full Cream,,,,,0.0
15001,558,0.0,25.5,Iced Mocha with Cream,1,Cold Drinks,6.0,1,REG,6.0,2021-08-22 14:00:16,248.27135691953404,With Cream,Decaf,,0,,,Full Cream,,Full,,,0.0
15001,558,0.0,25.5,Milkshake (Syrup)-Vanilla,1,Cold Drinks,3.9,4,SML,3.9,2021-08-22 14:00:16,248.27135691953404,,,,,,,Full Cream,,,,,0.0
15001,558,0.0,25.5,Milkshake (Syrup)-Chocolate,1,Cold Drinks,3.9,5,SML,3.9,2021-08-22 14:00:16,248.27135691953404,,,,,,,Full Cream,,,,,0.0
15001,558,0.0,25.5,Milkshake (Syrup)-Chocolate,1,Cold Drinks,3.9,6,SML,3.9,2021-08-22 14:00:16,248.27135691953404,,,,,,,Full Cream,,,,,0.0
6291,177,0.0,25.5,Milkshake (Syrup)-Chocolate,1,Cold Drinks,3.8,5,SML,3.8,2020-08-09 10:30:28,187.55969716332987,,,,,,,Full Cream,,,,,0.0
6291,177,0.0,25.5,Milkshake (Syrup)-Chocolate,1,Cold Drinks,3.8,6,SML,3.8,2020-08-09 10:30:28,187.55969716332987,,,,,,,Full Cream,,,,,0.0
37519,197,0.0,25.5,Milkshake (Syrup)-Vanilla,1,Cold Drinks,5.7,3,SML,5.2,2023-11-11 11:39:53,8.972684535279665,,,,,,,Lactose Free,,,,,0.5
37519,197,0.0,25.5,Smoothie-Koko Berries,1,Cold Drinks,8.5,4,REG,8.5,2023-11-11 11:39:53,8.972684535279665,,,,,,,,,,,,0.0
39280,83,0.0,38.3,Milkshake (Syrup)-Chocolate,1,Cold Drinks,7.2,4,LRG,7.2,2024-01-21 09:08:42,147.2434634938042,,,,,,,Full Cream,,,,,0.0
14850,858,0.0,38.3,Iced Chocolate with Cream,1,Cold Drinks,5.5,4,REG,5.5,2021-08-17 08:55:18,102.91074667455888,With Cream,,,0,,,Full Cream,,Full,,,0.0
37845,1144,0.0,38.3,Iced Mocha with Cream,1,Cold Drinks,7.4,4,REG,6.4,2023-11-22 08:52:02,58.176580277235466,With Cream,Normal,,0,,,Oat Milk,,Full,,,1.0
20152,127,0.0,38.3,Iced Coffee with Cream,1,Cold Drinks,5.5,4,REG,5.5,2022-03-13 09:43:17,77.04087019928528,With Cream,Normal,,0,,,Skim,,Half,Vanilla,,0.0
16038,688,0.0,51.1,Iced Chocolate with Cream,1,Cold Drinks,5.5,5,REG,5.5,2021-09-26 12:45:00,22.478237858370612,No Cream,,,0,,,Full Cream,,Full,,,0.0
14171,521,0.0,7.6,Smoothie-Mango Magic,1,Cold Drinks,7.6,1,REG,7.6,2021-07-21 12:41:42,185.75564229728337,,,,,,,,,,,,0.0
18701,1058,0.0,7.6,Smoothie-Mango Magic,1,Cold Drinks,7.6,1,REG,7.6,2022-01-16 10:59:49,140.34269744903983,,,,,,,,,,,,0.0
18847,1062,0.0,7.6,Smoothie-Mango Magic,1,Cold Drinks,7.6,1,REG,7.6,2022-01-23 13:59:05,102.91074667455888,,,,,,,,,,,,0.0
27530,48,0.0,7.6,Smoothie-Green Machine,1,Cold Drinks,7.6,1,REG,7.6,2022-12-08 08:34:35,20.32398627078375,,,,,,,,,,,,0.0
8072,48,0.0,7.6,Smoothie-Green Machine,1,Cold Drinks,7.6,1,REG,7.6,2020-10-16 14:38:33,20.32398627078375,,,,,,,,,,,,0.0
14860,49,0.0,7.6,Milkshake (Syrup)-Chocolate,1,Cold Drinks,3.9,2,SML,3.9,2021-08-17 11:10:26,5.6913721453400745,,,,,,,Full Cream,,,,,0.0
8983,565,0.0,7.6,Smoothie-Koko Berries,1,Cold Drinks,7.6,1,REG,7.6,2020-11-20 08:26:55,102.91074667455888,,,,,,,,,,,,0.0
28534,67,0.0,7.6,Smoothie-Koko Berries,1,Cold Drinks,7.6,1,REG,7.6,2023-01-24 12:33:44,49.80813085628067,,,,,,,,,,,,0.0
27895,77,0.0,7.6,Smoothie-Mango Magic,1,Cold Drinks,7.6,1,REG,7.6,2022-12-19 10:57:43,20.45079035996667,,,,,,,,,,,,0.0
27865,846,0.0,7.6,Smoothie-Banana Buzz,1,Cold Drinks,7.6,1,REG,7.6,2022-12-18 11:45:00,113.91735336941782,,,,,,,,,,,,0.0
14686,848,0.0,7.6,Smoothie-Koko Berries,1,Cold Drinks,7.6,1,REG,7.6,2021-08-10 14:34:24,102.91074667455888,,,,,,,,,,,,0.0
18442,351,0.0,7.6,Smoothie-Banana Buzz,1,Cold Drinks,7.6,1,REG,7.6,2021-12-21 11:33:01,15.749687649741688,,,,,,,,,,,,0.0
9460,97,0.0,7.6,Smoothie-Green Machine,1,Cold Drinks,7.6,1,REG,7.6,2020-12-09 11:53:57,200.60871004384268,,,,,,,,,,,,0.0
29132,1398,0.0,7.6,Smoothie-Koko Berries,1,Cold Drinks,7.6,1,REG,7.6,2023-02-16 08:36:34,102.91074667455888,,,,,,,,,,,,0.0
11615,641,0.0,7.6,Smoothie-Banana Buzz,1,Cold Drinks,7.6,1,REG,7.6,2021-04-04 12:02:58,102.91074667455888,,,,,,,,,,,,0.0
32976,1413,0.0,7.6,Smoothie-Mango Magic,1,Cold Drinks,7.6,1,REG,7.6,2023-06-21 12:43:02,2.996206390327985,,,,,,,,,,,,0.0
18773,650,0.0,7.6,Smoothie-Koko Berries,1,Cold Drinks,7.6,1,REG,7.6,2022-01-20 07:06:37,364.8670990922585,,,,,,,,,,,,0.0
29813,1424,0.0,7.6,Smoothie-Mango Magic,1,Cold Drinks,7.6,1,REG,7.6,2023-03-10 08:44:06,123.03657992645927,,,,,,,,,,,,0.0
28602,917,0.0,7.6,Smoothie-Green Machine,1,Cold Drinks,7.6,1,REG,7.6,2023-01-28 09:10:32,148.00386095349964,,,,,,,,,,,,0.0
28966,197,0.0,7.6,Smoothie-Green Machine,1,Cold Drinks,7.6,1,REG,7.6,2023-02-10 08:57:45,8.972684535279665,,,,,,,,,,,,0.0
28244,971,0.0,7.6,Smoothie-Koko Berries,1,Cold Drinks,7.6,1,REG,7.6,2023-01-13 09:34:46,19.322177854478056,,,,,,,,,,,,0.0
32061,725,0.0,7.6,Smoothie-Banana Buzz,1,Cold Drinks,7.6,1,REG,7.6,2023-05-23 08:59:06,194.44279364378613,,,,,,,,,,,,0.0
12688,729,0.0,7.6,Smoothie-Mango Magic,1,Cold Drinks,7.6,1,REG,7.6,2021-05-22 10:09:12,102.91074667455888,,,,,,,,,,,,0.0
24032,1241,0.0,7.6,Smoothie-Green Machine,1,Cold Drinks,7.6,1,REG,7.6,2022-08-06 10:59:08,102.91074667455888,,,,,,,,,,,,0.0
33043,1255,0.0,7.6,Smoothie-Mango Magic,1,Cold Drinks,7.6,1,REG,7.6,2023-06-23 13:35:55,30.29186071202668,,,,,,,,,,,,0.0
26164,1255,0.0,7.6,Smoothie-Green Machine,1,Cold Drinks,7.6,1,REG,7.6,2022-10-22 10:02:16,30.29186071202668,,,,,,,,,,,,0.0
26054,238,0.0,7.6,Smoothie-Mango Magic,1,Cold Drinks,7.6,1,REG,7.6,2022-10-18 15:00:00,118.54497998946118,,,,,,,,,,,,0.0
33710,1525,0.0,7.6,Smoothie-Mango Magic,1,Cold Drinks,7.6,1,REG,7.6,2023-07-15 10:18:34,102.91074667455888,,,,,,,,,,,,0.0
33060,1525,0.0,7.6,Smoothie-Mango Magic,1,Cold Drinks,7.6,1,REG,7.6,2023-06-24 09:27:55,102.91074667455888,,,,,,,,,,,,0.0
31484,1271,0.0,7.6,Smoothie-Green Machine,1,Cold Drinks,7.6,1,REG,7.6,2023-05-05 08:02:27,37.048231112583885,,,,,,,,,,,,0.0
30631,1271,0.0,7.6,Smoothie-Green Machine,1,Cold Drinks,7.6,1,REG,7.6,2023-04-06 07:54:42,37.048231112583885,,,,,,,,,,,,0.0
30445,1271,0.0,7.6,Smoothie-Green Machine,1,Cold Drinks,7.6,1,REG,7.6,2023-03-31 08:03:13,37.048231112583885,,,,,,,,,,,,0.0
29358,1271,0.0,7.6,Smoothie-Green Machine,1,Cold Drinks,7.6,1,REG,7.6,2023-02-24 07:52:52,37.048231112583885,,,,,,,,,,,,0.0
26301,1271,0.0,7.6,Smoothie-Green Machine,1,Cold Drinks,7.6,1,REG,7.6,2022-10-28 07:59:14,37.048231112583885,,,,,,,,,,,,0.0
26197,1271,0.0,7.6,Smoothie-Green Machine,1,Cold Drinks,7.6,1,REG,7.6,2022-10-24 07:55:34,37.048231112583885,,,,,,,,,,,,0.0
25916,1271,0.0,7.6,Smoothie-Koko Berries,1,Cold Drinks,7.6,1,REG,7.6,2022-10-14 08:00:11,37.048231112583885,,,,,,,,,,,,0.0
25558,1271,0.0,7.6,Smoothie-Green Machine,1,Cold Drinks,7.6,1,REG,7.6,2022-09-30 10:50:20,37.048231112583885,,,,,,,,,,,,0.0
25187,1271,0.0,7.6,Smoothie-Green Machine,1,Cold Drinks,7.6,1,REG,7.6,2022-09-16 07:58:05,37.048231112583885,,,,,,,,,,,,0.0
25126,1271,0.0,7.6,Smoothie-Green Machine,1,Cold Drinks,7.6,1,REG,7.6,2022-09-14 07:54:15,37.048231112583885,,,,,,,,,,,,0.0
24943,1271,0.0,7.6,Smoothie-Green Machine,1,Cold Drinks,7.6,1,REG,7.6,2022-09-08 07:43:17,37.048231112583885,,,,,,,,,,,,0.0
24909,1271,0.0,7.6,Smoothie-Green Machine,1,Cold Drinks,7.6,1,REG,7.6,2022-09-07 07:56:35,37.048231112583885,,,,,,,,,,,,0.0
9461,575,0.0,20.4,Freshly Squeezed Juice-Orange,1,Cold Drinks,6.5,1,REG,6.0,2020-12-10 06:00:00,76.78296157615826,,,,,With Ice,"Orange, Ginger",,,,,,0.5
38507,330,0.0,20.4,Iced Mocha with Cream,1,Cold Drinks,6.4,2,REG,6.4,2023-12-13 10:00:00,130.7755117854968,No Cream,Normal,,0,,,Skim,,Full,,,0.0
28321,77,0.0,20.4,Smoothie-Mango Magic,1,Cold Drinks,7.6,2,REG,7.6,2023-01-16 11:15:00,20.45079035996667,,,,,,,,,,,,0.0
28321,77,0.0,20.4,Smoothie-Mango Magic,1,Cold Drinks,7.6,3,REG,7.6,2023-01-16 11:15:00,20.45079035996667,,,,,,,,,,,,0.0
30089,846,0.0,20.4,Smoothie-Banana Buzz,1,Cold Drinks,7.6,2,REG,7.6,2023-03-19 10:45:00,113.91735336941782,,,,,,,,,,,,0.0
33093,101,0.0,20.4,Milkshake (Syrup)-Chocolate,1,Cold Drinks,4.5,1,SML,4.5,2023-06-25 09:37:25,58.06680913565154,,,,,,,Full Cream,,,,,0.0
33093,101,0.0,20.4,Milkshake (Syrup)-Vanilla,1,Cold Drinks,4.5,2,SML,4.5,2023-06-25 09:37:25,58.06680913565154,,,,,,,Full Cream,,,,,0.0
23481,1221,0.0,20.4,Freshly Squeezed Juice-Orange,1,Cold Drinks,6.2,3,REG,6.2,2022-07-19 12:36:56,56.73446924048907,,,,,With Ice,"Orange, Apple, Carrot",,,,,,0.0
23481,1221,0.0,20.4,Freshly Squeezed Juice-Orange,1,Cold Drinks,6.2,4,REG,6.2,2022-07-19 12:36:56,56.73446924048907,,,,,With Ice,"Orange, Apple, Carrot",,,,,,0.0
28820,228,0.0,20.4,Milkshake (Syrup)-Lime,1,Cold Drinks,2.9,4,MINI,2.9,2023-02-05 10:54:03,142.2871211013458,,,,,,,Full Cream,,,,,0.0
28820,228,0.0,20.4,Milkshake (Syrup)-Blue Heaven,1,Cold Drinks,2.9,5,MINI,2.9,2023-02-05 10:54:03,142.2871211013458,,,,,,,Full Cream,,,,,0.0
25345,1073,2.32,25.52,Milkshake (Syrup)-Strawberry,1,Cold Drinks,3.9,3,SML,3.9,2022-09-22 07:53:36,23.118424220987432,,,,,,,Full Cream,,,,,0.0
17396,698,0.0,33.2,Smoothie-Mango Magic,1,Cold Drinks,7.6,1,REG,7.6,2021-11-12 09:30:53,86.16392645546176,,,,,,,,,,,,0.0
17396,698,0.0,33.2,Smoothie-Koko Berries,1,Cold Drinks,7.6,2,REG,7.6,2021-11-12 09:30:53,86.16392645546176,,,,,,,,,,,,0.0
12926,738,0.0,33.2,Ice Latte,1,Cold Drinks,4.8,2,REG,4.8,2021-05-31 12:11:39,102.91074667455888,,Normal,,0,,,Full Cream,,Full,None,,0.0
35556,228,0.0,33.2,Milkshake (Syrup)-Banana,1,Cold Drinks,7.2,3,LRG,7.2,2023-09-10 10:57:52,142.2871211013458,,,,,,,Full Cream,,,,,0.0
13166,12,0.0,46.0,Smoothie-Mango Magic,1,Cold Drinks,7.6,4,REG,7.6,2021-06-09 12:19:53,30.753554335954057,,,,,,,,,,,,0.0
13166,12,0.0,46.0,Smoothie-Mango Magic,1,Cold Drinks,7.6,5,REG,7.6,2021-06-09 12:19:53,30.753554335954057,,,,,,,,,,,,0.0
16062,935,0.0,58.8,Smoothie-Mango Magic,1,Cold Drinks,7.6,5,REG,7.6,2021-09-27 10:13:54,102.91074667455888,,,,,,,,,,,,0.0
16062,935,0.0,58.8,Smoothie-Mango Magic,1,Cold Drinks,7.6,6,REG,7.6,2021-09-27 10:13:54,102.91074667455888,,,,,,,,,,,,0.0
16062,935,0.0,58.8,Smoothie-Mango Magic,1,Cold Drinks,7.6,7,REG,7.6,2021-09-27 10:13:54,102.91074667455888,,,,,,,,,,,,0.0
16062,935,0.0,58.8,Smoothie-Mango Magic,1,Cold Drinks,7.6,8,REG,7.6,2021-09-27 10:13:54,102.91074667455888,,,,,,,,,,,,0.0
13681,776,0.0,15.3,Thickshake (Syrup)-Strawberry,1,Cold Drinks,6.0,4,SML,6.0,2021-06-29 14:33:44,98.85342685005918,,,,,,,,,,,,0.0
8103,14,0.0,15.3,Freshly Squeezed Juice-Orange,1,Cold Drinks,6.0,3,REG,6.0,2020-10-18 08:22:15,39.92548018814512,,,,,With Ice,Orange,,,,,,0.0
7819,14,0.0,15.3,Freshly Squeezed Juice-Orange,1,Cold Drinks,6.0,3,REG,6.0,2020-10-08 07:46:47,39.92548018814512,,,,,With Ice,Orange,,,,,,0.0
7634,14,0.0,15.3,Freshly Squeezed Juice-Orange,1,Cold Drinks,6.0,3,REG,6.0,2020-10-01 07:45:00,39.92548018814512,,,,,With Ice,Orange,,,,,,0.0
15455,20,0.0,15.3,Milkshake (Syrup)-Chocolate,1,Cold Drinks,2.9,4,MINI,2.9,2021-09-07 09:12:33,15.937429912097317,,,,,,,Full Cream,,,,,0.0
15455,20,0.0,15.3,Freshly Squeezed Juice-Orange,1,Cold Drinks,6.5,3,REG,6.0,2021-09-07 09:12:33,15.937429912097317,,,,,With Ice,"Apple, Carrot, Ginger",,,,,,0.5
15362,20,0.0,15.3,Freshly Squeezed Juice-Orange,1,Cold Drinks,6.5,3,REG,6.0,2021-09-04 09:57:36,15.937429912097317,,,,,With Ice,"Apple, Carrot, Ginger",,,,,,0.5
15362,20,0.0,15.3,Milkshake (Syrup)-Chocolate,1,Cold Drinks,2.9,4,MINI,2.9,2021-09-04 09:57:36,15.937429912097317,,,,,,,Full Cream,,,,,0.0
14656,20,0.0,15.3,Milkshake (Syrup)-Chocolate,1,Cold Drinks,2.9,4,MINI,2.9,2021-08-09 10:44:14,15.937429912097317,,,,,,,Full Cream,,,,,0.0
14656,20,0.0,15.3,Freshly Squeezed Juice-Orange,1,Cold Drinks,6.5,3,REG,6.0,2021-08-09 10:44:14,15.937429912097317,,,,,With Ice,"Apple, Carrot, Ginger",,,,,,0.5
24232,1073,0.0,15.3,Milkshake (Syrup)-Chocolate,1,Cold Drinks,3.9,3,SML,3.9,2022-08-14 08:18:04,23.118424220987432,,,,,,,Full Cream,,,,,0.0
35638,324,0.0,15.3,Iced Coffee with Cream,1,Cold Drinks,6.9,3,REG,5.9,2023-09-13 09:48:48,21.399972119696923,No Cream,Normal,,0,,,Oat Milk,,Full,None,,1.0
16609,324,0.0,15.3,Iced Coffee with Cream,1,Cold Drinks,6.0,3,REG,5.5,2021-10-15 12:22:26,21.399972119696923,No Cream,Normal,,0,,,Lactose Free,,Full,Vanilla,,0.5
15058,324,0.0,15.3,Iced Coffee with Cream,1,Cold Drinks,6.0,3,REG,5.5,2021-08-24 12:15:17,21.399972119696923,No Cream,Normal,,0,,,Lactose Free,,Full,Vanilla,,0.5
20207,387,0.0,15.3,Iced Chocolate with Cream,1,Cold Drinks,5.5,1,REG,5.5,2022-03-15 10:34:35,89.20540707357817,With Cream,,,0,,,Full Cream,,Full,,,0.0
20207,387,0.0,15.3,Iced Chocolate with Cream,1,Cold Drinks,5.5,2,REG,5.5,2022-03-15 10:34:35,89.20540707357817,With Cream,,,0,,,Full Cream,,Full,,,0.0
26694,721,0.0,15.3,Ice Latte,1,Cold Drinks,5.3,1,REG,4.8,2022-11-11 07:33:35,22.483978525220593,,Normal,,1,,,Full Cream,,Full,None,,0.5
24832,228,0.0,15.3,Milkshake (Syrup)-Caramel,1,Cold Drinks,3.9,3,SML,3.9,2022-09-04 10:57:38,142.2871211013458,,,,,,,Full Cream,,,,,0.0
7653,486,0.0,15.3,Milkshake (Syrup)-Cookies and Cream,1,Cold Drinks,3.8,4,SML,3.8,2020-10-01 11:00:39,318.1980515339464,,,,,,,Full Cream,,,,,0.0
34863,1568,0.0,28.1,Iced Mocha with Cream,1,Cold Drinks,7.1,2,REG,6.4,2023-08-20 11:26:46,206.47518010647187,No Cream,Normal,,0,,,Almond,,Full,,,0.6999999999999993
34863,1568,0.0,28.1,Smoothie-Mango Magic,1,Cold Drinks,8.5,3,REG,8.5,2023-08-20 11:26:46,206.47518010647187,,,,,,,,,,,,0.0
8706,553,0.0,28.1,Smoothie-Banana Buzz,1,Cold Drinks,7.6,2,REG,7.6,2020-11-08 08:32:16,102.91074667455888,,,,,,,,,,,,0.0
16753,316,0.0,28.1,Smoothie-Green Machine,1,Cold Drinks,7.6,4,REG,7.6,2021-10-20 12:50:50,172.2840411926572,,,,,,,,,,,,0.0
23452,67,0.0,28.1,Smoothie-Koko Berries,1,Cold Drinks,7.6,3,REG,7.6,2022-07-18 12:59:26,49.80813085628067,,,,,,,,,,,,0.0
23452,67,0.0,28.1,Milkshake (Syrup)-Chocolate,1,Cold Drinks,6.0,2,LRG,6.0,2022-07-18 12:59:26,49.80813085628067,,,,,,,Full Cream,,,,,0.0
33649,1424,0.0,28.1,Smoothie-Mango Magic,1,Cold Drinks,7.6,1,REG,7.6,2023-07-13 09:15:06,123.03657992645927,,,,,,,,,,,,0.0
27461,1271,0.0,28.1,Smoothie-Green Machine,1,Cold Drinks,7.6,4,REG,7.6,2022-12-06 07:58:28,37.048231112583885,,,,,,,,,,,,0.0
27461,1271,0.0,28.1,Smoothie-Green Machine,1,Cold Drinks,7.6,5,REG,7.6,2022-12-06 07:58:28,37.048231112583885,,,,,,,,,,,,0.0
39006,811,0.0,40.9,Thickshake (Syrup)-Blue Heaven,1,Cold Drinks,5.5,3,MINI,5.5,2024-01-10 11:45:00,56.15160730560616,,,,,,,,,,,,0.0
25991,20,0.0,10.2,Ice Latte,1,Cold Drinks,5.3,2,REG,4.8,2022-10-16 10:59:53,15.937429912097317,,Normal,,1,,,Skim,,Full,None,,0.5
33976,308,0.0,10.2,Milkshake (Syrup)-Vanilla,1,Cold Drinks,2.9,3,MINI,2.9,2023-07-23 10:36:28,10.76198852605863,,,,,,,Full Cream,,,,,0.0
33244,308,0.0,10.2,Milkshake (Syrup)-Vanilla,1,Cold Drinks,2.9,3,MINI,2.9,2023-06-30 09:03:18,10.76198852605863,,,,,,,Full Cream,,,,,0.0
32793,308,0.0,10.2,Milkshake (Syrup)-Vanilla,1,Cold Drinks,2.9,3,MINI,2.9,2023-06-15 09:44:11,10.76198852605863,,,,,,,Full Cream,,,,,0.0
32584,308,0.0,10.2,Milkshake (Syrup)-Vanilla,1,Cold Drinks,2.9,3,MINI,2.9,2023-06-08 09:56:39,10.76198852605863,,,,,,,Full Cream,,,,,0.0
32371,308,0.0,10.2,Milkshake (Syrup)-Vanilla,1,Cold Drinks,2.9,3,MINI,2.9,2023-06-01 10:49:03,10.76198852605863,,,,,,,Full Cream,,,,,0.0
31930,308,0.0,10.2,Milkshake (Syrup)-Vanilla,1,Cold Drinks,2.9,3,MINI,2.9,2023-05-18 09:25:25,10.76198852605863,,,,,,,Full Cream,,,,,0.0
31713,308,0.0,10.2,Milkshake (Syrup)-Vanilla,1,Cold Drinks,2.9,3,MINI,2.9,2023-05-11 09:31:34,10.76198852605863,,,,,,,Full Cream,,,,,0.0
31459,308,0.0,10.2,Milkshake (Syrup)-Vanilla,1,Cold Drinks,2.9,3,MINI,2.9,2023-05-04 09:13:46,10.76198852605863,,,,,,,Full Cream,,,,,0.0
31224,308,0.0,10.2,Milkshake (Syrup)-Vanilla,1,Cold Drinks,2.9,3,MINI,2.9,2023-04-27 08:23:00,10.76198852605863,,,,,,,Full Cream,,,,,0.0
30786,308,0.0,10.2,Milkshake (Syrup)-Vanilla,1,Cold Drinks,2.9,3,MINI,2.9,2023-04-12 11:31:55,10.76198852605863,,,,,,,Full Cream,,,,,0.0
30206,308,0.0,10.2,Milkshake (Syrup)-Vanilla,1,Cold Drinks,2.9,3,MINI,2.9,2023-03-23 08:45:46,10.76198852605863,,,,,,,Full Cream,,,,,0.0
29555,308,0.0,10.2,Milkshake (Syrup)-Vanilla,1,Cold Drinks,2.9,3,MINI,2.9,2023-03-02 08:43:36,10.76198852605863,,,,,,,Full Cream,,,,,0.0
29421,308,0.0,10.2,Milkshake (Syrup)-Vanilla,1,Cold Drinks,2.9,3,MINI,2.9,2023-02-26 08:19:00,10.76198852605863,,,,,,,Full Cream,,,,,0.0
14992,308,0.0,10.2,Ice Latte,1,Cold Drinks,5.5,1,REG,4.8,2021-08-22 10:42:27,10.76198852605863,,Normal,,0,,,Almond,,Full,Vanilla,,0.7000000000000002
20970,166,0.0,10.2,Milkshake (Syrup)-Chocolate,1,Cold Drinks,2.9,2,MINI,2.9,2022-04-13 11:25:23,80.17974459831028,,,,,,,Full Cream,,,,,0.0
20970,166,0.0,10.2,Milkshake (Syrup)-Lime,1,Cold Drinks,2.9,3,MINI,2.9,2022-04-13 11:25:23,80.17974459831028,,,,,,,Full Cream,,,,,0.0
39344,1706,0.0,10.2,Ice Latte,1,Cold Drinks,5.2,2,REG,5.2,2024-01-23 10:46:22,102.91074667455888,,Normal,,0,,,Full Cream,,Full,Vanilla,,0.0
22064,223,0.0,10.2,Milkshake (Syrup)-Chocolate,1,Cold Drinks,2.9,2,MINI,2.9,2022-05-25 11:00:37,32.77916866786114,,,,,,,Full Cream,,,,,0.0
22064,223,0.0,10.2,Milkshake (Syrup)-Chocolate,1,Cold Drinks,2.9,3,MINI,2.9,2022-05-25 11:00:37,32.77916866786114,,,,,,,Full Cream,,,,,0.0
27410,482,0.0,10.2,Ice Latte,1,Cold Drinks,4.8,2,REG,4.8,2022-12-04 09:07:45,151.0315468322037,,Normal,,0,,,Skim,,Full,None,,0.0
18432,233,0.0,10.2,Thickshake (Syrup)-Chocolate,1,Cold Drinks,6.0,2,SML,6.0,2021-12-21 09:04:01,14.254925248600953,,,,,,,,,,,,0.0
22731,9,0.0,23.0,Smoothie-Green Machine,1,Cold Drinks,7.6,4,REG,7.6,2022-06-19 09:50:18,6.703924063787684,,,,,,,,,,,,0.0
5336,268,0.0,23.0,Iced Chocolate with Cream,1,Cold Drinks,5.0,2,REG,5.0,2020-06-17 10:57:55,86.00495109529,With Cream,,,0,,,Skim,,Full,,,0.0
5336,268,0.0,23.0,Iced Chocolate with Cream,1,Cold Drinks,5.0,3,REG,5.0,2020-06-17 10:57:55,86.00495109529,With Cream,,,0,,,Skim,,Full,,,0.0
5336,268,0.0,23.0,Thickshake (Syrup)-Vanilla,1,Cold Drinks,8.0,4,LRG,8.0,2020-06-17 10:57:55,86.00495109529,,,,,,,,,,,,0.0
9803,275,0.0,23.0,Freshly Squeezed Juice-Orange,1,Cold Drinks,6.0,1,REG,6.0,2021-01-03 08:33:01,9.182885244928025,,,,,With Ice,Orange,,,,,,0.0
21009,405,0.0,23.0,Iced Chocolate with Cream,1,Cold Drinks,5.5,3,REG,5.5,2022-04-14 13:15:22,304.44448499594216,No Cream,,,0,,,Full Cream,,Full,,,0.0
21009,405,0.0,23.0,Milkshake (Syrup)-Chocolate,1,Cold Drinks,6.0,4,LRG,6.0,2022-04-14 13:15:22,304.44448499594216,,,,,,,Full Cream,,,,,0.0
33494,175,0.0,23.0,Milkshake (Syrup)-Caramel,1,Cold Drinks,2.9,3,MINI,2.9,2023-07-08 11:01:17,10.277826498239987,,,,,,,Full Cream,,,,,0.0
34393,233,0.0,23.0,Milkshake (Syrup)-Vanilla,1,Cold Drinks,7.2,1,LRG,7.2,2023-08-05 11:58:30,14.254925248600953,,,,,,,Full Cream,,,,,0.0
34393,233,0.0,23.0,Thickshake (Syrup)-Chocolate,1,Cold Drinks,7.9,2,SML,7.9,2023-08-05 11:58:30,14.254925248600953,,,,,,,,,,,,0.0
34393,233,0.0,23.0,Thickshake (Syrup)-Chocolate,1,Cold Drinks,7.9,3,SML,7.9,2023-08-05 11:58:30,14.254925248600953,,,,,,,,,,,,0.0
23900,1058,0.0,35.8,Ice Latte,1,Cold Drinks,4.8,3,REG,4.8,2022-08-02 11:55:08,140.34269744903983,,Normal,,0,,,Full Cream,,Full,None,,0.0
36871,119,0.0,35.8,Ice Latte,1,Cold Drinks,5.9,1,REG,5.2,2023-10-21 11:15:27,948.7121094761395,,Normal,,0,,,Almond Milk Lab,,Full,None,,0.7000000000000002
36871,119,0.0,35.8,Iced Chocolate with Cream,1,Cold Drinks,5.9,2,REG,5.9,2023-10-21 11:15:27,948.7121094761395,With Cream,,,0,,,Full Cream,,Full,,,0.0
27655,1144,0.0,35.8,Ice Latte,1,Cold Drinks,5.8,2,REG,4.8,2022-12-12 10:26:27,58.176580277235466,,Normal,,0,,,Oat Milk,,Full,Vanilla,,1.0
27655,1144,0.0,35.8,Milkshake (Syrup)-Chocolate,1,Cold Drinks,6.0,3,LRG,6.0,2022-12-12 10:26:27,58.176580277235466,,,,,,,Skim,,,,,0.0
13466,175,0.0,35.8,Milkshake (Syrup)-Lime,1,Cold Drinks,2.9,4,MINI,2.9,2021-06-20 10:45:12,10.277826498239987,,,,,,,Full Cream,,,,,0.0
22920,248,0.0,35.8,Thickshake (Syrup)-Strawberry,1,Cold Drinks,8.5,3,LRG,8.5,2022-06-26 13:02:44,89.37219093199812,,,,,,,,,,,,0.0
22920,248,0.0,35.8,Milkshake (Syrup)-Spearmint,1,Cold Drinks,3.9,2,SML,3.9,2022-06-26 13:02:44,89.37219093199812,,,,,,,Full Cream,,,,,0.0
28824,841,0.0,48.6,Smoothie-Mango Magic,1,Cold Drinks,7.6,4,REG,7.6,2023-02-05 15:22:18,202.39565212721345,,,,,,,,,,,,0.0
28824,841,0.0,48.6,Smoothie-Mango Magic,1,Cold Drinks,7.6,5,REG,7.6,2023-02-05 15:22:18,202.39565212721345,,,,,,,,,,,,0.0
10623,12,0.0,61.4,Smoothie-Mango Magic,1,Cold Drinks,7.6,6,REG,7.6,2021-02-14 13:14:48,30.753554335954057,,,,,,,,,,,,0.0
26330,1026,0.0,17.9,Smoothie-Banana Buzz,1,Cold Drinks,7.6,3,REG,7.6,2022-10-29 07:58:25,24.170229622409465,,,,,,,,,,,,0.0
18005,1026,0.0,17.9,Smoothie-Mango Magic,1,Cold Drinks,7.6,3,REG,7.6,2021-12-05 09:53:41,24.170229622409465,,,,,,,,,,,,0.0
19938,814,0.0,17.9,Iced Coffee with Cream,1,Cold Drinks,5.5,1,REG,5.5,2022-03-05 08:53:39,144.56895356950722,No Cream,Normal,,0,,,Full Cream,,Full,Vanilla,,0.0
19938,814,0.0,17.9,Milkshake (Syrup)-Banana,1,Cold Drinks,3.9,2,SML,3.9,2022-03-05 08:53:39,144.56895356950722,,,,,,,Full Cream,,,,,0.0
36899,1582,0.0,17.9,Milkshake (Syrup)-Strawberry,1,Cold Drinks,5.2,2,SML,5.2,2023-10-22 12:19:52,5.734883511361751,,,,,,,Full Cream,,,,,0.0
36899,1582,0.0,17.9,Thickshake (Syrup)-Cookies and Cream,1,Cold Drinks,7.9,3,SML,7.9,2023-10-22 12:19:52,5.734883511361751,,,,,,,,,,,,0.0
5694,49,0.0,17.9,Milkshake (Syrup)-Chocolate,1,Cold Drinks,3.8,4,SML,3.8,2020-07-12 09:27:38,5.6913721453400745,,,,,,,Full Cream,,,,,0.0
5694,49,0.0,17.9,Iced Mocha with Cream,1,Cold Drinks,5.5,2,REG,5.5,2020-07-12 09:27:38,5.6913721453400745,With Cream,Normal,,0,,,Full Cream,,Full,,,0.0
15282,642,0.0,17.9,Milkshake (Syrup)-Strawberry,1,Cold Drinks,6.0,3,LRG,6.0,2021-09-01 12:56:47,129.8272536468121,,,,,,,Full Cream,,,,,0.0
4658,174,0.0,17.9,Iced Coffee with Cream,1,Cold Drinks,5.0,2,REG,5.0,2020-04-27 09:43:09,25.02950639697456,With Cream,Decaf,,0,,,Full Cream,,Full,Vanilla,,0.0
26384,175,0.0,17.9,Milkshake (Syrup)-Blue Heaven,1,Cold Drinks,2.9,4,MINI,2.9,2022-10-31 09:36:55,10.277826498239987,,,,,,,Full Cream,,,,,0.0
15411,189,0.0,17.9,Smoothie-Mango Magic,1,Cold Drinks,7.6,3,REG,7.6,2021-09-05 12:21:38,9.699059222346209,,,,,,,,,,,,0.0
35034,1253,0.0,17.9,Thickshake (Syrup)-Caramel,1,Cold Drinks,7.9,1,SML,7.9,2023-08-25 09:38:26,17.271483649803734,,,,,,,,,,,,0.0
37938,1649,0.0,30.7,Thickshake (Syrup)-Chocolate,1,Cold Drinks,10.5,5,LRG,10.5,2023-11-25 10:06:28,9.121403400793103,,,,,,,,,,,,0.0
29019,1396,0.0,30.7,Milkshake (Syrup)-Banana,1,Cold Drinks,6.5,2,LRG,6.5,2023-02-12 09:22:24,102.91074667455888,,,,,,,Full Cream,,,,,0.0
35286,1144,0.0,30.7,Iced Coffee with Cream,1,Cold Drinks,5.9,2,REG,5.9,2023-09-03 08:15:00,58.176580277235466,With Cream,Normal,,0,,,Skim,,Full,Vanilla,,0.0
7700,175,0.0,30.7,Smoothie-Koko Berries,1,Cold Drinks,7.6,7,REG,7.6,2020-10-03 10:14:04,10.277826498239987,,,,,,,,,,,,0.0
7700,175,0.0,30.7,Milkshake (Syrup)-Banana,1,Cold Drinks,3.8,1,SML,3.8,2020-10-03 10:14:04,10.277826498239987,,,,,,,Full Cream,,,,,0.0
7700,175,0.0,30.7,Milkshake (Syrup)-Chocolate,1,Cold Drinks,3.8,2,SML,3.8,2020-10-03 10:14:04,10.277826498239987,,,,,,,Full Cream,,,,,0.0
7700,175,0.0,30.7,Milkshake (Syrup)-Strawberry,1,Cold Drinks,3.8,3,SML,3.8,2020-10-03 10:14:04,10.277826498239987,,,,,,,Full Cream,,,,,0.0
28712,1255,0.0,30.7,Ice Latte,1,Cold Drinks,5.0,2,REG,5.0,2023-02-01 09:19:16,30.29186071202668,,Normal,,0,,,Full Cream,,Full,None,,0.0
28712,1255,0.0,30.7,Ice Latte,1,Cold Drinks,5.0,3,REG,5.0,2023-02-01 09:19:16,30.29186071202668,,Normal,,0,,,Full Cream,,Full,Vanilla,,0.0
11825,351,0.0,56.3,Milkshake (Syrup)-Vanilla,1,Cold Drinks,2.9,6,MINI,2.9,2021-04-15 08:57:10,15.749687649741688,,,,,,,Full Cream,,,,,0.0
11825,351,0.0,56.3,Milkshake (Syrup)-Vanilla,1,Cold Drinks,2.9,7,MINI,2.9,2021-04-15 08:57:10,15.749687649741688,,,,,,,Full Cream,,,,,0.0
11825,351,0.0,56.3,Milkshake (Syrup)-Vanilla,1,Cold Drinks,2.9,8,MINI,2.9,2021-04-15 08:57:10,15.749687649741688,,,,,,,Full Cream,,,,,0.0
11825,351,0.0,56.3,Milkshake (Syrup)-Vanilla,1,Cold Drinks,2.9,9,MINI,2.9,2021-04-15 08:57:10,15.749687649741688,,,,,,,Full Cream,,,,,0.0
