order_id,customer_id,status,cart_surcharge,order_price,item,quantity,category,item_price,item_tracking_id,size,unit_price,order_time,Bread,Extras,Heated,Options,Pasta,Toppings,option_price
11787,517,2,0.0,12.8,Toastie,1,Kitchen,8.0,2,BACON-EGG-CHEESE,8.0,2021-04-14 06:15:00,Multigrain,Tomato Sauce,,,,,0.0
26583,1290,2,0.0,12.8,Toastie,1,Kitchen,9.0,2,HAM-CHEESE-TOMATO,9.0,2022-11-07 09:30:00,White,Tomato Sauce,,,,,0.0
19889,782,2,0.0,12.8,Toastie,1,Kitchen,8.0,2,BACON-EGG-CHEESE,8.0,2022-03-04 06:37:25,Multigrain,"Tomato Sauce, BBQ Sauce, Salt and Pepper",,,,,0.0
9465,20,2,0.0,12.8,Toasted Roll,1,Kitchen,8.5,2,BACON-EGG,7.0,2020-12-10 06:45:00,,Avocado,,,,,1.5
17539,543,2,0.0,12.8,Toastie,1,Kitchen,8.5,2,BACON-CHEESE,7.0,2021-11-18 07:04:30,White,Avocado,,,,,1.5
7631,44,2,0.0,12.8,Toasted Roll,1,Kitchen,8.0,2,BACON-EGG-CHEESE,8.0,2020-10-01 07:09:21,,BBQ Sauce,,,,,0.0
12683,305,2,0.0,12.8,Toastie,1,Kitchen,8.0,2,CHEESE-TOMATO,7.0,2021-05-22 09:15:00,Sourdough,Salt and Pepper,,,,,1.0
13810,69,2,0.0,12.8,Toasted Roll,1,Kitchen,8.5,2,BACON-EGG,7.0,2021-07-06 06:36:39,,"Tomato Sauce, Avocado",,,,,1.5
13791,69,2,0.0,12.8,Toasted Roll,1,Kitchen,8.5,2,BACON-EGG,7.0,2021-07-05 06:31:43,,"Tomato Sauce, Avocado",,,,,1.5
13614,69,2,0.0,12.8,Toasted Roll,1,Kitchen,8.5,2,BACON-EGG,7.0,2021-06-26 10:20:50,,"Tomato Sauce, Avocado",,,,,1.5
12289,69,2,0.0,12.8,Toasted Roll,1,Kitchen,8.5,2,BACON-EGG,7.0,2021-05-06 06:36:59,,"Tomato Sauce, Avocado",,,,,1.5
8627,69,2,0.0,12.8,Toasted Roll,1,Kitchen,8.5,2,BACON-EGG,7.0,2020-11-05 06:11:38,,"Tomato Sauce, Avocado",,,,,1.5
7363,69,2,0.0,12.8,Toasted Roll,1,Kitchen,8.5,2,BACON-EGG,7.0,2020-09-21 06:46:34,,"Tomato Sauce, Avocado",,,,,1.5
7256,69,2,0.0,12.8,Toasted Roll,1,Kitchen,8.5,2,BACON-EGG,7.0,2020-09-17 06:16:33,,"Tomato Sauce, Avocado",,,,,1.5
7233,69,2,0.0,12.8,Toasted Roll,1,Kitchen,8.5,2,BACON-EGG,7.0,2020-09-16 06:18:49,,"Tomato Sauce, Avocado",,,,,1.5
5281,69,2,0.0,12.8,Toasted Roll,1,Kitchen,8.5,2,BACON-EGG,7.0,2020-06-13 09:49:18,,"Tomato Sauce, Avocado",,,,,1.5
4949,69,10,0.0,12.8,Toasted Roll,1,Kitchen,8.5,2,BACON-EGG,7.0,2020-05-20 06:39:20,,"Tomato Sauce, Avocado",,,,,1.5
4937,69,2,0.0,12.8,Toasted Roll,1,Kitchen,8.5,2,BACON-EGG,7.0,2020-05-19 06:26:20,,"Tomato Sauce, Avocado",,,,,1.5
4789,69,10,0.0,12.8,Toasted Roll,1,Kitchen,8.5,2,BACON-EGG,7.0,2020-05-08 07:11:28,,"Tomato Sauce, Avocado",,,,,1.5
4777,69,10,0.0,12.8,Toasted Roll,1,Kitchen,8.5,2,BACON-EGG,7.0,2020-05-07 06:59:09,,"Tomato Sauce, Avocado",,,,,1.5
4304,69,10,0.0,12.8,Toasted Roll,1,Kitchen,8.5,2,BACON-EGG,7.0,2020-03-06 06:11:03,,"Tomato Sauce, Avocado",,,,,1.5
4298,69,10,0.0,12.8,Toasted Roll,1,Kitchen,8.5,2,BACON-EGG,7.0,2020-03-05 06:10:45,,"Tomato Sauce, Avocado",,,,,1.5
4293,69,10,0.0,12.8,Toasted Roll,1,Kitchen,8.5,2,BACON-EGG,7.0,2020-03-04 06:19:19,,"Tomato Sauce, Avocado",,,,,1.5
22473,77,0,0.0,12.8,Muffin,1,Kitchen,3.9,2,APPLE-CINNAMON,3.9,2022-06-09 07:45:00,,,No,,,,0.0
22473,77,0,0.0,12.8,Muffin,1,Kitchen,3.9,3,BLUEBERRY,3.9,2022-06-09 07:45:00,,,No,,,,0.0
22471,77,9,0.0,12.8,Muffin,1,Kitchen,3.9,2,APPLE-CINNAMON,3.9,2022-06-09 07:45:00,,,No,,,,0.0
22471,77,9,0.0,12.8,Muffin,1,Kitchen,3.9,3,BLUEBERRY,3.9,2022-06-09 07:45:00,,,No,,,,0.0
22331,847,2,0.0,12.8,Toastie,1,Kitchen,9.0,2,HAM-CHEESE-TOMATO,8.0,2022-06-03 12:59:52,Sourdough,Tomato Sauce,,,,,1.0
4132,92,2,0.0,12.8,Toasted Roll,1,Kitchen,8.0,2,BACON-EGG-CHEESE,8.0,2020-02-01 09:15:00,,BBQ Sauce,,,,,0.0
16356,876,2,0.0,12.8,Toastie,1,Kitchen,8.0,2,BACON-EGG-CHEESE,8.0,2021-10-07 08:15:00,Multigrain,Salt and Pepper,,,,,0.0
16330,876,2,0.0,12.8,Toastie,1,Kitchen,8.0,2,BACON-EGG-CHEESE,8.0,2021-10-06 08:22:23,Multigrain,Salt and Pepper,,,,,0.0
16313,876,1,0.0,12.8,Toastie,1,Kitchen,8.0,2,BACON-EGG-CHEESE,8.0,2021-10-05 09:30:00,Multigrain,Salt and Pepper,,,,,0.0
16117,876,2,0.0,12.8,Toastie,1,Kitchen,8.0,2,BACON-EGG-CHEESE,8.0,2021-09-29 09:00:00,Multigrain,Salt and Pepper,,,,,0.0
16086,876,2,0.0,12.8,Toastie,1,Kitchen,8.0,2,BACON-EGG-CHEESE,8.0,2021-09-28 08:34:24,Multigrain,Salt and Pepper,,,,,0.0
16057,876,2,0.0,12.8,Toastie,1,Kitchen,8.0,2,BACON-EGG-CHEESE,8.0,2021-09-27 08:54:22,Multigrain,Salt and Pepper,,,,,0.0
15929,876,2,0.0,12.8,Toastie,1,Kitchen,8.0,2,BACON-EGG-CHEESE,8.0,2021-09-23 09:30:00,Multigrain,Salt and Pepper,,,,,0.0
15321,876,2,0.0,12.8,Toastie,1,Kitchen,8.0,2,BACON-EGG-CHEESE,8.0,2021-09-03 07:00:00,Multigrain,Salt and Pepper,,,,,0.0
15266,876,2,0.0,12.8,Toastie,1,Kitchen,8.0,2,BACON-EGG-CHEESE,8.0,2021-09-01 07:00:00,Multigrain,Salt and Pepper,,,,,0.0
15235,876,9,0.0,12.8,Toastie,1,Kitchen,8.0,2,BACON-EGG-CHEESE,8.0,2021-08-31 07:00:00,Multigrain,"BBQ Sauce, Salt and Pepper",,,,,0.0
15208,876,2,0.0,12.8,Toastie,1,Kitchen,8.0,2,BACON-EGG-CHEESE,8.0,2021-08-30 07:00:00,Multigrain,BBQ Sauce,,,,,0.0
26385,632,2,0.0,12.8,Toasted Roll,1,Kitchen,8.0,2,BACON-EGG,8.0,2022-10-31 09:45:42,,Salt and Pepper,,,,,0.0
11387,130,2,0.0,12.8,Kids Pancakes,1,Kitchen,8.0,1,ICECREAM,6.0,2021-03-25 09:22:43,,,,,,Strawberries,2.0
18016,141,2,0.0,12.8,Toastie,1,Kitchen,7.0,2,BACON-EGG,7.0,2021-12-06 06:16:46,Multigrain,BBQ Sauce,,,,,0.0
17949,141,2,0.0,12.8,Toastie,1,Kitchen,7.0,2,BACON-EGG,7.0,2021-12-03 06:27:20,Multigrain,BBQ Sauce,,,,,0.0
17928,141,2,0.0,12.8,Toastie,1,Kitchen,7.0,2,BACON-EGG,7.0,2021-12-02 06:29:03,Multigrain,BBQ Sauce,,,,,0.0
17900,141,2,0.0,12.8,Toastie,1,Kitchen,7.0,2,BACON-EGG,7.0,2021-12-01 06:08:51,Multigrain,BBQ Sauce,,,,,0.0
17760,141,2,0.0,12.8,Toastie,1,Kitchen,7.0,2,BACON-EGG,7.0,2021-11-26 06:21:36,Multigrain,BBQ Sauce,,,,,0.0
17655,141,2,0.0,12.8,Toastie,1,Kitchen,7.0,2,BACON-EGG,7.0,2021-11-22 06:13:20,Multigrain,BBQ Sauce,,,,,0.0
11750,408,2,0.0,12.8,Toastie,1,Kitchen,8.0,2,HAM-CHEESE,7.0,2021-04-12 06:00:00,Sourdough,Tomato Sauce,,,,,1.0
15105,155,2,0.0,12.8,Toastie,1,Kitchen,8.0,2,CHEESE,6.0,2021-08-26 10:00:00,White,"Hash Brown, Salt and Pepper",,,,,2.0
4244,155,2,0.0,12.8,Toastie,1,Kitchen,8.0,2,BACON-CHEESE,7.0,2020-02-23 11:15:00,Sourdough,Salt and Pepper,,,,,1.0
18314,161,2,0.0,12.8,Toasted Roll,1,Kitchen,8.0,2,BACON-EGG-CHEESE,8.0,2021-12-17 06:51:32,,"BBQ Sauce, Salt and Pepper",,,,,0.0
9876,161,2,0.0,12.8,Toasted Roll,1,Kitchen,8.0,2,BACON-EGG-CHEESE,8.0,2021-01-06 11:42:50,,"BBQ Sauce, Salt and Pepper",,,,,0.0
9795,161,2,0.0,12.8,Toasted Roll,1,Kitchen,8.0,2,BACON-EGG-CHEESE,8.0,2021-01-02 11:05:44,,"BBQ Sauce, Salt and Pepper",,,,,0.0
27651,175,2,0.0,12.8,Toastie,1,Kitchen,8.0,2,BACON-EGG,8.0,2022-12-12 09:24:10,White,Tomato Sauce,,,,,0.0
22125,947,2,0.0,12.8,Croissant,1,Kitchen,9.0,1,HAM-CHEESE-TOMATO,9.0,2022-05-27 12:10:37,,Salt and Pepper,,,,,0.0
21183,971,2,0.0,12.8,Toasted Roll,1,Kitchen,8.0,2,BACON-EGG-CHEESE,8.0,2022-04-23 10:53:40,,BBQ Sauce,,,,,0.0
23357,721,2,0.0,12.8,Toasted Roll,1,Kitchen,9.0,2,BACON-EGG,7.0,2022-07-15 07:50:59,,"Tomato Sauce, Hash Brown, Salt and Pepper",,,,,2.0
22289,721,2,0.0,12.8,Toasted Roll,1,Kitchen,9.0,2,BACON-EGG,7.0,2022-06-02 07:41:59,,"Tomato Sauce, Hash Brown, Salt and Pepper",,,,,2.0
22220,721,2,0.0,12.8,Toasted Roll,1,Kitchen,9.0,2,BACON-EGG,7.0,2022-05-31 07:26:46,,"Tomato Sauce, Hash Brown, Salt and Pepper",,,,,2.0
13387,739,2,0.0,12.8,Toasted Roll,1,Kitchen,8.0,2,BACON-EGG-CHEESE,8.0,2021-06-17 11:13:50,,Tomato Sauce,,,,,0.0
12889,739,2,0.0,12.8,Toasted Roll,1,Kitchen,8.0,2,BACON-EGG-CHEESE,8.0,2021-05-30 11:00:00,,Tomato Sauce,,,,,0.0
23442,996,2,0.0,12.8,Toastie,1,Kitchen,8.0,2,BACON-EGG-CHEESE,8.0,2022-07-18 08:00:29,Multigrain,Salt and Pepper,,,,,0.0
23209,996,2,0.0,12.8,Toastie,1,Kitchen,8.0,2,BACON-EGG-CHEESE,8.0,2022-07-08 08:19:09,Multigrain,Salt and Pepper,,,,,0.0
23132,996,2,0.0,12.8,Toastie,1,Kitchen,8.0,2,BACON-EGG-CHEESE,8.0,2022-07-05 08:09:03,Multigrain,Salt and Pepper,,,,,0.0
22662,996,2,0.0,12.8,Toastie,1,Kitchen,8.0,2,BACON-EGG-CHEESE,8.0,2022-06-17 07:48:47,Multigrain,Salt and Pepper,,,,,0.0
22223,996,2,0.0,12.8,Toastie,1,Kitchen,8.0,2,BACON-EGG-CHEESE,8.0,2022-05-31 07:48:22,Multigrain,Salt and Pepper,,,,,0.0
21623,996,2,0.0,12.8,Toastie,1,Kitchen,8.0,2,BACON-EGG-CHEESE,8.0,2022-05-09 08:07:44,Multigrain,Tomato Sauce,,,,,0.0
19520,744,2,0.0,12.8,Toasted Roll,1,Kitchen,8.5,2,BACON-EGG,7.0,2022-02-18 09:23:02,,"Avocado, Salt and Pepper",,,,,1.5
19363,275,0,0.0,25.6,Toastie,1,Kitchen,8.0,3,BACON-EGG-CHEESE,8.0,2022-02-12 07:41:39,White,BBQ Sauce,,,,,0.0
19363,275,0,0.0,25.6,Toastie,1,Kitchen,7.0,4,BACON-EGG,7.0,2022-02-12 07:41:39,Multigrain,Tomato Sauce,,,,,0.0
11707,40,2,0.0,25.6,Toasted Roll,1,Kitchen,7.0,3,BACON-EGG,7.0,2021-04-09 12:09:15,,BBQ Sauce,,,,,0.0
11707,40,2,0.0,25.6,Toasted Roll,1,Kitchen,9.5,4,BACON-EGG-CHEESE,8.0,2021-04-09 12:09:15,,Avocado,,,,,1.5
7460,88,2,0.0,25.6,Toasted Roll,1,Kitchen,10.0,5,BACON-EGG-CHEESE,8.0,2020-09-24 09:43:14,,"Tomato Sauce, Hash Brown",,,,,2.0
15953,861,2,0.0,25.6,Toastie,1,Kitchen,8.0,3,HAM-CHEESE-TOMATO,8.0,2021-09-24 08:55:22,White,Tomato Sauce,,,,,0.0
15953,861,2,0.0,25.6,Toastie,1,Kitchen,8.0,4,BACON-EGG-CHEESE,8.0,2021-09-24 08:55:22,White,Tomato Sauce,,,,,0.0
18381,867,2,0.0,25.6,Toasted Roll,1,Kitchen,10.0,2,BACON-EGG-CHEESE,8.0,2021-12-19 09:48:36,,"BBQ Sauce, Hash Brown",,,,,2.0
30201,620,2,0.0,25.6,Muffin,1,Kitchen,3.9,5,ORANGE-POPPYSEED,3.9,2023-03-23 09:15:00,,,No,,,,0.0
4191,149,2,0.0,25.6,Croissant,1,Kitchen,9.0,1,HAM-CHEESE-TOMATO,9.0,2020-02-15 10:58:32,,Salt and Pepper,,,,,0.0
4191,149,2,0.0,25.6,Toasted Roll,1,Kitchen,8.0,4,BACON-EGG-CHEESE,8.0,2020-02-15 10:58:32,,Salt and Pepper,,,,,0.0
32226,177,2,0.0,25.6,Toasted Roll,1,Kitchen,9.5,4,BACON-EGG-CHEESE,9.5,2023-05-28 08:58:58,,Tomato Sauce,,,,,0.0
32226,177,2,0.0,25.6,Muffin,1,Kitchen,3.9,3,CHOC-MUD,3.9,2023-05-28 08:58:58,,,No,,,,0.0
32262,973,2,0.0,25.6,Muffin,1,Kitchen,3.9,5,ORANGE-POPPYSEED,3.9,2023-05-29 08:20:22,,,Yes,,,,0.0
32262,973,2,0.0,25.6,Muffin,1,Kitchen,3.9,6,APPLE-CINNAMON,3.9,2023-05-29 08:20:22,,,Yes,,,,0.0
32661,753,2,0.0,25.6,Toastie,1,Kitchen,8.5,4,HAM-CHEESE,8.5,2023-06-11 09:01:17,Multigrain,BBQ Sauce,,,,,0.0
7532,285,2,0.0,38.4,French Toast with Streaky Bacon,1,Kitchen,11.9,3,REGULAR,9.9,2020-09-27 09:04:19,,,,Hashbrown,,,2.0
7532,285,2,0.0,38.4,Build Your Own Breakfast,1,Kitchen,17.4,1,POACHED,7.9,2020-09-27 09:04:19,Sourdough,"Bacon, Hollandaise, Sauteed Mushrooms",,,,,9.499999999999998
10266,33,2,0.0,38.4,Build Your Own Breakfast,1,Kitchen,10.9,1,POACHED,7.9,2021-01-28 09:33:47,Multigrain,Avocado,,,,,3.0
10266,33,2,0.0,38.4,Eggs Benedict,1,Kitchen,16.5,2,BACON,14.5,2021-01-28 09:33:47,,,,Hashbrown,,,2.0
22457,811,2,0.0,38.4,Toasted Roll,1,Kitchen,8.0,4,HAM-CHEESE-TOMATO,8.0,2022-06-08 11:00:00,,Salt and Pepper,,,,,0.0
22457,811,2,0.0,38.4,(Main) Pasta,1,Kitchen,14.4,1,SPAGCARB,14.4,2022-06-08 11:00:00,,,,,Spaghetti,,0.0
22457,811,2,0.0,38.4,Kids Crepes,1,Kitchen,8.0,2,CREAM,6.0,2022-06-08 11:00:00,,,,,,Strawberries,2.0
22457,811,2,0.0,38.4,Kids Crepes,1,Kitchen,8.0,3,CREAM,6.0,2022-06-08 11:00:00,,,,,,Strawberries,2.0
4398,55,10,0.0,38.4,Toastie,1,Kitchen,8.0,4,BACON-EGG-CHEESE,8.0,2020-03-22 10:00:00,White,"Tomato Sauce, Salt and Pepper",,,,,0.0
4398,55,10,0.0,38.4,Toastie,1,Kitchen,8.0,5,BACON-EGG-CHEESE,8.0,2020-03-22 10:00:00,White,"Tomato Sauce, Salt and Pepper",,,,,0.0
20182,901,2,0.0,38.4,(Main) Pasta,1,Kitchen,13.4,1,SPAGNAPOLI,13.4,2022-03-14 13:00:31,,,,,Fettuccini,,0.0
6963,438,2,0.0,38.4,Toastie,1,Kitchen,7.0,4,BACON,6.0,2020-09-06 09:00:00,Sourdough,Tomato Sauce,,,,,1.0
6963,438,2,0.0,38.4,Toastie,1,Kitchen,9.0,5,BACON-EGG-CHEESE,8.0,2020-09-06 09:00:00,Sourdough,Tomato Sauce,,,,,1.0
21018,651,2,0.0,51.2,Toastie,1,Kitchen,8.0,8,BACON-EGG-CHEESE,8.0,2022-04-15 09:22:07,Dark Rye,Tomato Sauce,,,,,0.0
21018,651,2,0.0,51.2,Croissant,1,Kitchen,9.0,4,HAM-CHEESE-TOMATO,9.0,2022-04-15 09:22:07,,Salt and Pepper,,,,,0.0
27957,12,2,0.0,64.0,Toasted Roll,1,Kitchen,8.0,7,BACON-EGG,8.0,2022-12-22 06:25:50,,Salt and Pepper,,,,,0.0
27957,12,2,0.0,64.0,Toasted Roll,1,Kitchen,8.0,8,BACON-EGG,8.0,2022-12-22 06:25:50,,Salt and Pepper,,,,,0.0
27957,12,2,0.0,64.0,Toastie,1,Kitchen,7.0,10,CHEESE,7.0,2022-12-22 06:25:50,Multigrain,Tomato Sauce,,,,,0.0
27957,12,2,0.0,64.0,Toasted Roll,1,Kitchen,8.0,9,BACON-EGG,8.0,2022-12-22 06:25:50,,Salt and Pepper,,,,,0.0
27957,12,2,0.0,64.0,Muffin,1,Kitchen,3.9,3,RASPBERRY-WHITECHOC,3.9,2022-12-22 06:25:50,,,No,,,,0.0
27957,12,2,0.0,64.0,Muffin,1,Kitchen,3.9,4,RASPBERRY-WHITECHOC,3.9,2022-12-22 06:25:50,,,No,,,,0.0
17842,1027,2,0.0,20.5,Croissant,1,Kitchen,9.0,1,HAM-CHEESE-TOMATO,9.0,2021-11-28 10:07:36,,Salt and Pepper,,,,,0.0
12971,538,2,0.0,20.5,Toastie,1,Kitchen,10.0,3,BACON-EGG-CHEESE,8.0,2021-06-02 09:08:53,Multigrain,"BBQ Sauce, Hash Brown, Salt and Pepper",,,,,2.0
37070,1325,2,0.0,20.5,Toasted Roll,1,Kitchen,10.0,3,BACON-EGG-CHEESE,10.0,2023-10-27 10:05:50,,BBQ Sauce,,,,,0.0
19968,1070,2,0.0,20.5,Toastie,1,Kitchen,7.0,3,BACON-EGG,7.0,2022-03-06 10:08:41,White,Tomato Sauce,,,,,0.0
14259,819,2,0.0,20.5,Toasted Roll,1,Kitchen,9.5,4,BACON-EGG-CHEESE,8.0,2021-07-24 11:57:05,,"BBQ Sauce, Avocado",,,,,1.5
17145,77,2,0.0,20.5,(Main) Pasta,1,Kitchen,15.5,1,EFUNGHI,15.5,2021-11-03 13:17:34,,,,,Gnocchi,,0.0
36660,1634,0,0.0,20.5,Acai Smoothie bowl (VO),1,Kitchen,20.5,1,REGULAR,19.5,2023-10-15 15:21:04,,peanut butter,,,,,1.0
15310,613,2,0.0,20.5,Toastie,1,Kitchen,7.0,4,HAM-CHEESE,7.0,2021-09-02 11:57:46,White,Tomato Sauce,,,,,0.0
28385,374,2,0.0,20.5,Muffin,1,Kitchen,3.9,2,RASPBERRY-WHITECHOC,3.9,2023-01-19 07:46:35,,,No,,,,0.0
10256,128,0,0.0,20.5,Toastie,1,Kitchen,10.0,3,HAM-CHEESE-TOMATO,8.0,2021-01-28 07:45:04,Multigrain,"Hash Brown, Salt and Pepper",,,,,2.0
27052,1171,2,0.0,20.5,Toastie,1,Kitchen,8.0,4,HAM-CHEESE,8.0,2022-11-23 06:32:43,White,Tomato Sauce,,,,,0.0
36588,426,2,0.0,20.5,Toasted Roll,1,Kitchen,9.0,1,BACON-EGG,9.0,2023-10-13 11:30:16,,Salt and Pepper,,,,,0.0
36588,426,2,0.0,20.5,Toasted Roll,1,Kitchen,11.5,2,BACON-EGG-CHEESE,10.0,2023-10-13 11:30:16,,"Avocado, Salt and Pepper",,,,,1.5
27858,172,2,0.0,20.5,Toasted Roll,1,Kitchen,8.0,3,BACON-EGG,8.0,2022-12-18 10:04:56,,Tomato Sauce,,,,,0.0
26433,175,2,0.0,20.5,Toastie,1,Kitchen,8.0,4,BACON-EGG,8.0,2022-11-02 09:51:45,White,Tomato Sauce,,,,,0.0
8337,194,2,0.0,20.5,Toasted Roll,1,Kitchen,8.0,4,BACON-EGG-CHEESE,8.0,2020-10-25 10:15:00,,"Tomato Sauce, BBQ Sauce, Salt and Pepper",,,,,0.0
5650,194,2,0.0,20.5,Toasted Roll,1,Kitchen,8.0,4,BACON-EGG-CHEESE,8.0,2020-07-09 10:15:00,,"Tomato Sauce, BBQ Sauce",,,,,0.0
36646,1481,2,0.0,20.5,Toastie,1,Kitchen,9.0,3,BACON-CHEESE,9.0,2023-10-15 09:17:26,Multigrain,Salt and Pepper,,,,,0.0
12391,479,2,0.0,20.5,Toastie,1,Kitchen,10.0,3,BACON-EGG-CHEESE,8.0,2021-05-09 12:53:12,White,"Hash Brown, Salt and Pepper",,,,,2.0
30079,231,2,0.0,20.5,Eggs and Bacon,1,Kitchen,11.9,1,SCRAMBLED,11.9,2023-03-19 07:47:26,White,,,,,,0.0
28436,231,2,0.0,20.5,Eggs and Bacon,1,Kitchen,11.9,1,SCRAMBLED,11.9,2023-01-21 06:57:00,White,,,,,,0.0
38576,1255,2,0.0,20.5,Big Breakfast,1,Kitchen,20.5,1,SCRAMBLED,20.5,2023-12-15 12:43:03,White,Hollandaise,,,,,0.0
28022,234,2,0.0,20.5,Muffin,1,Kitchen,3.9,4,CHOC-MUD,3.9,2022-12-24 09:12:11,,,Yes,,,,0.0
27724,234,2,0.0,20.5,Muffin,1,Kitchen,3.9,4,CHOC-MUD,3.9,2022-12-14 09:48:49,,,Yes,,,,0.0
27363,234,2,0.0,20.5,Muffin,1,Kitchen,3.9,4,CHOC-MUD,3.9,2022-12-02 09:46:39,,,Yes,,,,0.0
27205,234,2,0.0,20.5,Muffin,1,Kitchen,3.9,4,CHOC-MUD,3.9,2022-11-27 10:03:36,,,Yes,,,,0.0
27139,234,2,0.0,20.5,Muffin,1,Kitchen,3.9,4,CHOC-MUD,3.9,2022-11-25 09:38:56,,,Yes,,,,0.0
26980,234,2,0.0,20.5,Muffin,1,Kitchen,3.9,4,CHOC-MUD,3.9,2022-11-20 10:05:39,,,Yes,,,,0.0
26543,234,2,0.0,20.5,Muffin,1,Kitchen,3.9,4,CHOC-MUD,3.9,2022-11-06 08:59:49,,,Yes,,,,0.0
26382,234,2,0.0,20.5,Muffin,1,Kitchen,3.9,4,CHOC-MUD,3.9,2022-10-31 09:21:44,,,Yes,,,,0.0
26355,234,2,0.0,20.5,Muffin,1,Kitchen,3.9,4,CHOC-MUD,3.9,2022-10-30 08:49:09,,,Yes,,,,0.0
26184,234,2,0.0,20.5,Muffin,1,Kitchen,3.9,4,CHOC-MUD,3.9,2022-10-23 09:53:04,,,Yes,,,,0.0
25950,234,2,0.0,20.5,Muffin,1,Kitchen,3.9,4,CHOC-MUD,3.9,2022-10-15 09:21:22,,,Yes,,,,0.0
25819,234,2,0.0,20.5,Muffin,1,Kitchen,3.9,4,CHOC-MUD,3.9,2022-10-10 09:44:29,,,Yes,,,,0.0
25809,234,2,0.0,20.5,Muffin,1,Kitchen,3.9,4,CHOC-MUD,3.9,2022-10-09 10:23:16,,,Yes,,,,0.0
22909,234,2,0.0,20.5,Muffin,1,Kitchen,3.9,4,RASPBERRY-WHITECHOC,3.9,2022-06-26 09:01:21,,,Yes,,,,0.0
22889,234,1,0.0,20.5,Muffin,1,Kitchen,3.9,4,APPLE-CINNAMON,3.9,2022-06-25 10:22:18,,,Yes,,,,0.0
36016,492,2,0.0,20.5,Toastie,1,Kitchen,9.0,3,HAM-CHEESE,9.0,2023-09-25 09:30:04,White,Tomato Sauce,,,,,0.0
39405,1569,2,0.0,33.3,Croissant,1,Kitchen,11.0,1,HAM-CHEESE-TOMATO,11.0,2024-01-25 10:21:33,,Salt and Pepper,,,,,0.0
39405,1569,2,0.0,33.3,Toastie,1,Kitchen,9.0,4,BACON-EGG,9.0,2024-01-25 10:21:33,White,"Tomato Sauce, Salt and Pepper",,,,,0.0
24508,1144,2,0.0,33.3,Toasted Roll,1,Kitchen,8.0,4,BACON-EGG,8.0,2022-08-24 10:17:07,,Tomato Sauce,,,,,0.0
24508,1144,2,0.0,33.3,Toasted Roll,1,Kitchen,11.0,5,BACON-EGG-CHEESE,9.0,2022-08-24 10:17:07,,"Tomato Sauce, Hash Brown",,,,,2.0
29007,744,2,0.0,33.3,Muffin,1,Kitchen,3.9,3,APPLE-CINNAMON,3.9,2023-02-11 11:01:23,,,No,,,,0.0
29007,744,2,0.0,33.3,Muffin,1,Kitchen,3.9,4,ORANGE-POPPYSEED,3.9,2023-02-11 11:01:23,,,No,,,,0.0
7240,276,2,0.0,46.1,Toasted Roll,1,Kitchen,7.0,6,BACON-EGG,7.0,2020-09-16 08:45:33,,BBQ Sauce,,,,,0.0
7240,276,2,0.0,46.1,Toasted Roll,1,Kitchen,8.0,7,BACON-EGG-CHEESE,8.0,2020-09-16 08:45:33,,BBQ Sauce,,,,,0.0
7240,276,2,0.0,46.1,Toastie,1,Kitchen,7.0,8,BACON-CHEESE,7.0,2020-09-16 08:45:33,White,Tomato Sauce,,,,,0.0
18817,839,2,0.0,46.1,Toasted Roll,1,Kitchen,9.0,7,BACON-EGG,7.0,2022-01-22 09:15:00,,Hash Brown,,,,,2.0
23990,620,2,0.0,46.1,Toasted Roll,1,Kitchen,8.0,8,BACON-EGG,8.0,2022-08-05 09:15:00,,BBQ Sauce,,,,,0.0
35515,1148,2,0.0,46.1,Croissant,1,Kitchen,8.5,2,CHEESE-TOMATO,8.5,2023-09-09 08:59:31,,Salt and Pepper,,,,,0.0
35515,1148,2,0.0,46.1,Muffin,1,Kitchen,4.5,8,RASPBERRY-WHITECHOC,4.5,2023-09-09 08:59:31,,,No,,,,0.0
35515,1148,2,0.0,46.1,French Toast with Streaky Bacon,1,Kitchen,13.5,3,REGULAR,13.5,2023-09-09 08:59:31,,,,No Mable Syrup,,,0.0
8547,500,2,0.0,46.1,Eggs Benedict,1,Kitchen,16.0,2,BACON,14.0,2020-11-01 10:59:02,,,,Hashbrown,,,2.0
8547,500,2,0.0,46.1,Build Your Own Breakfast,1,Kitchen,14.9,1,POACHED,7.9,2020-11-01 10:59:02,White,"Hash Brown, Smashed Avo and Feta",,,,,7.0
26130,260,2,0.0,15.4,Toasted Roll,1,Kitchen,11.0,2,BACON-EGG-CHEESE,9.0,2022-10-21 08:41:57,,"Tomato Sauce, Hash Brown",,,,,2.0
25154,260,2,0.0,15.4,Toasted Roll,1,Kitchen,11.0,2,BACON-EGG-CHEESE,9.0,2022-09-15 08:08:39,,"Tomato Sauce, Hash Brown",,,,,2.0
40450,9,2,0.0,15.4,Toasted Roll,1,Kitchen,10.0,2,BACON-EGG-CHEESE,10.0,2024-02-29 09:13:09,,"Tomato Sauce, Salt and Pepper",,,,,0.0
39977,9,2,0.0,15.4,Toasted Roll,1,Kitchen,10.0,2,BACON-EGG-CHEESE,10.0,2024-02-14 10:36:16,,"Tomato Sauce, Salt and Pepper",,,,,0.0
39406,9,2,0.0,15.4,Toasted Roll,1,Kitchen,10.0,2,BACON-EGG-CHEESE,10.0,2024-01-25 11:16:30,,"Tomato Sauce, Salt and Pepper",,,,,0.0
39282,9,2,0.0,15.4,Toasted Roll,1,Kitchen,10.0,2,BACON-EGG-CHEESE,10.0,2024-01-21 09:39:57,,"Tomato Sauce, Salt and Pepper",,,,,0.0
39168,9,2,0.0,15.4,Toasted Roll,1,Kitchen,10.0,2,BACON-EGG-CHEESE,10.0,2024-01-17 07:25:02,,"Tomato Sauce, Salt and Pepper",,,,,0.0
38735,9,2,0.0,15.4,Toasted Roll,1,Kitchen,10.0,2,BACON-EGG-CHEESE,10.0,2023-12-20 10:21:03,,"Tomato Sauce, Salt and Pepper",,,,,0.0
38573,9,2,0.0,15.4,Toasted Roll,1,Kitchen,10.0,2,BACON-EGG-CHEESE,10.0,2023-12-15 10:10:03,,"Tomato Sauce, Salt and Pepper",,,,,0.0
37267,9,2,0.0,15.4,Toasted Roll,1,Kitchen,10.0,2,BACON-EGG-CHEESE,10.0,2023-11-02 09:46:08,,"Tomato Sauce, Salt and Pepper",,,,,0.0
36674,9,2,0.0,15.4,Toasted Roll,1,Kitchen,10.0,2,BACON-EGG-CHEESE,10.0,2023-10-16 08:02:06,,Tomato Sauce,,,,,0.0
35914,9,2,0.0,15.4,Toasted Roll,1,Kitchen,10.0,2,BACON-EGG-CHEESE,10.0,2023-09-22 08:42:16,,"Tomato Sauce, Salt and Pepper",,,,,0.0
35710,9,2,0.0,15.4,Toasted Roll,1,Kitchen,10.0,2,BACON-EGG-CHEESE,10.0,2023-09-15 10:02:08,,"Tomato Sauce, Salt and Pepper",,,,,0.0
35204,9,2,0.0,15.4,Toasted Roll,1,Kitchen,10.0,2,BACON-EGG-CHEESE,10.0,2023-08-31 08:35:21,,"Tomato Sauce, Salt and Pepper",,,,,0.0
34641,9,2,0.0,15.4,Toasted Roll,1,Kitchen,10.0,2,BACON-EGG-CHEESE,10.0,2023-08-13 10:02:58,,"Tomato Sauce, Salt and Pepper",,,,,0.0
3351,10,10,0.0,15.4,Toasted Roll,1,Kitchen,7.0,3,BACON-EGG,7.0,2019-06-22 08:19:51,,Tomato Sauce,,,,,0.0
3345,10,10,0.0,15.4,Toasted Roll,1,Kitchen,7.0,3,BACON-EGG,7.0,2019-06-16 09:33:15,,Tomato Sauce,,,,,0.0
27928,1035,2,0.0,15.4,Toasted Roll,1,Kitchen,11.0,2,BACON-EGG-CHEESE,9.0,2022-12-20 09:05:40,,Hash Brown,,,,,2.0
35201,12,2,0.0,15.4,Toasted Roll,1,Kitchen,10.0,2,BACON-EGG-CHEESE,10.0,2023-08-31 08:16:53,,Salt and Pepper,,,,,0.0
3401,34,10,0.0,15.4,Toasted Roll,1,Kitchen,7.0,3,BACON-EGG,7.0,2019-07-21 08:45:00,,Tomato Sauce,,,,,0.0
27833,809,2,0.0,15.4,Toastie,1,Kitchen,11.0,2,BACON-EGG-CHEESE,9.0,2022-12-17 10:02:04,White,"BBQ Sauce, Hash Brown, Salt and Pepper",,,,,2.0
3481,44,10,0.0,15.4,Toasted Roll,1,Kitchen,7.0,3,BACON-EGG,7.0,2019-08-17 07:23:22,,Tomato Sauce,,,,,0.0
34814,69,2,0.0,15.4,Toasted Roll,1,Kitchen,10.5,2,BACON-EGG,9.0,2023-08-19 07:46:32,,"Tomato Sauce, Avocado",,,,,1.5
35967,1607,2,0.0,15.4,Toasted Roll,1,Kitchen,10.0,2,BACON-EGG-CHEESE,10.0,2023-09-24 08:20:25,,"Tomato Sauce, Salt and Pepper",,,,,0.0
3948,79,2,0.0,15.4,Toasted Roll,1,Kitchen,7.0,3,BACON-EGG,7.0,2019-12-07 09:11:30,,Salt and Pepper,,,,,0.0
3743,79,2,0.0,15.4,Toasted Roll,1,Kitchen,7.0,3,BACON-EGG,7.0,2019-10-26 08:29:48,,Salt and Pepper,,,,,0.0
38767,1109,2,0.0,15.4,Toasted Roll,1,Kitchen,9.0,2,BACON-EGG,9.0,2023-12-21 12:14:39,,Tomato Sauce,,,,,0.0
25508,1148,2,0.0,15.4,Toasted Roll,1,Kitchen,11.0,2,BACON-EGG-CHEESE,9.0,2022-09-28 09:48:30,,Hash Brown,,,,,2.0
27784,670,2,0.0,15.4,Toasted Roll,1,Kitchen,11.0,2,BACON-EGG-CHEESE,9.0,2022-12-16 07:50:05,,"Tomato Sauce, Hash Brown",,,,,2.0
27782,670,9,0.0,15.4,Toasted Roll,1,Kitchen,11.0,2,BACON-EGG-CHEESE,9.0,2022-12-16 07:48:52,,"Tomato Sauce, Hash Brown",,,,,2.0
27559,670,2,0.0,15.4,Toasted Roll,1,Kitchen,11.0,2,BACON-EGG-CHEESE,9.0,2022-12-09 08:13:40,,"Tomato Sauce, Hash Brown",,,,,2.0
27353,670,2,0.0,15.4,Toasted Roll,1,Kitchen,11.0,2,BACON-EGG-CHEESE,9.0,2022-12-02 08:34:07,,"Tomato Sauce, Hash Brown",,,,,2.0
27130,670,2,0.0,15.4,Toasted Roll,1,Kitchen,11.0,2,BACON-EGG-CHEESE,9.0,2022-11-25 08:25:37,,"Tomato Sauce, Hash Brown",,,,,2.0
26930,670,2,0.0,15.4,Toastie,1,Kitchen,11.0,2,BACON-EGG-CHEESE,9.0,2022-11-18 08:47:56,White,"Tomato Sauce, Hash Brown",,,,,2.0
26712,670,2,0.0,15.4,Toasted Roll,1,Kitchen,11.0,2,BACON-EGG-CHEESE,9.0,2022-11-11 09:12:04,,"Tomato Sauce, Hash Brown",,,,,2.0
26478,670,2,0.0,15.4,Toasted Roll,1,Kitchen,11.0,2,BACON-EGG-CHEESE,9.0,2022-11-04 07:13:46,,"Tomato Sauce, Hash Brown",,,,,2.0
26307,670,2,0.0,15.4,Toastie,1,Kitchen,11.0,2,BACON-EGG-CHEESE,9.0,2022-10-28 08:25:23,White,"Tomato Sauce, Hash Brown",,,,,2.0
26124,670,2,0.0,15.4,Toasted Roll,1,Kitchen,11.0,2,BACON-EGG-CHEESE,9.0,2022-10-21 08:12:35,,"Tomato Sauce, Hash Brown",,,,,2.0
25914,670,2,0.0,15.4,Toasted Roll,1,Kitchen,11.0,2,BACON-EGG-CHEESE,9.0,2022-10-14 07:56:41,,"Tomato Sauce, Hash Brown",,,,,2.0
25748,670,2,0.0,15.4,Toasted Roll,1,Kitchen,11.0,2,BACON-EGG-CHEESE,9.0,2022-10-07 09:05:30,,"Tomato Sauce, Hash Brown",,,,,2.0
25177,670,2,0.0,15.4,Toasted Roll,1,Kitchen,11.0,2,BACON-EGG-CHEESE,9.0,2022-09-16 07:25:39,,"Tomato Sauce, Hash Brown",,,,,2.0
24767,670,2,0.0,15.4,Toasted Roll,1,Kitchen,11.0,2,BACON-EGG-CHEESE,9.0,2022-09-02 09:09:10,,"Tomato Sauce, Hash Brown",,,,,2.0
24763,670,0,0.0,15.4,Toasted Roll,1,Kitchen,11.0,2,BACON-EGG-CHEESE,9.0,2022-09-02 09:06:43,,"Tomato Sauce, Hash Brown",,,,,2.0
24371,670,2,0.0,15.4,Toasted Roll,1,Kitchen,11.0,2,BACON-EGG-CHEESE,9.0,2022-08-19 09:07:22,,"Tomato Sauce, Hash Brown",,,,,2.0
23984,670,2,0.0,15.4,Toasted Roll,1,Kitchen,11.0,2,BACON-EGG-CHEESE,9.0,2022-08-05 08:48:07,,"Tomato Sauce, Hash Brown",,,,,2.0
39060,446,2,0.0,15.4,Muffin,2,Kitchen,9.0,2,RASPBERRY-WHITECHOC,4.5,2024-01-12 11:05:04,,,No,,,,0.0
18957,711,2,0.0,15.4,Toasted Roll,1,Kitchen,7.0,3,BACON-EGG,7.0,2022-01-28 09:03:56,,BBQ Sauce,,,,,0.0
38756,492,2,0.0,15.4,Muffin,1,Kitchen,4.5,3,APPLE-CINNAMON,4.5,2023-12-21 08:19:57,,,Yes,,,,0.0
34565,492,2,0.0,15.4,Muffin,1,Kitchen,4.5,3,APPLE-CINNAMON,4.5,2023-08-11 08:01:00,,,No,,,,0.0
26282,1270,2,0.0,15.4,Toasted Roll,1,Kitchen,11.0,2,BACON-EGG-CHEESE,9.0,2022-10-27 09:00:00,,Hash Brown,,,,,2.0
24950,1270,2,0.0,15.4,Toasted Roll,1,Kitchen,11.0,2,BACON-EGG-CHEESE,9.0,2022-09-08 09:00:00,,Hash Brown,,,,,2.0
32814,1512,2,0.0,28.2,Toastie,1,Kitchen,9.5,4,BACON-EGG-CHEESE,9.5,2023-06-16 08:03:40,White,Salt and Pepper,,,,,0.0
33131,1527,1,0.0,28.2,French Toast with Streaky Bacon,1,Kitchen,14.5,2,REGULAR,12.5,2023-06-26 12:33:17,,,,Hashbrown,,,2.0
9585,591,2,0.0,41.0,Toasted Roll,1,Kitchen,7.0,6,BACON-EGG,7.0,2020-12-15 09:15:00,,BBQ Sauce,,,,,0.0
11577,651,2,0.0,41.0,Toasted Roll,1,Kitchen,11.5,4,BACON-EGG-CHEESE,8.0,2021-04-02 09:00:00,,"Tomato Sauce, Avocado, Hash Brown",,,,,3.5
11577,651,2,0.0,41.0,Toasted Roll,1,Kitchen,11.5,5,BACON-EGG-CHEESE,8.0,2021-04-02 09:00:00,,"Tomato Sauce, Avocado, Hash Brown",,,,,3.5
37129,841,2,0.0,53.8,Eggs Benedict,1,Kitchen,19.5,2,HAM,17.5,2023-10-29 12:25:32,,,,Hashbrown,,,2.0
15198,874,2,0.0,53.8,Big Breakfast,1,Kitchen,16.7,1,SCRAMBLED,16.7,2021-08-29 11:34:30,White,Hollandaise,,,,,0.0
15198,874,2,0.0,53.8,Big Breakfast,1,Kitchen,16.7,2,POACHED,16.7,2021-08-29 11:34:30,White,Hollandaise,,,,,0.0
15198,874,2,0.0,53.8,Eggs Benedict,1,Kitchen,16.5,3,BACON,14.5,2021-08-29 11:34:30,,,,Hashbrown,,,2.0
19200,146,2,0.0,53.8,Toastie,1,Kitchen,7.0,6,HAM-CHEESE,7.0,2022-02-06 10:02:22,White,Tomato Sauce,,,,,0.0
19200,146,2,0.0,53.8,Toastie,1,Kitchen,7.0,7,HAM-CHEESE,7.0,2022-02-06 10:02:22,White,Tomato Sauce,,,,,0.0
19200,146,2,0.0,53.8,Toastie,1,Kitchen,8.0,8,HAM-CHEESE-TOMATO,8.0,2022-02-06 10:02:22,White,Tomato Sauce,,,,,0.0
19200,146,2,0.0,53.8,Toasted Roll,1,Kitchen,10.0,5,BACON-EGG-CHEESE,8.0,2022-02-06 10:02:22,,"BBQ Sauce, Hash Brown, Salt and Pepper",,,,,2.0
8330,172,2,0.0,53.8,Toasted Roll,1,Kitchen,7.0,6,BACON-EGG,7.0,2020-10-25 08:53:49,,Tomato Sauce,,,,,0.0
8330,172,2,0.0,53.8,Toastie,1,Kitchen,8.0,7,HAM-CHEESE-TOMATO,8.0,2020-10-25 08:53:49,Multigrain,Tomato Sauce,,,,,0.0
8330,172,2,0.0,53.8,Toastie,1,Kitchen,8.0,8,HAM-CHEESE-TOMATO,8.0,2020-10-25 08:53:49,Multigrain,Tomato Sauce,,,,,0.0
36261,446,2,0.0,10.3,Muffin,1,Kitchen,4.5,2,CHOC-MUD,4.5,2023-10-03 10:16:56,,,Yes,,,,0.0
16579,231,2,0.0,10.3,Toastie,1,Kitchen,6.0,2,CHEESE,6.0,2021-10-15 06:49:27,White,Tomato Sauce,,,,,0.0
16217,231,2,0.0,10.3,Toastie,1,Kitchen,6.0,2,CHEESE,6.0,2021-10-02 09:13:19,White,Tomato Sauce,,,,,0.0
14974,231,2,0.0,10.3,Toastie,1,Kitchen,6.0,2,CHEESE,6.0,2021-08-22 07:05:42,White,Tomato Sauce,,,,,0.0
14368,231,2,0.0,10.3,Toastie,1,Kitchen,6.0,2,CHEESE,6.0,2021-07-29 07:10:53,White,Tomato Sauce,,,,,0.0
13931,231,2,0.0,10.3,Toastie,1,Kitchen,6.0,2,CHEESE,6.0,2021-07-11 08:12:45,White,Tomato Sauce,,,,,0.0
13909,231,2,0.0,10.3,Toastie,1,Kitchen,6.0,2,CHEESE,6.0,2021-07-10 07:41:22,White,Tomato Sauce,,,,,0.0
13837,231,2,0.0,10.3,Toastie,1,Kitchen,6.0,2,CHEESE,6.0,2021-07-07 07:35:15,White,Tomato Sauce,,,,,0.0
15277,521,2,0.0,23.1,Croissant,1,Kitchen,9.0,2,HAM-CHEESE-TOMATO,9.0,2021-09-01 10:44:29,,Salt and Pepper,,,,,0.0
9984,12,2,0.0,23.1,Toastie,1,Kitchen,7.0,4,EGG-CHEESE,7.0,2021-01-13 07:51:47,Multigrain,Salt and Pepper,,,,,0.0
38542,119,0,0.0,23.1,Hot Potatoes,1,Kitchen,15.9,2,COLESLAW,12.9,2023-12-14 14:17:05,,Bacon,,,,,3.0
37163,119,2,0.0,23.1,Hot Potatoes,1,Kitchen,15.9,2,COLESLAW,12.9,2023-10-30 13:51:50,,Bacon,,,,,3.0
40061,172,2,0.0,23.1,Toasted Roll,1,Kitchen,9.0,3,BACON-EGG,9.0,2024-02-17 08:50:47,,Tomato Sauce,,,,,0.0
36373,172,2,0.0,23.1,Toasted Roll,1,Kitchen,9.0,3,BACON-EGG,9.0,2023-10-07 08:56:24,,Tomato Sauce,,,,,0.0
5374,182,2,0.0,23.1,Toasted Roll,1,Kitchen,7.0,3,BACON-EGG,7.0,2020-06-20 09:32:36,,"Tomato Sauce, BBQ Sauce",,,,,0.0
5374,182,2,0.0,23.1,Toasted Roll,1,Kitchen,7.0,4,BACON-EGG,7.0,2020-06-20 09:32:36,,"Tomato Sauce, BBQ Sauce",,,,,0.0
34584,234,2,0.0,23.1,Muffin,1,Kitchen,4.5,4,CHOC-MUD,4.5,2023-08-11 09:43:23,,,Yes,,,,0.0
22715,521,2,0.0,35.9,Croissant,1,Kitchen,7.0,5,CHEESE,7.0,2022-06-18 12:15:37,,Salt and Pepper,,,,,0.0
15976,901,2,0.0,35.9,(Main) Pasta,1,Kitchen,12.9,1,SPAGNAPOLI,12.9,2021-09-24 12:51:48,,,,,Fettuccini,,0.0
38624,1524,2,0.0,35.9,French Toast with Streaky Bacon,1,Kitchen,15.5,2,REGULAR,13.5,2023-12-17 09:19:38,,,,Hashbrown,,,2.0
26187,540,2,0.0,48.7,Toastie,1,Kitchen,11.0,4,BACON-EGG,8.0,2022-10-23 11:21:13,Sourdough,"Tomato Sauce, Hash Brown",,,,,3.0
26187,540,2,0.0,48.7,Build Your Own Breakfast,1,Kitchen,26.9,1,POACHED,8.9,2022-10-23 11:21:13,Sourdough,"Bacon, Hollandaise, Hash Brown, Smashed Avo and Feta, Halloumi",,,,,18.0
7134,452,2,0.0,48.7,Build Your Own Breakfast,1,Kitchen,17.9,1,POACHED,7.9,2020-09-12 10:00:00,Gluten Free,"Bacon, Grilled Tomato, Avocado",,,,,9.999999999999998
7134,452,2,0.0,48.7,Build Your Own Breakfast,1,Kitchen,9.9,2,POACHED,7.9,2020-09-12 10:00:00,White,Hash Brown,,,,,2.0
38197,546,2,0.0,61.5,Build Your Own Breakfast,1,Kitchen,20.2,2,POACHED,10.2,2023-12-03 11:12:24,White,"Hollandaise, Hash Brown, Smashed Avo and Feta",,,,,10.0
18920,889,2,0.0,61.5,Toastie,1,Kitchen,8.0,6,CHEESE-TOMATO,7.0,2022-01-26 13:30:00,Sourdough,Salt and Pepper,,,,,1.0
18920,889,2,0.0,61.5,Toastie,1,Kitchen,8.0,7,BACON-CHEESE,7.0,2022-01-26 13:30:00,Sourdough,Salt and Pepper,,,,,1.0
15898,11,2,0.0,18.0,Toasted Roll,1,Kitchen,8.0,3,BACON-EGG-CHEESE,8.0,2021-09-22 08:05:46,,"Tomato Sauce, Salt and Pepper",,,,,0.0
17789,13,2,0.0,18.0,Toasted Roll,1,Kitchen,8.0,3,BACON-EGG-CHEESE,8.0,2021-11-27 07:52:10,,"Tomato Sauce, Salt and Pepper",,,,,0.0
15558,13,2,0.0,18.0,Toasted Roll,1,Kitchen,8.0,3,BACON-EGG-CHEESE,8.0,2021-09-11 08:00:22,,"Tomato Sauce, Salt and Pepper",,,,,0.0
14949,13,2,0.0,18.0,Toasted Roll,1,Kitchen,8.0,3,BACON-EGG-CHEESE,8.0,2021-08-21 08:15:32,,"Tomato Sauce, Salt and Pepper",,,,,0.0
14454,13,2,0.0,18.0,Toasted Roll,1,Kitchen,8.0,3,BACON-EGG-CHEESE,8.0,2021-08-02 06:33:48,,"Tomato Sauce, Salt and Pepper",,,,,0.0
14064,13,2,0.0,18.0,Toasted Roll,1,Kitchen,8.0,3,BACON-EGG-CHEESE,8.0,2021-07-17 08:25:10,,"Tomato Sauce, Salt and Pepper",,,,,0.0
12018,13,2,0.0,18.0,Toastie,1,Kitchen,8.0,3,BACON-EGG-CHEESE,8.0,2021-04-24 08:26:53,White,"Tomato Sauce, Salt and Pepper",,,,,0.0
11990,13,2,0.0,18.0,Toastie,1,Kitchen,8.0,3,BACON-EGG-CHEESE,8.0,2021-04-23 06:16:26,White,"Tomato Sauce, Salt and Pepper",,,,,0.0
8999,13,2,0.0,18.0,Toastie,1,Kitchen,8.0,3,BACON-EGG-CHEESE,8.0,2020-11-21 08:09:45,White,"Tomato Sauce, Salt and Pepper",,,,,0.0
6124,276,2,0.0,18.0,Toasted Roll,1,Kitchen,8.0,3,BACON-EGG-CHEESE,8.0,2020-08-02 09:02:28,,BBQ Sauce,,,,,0.0
13966,788,2,0.0,18.0,Toastie,1,Kitchen,8.0,2,HAM-CHEESE-TOMATO,8.0,2021-07-12 09:54:55,White,Salt and Pepper,,,,,0.0
13966,788,2,0.0,18.0,Toasted Roll,1,Kitchen,10.0,1,BACON-EGG-CHEESE,8.0,2021-07-12 09:54:55,,"BBQ Sauce, Hash Brown",,,,,2.0
3550,22,10,0.0,18.0,Toasted Roll,1,Kitchen,8.0,3,BACON-EGG-CHEESE,8.0,2019-09-07 09:00:00,,"Tomato Sauce, Salt and Pepper",,,,,0.0
3403,22,10,0.0,18.0,Toasted Roll,1,Kitchen,8.0,3,BACON-EGG-CHEESE,8.0,2019-07-21 10:30:00,,"Tomato Sauce, Salt and Pepper",,,,,0.0
11628,305,2,0.0,18.0,Toasted Roll,1,Kitchen,7.0,2,BACON-EGG,7.0,2021-04-05 11:45:00,,Salt and Pepper,,,,,0.0
11628,305,2,0.0,18.0,Toastie,1,Kitchen,7.0,3,HAM-CHEESE,7.0,2021-04-05 11:45:00,White,Salt and Pepper,,,,,0.0
19789,575,2,0.0,18.0,Toasted Roll,1,Kitchen,9.0,1,BACON-EGG,7.0,2022-02-28 09:15:20,,"Hash Brown, Salt and Pepper",,,,,2.0
19789,575,2,0.0,18.0,Toasted Roll,1,Kitchen,9.0,2,BACON-EGG,7.0,2022-02-28 09:15:20,,"Hash Brown, Salt and Pepper",,,,,2.0
19177,575,2,0.0,18.0,Toasted Roll,1,Kitchen,9.0,1,BACON-EGG,7.0,2022-02-05 09:30:00,,"Hash Brown, Salt and Pepper",,,,,2.0
19177,575,2,0.0,18.0,Toasted Roll,1,Kitchen,9.0,2,BACON-EGG,7.0,2022-02-05 09:30:00,,"Hash Brown, Salt and Pepper",,,,,2.0
17822,575,2,0.0,18.0,Toasted Roll,1,Kitchen,9.0,1,BACON-EGG,7.0,2021-11-27 12:11:36,,"Hash Brown, Salt and Pepper",,,,,2.0
17822,575,2,0.0,18.0,Toasted Roll,1,Kitchen,9.0,2,BACON-EGG,7.0,2021-11-27 12:11:36,,"Hash Brown, Salt and Pepper",,,,,2.0
15254,575,2,0.0,18.0,Toasted Roll,1,Kitchen,9.0,1,BACON-EGG,7.0,2021-08-31 11:28:36,,"Tomato Sauce, Hash Brown, Salt and Pepper",,,,,2.0
15254,575,2,0.0,18.0,Toasted Roll,1,Kitchen,9.0,2,BACON-EGG,7.0,2021-08-31 11:28:36,,"Tomato Sauce, Hash Brown, Salt and Pepper",,,,,2.0
14966,575,2,0.0,18.0,Toasted Roll,1,Kitchen,9.0,1,BACON-EGG,7.0,2021-08-21 11:27:49,,"Tomato Sauce, Hash Brown, Salt and Pepper",,,,,2.0
14966,575,2,0.0,18.0,Toasted Roll,1,Kitchen,9.0,2,BACON-EGG,7.0,2021-08-21 11:27:49,,"Hash Brown, Salt and Pepper",,,,,2.0
23160,67,2,0.0,18.0,Toastie,1,Kitchen,9.0,1,BACON-EGG-CHEESE,8.0,2022-07-06 09:07:24,Sourdough,Salt and Pepper,,,,,1.0
23160,67,2,0.0,18.0,Toastie,1,Kitchen,9.0,2,BACON-EGG-CHEESE,8.0,2022-07-06 09:07:24,Sourdough,"Tomato Sauce, Salt and Pepper",,,,,1.0
22859,67,2,0.0,18.0,Toastie,1,Kitchen,9.0,1,BACON-EGG-CHEESE,8.0,2022-06-24 09:22:09,Sourdough,"Tomato Sauce, Salt and Pepper",,,,,1.0
22859,67,2,0.0,18.0,Toastie,1,Kitchen,9.0,2,BACON-EGG-CHEESE,8.0,2022-06-24 09:22:09,Sourdough,Salt and Pepper,,,,,1.0
9682,67,2,0.0,18.0,Toastie,1,Kitchen,9.0,1,BACON-EGG-CHEESE,8.0,2020-12-19 12:28:40,Sourdough,"BBQ Sauce, Salt and Pepper",,,,,1.0
9682,67,2,0.0,18.0,Toastie,1,Kitchen,9.0,2,BACON-EGG-CHEESE,8.0,2020-12-19 12:28:40,Sourdough,"Tomato Sauce, Salt and Pepper",,,,,1.0
5708,67,2,0.0,18.0,Toastie,1,Kitchen,9.0,1,BACON-EGG-CHEESE,8.0,2020-07-12 11:58:52,Sourdough,"Tomato Sauce, Salt and Pepper",,,,,1.0
5708,67,2,0.0,18.0,Toastie,1,Kitchen,9.0,2,BACON-EGG-CHEESE,8.0,2020-07-12 11:58:52,Sourdough,"BBQ Sauce, Salt and Pepper",,,,,1.0
5603,67,1,0.0,18.0,Toastie,1,Kitchen,9.0,1,BACON-EGG-CHEESE,8.0,2020-07-06 12:15:37,Sourdough,"Tomato Sauce, Salt and Pepper",,,,,1.0
5603,67,1,0.0,18.0,Toastie,1,Kitchen,9.0,2,BACON-EGG-CHEESE,8.0,2020-07-06 12:15:37,Sourdough,Salt and Pepper,,,,,1.0
4215,67,2,0.0,18.0,Toastie,1,Kitchen,9.0,1,BACON-EGG-CHEESE,8.0,2020-02-19 12:22:42,Sourdough,"Tomato Sauce, Salt and Pepper",,,,,1.0
4215,67,2,0.0,18.0,Toastie,1,Kitchen,9.0,2,BACON-EGG-CHEESE,8.0,2020-02-19 12:22:42,Sourdough,"Tomato Sauce, Salt and Pepper",,,,,1.0
17726,324,2,0.0,18.0,Toastie,1,Kitchen,7.0,3,HAM-CHEESE,7.0,2021-11-24 09:42:46,White,Tomato Sauce,,,,,0.0
40391,69,2,0.0,18.0,Toasted Roll,1,Kitchen,12.5,2,BACON-EGG,9.0,2024-02-28 06:44:31,,"Tomato Sauce, Avocado, Hash Brown",,,,,3.5
40361,69,2,0.0,18.0,Toasted Roll,1,Kitchen,12.5,2,BACON-EGG,9.0,2024-02-27 06:46:47,,"Tomato Sauce, Avocado, Hash Brown",,,,,3.5
40328,69,2,0.0,18.0,Toasted Roll,1,Kitchen,12.5,2,BACON-EGG,9.0,2024-02-26 06:00:28,,"Tomato Sauce, Avocado, Hash Brown",,,,,3.5
40218,69,2,0.0,18.0,Toasted Roll,1,Kitchen,12.5,2,BACON-EGG,9.0,2024-02-22 07:05:23,,"Tomato Sauce, Avocado, Hash Brown",,,,,3.5
39819,69,2,0.0,18.0,Toasted Roll,1,Kitchen,12.5,2,BACON-EGG,9.0,2024-02-09 06:28:30,,"Tomato Sauce, Avocado, Hash Brown",,,,,3.5
39753,69,2,0.0,18.0,Toasted Roll,1,Kitchen,12.5,2,BACON-EGG,9.0,2024-02-07 07:08:15,,"Tomato Sauce, Avocado, Hash Brown",,,,,3.5
39715,69,2,0.0,18.0,Toasted Roll,1,Kitchen,12.5,2,BACON-EGG,9.0,2024-02-06 06:23:36,,"Tomato Sauce, Avocado, Hash Brown",,,,,3.5
39683,69,2,0.0,18.0,Toasted Roll,1,Kitchen,12.5,2,BACON-EGG,9.0,2024-02-05 06:16:50,,"Tomato Sauce, Avocado, Hash Brown",,,,,3.5
39619,69,2,0.0,18.0,Toasted Roll,1,Kitchen,12.5,2,BACON-EGG,9.0,2024-02-02 09:10:16,,"Tomato Sauce, Avocado, Hash Brown",,,,,3.5
39548,69,2,0.0,18.0,Toasted Roll,1,Kitchen,12.5,2,BACON-EGG,9.0,2024-01-31 06:39:24,,"Tomato Sauce, Avocado, Hash Brown",,,,,3.5
39218,69,2,0.0,18.0,Toasted Roll,1,Kitchen,12.5,2,BACON-EGG,9.0,2024-01-19 07:07:19,,"Tomato Sauce, Avocado, Hash Brown",,,,,3.5
39113,69,2,0.0,18.0,Toasted Roll,1,Kitchen,12.5,2,BACON-EGG,9.0,2024-01-15 06:48:14,,"Tomato Sauce, Avocado, Hash Brown",,,,,3.5
39085,69,2,0.0,18.0,Toasted Roll,1,Kitchen,12.5,2,BACON-EGG,9.0,2024-01-13 10:57:10,,"Tomato Sauce, Avocado, Hash Brown",,,,,3.5
39041,69,2,0.0,18.0,Toasted Roll,1,Kitchen,12.5,2,BACON-EGG,9.0,2024-01-12 06:46:46,,"Tomato Sauce, Avocado, Hash Brown",,,,,3.5
39020,69,2,0.0,18.0,Toasted Roll,1,Kitchen,12.5,2,BACON-EGG,9.0,2024-01-11 07:21:57,,"Tomato Sauce, Avocado, Hash Brown",,,,,3.5
38984,69,2,0.0,18.0,Toasted Roll,1,Kitchen,12.5,2,BACON-EGG,9.0,2024-01-10 07:06:43,,"Tomato Sauce, Avocado, Hash Brown",,,,,3.5
38936,69,2,0.0,18.0,Toasted Roll,1,Kitchen,12.5,2,BACON-EGG,9.0,2024-01-08 07:12:08,,"Tomato Sauce, Avocado, Hash Brown",,,,,3.5
38711,69,2,0.0,18.0,Toasted Roll,1,Kitchen,12.5,2,BACON-EGG,9.0,2023-12-20 06:32:50,,"Tomato Sauce, Avocado, Hash Brown",,,,,3.5
38638,69,2,0.0,18.0,Toasted Roll,1,Kitchen,12.5,2,BACON-EGG,9.0,2023-12-18 06:38:44,,"Tomato Sauce, Avocado, Hash Brown",,,,,3.5
38450,69,2,0.0,18.0,Toasted Roll,1,Kitchen,12.5,2,BACON-EGG,9.0,2023-12-12 07:11:27,,"Tomato Sauce, Avocado, Hash Brown",,,,,3.5
38326,69,2,0.0,18.0,Toasted Roll,1,Kitchen,12.5,2,BACON-EGG,9.0,2023-12-08 07:03:13,,"Tomato Sauce, Avocado, Hash Brown",,,,,3.5
38297,69,2,0.0,18.0,Toasted Roll,1,Kitchen,12.5,2,BACON-EGG,9.0,2023-12-07 06:54:25,,"Tomato Sauce, Avocado, Hash Brown",,,,,3.5
38204,69,2,0.0,18.0,Toasted Roll,1,Kitchen,12.5,2,BACON-EGG,9.0,2023-12-04 06:50:06,,"Tomato Sauce, Avocado, Hash Brown",,,,,3.5
38007,69,2,0.0,18.0,Toasted Roll,1,Kitchen,12.5,2,BACON-EGG,9.0,2023-11-28 06:04:48,,"Tomato Sauce, Avocado, Hash Brown",,,,,3.5
37887,69,2,0.0,18.0,Toasted Roll,1,Kitchen,12.5,2,BACON-EGG,9.0,2023-11-24 07:17:10,,"Tomato Sauce, Avocado, Hash Brown",,,,,3.5
37855,69,2,0.0,18.0,Toasted Roll,1,Kitchen,12.5,2,BACON-EGG,9.0,2023-11-23 06:48:17,,"Tomato Sauce, Avocado, Hash Brown",,,,,3.5
37800,69,2,0.0,18.0,Toasted Roll,1,Kitchen,12.5,2,BACON-EGG,9.0,2023-11-21 07:08:40,,"Tomato Sauce, Avocado, Hash Brown",,,,,3.5
37760,69,2,0.0,18.0,Toasted Roll,1,Kitchen,12.5,2,BACON-EGG,9.0,2023-11-20 06:57:25,,"Tomato Sauce, Avocado, Hash Brown",,,,,3.5
37637,69,2,0.0,18.0,Toasted Roll,1,Kitchen,12.5,2,BACON-EGG,9.0,2023-11-16 07:19:22,,"Tomato Sauce, Avocado, Hash Brown",,,,,3.5
37570,69,2,0.0,18.0,Toasted Roll,1,Kitchen,12.5,2,BACON-EGG,9.0,2023-11-14 06:30:14,,"Tomato Sauce, Avocado, Hash Brown",,,,,3.5
37545,69,2,0.0,18.0,Toasted Roll,1,Kitchen,12.5,2,BACON-EGG,9.0,2023-11-13 07:10:20,,"Tomato Sauce, Avocado, Hash Brown",,,,,3.5
37200,69,2,0.0,18.0,Toasted Roll,1,Kitchen,12.5,2,BACON-EGG,9.0,2023-11-01 06:26:03,,"Tomato Sauce, Avocado, Hash Brown",,,,,3.5
37172,69,2,0.0,18.0,Toasted Roll,1,Kitchen,12.5,2,BACON-EGG,9.0,2023-10-31 07:39:58,,"Tomato Sauce, Avocado, Hash Brown",,,,,3.5
37134,69,2,0.0,18.0,Toasted Roll,1,Kitchen,12.5,2,BACON-EGG,9.0,2023-10-30 06:56:30,,"Tomato Sauce, Avocado, Hash Brown",,,,,3.5
37007,69,2,0.0,18.0,Toasted Roll,1,Kitchen,12.5,2,BACON-EGG,9.0,2023-10-26 07:03:49,,"Tomato Sauce, Avocado, Hash Brown",,,,,3.5
36777,69,2,0.0,18.0,Toasted Roll,1,Kitchen,12.5,2,BACON-EGG,9.0,2023-10-19 06:29:06,,"Tomato Sauce, Avocado, Hash Brown",,,,,3.5
36736,69,2,0.0,18.0,Toasted Roll,1,Kitchen,12.5,2,BACON-EGG,9.0,2023-10-18 06:53:03,,"Tomato Sauce, Avocado, Hash Brown",,,,,3.5
36665,69,2,0.0,18.0,Toasted Roll,1,Kitchen,12.5,2,BACON-EGG,9.0,2023-10-16 06:44:34,,"Tomato Sauce, Avocado, Hash Brown",,,,,3.5
36562,69,2,0.0,18.0,Toasted Roll,1,Kitchen,12.5,2,BACON-EGG,9.0,2023-10-13 07:18:16,,"Tomato Sauce, Avocado, Hash Brown",,,,,3.5
36426,69,2,0.0,18.0,Toasted Roll,1,Kitchen,12.5,2,BACON-EGG,9.0,2023-10-09 06:29:56,,"Tomato Sauce, Avocado, Hash Brown",,,,,3.5
36043,69,2,0.0,18.0,Toasted Roll,1,Kitchen,12.5,2,BACON-EGG,9.0,2023-09-26 07:21:27,,"Tomato Sauce, Avocado, Hash Brown",,,,,3.5
36042,69,0,0.0,18.0,Toasted Roll,1,Kitchen,12.5,2,BACON-EGG,9.0,2023-09-26 07:18:23,,"Tomato Sauce, Avocado, Hash Brown",,,,,3.5
36041,69,0,0.0,18.0,Toasted Roll,1,Kitchen,12.5,2,BACON-EGG,9.0,2023-09-26 07:17:51,,"Tomato Sauce, Avocado, Hash Brown",,,,,3.5
35902,69,2,0.0,18.0,Toasted Roll,1,Kitchen,12.5,2,BACON-EGG,9.0,2023-09-22 07:11:44,,"Tomato Sauce, Avocado, Hash Brown",,,,,3.5
35868,69,2,0.0,18.0,Toasted Roll,1,Kitchen,12.5,2,BACON-EGG,9.0,2023-09-21 06:35:37,,"Tomato Sauce, Avocado, Hash Brown",,,,,3.5
35646,69,2,0.0,18.0,Toasted Roll,1,Kitchen,12.5,2,BACON-EGG,9.0,2023-09-14 06:50:57,,"Tomato Sauce, Avocado, Hash Brown",,,,,3.5
35612,69,2,0.0,18.0,Toasted Roll,1,Kitchen,12.5,2,BACON-EGG,9.0,2023-09-13 06:28:27,,"Tomato Sauce, Avocado, Hash Brown",,,,,3.5
35384,69,2,0.0,18.0,Toasted Roll,1,Kitchen,12.5,2,BACON-EGG,9.0,2023-09-06 07:17:43,,"Tomato Sauce, Avocado, Hash Brown",,,,,3.5
35348,69,2,0.0,18.0,Toasted Roll,1,Kitchen,12.5,2,BACON-EGG,9.0,2023-09-05 07:04:40,,"Tomato Sauce, Avocado, Hash Brown",,,,,3.5
35314,69,2,0.0,18.0,Toasted Roll,1,Kitchen,12.5,2,BACON-EGG,9.0,2023-09-04 06:07:37,,"Tomato Sauce, Avocado, Hash Brown",,,,,3.5
35158,69,2,0.0,18.0,Toasted Roll,1,Kitchen,12.5,2,BACON-EGG,9.0,2023-08-30 07:13:15,,"Tomato Sauce, Avocado, Hash Brown",,,,,3.5
35136,69,2,0.0,18.0,Toasted Roll,1,Kitchen,12.5,2,BACON-EGG,9.0,2023-08-29 06:08:28,,"Tomato Sauce, Avocado, Hash Brown",,,,,3.5
34903,69,2,0.0,18.0,Toasted Roll,1,Kitchen,12.5,2,BACON-EGG,9.0,2023-08-22 07:23:03,,"Tomato Sauce, Avocado, Hash Brown",,,,,3.5
34876,69,2,0.0,18.0,Toasted Roll,1,Kitchen,12.5,2,BACON-EGG,9.0,2023-08-21 07:25:53,,"Tomato Sauce, Avocado, Hash Brown",,,,,3.5
34781,69,2,0.0,18.0,Toasted Roll,1,Kitchen,12.5,2,BACON-EGG,9.0,2023-08-18 07:24:20,,"Tomato Sauce, Avocado, Hash Brown",,,,,3.5
34743,69,2,0.0,18.0,Toasted Roll,1,Kitchen,12.5,2,BACON-EGG,9.0,2023-08-17 06:54:36,,"Tomato Sauce, Avocado, Hash Brown",,,,,3.5
34653,69,2,0.0,18.0,Toasted Roll,1,Kitchen,12.5,2,BACON-EGG,9.0,2023-08-14 06:54:20,,"Tomato Sauce, Avocado, Hash Brown",,,,,3.5
34534,69,2,0.0,18.0,Toasted Roll,1,Kitchen,12.5,2,BACON-EGG,9.0,2023-08-10 07:32:06,,"Tomato Sauce, Avocado, Hash Brown",,,,,3.5
34463,69,2,0.0,18.0,Toasted Roll,1,Kitchen,12.5,2,BACON-EGG,9.0,2023-08-08 06:55:24,,"Tomato Sauce, Avocado, Hash Brown",,,,,3.5
34428,69,2,0.0,18.0,Toasted Roll,1,Kitchen,12.5,2,BACON-EGG,9.0,2023-08-07 06:42:51,,"Tomato Sauce, Avocado, Hash Brown",,,,,3.5
15986,583,0,0.0,18.0,Toasted Roll,1,Kitchen,9.0,1,BACON-EGG,7.0,2021-09-25 08:42:37,,"Tomato Sauce, Hash Brown, Salt and Pepper",,,,,2.0
15986,583,0,0.0,18.0,Toasted Roll,1,Kitchen,9.0,2,BACON-EGG,7.0,2021-09-25 08:42:37,,"Tomato Sauce, Hash Brown, Salt and Pepper",,,,,2.0
24992,1103,2,0.0,18.0,Toastie,1,Kitchen,8.0,3,BACON-CHEESE,8.0,2022-09-09 10:22:57,Multigrain,BBQ Sauce,,,,,0.0
6880,92,2,0.0,18.0,Toasted Roll,1,Kitchen,8.5,1,BACON-EGG,7.0,2020-09-03 07:23:47,,"Tomato Sauce, Avocado",,,,,1.5
6880,92,2,0.0,18.0,Toasted Roll,1,Kitchen,9.5,2,BACON-EGG-CHEESE,8.0,2020-09-03 07:23:47,,"Tomato Sauce, Avocado, Salt and Pepper",,,,,1.5
20463,1120,2,0.0,18.0,Toastie,1,Kitchen,8.0,3,HAM-CHEESE-TOMATO,8.0,2022-03-26 08:10:15,White,Tomato Sauce,,,,,0.0
15549,871,2,0.0,18.0,Toasted Roll,1,Kitchen,9.5,3,BACON-EGG-CHEESE,8.0,2021-09-10 12:22:00,,"Tomato Sauce, Avocado",,,,,1.5
26622,1127,2,0.0,18.0,Toasted Roll,1,Kitchen,9.0,1,BACON-EGG-CHEESE,9.0,2022-11-08 10:51:02,,BBQ Sauce,,,,,0.0
26622,1127,2,0.0,18.0,Toasted Roll,1,Kitchen,9.0,2,BACON-EGG-CHEESE,9.0,2022-11-08 10:51:02,,BBQ Sauce,,,,,0.0
20139,112,2,0.0,18.0,Toasted Roll,1,Kitchen,7.0,3,BACON-EGG,7.0,2022-03-12 12:57:55,,Tomato Sauce,,,,,0.0
3921,120,0,0.0,18.0,Toasted Roll,1,Kitchen,9.0,1,BACON-EGG,7.0,2019-12-01 08:25:37,,"BBQ Sauce, Hash Brown",,,,,2.0
3921,120,0,0.0,18.0,Toasted Roll,1,Kitchen,9.0,2,BACON-EGG,7.0,2019-12-01 08:25:37,,"BBQ Sauce, Hash Brown",,,,,2.0
10296,123,2,0.0,18.0,Toastie,1,Kitchen,9.0,1,BACON-EGG-CHEESE,8.0,2021-01-29 12:25:56,Sourdough,"Tomato Sauce, Salt and Pepper",,,,,1.0
10296,123,2,0.0,18.0,Toastie,1,Kitchen,9.0,2,BACON-EGG-CHEESE,8.0,2021-01-29 12:25:56,Sourdough,Salt and Pepper,,,,,1.0
5602,123,0,0.0,18.0,Toastie,1,Kitchen,9.0,1,BACON-EGG-CHEESE,8.0,2020-07-06 12:02:58,Sourdough,Tomato Sauce,,,,,1.0
5602,123,0,0.0,18.0,Toastie,1,Kitchen,9.0,2,BACON-EGG-CHEESE,8.0,2020-07-06 12:02:58,Sourdough,Salt and Pepper,,,,,1.0
5263,123,2,0.0,18.0,Toastie,1,Kitchen,9.0,1,BACON-EGG-CHEESE,8.0,2020-06-12 12:02:48,Sourdough,Tomato Sauce,,,,,1.0
5263,123,2,0.0,18.0,Toastie,1,Kitchen,9.0,2,BACON-EGG-CHEESE,8.0,2020-06-12 12:02:48,Sourdough,Salt and Pepper,,,,,1.0
27434,128,2,0.0,18.0,Toasted Roll,1,Kitchen,12.5,2,BACON-EGG-CHEESE,9.0,2022-12-05 07:36:04,,"Avocado, Hash Brown, Salt and Pepper",,,,,3.5
27297,128,2,0.0,18.0,Toasted Roll,1,Kitchen,12.5,2,BACON-EGG-CHEESE,9.0,2022-12-01 06:07:08,,"Avocado, Hash Brown, Salt and Pepper",,,,,3.5
27117,128,2,0.0,18.0,Toasted Roll,1,Kitchen,12.5,2,BACON-EGG-CHEESE,9.0,2022-11-25 06:49:27,,"Avocado, Hash Brown, Salt and Pepper",,,,,3.5
27028,128,2,0.0,18.0,Toasted Roll,1,Kitchen,12.5,2,BACON-EGG-CHEESE,9.0,2022-11-22 07:41:43,,"Avocado, Hash Brown, Salt and Pepper",,,,,3.5
26999,128,2,0.0,18.0,Toasted Roll,1,Kitchen,12.5,2,BACON-EGG-CHEESE,9.0,2022-11-21 07:24:46,,"Avocado, Hash Brown, Salt and Pepper",,,,,3.5
26879,128,2,0.0,18.0,Toasted Roll,1,Kitchen,12.5,2,BACON-EGG-CHEESE,9.0,2022-11-17 07:03:30,,"Avocado, Hash Brown, Salt and Pepper",,,,,3.5
26848,128,2,0.0,18.0,Toasted Roll,1,Kitchen,12.5,2,BACON-EGG-CHEESE,9.0,2022-11-16 07:29:51,,"Avocado, Hash Brown, Salt and Pepper",,,,,3.5
26812,128,2,0.0,18.0,Toasted Roll,1,Kitchen,12.5,2,BACON-EGG-CHEESE,9.0,2022-11-15 07:04:27,,"Avocado, Hash Brown, Salt and Pepper",,,,,3.5
26780,128,2,0.0,18.0,Toasted Roll,1,Kitchen,12.5,2,BACON-EGG-CHEESE,9.0,2022-11-14 06:35:04,,"Avocado, Hash Brown, Salt and Pepper",,,,,3.5
26659,128,2,0.0,18.0,Toasted Roll,1,Kitchen,12.5,2,BACON-EGG-CHEESE,9.0,2022-11-10 06:49:59,,"Avocado, Hash Brown, Salt and Pepper",,,,,3.5
26634,128,2,0.0,18.0,Toasted Roll,1,Kitchen,12.5,2,BACON-EGG-CHEESE,9.0,2022-11-09 07:34:37,,"Avocado, Hash Brown, Salt and Pepper",,,,,3.5
26599,128,2,0.0,18.0,Toasted Roll,1,Kitchen,12.5,2,BACON-EGG-CHEESE,9.0,2022-11-08 07:21:55,,"Avocado, Hash Brown, Salt and Pepper",,,,,3.5
26418,128,2,0.0,18.0,Toasted Roll,1,Kitchen,12.5,2,BACON-EGG-CHEESE,9.0,2022-11-02 07:07:23,,"Avocado, Hash Brown, Salt and Pepper",,,,,3.5
26370,128,2,0.0,18.0,Toasted Roll,1,Kitchen,12.5,2,BACON-EGG-CHEESE,9.0,2022-10-31 07:00:00,,"Avocado, Hash Brown, Salt and Pepper",,,,,3.5
26297,128,1,0.0,18.0,Toasted Roll,1,Kitchen,12.5,2,BACON-EGG-CHEESE,9.0,2022-10-28 08:02:08,,"Avocado, Hash Brown, Salt and Pepper",,,,,3.5
26274,128,2,0.0,18.0,Toasted Roll,1,Kitchen,12.5,2,BACON-EGG-CHEESE,9.0,2022-10-27 07:11:24,,"Avocado, Hash Brown, Salt and Pepper",,,,,3.5
25875,128,2,0.0,18.0,Toasted Roll,1,Kitchen,12.5,2,BACON-EGG-CHEESE,9.0,2022-10-13 07:07:44,,"Avocado, Hash Brown, Salt and Pepper",,,,,3.5
25779,128,2,0.0,18.0,Toasted Roll,1,Kitchen,12.5,2,BACON-EGG-CHEESE,9.0,2022-10-08 09:23:53,,"Avocado, Hash Brown, Salt and Pepper",,,,,3.5
23548,651,2,0.0,18.0,Toastie,1,Kitchen,8.0,3,BACON-EGG-CHEESE,8.0,2022-07-22 07:59:17,White,Tomato Sauce,,,,,0.0
23361,651,2,0.0,18.0,Toasted Roll,1,Kitchen,8.0,3,BACON-EGG-CHEESE,8.0,2022-07-15 08:23:14,,"Tomato Sauce, Salt and Pepper",,,,,0.0
22996,651,2,0.0,18.0,Toasted Roll,1,Kitchen,8.0,3,BACON-EGG-CHEESE,8.0,2022-06-30 08:06:00,,Tomato Sauce,,,,,0.0
22310,651,2,0.0,18.0,Toasted Roll,1,Kitchen,8.0,3,BACON-EGG-CHEESE,8.0,2022-06-03 07:43:56,,Tomato Sauce,,,,,0.0
20193,651,2,0.0,18.0,Toasted Roll,1,Kitchen,8.0,3,BACON-EGG-CHEESE,8.0,2022-03-15 08:08:04,,Tomato Sauce,,,,,0.0
18083,651,2,0.0,18.0,Toastie,1,Kitchen,8.0,3,BACON-EGG-CHEESE,8.0,2021-12-08 08:06:55,White,Tomato Sauce,,,,,0.0
17607,651,2,0.0,18.0,Toastie,1,Kitchen,8.0,3,BACON-EGG-CHEESE,8.0,2021-11-20 07:36:27,Dark Rye,Tomato Sauce,,,,,0.0
11275,651,2,0.0,18.0,Toastie,1,Kitchen,8.0,3,BACON-EGG-CHEESE,8.0,2021-03-20 07:12:07,Multigrain,Tomato Sauce,,,,,0.0
11894,141,2,0.0,18.0,Toastie,1,Kitchen,9.0,2,BACON-EGG,7.0,2021-04-18 09:15:27,Multigrain,"BBQ Sauce, Hash Brown",,,,,2.0
28399,1171,2,0.0,18.0,Toastie,1,Kitchen,8.5,3,HAM-CHEESE,8.5,2023-01-19 10:17:13,White,Tomato Sauce,,,,,0.0
38669,404,2,0.0,18.0,Toasted Roll,2,Kitchen,18.0,1,BACON-EGG,9.0,2023-12-18 11:47:56,,BBQ Sauce,,,,,0.0
36491,404,2,0.0,18.0,Toasted Roll,2,Kitchen,18.0,1,BACON-EGG,9.0,2023-10-10 12:10:46,,BBQ Sauce,,,,,0.0
14775,662,2,0.0,18.0,Toastie,1,Kitchen,10.0,3,BACON-EGG-CHEESE,8.0,2021-08-14 09:43:40,White,Hash Brown,,,,,2.0
19394,161,2,0.0,18.0,Build Your Own Breakfast,1,Kitchen,14.0,1,SCRAMBLED,8.0,2022-02-13 09:34:49,Multigrain,"Bacon, Avocado",,,,,6.0
12864,674,2,0.0,18.0,Toasted Roll,1,Kitchen,10.0,2,BACON-EGG-CHEESE,8.0,2021-05-29 10:58:16,,"BBQ Sauce, Hash Brown",,,,,2.0
26714,1203,2,0.0,18.0,Toastie,1,Kitchen,9.0,2,BACON-EGG-CHEESE,9.0,2022-11-11 09:25:52,White,Tomato Sauce,,,,,0.0
26714,1203,2,0.0,18.0,Toasted Roll,1,Kitchen,9.0,1,BACON-EGG-CHEESE,9.0,2022-11-11 09:25:52,,Tomato Sauce,,,,,0.0
15667,698,2,0.0,18.0,Toastie,1,Kitchen,9.0,1,BACON-EGG-CHEESE,8.0,2021-09-14 09:45:00,Sourdough,Salt and Pepper,,,,,1.0
15667,698,2,0.0,18.0,Toastie,1,Kitchen,9.0,2,BACON-EGG-CHEESE,8.0,2021-09-14 09:45:00,Sourdough,Salt and Pepper,,,,,1.0
12808,698,2,0.0,18.0,Toastie,1,Kitchen,9.0,1,BACON-EGG-CHEESE,8.0,2021-05-27 09:48:06,Sourdough,Tomato Sauce,,,,,1.0
12808,698,2,0.0,18.0,Toastie,1,Kitchen,9.0,2,BACON-EGG-CHEESE,8.0,2021-05-27 09:48:06,Sourdough,Salt and Pepper,,,,,1.0
27199,961,2,0.0,18.0,Toasted Roll,1,Kitchen,8.0,3,BACON-EGG,8.0,2022-11-27 09:09:53,,BBQ Sauce,,,,,0.0
13507,721,2,0.0,18.0,Toasted Roll,1,Kitchen,10.0,3,BACON-EGG-CHEESE,8.0,2021-06-22 08:02:19,,"Tomato Sauce, Hash Brown, Salt and Pepper",,,,,2.0
12795,734,2,0.0,18.0,Toasted Roll,1,Kitchen,10.0,3,BACON-EGG-CHEESE,8.0,2021-05-27 06:56:02,,"Tomato Sauce, Hash Brown, Salt and Pepper",,,,,2.0
17373,998,2,0.0,18.0,Toastie,1,Kitchen,8.0,3,BACON-EGG,7.0,2021-11-12 07:12:37,Sourdough,Tomato Sauce,,,,,1.0
15082,492,2,0.0,18.0,Toastie,1,Kitchen,8.0,3,HAM-CHEESE,7.0,2021-08-25 12:23:30,Sourdough,Salt and Pepper,,,,,1.0
13854,492,2,0.0,18.0,Toastie,1,Kitchen,8.0,3,HAM-CHEESE,7.0,2021-07-07 12:25:42,Sourdough,Salt and Pepper,,,,,1.0
9307,492,2,0.0,18.0,Toastie,1,Kitchen,8.0,3,HAM-CHEESE,7.0,2020-12-03 12:32:27,Sourdough,Tomato Sauce,,,,,1.0
8027,492,2,0.0,18.0,Toastie,1,Kitchen,8.0,3,HAM-CHEESE,7.0,2020-10-15 10:34:14,Sourdough,Salt and Pepper,,,,,1.0
7808,492,2,0.0,18.0,Toastie,1,Kitchen,8.0,3,HAM-CHEESE,7.0,2020-10-07 12:35:11,Sourdough,Salt and Pepper,,,,,1.0
33681,1540,2,0.0,30.8,Hot Potatoes,1,Kitchen,14.9,2,COLESLAW,11.9,2023-07-14 11:51:50,,Bacon,,,,,3.0
33681,1540,2,0.0,30.8,(Main) Pasta,1,Kitchen,15.9,1,SPAGCARB,15.9,2023-07-14 11:51:50,,,,,Spaghetti,,0.0
16895,791,2,0.0,30.8,Big Breakfast,1,Kitchen,21.7,1,POACHED,16.7,2021-10-25 13:44:03,Multigrain,Smashed Avo and Feta,,,,,5.0
34713,77,2,0.0,30.8,Toasted Roll,2,Kitchen,20.0,2,BACON-EGG-CHEESE,10.0,2023-08-16 07:44:27,,"Tomato Sauce, Salt and Pepper",,,,,0.0
19376,341,2,0.0,30.8,Toastie,1,Kitchen,8.5,5,BACON-CHEESE,7.0,2022-02-12 09:55:51,Multigrain,Avocado,,,,,1.5
24813,598,2,0.0,30.8,Toasted Roll,1,Kitchen,11.0,3,BACON-EGG-CHEESE,9.0,2022-09-04 08:45:00,,Hash Brown,,,,,2.0
24813,598,2,0.0,30.8,Toasted Roll,1,Kitchen,11.0,4,BACON-EGG-CHEESE,9.0,2022-09-04 08:45:00,,Hash Brown,,,,,2.0
21554,888,2,0.0,30.8,Toastie,1,Kitchen,8.0,4,HAM-CHEESE-TOMATO,8.0,2022-05-06 15:45:00,Dark Rye,Salt and Pepper,,,,,0.0
21554,888,2,0.0,30.8,Toastie,1,Kitchen,7.0,5,HAM-CHEESE,7.0,2022-05-06 15:45:00,Dark Rye,Salt and Pepper,,,,,0.0
13179,757,2,0.0,30.8,Toastie,1,Kitchen,7.0,5,BACON-EGG,7.0,2021-06-10 09:15:00,White,Tomato Sauce,,,,,0.0
10037,351,2,0.0,43.6,French Toast with Streaky Bacon,1,Kitchen,12.4,3,REGULAR,10.4,2021-01-15 11:10:33,,,,Hashbrown,,,2.0
29247,1402,2,0.0,43.6,Toastie,1,Kitchen,8.5,6,HAM-CHEESE,8.5,2023-02-20 08:44:06,White,Tomato Sauce,,,,,0.0
29823,1148,2,0.0,56.4,Big Breakfast,1,Kitchen,22.2,1,SCRAMBLED,19.2,2023-03-10 14:54:36,White,Baby Spinach,,,,,3.0
29823,1148,2,0.0,56.4,Kids Crepes,1,Kitchen,8.0,4,CREAM,6.0,2023-03-10 14:54:36,,,,,,Strawberries,2.0
29823,1148,2,0.0,56.4,Toastie,1,Kitchen,7.5,7,CHEESE,7.5,2023-03-10 14:54:36,White,Tomato Sauce,,,,,0.0
27735,275,2,0.0,12.9,Toastie,1,Kitchen,8.0,2,BACON-EGG,8.0,2022-12-15 06:27:25,Multigrain,Tomato Sauce,,,,,0.0
27734,275,9,0.0,12.9,Toastie,1,Kitchen,8.0,2,BACON-EGG,8.0,2022-12-15 06:24:37,Multigrain,Tomato Sauce,,,,,0.0
27081,275,2,0.0,12.9,Toasted Roll,1,Kitchen,8.0,2,BACON-EGG,8.0,2022-11-24 06:54:53,,Tomato Sauce,,,,,0.0
26897,275,2,0.0,12.9,Toastie,1,Kitchen,8.0,2,BACON-EGG,8.0,2022-11-17 09:17:49,Multigrain,Tomato Sauce,,,,,0.0
26823,275,9,0.0,12.9,Toasted Roll,1,Kitchen,8.0,2,BACON-EGG,8.0,2022-11-15 08:39:42,,Tomato Sauce,,,,,0.0
24782,275,2,0.0,12.9,Toastie,1,Kitchen,8.0,2,BACON-EGG,8.0,2022-09-03 07:48:33,Multigrain,Tomato Sauce,,,,,0.0
18679,1055,2,0.0,12.9,Toasted Roll,1,Kitchen,8.0,2,BACON-EGG-CHEESE,8.0,2022-01-15 09:12:14,,Salt and Pepper,,,,,0.0
19024,69,2,0.0,12.9,Toasted Roll,1,Kitchen,8.5,2,BACON-EGG,7.0,2022-01-31 07:00:57,,"Tomato Sauce, Avocado",,,,,1.5
18987,69,2,0.0,12.9,Toasted Roll,1,Kitchen,8.5,2,BACON-EGG,7.0,2022-01-29 10:13:59,,"Tomato Sauce, Avocado",,,,,1.5
18923,69,2,0.0,12.9,Toasted Roll,1,Kitchen,8.5,2,BACON-EGG,7.0,2022-01-27 06:35:06,,"Tomato Sauce, Avocado",,,,,1.5
32332,100,2,0.0,12.9,Muffin,1,Kitchen,3.9,2,RASPBERRY-WHITECHOC,3.9,2023-05-31 08:53:27,,,No,,,,0.0
32332,100,2,0.0,12.9,Muffin,1,Kitchen,3.9,3,APPLE-CINNAMON,3.9,2023-05-31 08:53:27,,,No,,,,0.0
22393,642,2,0.0,12.9,Toastie,1,Kitchen,8.0,2,HAM-CHEESE-TOMATO,8.0,2022-06-06 08:30:00,White,Tomato Sauce,,,,,0.0
22292,642,2,0.0,12.9,Toastie,1,Kitchen,8.0,2,HAM-CHEESE-TOMATO,8.0,2022-06-02 08:45:00,White,Tomato Sauce,,,,,0.0
23941,141,2,0.0,12.9,Toastie,1,Kitchen,8.0,2,BACON-EGG,8.0,2022-08-04 06:52:40,Multigrain,BBQ Sauce,,,,,0.0
23877,141,2,0.0,12.9,Toastie,1,Kitchen,8.0,2,BACON-EGG,8.0,2022-08-02 06:25:17,Multigrain,BBQ Sauce,,,,,0.0
27777,1168,2,0.0,12.9,Toasted Roll,1,Kitchen,8.0,2,BACON-EGG,8.0,2022-12-16 07:16:33,,Tomato Sauce,,,,,0.0
29957,421,2,0.0,12.9,Muffin,1,Kitchen,3.9,3,RASPBERRY-WHITECHOC,3.9,2023-03-15 09:06:44,,,No,,,,0.0
22902,1194,2,0.0,12.9,Toasted Roll,1,Kitchen,8.0,2,BACON-EGG-CHEESE,8.0,2022-06-26 08:30:00,,Salt and Pepper,,,,,0.0
22566,1194,2,0.0,12.9,Toasted Roll,1,Kitchen,8.0,2,BACON-EGG-CHEESE,8.0,2022-06-13 10:00:00,,Tomato Sauce,,,,,0.0
22516,1194,2,0.0,12.9,Toastie,1,Kitchen,8.0,2,BACON-EGG-CHEESE,8.0,2022-06-11 07:45:00,White,Tomato Sauce,,,,,0.0
18516,1046,2,0.0,25.7,Build Your Own Breakfast,1,Kitchen,10.9,1,POACHED,7.9,2021-12-24 10:36:12,Multigrain,Sauteed Mushrooms,,,,,3.0
17818,88,2,0.0,25.7,Toasted Roll,1,Kitchen,8.0,3,BACON-EGG-CHEESE,8.0,2021-11-27 11:12:00,,"BBQ Sauce, Salt and Pepper",,,,,0.0
17818,88,2,0.0,25.7,Toasted Roll,1,Kitchen,9.5,4,BACON-EGG-CHEESE,8.0,2021-11-27 11:12:00,,"Tomato Sauce, Avocado",,,,,1.5
32817,1148,2,0.0,25.7,Toastie,1,Kitchen,8.5,4,CHEESE-TOMATO,8.5,2023-06-16 08:27:05,White,Salt and Pepper,,,,,0.0
14662,391,2,0.0,25.7,Toastie,1,Kitchen,7.0,4,CHEESE-TOMATO,7.0,2021-08-09 14:13:06,White,Tomato Sauce,,,,,0.0
14662,391,2,0.0,25.7,Toastie,1,Kitchen,7.0,5,CHEESE-TOMATO,7.0,2021-08-09 14:13:06,Multigrain,Tomato Sauce,,,,,0.0
7155,161,2,0.0,25.7,Toasted Roll,1,Kitchen,7.0,3,BACON-EGG,7.0,2020-09-13 09:21:08,,"BBQ Sauce, Salt and Pepper",,,,,0.0
7155,161,2,0.0,25.7,Toasted Roll,1,Kitchen,8.0,4,BACON-EGG-CHEESE,8.0,2020-09-13 09:21:08,,BBQ Sauce,,,,,0.0
19386,421,2,0.0,25.7,Build Your Own Breakfast,1,Kitchen,11.0,1,POACHED,8.0,2022-02-13 08:03:31,Dark Rye,Avocado,,,,,3.0
33920,1546,2,0.0,38.5,Toasted Roll,1,Kitchen,9.5,4,BACON-EGG-CHEESE,9.5,2023-07-22 08:30:00,,Tomato Sauce,,,,,0.0
33920,1546,2,0.0,38.5,Big Breakfast,1,Kitchen,19.2,1,POACHED,19.2,2023-07-22 08:30:00,White,Hollandaise,,,,,0.0
8162,523,0,0.0,38.5,Eggs and Bacon,1,Kitchen,10.4,4,FRIED,10.4,2020-10-19 12:35:45,White,,,,,,0.0
8162,523,0,0.0,38.5,(Main) Pasta,1,Kitchen,13.9,1,SPAGCARB,13.9,2020-10-19 12:35:45,,,,,Spaghetti,,0.0
25867,331,2,0.0,38.5,Toasted Roll,1,Kitchen,9.0,4,BACON-EGG-CHEESE,9.0,2022-10-12 11:34:02,,BBQ Sauce,,,,,0.0
25867,331,2,0.0,38.5,Toasted Roll,1,Kitchen,9.0,5,BACON-EGG-CHEESE,9.0,2022-10-12 11:34:02,,BBQ Sauce,,,,,0.0
23630,175,2,0.0,38.5,Muffin,1,Kitchen,3.9,7,RASPBERRY-WHITECHOC,3.9,2022-07-24 10:34:30,,,Yes,,,,0.0
23630,175,2,0.0,38.5,Muffin,1,Kitchen,3.9,8,APPLE-CINNAMON,3.9,2022-07-24 10:34:30,,,Yes,,,,0.0
23630,175,2,0.0,38.5,Muffin,1,Kitchen,3.9,9,BLUEBERRY,3.9,2022-07-24 10:34:30,,,Yes,,,,0.0
30365,744,2,0.0,38.5,Toasted Roll,2,Kitchen,26.0,4,BACON-EGG-CHEESE,9.5,2023-03-28 12:56:24,,"Avocado, Hash Brown",,,,,3.5
19519,253,2,0.0,38.5,Build Your Own Breakfast,1,Kitchen,14.0,1,POACHED,8.0,2022-02-18 09:16:45,Sourdough,Smashed Avo and Feta,,,,,6.0
35893,790,2,0.0,51.3,Croissant,1,Kitchen,11.0,1,BACON-EGG-CHEESE,11.0,2023-09-21 11:06:34,,Salt and Pepper,,,,,0.0
37756,811,2,0.0,51.3,Hot Potatoes,2,Kitchen,31.8,2,COLESLAW,12.9,2023-11-19 12:51:39,,Bacon,,,,,3.0
24825,127,2,0.0,76.9,Build Your Own Breakfast,1,Kitchen,16.9,1,SCRAMBLED,8.9,2022-09-04 09:47:37,Multigrain,"Bacon, Hash Brown, Avocado",,,,,7.999999999999998
24825,127,2,0.0,76.9,Toastie,1,Kitchen,8.0,7,HAM-CHEESE,8.0,2022-09-04 09:47:37,White,Tomato Sauce,,,,,0.0
24825,127,2,0.0,76.9,Eggs Benedict,1,Kitchen,20.9,2,SALMON,18.9,2022-09-04 09:47:37,,,,Hashbrown,,,2.0
24825,127,2,0.0,76.9,Toastie,1,Kitchen,10.0,8,HAM-CHEESE,8.0,2022-09-04 09:47:37,Multigrain,Hash Brown,,,,,2.0
9334,13,2,0.0,20.6,Toastie,1,Kitchen,8.0,3,BACON-EGG-CHEESE,8.0,2020-12-05 07:18:02,White,"Tomato Sauce, Salt and Pepper",,,,,0.0
6161,37,2,0.0,20.6,Toasted Roll,1,Kitchen,8.0,4,BACON-EGG-CHEESE,8.0,2020-08-03 11:19:22,,BBQ Sauce,,,,,0.0
38503,861,2,0.0,20.6,Toasted Roll,1,Kitchen,10.0,3,BACON-EGG-CHEESE,10.0,2023-12-13 09:12:00,,Salt and Pepper,,,,,0.0
38614,862,2,0.0,20.6,Toastie,1,Kitchen,10.5,3,HAM-CHEESE-TOMATO,10.5,2023-12-17 07:59:32,Multigrain,Tomato Sauce,,,,,0.0
35425,620,2,0.0,20.6,Muffin,1,Kitchen,4.5,4,ORANGE-POPPYSEED,4.5,2023-09-07 09:15:00,,,No,,,,0.0
23340,446,2,0.0,20.6,Muffin,1,Kitchen,3.9,5,CHOC-MUD,3.9,2022-07-14 08:54:52,,,Yes,,,,0.0
5012,231,10,0.0,20.6,Croissant,1,Kitchen,8.0,1,CHEESE-TOMATO,8.0,2020-05-24 07:01:57,,Salt and Pepper,,,,,0.0
33516,753,1,0.0,20.6,Toastie,1,Kitchen,9.5,3,BACON-EGG-CHEESE,9.5,2023-07-09 10:20:17,Multigrain,Tomato Sauce,,,,,0.0
16134,776,2,0.0,33.4,Toastie,1,Kitchen,7.0,4,HAM-CHEESE,7.0,2021-09-29 12:09:29,White,Tomato Sauce,,,,,0.0
23455,811,2,0.0,33.4,Muffin,1,Kitchen,3.9,5,CHOC-MUD,3.9,2022-07-19 06:15:00,,,Yes,,,,0.0
23455,811,2,0.0,33.4,Kids Crepes,1,Kitchen,8.0,2,CREAM,6.0,2022-07-19 06:15:00,,,,,,Banana,2.0
36644,1614,2,0.0,33.4,Toastie,2,Kitchen,21.0,4,BACON-EGG-CHEESE,10.5,2023-10-15 09:08:24,White,Tomato Sauce,,,,,0.0
16011,887,0,0.0,33.4,Toasted Roll,1,Kitchen,10.0,4,BACON-EGG-CHEESE,8.0,2021-09-26 08:00:00,,"BBQ Sauce, Hash Brown, Salt and Pepper",,,,,2.0
16011,887,0,0.0,33.4,Toasted Roll,1,Kitchen,10.0,5,BACON-EGG-CHEESE,8.0,2021-09-26 08:00:00,,"BBQ Sauce, Hash Brown, Salt and Pepper",,,,,2.0
15501,893,2,0.0,33.4,Big Breakfast,1,Kitchen,16.7,1,SCRAMBLED,16.7,2021-09-09 09:00:00,Multigrain,Hollandaise,,,,,0.0
15501,893,2,0.0,33.4,Big Breakfast,1,Kitchen,16.7,2,SCRAMBLED,16.7,2021-09-09 09:00:00,Multigrain,Hollandaise,,,,,0.0
15751,387,2,0.0,33.4,Big Breakfast,1,Kitchen,16.7,1,SCRAMBLED,16.7,2021-09-17 10:17:58,White,Hollandaise,,,,,0.0
15751,387,2,0.0,33.4,Big Breakfast,1,Kitchen,16.7,2,SCRAMBLED,16.7,2021-09-17 10:17:58,White,Hollandaise,,,,,0.0
6287,239,2,0.0,33.4,Toasted Roll,1,Kitchen,10.0,4,BACON-EGG-CHEESE,8.0,2020-08-09 09:45:00,,"Tomato Sauce, Hash Brown",,,,,2.0
6287,239,2,0.0,33.4,Toasted Roll,1,Kitchen,10.0,5,BACON-EGG-CHEESE,8.0,2020-08-09 09:45:00,,"Hash Brown, Salt and Pepper",,,,,2.0
26343,127,2,0.0,46.2,Toastie,1,Kitchen,8.0,6,HAM-CHEESE,8.0,2022-10-29 10:21:05,White,Tomato Sauce,,,,,0.0
26343,127,2,0.0,46.2,Toastie,1,Kitchen,8.0,7,HAM-CHEESE,8.0,2022-10-29 10:21:05,Multigrain,Tomato Sauce,,,,,0.0
29902,1192,2,4.2,46.2,Toasted Roll,1,Kitchen,11.5,4,BACON-EGG-CHEESE,9.5,2023-03-13 12:45:00,,Hash Brown,,,,,2.0
35766,175,2,0.0,46.2,Toastie,1,Kitchen,10.5,5,BACON-EGG-CHEESE,10.5,2023-09-17 10:30:39,White,Tomato Sauce,,,,,0.0
35766,175,2,0.0,46.2,Toastie,1,Kitchen,9.0,6,BACON-EGG,9.0,2023-09-17 10:30:39,White,Tomato Sauce,,,,,0.0
18531,754,2,0.0,46.2,Toastie,1,Kitchen,10.0,4,BACON-EGG-CHEESE,8.0,2022-01-08 09:03:53,White,"BBQ Sauce, Hash Brown",,,,,2.0
18531,754,2,0.0,46.2,Toastie,1,Kitchen,8.0,5,HAM-CHEESE-TOMATO,8.0,2022-01-08 09:03:53,Multigrain,Tomato Sauce,,,,,0.0
18531,754,2,0.0,46.2,Toastie,1,Kitchen,8.0,6,BACON-EGG-CHEESE,8.0,2022-01-08 09:03:53,Dark Rye,BBQ Sauce,,,,,0.0
25798,260,2,0.0,59.0,Toasted Roll,1,Kitchen,9.0,5,BACON-EGG-CHEESE,9.0,2022-10-09 09:12:40,,Tomato Sauce,,,,,0.0
25798,260,2,0.0,59.0,Toasted Roll,1,Kitchen,11.0,6,BACON-EGG-CHEESE,9.0,2022-10-09 09:12:40,,"Tomato Sauce, Hash Brown",,,,,2.0
25798,260,2,0.0,59.0,Toasted Roll,1,Kitchen,11.0,7,BACON-EGG-CHEESE,9.0,2022-10-09 09:12:40,,"Tomato Sauce, Hash Brown",,,,,2.0
25798,260,2,0.0,59.0,Toasted Roll,1,Kitchen,11.0,8,BACON-EGG-CHEESE,9.0,2022-10-09 09:12:40,,"BBQ Sauce, Hash Brown",,,,,2.0
35304,127,2,0.0,71.8,Eggs Benedict,1,Kitchen,19.5,3,BACON,17.5,2023-09-03 10:20:09,,,,Hashbrown,,,2.0
35304,127,2,0.0,71.8,Toastie,1,Kitchen,9.0,7,HAM-CHEESE,9.0,2023-09-03 10:20:09,White,Tomato Sauce,,,,,0.0
35304,127,2,0.0,71.8,Toastie,1,Kitchen,9.0,8,HAM-CHEESE,9.0,2023-09-03 10:20:09,Multigrain,Tomato Sauce,,,,,0.0
19972,754,2,0.0,71.8,Toastie,1,Kitchen,7.0,7,BACON-EGG,7.0,2022-03-06 11:36:35,White,BBQ Sauce,,,,,0.0
19972,754,2,0.0,71.8,Toastie,1,Kitchen,7.0,8,BACON-EGG,7.0,2022-03-06 11:36:35,White,Tomato Sauce,,,,,0.0
19972,754,2,0.0,71.8,Toastie,1,Kitchen,7.0,9,BACON-EGG,7.0,2022-03-06 11:36:35,White,Tomato Sauce,,,,,0.0
19972,754,2,0.0,71.8,Toastie,1,Kitchen,10.0,10,BACON-EGG-CHEESE,8.0,2022-03-06 11:36:35,White,"BBQ Sauce, Hash Brown",,,,,2.0
19972,754,2,0.0,71.8,Toastie,1,Kitchen,7.0,11,CHEESE-TOMATO,7.0,2022-03-06 11:36:35,Multigrain,Salt and Pepper,,,,,0.0
3320,5,2,0.0,15.5,Croissant,1,Kitchen,9.5,2,BACON-EGG,8.0,2019-05-27 18:15:00,,"Tomato Sauce, BBQ Sauce, Avocado",,,,,1.5
31205,1290,2,0.0,15.5,Toastie,1,Kitchen,11.5,2,HAM-CHEESE-TOMATO,9.5,2023-04-26 10:37:59,Multigrain,Hash Brown,,,,,2.0
10446,16,2,0.0,15.5,(Entree) Pasta,1,Kitchen,10.5,1,SPAGCARB,10.5,2021-02-05 12:39:56,,,,,Spaghetti,,0.0
8198,37,2,0.0,15.5,Toasted Roll,1,Kitchen,10.0,2,BACON-EGG-CHEESE,8.0,2020-10-20 09:25:02,,"Tomato Sauce, Hash Brown",,,,,2.0
33930,809,2,0.0,15.5,Toastie,1,Kitchen,11.5,2,BACON-EGG-CHEESE,9.5,2023-07-22 09:11:07,White,"BBQ Sauce, Hash Brown",,,,,2.0
13090,43,2,0.0,15.5,Toasted Roll,1,Kitchen,7.0,3,BACON-EGG,7.0,2021-06-06 11:54:44,,Tomato Sauce,,,,,0.0
15097,814,2,0.0,15.5,Toasted Roll,1,Kitchen,10.5,2,BACON-EGG,7.0,2021-08-26 07:56:30,,"Avocado, Hash Brown",,,,,3.5
3716,47,2,0.0,15.5,Croissant,1,Kitchen,8.0,1,CHEESE-TOMATO,8.0,2019-10-20 13:53:36,,Salt and Pepper,,,,,0.0
18190,575,2,0.0,15.5,Toasted Roll,1,Kitchen,9.0,2,BACON-EGG,7.0,2021-12-11 12:15:00,,"Hash Brown, Salt and Pepper",,,,,2.0
9189,575,2,0.0,15.5,Toasted Roll,1,Kitchen,10.0,2,BACON-EGG-CHEESE,8.0,2020-11-28 14:53:17,,"Hash Brown, Salt and Pepper",,,,,2.0
9413,69,2,0.0,15.5,Toasted Roll,1,Kitchen,10.5,2,BACON-EGG,7.0,2020-12-08 06:43:37,,"Tomato Sauce, Avocado, Hash Brown",,,,,3.5
12206,79,2,0.0,15.5,Toasted Roll,1,Kitchen,8.5,1,BACON-EGG,7.0,2021-05-02 10:20:13,,"Avocado, Salt and Pepper",,,,,1.5
12206,79,2,0.0,15.5,Toasted Roll,1,Kitchen,7.0,2,BACON-EGG,7.0,2021-05-02 10:20:13,,Salt and Pepper,,,,,0.0
23578,593,2,0.0,15.5,Toasted Roll,1,Kitchen,10.0,2,BACON-EGG-CHEESE,8.0,2022-07-23 08:07:14,,"Tomato Sauce, Hash Brown",,,,,2.0
16212,593,2,0.0,15.5,Toasted Roll,1,Kitchen,10.0,2,BACON-EGG-CHEESE,8.0,2021-10-02 07:11:24,,"Tomato Sauce, Hash Brown",,,,,2.0
39408,107,2,0.0,15.5,Toasted Roll,1,Kitchen,9.0,2,BACON-EGG,9.0,2024-01-25 12:34:51,,"Tomato Sauce, Salt and Pepper",,,,,0.0
39130,107,2,0.0,15.5,Toasted Roll,1,Kitchen,9.0,2,BACON-EGG,9.0,2024-01-15 10:56:05,,"Tomato Sauce, Salt and Pepper",,,,,0.0
38324,1652,2,0.0,15.5,Toastie,1,Kitchen,10.0,2,HAM-CHEESE,9.0,2023-12-08 06:57:06,Sourdough,Tomato Sauce,,,,,1.0
37416,1652,2,0.0,15.5,Toastie,1,Kitchen,10.0,2,HAM-CHEESE,9.0,2023-11-09 06:30:00,Sourdough,Tomato Sauce,,,,,1.0
12138,128,2,0.0,15.5,Toastie,1,Kitchen,10.0,2,BACON-EGG-CHEESE,8.0,2021-04-29 07:21:37,White,"BBQ Sauce, Hash Brown, Salt and Pepper",,,,,2.0
7183,136,2,0.0,15.5,Toasted Roll,1,Kitchen,10.0,2,BACON-EGG-CHEESE,8.0,2020-09-14 08:08:21,,"BBQ Sauce, Hash Brown",,,,,2.0
17432,141,2,0.0,15.5,Toastie,1,Kitchen,9.0,2,BACON-EGG,7.0,2021-11-14 07:17:49,Multigrain,"BBQ Sauce, Hash Brown",,,,,2.0
17311,141,2,0.0,15.5,Toastie,1,Kitchen,9.0,2,BACON-EGG,7.0,2021-11-10 06:18:57,Multigrain,"BBQ Sauce, Hash Brown",,,,,2.0
17283,141,2,0.0,15.5,Toastie,1,Kitchen,9.0,2,BACON-EGG,7.0,2021-11-09 06:33:42,Multigrain,"BBQ Sauce, Hash Brown",,,,,2.0
11392,412,2,0.0,15.5,Toastie,1,Kitchen,8.0,2,BACON-EGG-CHEESE,8.0,2021-03-25 12:29:05,White,Tomato Sauce,,,,,0.0
18364,421,2,0.0,15.5,Toastie,1,Kitchen,6.0,3,BACON,6.0,2021-12-19 07:01:53,White,BBQ Sauce,,,,,0.0
35964,1463,2,0.0,15.5,Toasted Roll,1,Kitchen,10.0,2,BACON-EGG-CHEESE,10.0,2023-09-24 07:18:20,,Tomato Sauce,,,,,0.0
14038,721,2,0.0,15.5,Toasted Roll,1,Kitchen,10.0,2,BACON-EGG-CHEESE,8.0,2021-07-16 08:11:33,,"Tomato Sauce, Hash Brown, Salt and Pepper",,,,,2.0
6607,216,2,0.0,15.5,Toasted Roll,1,Kitchen,9.5,2,BACON-EGG-CHEESE,8.0,2020-08-23 10:37:22,,Avocado,,,,,1.5
8672,521,2,0.0,28.3,Croissant,1,Kitchen,9.0,3,BACON-EGG-CHEESE,9.0,2020-11-06 10:30:00,,Salt and Pepper,,,,,0.0
26975,89,2,0.0,28.3,Build Your Own Breakfast,1,Kitchen,11.9,1,POACHED,8.9,2022-11-20 08:59:53,White,Bacon,,,,,3.0
28750,1388,2,0.0,28.3,Toasted Roll,1,Kitchen,8.5,3,BACON-EGG,8.5,2023-02-03 07:12:18,,Tomato Sauce,,,,,0.0
28750,1388,2,0.0,28.3,Toasted Roll,1,Kitchen,9.5,4,BACON-EGG-CHEESE,9.5,2023-02-03 07:12:18,,Tomato Sauce,,,,,0.0
22649,69,2,0.0,41.1,Toasted Roll,1,Kitchen,10.5,4,BACON-EGG,7.0,2022-06-16 09:47:54,,"Tomato Sauce, Avocado, Hash Brown",,,,,3.5
22649,69,2,0.0,41.1,Toasted Roll,1,Kitchen,7.0,5,BACON-EGG,7.0,2022-06-16 09:47:54,,Tomato Sauce,,,,,0.0
22649,69,2,0.0,41.1,Toasted Roll,1,Kitchen,9.0,6,BACON-EGG,7.0,2022-06-16 09:47:54,,"Tomato Sauce, Hash Brown",,,,,2.0
11587,12,2,0.0,53.9,Toastie,1,Kitchen,8.4,5,CHICKEN-SCHNITZEL-CHEESE-LETTUCE,8.4,2021-04-02 12:18:44,White,Tomato Sauce,,,,,0.0
11587,12,2,0.0,53.9,Toastie,1,Kitchen,10.9,6,CHICKEN-SCHNITZEL-CHEESE-LETTUCE,8.4,2021-04-02 12:18:44,Sourdough,"Avocado, Salt and Pepper",,,,,2.5
11587,12,2,0.0,53.9,Toastie,1,Kitchen,9.5,7,HAM-CHEESE-TOMATO,8.0,2021-04-02 12:18:44,Multigrain,"Avocado, Salt and Pepper",,,,,1.5
36157,1321,2,1.41,15.51,Muffin,1,Kitchen,4.5,3,BLUEBERRY,4.5,2023-09-29 10:09:30,,,Yes,,,,0.0
30684,231,2,1.41,15.51,Toastie,1,Kitchen,9.5,2,BACON-EGG-CHEESE,9.5,2023-04-08 07:03:37,White,Tomato Sauce,,,,,0.0
18416,907,2,0.0,10.4,Toasted Roll,1,Kitchen,10.4,1,CHICKEN-SCHNITZEL-CHEESE-LETTUCE,8.4,2021-12-20 14:00:00,,"Tomato Sauce, Hash Brown",,,,,2.0
7733,403,2,0.0,10.4,Eggs and Bacon,1,Kitchen,10.4,1,SCRAMBLED,10.4,2020-10-04 14:13:58,White,,,,,,0.0
35400,973,2,0.0,10.4,Muffin,1,Kitchen,4.5,2,APPLE-CINNAMON,4.5,2023-09-06 08:59:16,,,Yes,,,,0.0
36749,1509,2,0.0,10.4,Muffin,1,Kitchen,4.5,2,CHOC-MUD,4.5,2023-10-18 08:21:43,,,No,,,,0.0
35666,1509,2,0.0,10.4,Muffin,1,Kitchen,4.5,2,CHOC-MUD,4.5,2023-09-14 08:35:01,,,No,,,,0.0
34476,1509,2,0.0,10.4,Muffin,1,Kitchen,4.5,2,CHOC-MUD,4.5,2023-08-08 08:25:25,,,No,,,,0.0
39617,1510,2,0.0,10.4,Muffin,1,Kitchen,4.5,2,APPLE-CINNAMON,4.5,2024-02-02 08:53:15,,,No,,,,0.0
38986,1510,2,0.0,10.4,Muffin,1,Kitchen,4.5,2,APPLE-CINNAMON,4.5,2024-01-10 07:14:20,,,No,,,,0.0
36675,1510,2,0.0,10.4,Muffin,1,Kitchen,4.5,2,APPLE-CINNAMON,4.5,2023-10-16 08:02:43,,,Yes,,,,0.0
34825,276,2,0.0,23.2,Toasted Roll,1,Kitchen,10.0,4,BACON-EGG-CHEESE,10.0,2023-08-19 08:57:21,,BBQ Sauce,,,,,0.0
26345,1315,0,0.0,23.2,Toastie,1,Kitchen,8.0,4,BACON-EGG,8.0,2022-10-29 10:47:27,White,Tomato Sauce,,,,,0.0
9781,599,2,0.0,23.2,Toasted Roll,1,Kitchen,8.0,3,BACON-EGG-CHEESE,8.0,2020-12-24 09:47:05,,Tomato Sauce,,,,,0.0
9781,599,2,0.0,23.2,Toasted Roll,1,Kitchen,8.0,4,BACON-EGG-CHEESE,8.0,2020-12-24 09:47:05,,BBQ Sauce,,,,,0.0
29282,1379,2,0.0,23.2,Toastie,1,Kitchen,9.5,3,BACON-EGG-CHEESE,9.5,2023-02-21 12:30:00,White,Tomato Sauce,,,,,0.0
9685,358,2,0.0,23.2,Toastie,1,Kitchen,8.0,4,HAM-CHEESE-TOMATO,8.0,2020-12-20 07:47:57,White,Tomato Sauce,,,,,0.0
28686,888,2,0.0,23.2,Toastie,1,Kitchen,11.0,3,BACON-EGG,8.5,2023-01-31 11:50:00,Sourdough,"Avocado, Salt and Pepper",,,,,2.5
6553,409,2,0.0,23.2,Toastie,1,Kitchen,8.0,3,BACON-EGG-CHEESE,8.0,2020-08-21 08:47:21,White,Tomato Sauce,,,,,0.0
6553,409,2,0.0,23.2,Toastie,1,Kitchen,8.0,4,BACON-EGG-CHEESE,8.0,2020-08-21 08:47:21,Dark Rye,Tomato Sauce,,,,,0.0
6760,212,2,0.0,23.2,Toasted Roll,1,Kitchen,9.5,4,HAM-CHEESE-TOMATO,8.0,2020-08-29 12:23:29,,"Avocado, Salt and Pepper",,,,,1.5
22357,475,2,0.0,23.2,Toasted Roll,1,Kitchen,7.0,3,BACON-EGG,7.0,2022-06-04 12:10:03,,BBQ Sauce,,,,,0.0
22357,475,2,0.0,23.2,Toasted Roll,1,Kitchen,7.0,4,BACON-EGG,7.0,2022-06-04 12:10:03,,BBQ Sauce,,,,,0.0
35549,234,2,0.0,23.2,Muffin,1,Kitchen,4.5,4,CHOC-MUD,4.5,2023-09-10 09:26:14,,,Yes,,,,0.0
28281,128,2,0.0,36.0,Toasted Roll,1,Kitchen,13.6,4,CHICKEN-SCHNITZEL-CHEESE-LETTUCE,10.1,2023-01-14 11:49:35,,"Avocado, Hash Brown, Salt and Pepper",,,,,3.5
23627,260,2,0.0,48.8,Toasted Roll,1,Kitchen,10.0,3,BACON-EGG-CHEESE,8.0,2022-07-24 09:43:58,,"Tomato Sauce, Hash Brown",,,,,2.0
23627,260,2,0.0,48.8,Toasted Roll,1,Kitchen,10.0,4,BACON-EGG-CHEESE,8.0,2022-07-24 09:43:58,,"BBQ Sauce, Hash Brown",,,,,2.0
23627,260,2,0.0,48.8,Toasted Roll,1,Kitchen,10.0,5,BACON-EGG-CHEESE,8.0,2022-07-24 09:43:58,,"Tomato Sauce, Hash Brown",,,,,2.0
23627,260,2,0.0,48.8,Toasted Roll,1,Kitchen,10.0,6,BACON-EGG-CHEESE,8.0,2022-07-24 09:43:58,,"Tomato Sauce, Hash Brown",,,,,2.0
34397,811,2,0.0,48.8,Hot Potatoes,2,Kitchen,31.8,1,COLESLAW,12.9,2023-08-05 14:06:12,,Bacon,,,,,3.0
15974,782,2,0.0,18.1,Toasted Roll,1,Kitchen,8.0,3,BACON-EGG-CHEESE,8.0,2021-09-24 12:08:32,,BBQ Sauce,,,,,0.0
28519,101,2,0.0,18.1,Toasted Roll,1,Kitchen,13.0,2,BACON-EGG-CHEESE,9.5,2023-01-24 08:14:04,,"Avocado, Hash Brown",,,,,3.5
21598,613,2,0.0,18.1,Toastie,1,Kitchen,7.0,4,BACON-EGG,7.0,2022-05-08 08:51:30,White,Tomato Sauce,,,,,0.0
20298,613,2,0.0,18.1,Toastie,1,Kitchen,7.0,4,BACON-EGG,7.0,2022-03-19 09:02:50,White,Tomato Sauce,,,,,0.0
29636,1395,2,0.0,18.1,Toasted Roll,1,Kitchen,11.6,2,CHICKEN-SCHNITZEL-CHEESE-LETTUCE,10.1,2023-03-04 12:48:02,,Avocado,,,,,1.5
29203,1395,2,0.0,18.1,Toasted Roll,1,Kitchen,11.6,2,CHICKEN-SCHNITZEL-CHEESE-LETTUCE,10.1,2023-02-18 12:10:52,,Avocado,,,,,1.5
29009,1395,2,0.0,18.1,Toasted Roll,1,Kitchen,11.6,2,CHICKEN-SCHNITZEL-CHEESE-LETTUCE,10.1,2023-02-11 12:00:47,,Avocado,,,,,1.5
22863,374,2,0.0,18.1,Muffin,1,Kitchen,3.9,4,RASPBERRY-WHITECHOC,3.9,2022-06-24 10:06:30,,,No,,,,0.0
28710,1148,2,0.0,18.1,Muffin,1,Kitchen,3.9,4,CHOC-MUD,3.9,2023-02-01 08:57:53,,,No,,,,0.0
27002,1153,2,0.0,18.1,Toasted Roll,1,Kitchen,8.0,3,BACON-EGG,8.0,2022-11-21 07:59:38,,"BBQ Sauce, Salt and Pepper",,,,,0.0
15554,421,2,0.0,18.1,Toastie,1,Kitchen,8.0,3,BACON-EGG-CHEESE,8.0,2021-09-11 08:00:00,White,BBQ Sauce,,,,,0.0
33319,976,2,0.0,18.1,Muffin,1,Kitchen,3.9,3,APPLE-CINNAMON,3.9,2023-07-02 09:23:52,,,Yes,,,,0.0
33319,976,2,0.0,18.1,Muffin,1,Kitchen,3.9,4,ORANGE-POPPYSEED,3.9,2023-07-02 09:23:52,,,Yes,,,,0.0
33721,231,2,0.0,18.1,Toasted Roll,1,Kitchen,9.5,3,BACON-EGG-CHEESE,9.5,2023-07-16 07:37:37,,Tomato Sauce,,,,,0.0
31547,231,2,0.0,18.1,Toastie,1,Kitchen,9.5,3,BACON-EGG-CHEESE,9.5,2023-05-07 07:02:47,White,Tomato Sauce,,,,,0.0
30880,231,2,0.0,18.1,Toastie,1,Kitchen,9.5,3,BACON-EGG-CHEESE,9.5,2023-04-16 08:37:47,White,Tomato Sauce,,,,,0.0
22425,492,2,0.0,18.1,Toastie,1,Kitchen,8.0,3,HAM-CHEESE,7.0,2022-06-07 09:36:41,Sourdough,Tomato Sauce,,,,,1.0
11565,44,2,0.0,30.9,Toastie,1,Kitchen,8.0,5,BACON-EGG-CHEESE,8.0,2021-04-01 09:14:12,White,Tomato Sauce,,,,,0.0
18846,88,2,0.0,30.9,Toasted Roll,1,Kitchen,9.5,4,BACON-EGG-CHEESE,8.0,2022-01-23 13:45:27,,"Tomato Sauce, Avocado",,,,,1.5
30765,1144,2,0.0,30.9,Toasted Roll,1,Kitchen,8.5,3,BACON-EGG,8.5,2023-04-11 11:23:10,,Tomato Sauce,,,,,0.0
30765,1144,2,0.0,30.9,Toasted Roll,1,Kitchen,10.5,4,BACON-EGG,8.5,2023-04-11 11:23:10,,"Tomato Sauce, Hash Brown",,,,,2.0
29724,1144,2,0.0,30.9,Toasted Roll,1,Kitchen,8.5,3,BACON-EGG,8.5,2023-03-07 11:04:19,,Tomato Sauce,,,,,0.0
29724,1144,2,0.0,30.9,Toasted Roll,1,Kitchen,10.5,4,BACON-EGG,8.5,2023-03-07 11:04:19,,"Tomato Sauce, Hash Brown",,,,,2.0
36393,128,2,0.0,30.9,Toasted Roll,1,Kitchen,13.5,3,BACON-EGG-CHEESE,10.0,2023-10-07 11:50:31,,"Avocado, Hash Brown, Salt and Pepper",,,,,3.5
33283,409,2,0.0,30.9,Big Breakfast,1,Kitchen,23.7,1,FRIED,19.2,2023-07-01 09:45:04,White,"Hash Brown, Sausage",,,,,4.5
24775,446,2,0.0,30.9,Muffin,1,Kitchen,3.9,7,RASPBERRY-WHITECHOC,3.9,2022-09-02 13:53:06,,,Yes,,,,0.0
33240,451,2,0.0,30.9,Toasted Roll,2,Kitchen,17.0,4,BACON-EGG,8.5,2023-06-30 08:24:27,,BBQ Sauce,,,,,0.0
31796,451,2,0.0,30.9,Toasted Roll,2,Kitchen,17.0,4,BACON-EGG,8.5,2023-05-14 08:54:07,,BBQ Sauce,,,,,0.0
20333,1116,2,0.0,69.3,Build Your Own Breakfast,1,Kitchen,24.0,1,POACHED,8.0,2022-03-20 10:28:11,Sourdough,"Bacon, Grilled Tomato, Hash Brown, Avocado, Halloumi",,,,,16.0
20333,1116,2,0.0,69.3,Kids Crepes,1,Kitchen,8.0,4,ICECREAM,6.0,2022-03-20 10:28:11,,,,,,Strawberries,2.0
20333,1116,2,0.0,69.3,Build Your Own Breakfast,1,Kitchen,27.5,2,FRIED,8.0,2022-03-20 10:28:11,Sourdough,"Bacon, Grilled Tomato, Smashed Avo and Feta, Sauteed Mushrooms, Pulled Pork",,,,,19.5
20971,9,2,0.0,13.0,Toasted Roll,1,Kitchen,8.0,2,BACON-EGG-CHEESE,8.0,2022-04-13 11:38:13,,Tomato Sauce,,,,,0.0
20862,9,2,0.0,13.0,Toasted Roll,1,Kitchen,8.0,2,BACON-EGG-CHEESE,8.0,2022-04-09 11:24:57,,Tomato Sauce,,,,,0.0
20806,9,2,0.0,13.0,Toasted Roll,1,Kitchen,8.0,2,BACON-EGG-CHEESE,8.0,2022-04-07 11:14:48,,Tomato Sauce,,,,,0.0
20691,9,2,0.0,13.0,Toasted Roll,1,Kitchen,8.0,2,BACON-EGG-CHEESE,8.0,2022-04-03 11:40:26,,Tomato Sauce,,,,,0.0
19606,9,2,0.0,13.0,Toasted Roll,1,Kitchen,8.0,2,BACON-EGG-CHEESE,8.0,2022-02-21 11:34:18,,Tomato Sauce,,,,,0.0
19444,9,2,0.0,13.0,Toasted Roll,1,Kitchen,8.0,2,BACON-EGG-CHEESE,8.0,2022-02-15 11:07:25,,Tomato Sauce,,,,,0.0
19396,9,2,0.0,13.0,Toasted Roll,1,Kitchen,8.0,2,BACON-EGG-CHEESE,8.0,2022-02-13 09:59:24,,Tomato Sauce,,,,,0.0
19236,9,2,0.0,13.0,Toasted Roll,1,Kitchen,8.0,2,BACON-EGG-CHEESE,8.0,2022-02-07 10:57:03,,Tomato Sauce,,,,,0.0
19183,9,2,0.0,13.0,Toasted Roll,1,Kitchen,8.0,2,BACON-EGG-CHEESE,8.0,2022-02-05 10:22:20,,Tomato Sauce,,,,,0.0
19109,9,2,0.0,13.0,Toasted Roll,1,Kitchen,8.0,2,BACON-EGG-CHEESE,8.0,2022-02-03 07:57:29,,Tomato Sauce,,,,,0.0
18902,9,2,0.0,13.0,Toasted Roll,1,Kitchen,8.0,2,BACON-EGG-CHEESE,8.0,2022-01-26 08:41:10,,Tomato Sauce,,,,,0.0
18830,9,2,0.0,13.0,Toastie,1,Kitchen,8.0,2,HAM-CHEESE-TOMATO,8.0,2022-01-22 11:05:27,White,Salt and Pepper,,,,,0.0
18784,9,2,0.0,13.0,Toasted Roll,1,Kitchen,8.0,2,BACON-EGG-CHEESE,8.0,2022-01-20 11:21:33,,Tomato Sauce,,,,,0.0
18749,9,2,0.0,13.0,Toasted Roll,1,Kitchen,8.0,2,BACON-EGG-CHEESE,8.0,2022-01-18 12:40:33,,Tomato Sauce,,,,,0.0
18623,9,2,0.0,13.0,Toasted Roll,1,Kitchen,8.0,2,BACON-EGG-CHEESE,8.0,2022-01-12 10:02:25,,Tomato Sauce,,,,,0.0
18603,9,2,0.0,13.0,Toasted Roll,1,Kitchen,8.0,2,BACON-EGG-CHEESE,8.0,2022-01-11 11:04:43,,Tomato Sauce,,,,,0.0
18525,9,2,0.0,13.0,Toasted Roll,1,Kitchen,8.0,2,BACON-EGG-CHEESE,8.0,2022-01-08 07:00:00,,Tomato Sauce,,,,,0.0
18502,9,2,0.0,13.0,Toasted Roll,1,Kitchen,8.0,2,BACON-EGG-CHEESE,8.0,2021-12-24 08:19:20,,Tomato Sauce,,,,,0.0
18483,9,2,0.0,13.0,Toasted Roll,1,Kitchen,8.0,2,BACON-EGG-CHEESE,8.0,2021-12-23 09:36:10,,Tomato Sauce,,,,,0.0
18453,9,2,0.0,13.0,Toasted Roll,1,Kitchen,8.0,2,BACON-EGG-CHEESE,8.0,2021-12-22 08:59:30,,Tomato Sauce,,,,,0.0
18409,9,2,0.0,13.0,Toasted Roll,1,Kitchen,8.0,2,BACON-EGG-CHEESE,8.0,2021-12-20 09:09:43,,Tomato Sauce,,,,,0.0
18330,9,2,0.0,13.0,Toasted Roll,1,Kitchen,8.0,2,BACON-EGG-CHEESE,8.0,2021-12-17 09:34:10,,Tomato Sauce,,,,,0.0
18304,9,2,0.0,13.0,Toasted Roll,1,Kitchen,8.0,2,BACON-EGG-CHEESE,8.0,2021-12-16 10:44:43,,Tomato Sauce,,,,,0.0
18238,9,2,0.0,13.0,Toasted Roll,1,Kitchen,8.0,2,BACON-EGG-CHEESE,8.0,2021-12-13 09:35:19,,Tomato Sauce,,,,,0.0
18183,9,2,0.0,13.0,Toasted Roll,1,Kitchen,8.0,2,BACON-EGG-CHEESE,8.0,2021-12-11 09:18:24,,Tomato Sauce,,,,,0.0
18119,9,2,0.0,13.0,Toasted Roll,1,Kitchen,8.0,2,BACON-EGG-CHEESE,8.0,2021-12-09 09:30:21,,Tomato Sauce,,,,,0.0
17996,9,2,0.0,13.0,Toasted Roll,1,Kitchen,8.0,2,BACON-EGG-CHEESE,8.0,2021-12-05 09:03:27,,Tomato Sauce,,,,,0.0
17987,9,2,0.0,13.0,Toasted Roll,1,Kitchen,8.0,2,BACON-EGG-CHEESE,8.0,2021-12-04 09:40:51,,Tomato Sauce,,,,,0.0
17964,9,2,0.0,13.0,Toasted Roll,1,Kitchen,8.0,2,BACON-EGG-CHEESE,8.0,2021-12-03 11:02:12,,Tomato Sauce,,,,,0.0
17891,9,2,0.0,13.0,Toasted Roll,1,Kitchen,8.0,2,BACON-EGG-CHEESE,8.0,2021-11-30 08:49:57,,Tomato Sauce,,,,,0.0
17873,9,2,0.0,13.0,Toasted Roll,1,Kitchen,8.0,2,BACON-EGG-CHEESE,8.0,2021-11-29 09:59:14,,Tomato Sauce,,,,,0.0
17775,9,2,0.0,13.0,Toasted Roll,1,Kitchen,8.0,2,BACON-EGG-CHEESE,8.0,2021-11-26 10:04:15,,Tomato Sauce,,,,,0.0
17756,9,2,0.0,13.0,Toasted Roll,1,Kitchen,8.0,2,BACON-EGG-CHEESE,8.0,2021-11-25 11:23:12,,Tomato Sauce,,,,,0.0
17611,9,2,0.0,13.0,Toasted Roll,1,Kitchen,8.0,2,BACON-EGG-CHEESE,8.0,2021-11-20 07:59:18,,Tomato Sauce,,,,,0.0
17564,9,2,0.0,13.0,Toasted Roll,1,Kitchen,8.0,2,BACON-EGG-CHEESE,8.0,2021-11-19 06:27:45,,Tomato Sauce,,,,,0.0
17531,9,2,0.0,13.0,Toasted Roll,1,Kitchen,8.0,2,BACON-EGG-CHEESE,8.0,2021-11-17 10:56:54,,Tomato Sauce,,,,,0.0
17439,9,2,0.0,13.0,Toasted Roll,1,Kitchen,8.0,2,BACON-EGG-CHEESE,8.0,2021-11-14 09:21:03,,Tomato Sauce,,,,,0.0
17312,9,2,0.0,13.0,Toasted Roll,1,Kitchen,8.0,2,BACON-EGG-CHEESE,8.0,2021-11-10 07:13:54,,Tomato Sauce,,,,,0.0
17205,9,2,0.0,13.0,Toasted Roll,1,Kitchen,8.0,2,BACON-EGG-CHEESE,8.0,2021-11-06 07:32:49,,Tomato Sauce,,,,,0.0
17081,9,2,0.0,13.0,Toasted Roll,1,Kitchen,8.0,2,BACON-EGG-CHEESE,8.0,2021-11-01 08:33:05,,Tomato Sauce,,,,,0.0
17035,9,2,0.0,13.0,Toasted Roll,1,Kitchen,8.0,2,BACON-EGG-CHEESE,8.0,2021-10-30 08:53:09,,Tomato Sauce,,,,,0.0
16999,9,2,0.0,13.0,Toasted Roll,1,Kitchen,8.0,2,BACON-EGG-CHEESE,8.0,2021-10-29 06:57:46,,Tomato Sauce,,,,,0.0
16975,9,2,0.0,13.0,Toasted Roll,1,Kitchen,8.0,2,BACON-EGG-CHEESE,8.0,2021-10-28 09:17:27,,Tomato Sauce,,,,,0.0
16945,9,2,0.0,13.0,Toasted Roll,1,Kitchen,8.0,2,BACON-EGG-CHEESE,8.0,2021-10-27 08:57:41,,Tomato Sauce,,,,,0.0
16883,9,2,0.0,13.0,Toasted Roll,1,Kitchen,8.0,2,BACON-EGG-CHEESE,8.0,2021-10-25 08:56:25,,Tomato Sauce,,,,,0.0
16751,9,2,0.0,13.0,Toasted Roll,1,Kitchen,8.0,2,BACON-EGG-CHEESE,8.0,2021-10-20 11:37:00,,Tomato Sauce,,,,,0.0
16720,9,2,0.0,13.0,Toasted Roll,1,Kitchen,8.0,2,BACON-EGG-CHEESE,8.0,2021-10-19 09:58:04,,Tomato Sauce,,,,,0.0
16541,9,2,0.0,13.0,Toasted Roll,1,Kitchen,8.0,2,BACON-EGG-CHEESE,8.0,2021-10-13 10:24:52,,Tomato Sauce,,,,,0.0
16402,9,2,0.0,13.0,Toasted Roll,1,Kitchen,8.0,2,BACON-EGG-CHEESE,8.0,2021-10-08 10:08:02,,Tomato Sauce,,,,,0.0
16130,9,2,0.0,13.0,Toasted Roll,1,Kitchen,8.0,2,BACON-EGG-CHEESE,8.0,2021-09-29 11:24:24,,Tomato Sauce,,,,,0.0
16095,9,2,0.0,13.0,Toasted Roll,1,Kitchen,8.0,2,BACON-EGG-CHEESE,8.0,2021-09-28 09:36:41,,Tomato Sauce,,,,,0.0
16063,9,2,0.0,13.0,Toasted Roll,1,Kitchen,8.0,2,BACON-EGG-CHEESE,8.0,2021-09-27 10:17:36,,Tomato Sauce,,,,,0.0
15896,9,2,0.0,13.0,Toasted Roll,1,Kitchen,8.0,2,BACON-EGG-CHEESE,8.0,2021-09-22 07:50:06,,Tomato Sauce,,,,,0.0
15876,9,2,0.0,13.0,Toasted Roll,1,Kitchen,8.0,2,BACON-EGG-CHEESE,8.0,2021-09-21 10:23:23,,Tomato Sauce,,,,,0.0
15724,9,2,0.0,13.0,Toasted Roll,1,Kitchen,8.0,2,BACON-EGG-CHEESE,8.0,2021-09-16 11:22:46,,Tomato Sauce,,,,,0.0
15671,9,2,0.0,13.0,Toasted Roll,1,Kitchen,8.0,2,BACON-EGG-CHEESE,8.0,2021-09-14 10:05:50,,Tomato Sauce,,,,,0.0
15485,9,2,0.0,13.0,Toasted Roll,1,Kitchen,8.0,2,BACON-EGG-CHEESE,8.0,2021-09-08 10:28:22,,Tomato Sauce,,,,,0.0
15298,9,2,0.0,13.0,Toasted Roll,1,Kitchen,8.0,2,BACON-EGG-CHEESE,8.0,2021-09-02 08:46:17,,Tomato Sauce,,,,,0.0
14912,9,2,0.0,13.0,Toasted Roll,1,Kitchen,8.0,2,BACON-EGG-CHEESE,8.0,2021-08-20 07:24:57,,Tomato Sauce,,,,,0.0
14424,9,2,0.0,13.0,Toasted Roll,1,Kitchen,8.0,2,BACON-EGG-CHEESE,8.0,2021-07-31 11:06:52,,Tomato Sauce,,,,,0.0
14403,9,2,0.0,13.0,Toasted Roll,1,Kitchen,8.0,2,BACON-EGG-CHEESE,8.0,2021-07-30 10:17:33,,Tomato Sauce,,,,,0.0
14335,9,2,0.0,13.0,Toasted Roll,1,Kitchen,8.0,2,BACON-EGG-CHEESE,8.0,2021-07-27 12:01:40,,Tomato Sauce,,,,,0.0
14235,9,2,0.0,13.0,Toasted Roll,1,Kitchen,8.0,2,BACON-EGG-CHEESE,8.0,2021-07-24 08:17:07,,Tomato Sauce,,,,,0.0
13826,9,2,0.0,13.0,Toasted Roll,1,Kitchen,8.0,2,BACON-EGG-CHEESE,8.0,2021-07-06 12:09:19,,Tomato Sauce,,,,,0.0
13696,9,2,0.0,13.0,Toasted Roll,1,Kitchen,8.0,2,BACON-EGG-CHEESE,8.0,2021-06-30 09:25:46,,Tomato Sauce,,,,,0.0
13566,9,2,0.0,13.0,Toastie,1,Kitchen,8.0,2,HAM-CHEESE-TOMATO,8.0,2021-06-24 11:32:18,White,Tomato Sauce,,,,,0.0
13541,9,2,0.0,13.0,Toasted Roll,1,Kitchen,8.0,2,BACON-EGG-CHEESE,8.0,2021-06-23 09:55:42,,Tomato Sauce,,,,,0.0
13519,9,2,0.0,13.0,Toasted Roll,1,Kitchen,8.0,2,BACON-EGG-CHEESE,8.0,2021-06-22 10:13:55,,Tomato Sauce,,,,,0.0
13378,9,2,0.0,13.0,Toasted Roll,1,Kitchen,8.0,2,BACON-EGG-CHEESE,8.0,2021-06-17 08:26:47,,Tomato Sauce,,,,,0.0
13210,9,0,0.0,13.0,Toasted Roll,1,Kitchen,8.0,2,BACON-EGG-CHEESE,8.0,2021-06-11 08:24:37,,Tomato Sauce,,,,,0.0
13114,9,2,0.0,13.0,Toasted Roll,1,Kitchen,8.0,2,BACON-EGG-CHEESE,8.0,2021-06-07 10:59:24,,Tomato Sauce,,,,,0.0
13094,9,2,0.0,13.0,Toasted Roll,1,Kitchen,8.0,2,BACON-EGG-CHEESE,8.0,2021-06-06 13:27:04,,Tomato Sauce,,,,,0.0
12639,9,2,0.0,13.0,Toasted Roll,1,Kitchen,8.0,2,BACON-EGG-CHEESE,8.0,2021-05-20 09:09:31,,Tomato Sauce,,,,,0.0
12604,9,2,0.0,13.0,Toasted Roll,1,Kitchen,8.0,2,BACON-EGG-CHEESE,8.0,2021-05-18 09:49:12,,Tomato Sauce,,,,,0.0
12521,9,2,0.0,13.0,Toasted Roll,1,Kitchen,8.0,2,BACON-EGG-CHEESE,8.0,2021-05-14 11:39:36,,Tomato Sauce,,,,,0.0
12374,9,2,0.0,13.0,Toasted Roll,1,Kitchen,8.0,2,BACON-EGG-CHEESE,8.0,2021-05-09 08:19:30,,Tomato Sauce,,,,,0.0
12179,9,2,0.0,13.0,Toasted Roll,1,Kitchen,8.0,2,BACON-EGG-CHEESE,8.0,2021-05-01 08:00:22,,Tomato Sauce,,,,,0.0
12148,9,2,0.0,13.0,Toasted Roll,1,Kitchen,8.0,2,BACON-EGG-CHEESE,8.0,2021-04-29 09:29:37,,Tomato Sauce,,,,,0.0
12030,9,2,0.0,13.0,Toasted Roll,1,Kitchen,8.0,2,BACON-EGG-CHEESE,8.0,2021-04-24 12:59:09,,Tomato Sauce,,,,,0.0
12004,9,2,0.0,13.0,Toasted Roll,1,Kitchen,8.0,2,BACON-EGG-CHEESE,8.0,2021-04-23 08:57:55,,Tomato Sauce,,,,,0.0
11936,9,2,0.0,13.0,Toasted Roll,1,Kitchen,8.0,2,BACON-EGG-CHEESE,8.0,2021-04-20 08:16:38,,Tomato Sauce,,,,,0.0
11672,9,2,0.0,13.0,Toasted Roll,1,Kitchen,8.0,2,BACON-EGG-CHEESE,8.0,2021-04-08 08:33:52,,Tomato Sauce,,,,,0.0
11657,9,2,0.0,13.0,Toasted Roll,1,Kitchen,8.0,2,BACON-EGG-CHEESE,8.0,2021-04-07 09:04:23,,Tomato Sauce,,,,,0.0
11438,9,2,0.0,13.0,Toasted Roll,1,Kitchen,8.0,2,BACON-EGG-CHEESE,8.0,2021-03-27 13:47:08,,Tomato Sauce,,,,,0.0
11292,9,2,0.0,13.0,Toasted Roll,1,Kitchen,8.0,2,BACON-EGG-CHEESE,8.0,2021-03-20 11:40:14,,Tomato Sauce,,,,,0.0
11270,9,2,0.0,13.0,Toasted Roll,1,Kitchen,8.0,2,BACON-EGG-CHEESE,8.0,2021-03-19 09:16:57,,Tomato Sauce,,,,,0.0
11053,9,2,0.0,13.0,Toasted Roll,1,Kitchen,8.0,2,BACON-EGG-CHEESE,8.0,2021-03-09 11:39:51,,Tomato Sauce,,,,,0.0
10969,9,2,0.0,13.0,Toasted Roll,1,Kitchen,8.0,2,BACON-EGG-CHEESE,8.0,2021-03-04 10:50:58,,Tomato Sauce,,,,,0.0
10937,9,2,0.0,13.0,Toasted Roll,1,Kitchen,8.0,2,BACON-EGG-CHEESE,8.0,2021-03-03 08:20:19,,Tomato Sauce,,,,,0.0
10911,9,2,0.0,13.0,Toasted Roll,1,Kitchen,8.0,2,BACON-EGG-CHEESE,8.0,2021-03-01 09:49:58,,Tomato Sauce,,,,,0.0
10850,9,2,0.0,13.0,Toasted Roll,1,Kitchen,8.0,2,BACON-EGG-CHEESE,8.0,2021-02-26 09:01:18,,Tomato Sauce,,,,,0.0
10329,9,2,0.0,13.0,Toasted Roll,1,Kitchen,8.0,2,BACON-EGG-CHEESE,8.0,2021-01-31 09:51:24,,Tomato Sauce,,,,,0.0
10244,9,2,0.0,13.0,Toasted Roll,1,Kitchen,8.0,2,BACON-EGG-CHEESE,8.0,2021-01-27 09:30:49,,Tomato Sauce,,,,,0.0
10152,9,2,0.0,13.0,Toasted Roll,1,Kitchen,8.0,2,BACON-EGG-CHEESE,8.0,2021-01-21 08:31:36,,Tomato Sauce,,,,,0.0
10123,9,2,0.0,13.0,Toasted Roll,1,Kitchen,8.0,2,BACON-EGG-CHEESE,8.0,2021-01-19 11:00:05,,Tomato Sauce,,,,,0.0
10033,9,2,0.0,13.0,Toasted Roll,1,Kitchen,8.0,2,BACON-EGG-CHEESE,8.0,2021-01-15 09:16:06,,Tomato Sauce,,,,,0.0
9905,9,2,0.0,13.0,Toasted Roll,1,Kitchen,8.0,2,BACON-EGG-CHEESE,8.0,2021-01-08 08:39:48,,Tomato Sauce,,,,,0.0
9862,9,2,0.0,13.0,Toasted Roll,1,Kitchen,8.0,2,BACON-EGG-CHEESE,8.0,2021-01-06 08:32:14,,Tomato Sauce,,,,,0.0
9770,9,2,0.0,13.0,Toasted Roll,1,Kitchen,8.0,2,BACON-EGG-CHEESE,8.0,2020-12-24 07:22:26,,Tomato Sauce,,,,,0.0
9761,9,2,0.0,13.0,Toasted Roll,1,Kitchen,8.0,2,BACON-EGG-CHEESE,8.0,2020-12-23 08:40:16,,Tomato Sauce,,,,,0.0
9576,9,2,0.0,13.0,Toasted Roll,1,Kitchen,8.0,2,BACON-EGG-CHEESE,8.0,2020-12-14 11:10:53,,Tomato Sauce,,,,,0.0
9531,9,2,0.0,13.0,Toasted Roll,1,Kitchen,8.0,2,BACON-EGG-CHEESE,8.0,2020-12-12 10:40:10,,Tomato Sauce,,,,,0.0
9434,9,2,0.0,13.0,Toasted Roll,1,Kitchen,8.0,2,BACON-EGG-CHEESE,8.0,2020-12-08 11:39:08,,Tomato Sauce,,,,,0.0
9249,9,2,0.0,13.0,Toasted Roll,1,Kitchen,8.0,2,BACON-EGG-CHEESE,8.0,2020-12-01 09:07:05,,Tomato Sauce,,,,,0.0
9091,9,2,0.0,13.0,Toasted Roll,1,Kitchen,8.0,2,BACON-EGG-CHEESE,8.0,2020-11-24 10:26:52,,Tomato Sauce,,,,,0.0
9016,9,2,0.0,13.0,Toasted Roll,1,Kitchen,8.0,2,BACON-EGG-CHEESE,8.0,2020-11-22 07:52:36,,Tomato Sauce,,,,,0.0
8916,9,2,0.0,13.0,Toasted Roll,1,Kitchen,8.0,2,BACON-EGG-CHEESE,8.0,2020-11-16 10:53:13,,Tomato Sauce,,,,,0.0
8767,9,2,0.0,13.0,Toasted Roll,1,Kitchen,8.0,2,BACON-EGG-CHEESE,8.0,2020-11-10 10:41:28,,Tomato Sauce,,,,,0.0
8690,9,2,0.0,13.0,Toasted Roll,1,Kitchen,8.0,2,BACON-EGG-CHEESE,8.0,2020-11-07 09:34:28,,Tomato Sauce,,,,,0.0
8201,9,2,0.0,13.0,Toasted Roll,1,Kitchen,8.0,2,BACON-EGG-CHEESE,8.0,2020-10-20 11:16:23,,Tomato Sauce,,,,,0.0
8158,9,2,0.0,13.0,Toasted Roll,1,Kitchen,8.0,2,BACON-EGG-CHEESE,8.0,2020-10-19 10:21:15,,Tomato Sauce,,,,,0.0
7979,9,2,0.0,13.0,Toasted Roll,1,Kitchen,8.0,2,BACON-EGG-CHEESE,8.0,2020-10-14 08:06:14,,Tomato Sauce,,,,,0.0
7671,9,2,0.0,13.0,Toasted Roll,1,Kitchen,8.0,2,BACON-EGG-CHEESE,8.0,2020-10-02 09:16:53,,Tomato Sauce,,,,,0.0
7313,9,2,0.0,13.0,Toasted Roll,1,Kitchen,8.0,2,BACON-EGG-CHEESE,8.0,2020-09-19 08:00:27,,Tomato Sauce,,,,,0.0
6881,9,2,0.0,13.0,Toasted Roll,1,Kitchen,8.0,2,BACON-EGG-CHEESE,8.0,2020-09-03 07:42:31,,Tomato Sauce,,,,,0.0
6052,9,2,0.0,13.0,Toasted Roll,1,Kitchen,8.0,2,BACON-EGG-CHEESE,8.0,2020-07-29 09:36:03,,Tomato Sauce,,,,,0.0
5354,9,2,0.0,13.0,Toasted Roll,1,Kitchen,8.0,2,BACON-EGG-CHEESE,8.0,2020-06-19 08:18:30,,Tomato Sauce,,,,,0.0
5317,9,2,0.0,13.0,Toasted Roll,1,Kitchen,8.0,2,BACON-EGG-CHEESE,8.0,2020-06-16 10:40:16,,Tomato Sauce,,,,,0.0
4890,9,2,0.0,13.0,Toasted Roll,1,Kitchen,8.0,2,BACON-EGG-CHEESE,8.0,2020-05-15 11:01:50,,Tomato Sauce,,,,,0.0
4873,9,2,0.0,13.0,Toasted Roll,1,Kitchen,8.0,2,BACON-EGG-CHEESE,8.0,2020-05-14 11:25:15,,Tomato Sauce,,,,,0.0
4783,9,10,0.0,13.0,Toasted Roll,1,Kitchen,8.0,2,BACON-EGG-CHEESE,8.0,2020-05-07 10:19:12,,Tomato Sauce,,,,,0.0
4773,9,10,0.0,13.0,Toasted Roll,1,Kitchen,8.0,2,BACON-EGG-CHEESE,8.0,2020-05-06 11:47:39,,Tomato Sauce,,,,,0.0
4672,9,2,0.0,13.0,Toasted Roll,1,Kitchen,8.0,2,BACON-EGG-CHEESE,8.0,2020-04-28 11:32:23,,Tomato Sauce,,,,,0.0
4635,9,2,0.0,13.0,Toasted Roll,1,Kitchen,8.0,2,BACON-EGG-CHEESE,8.0,2020-04-25 12:17:29,,Tomato Sauce,,,,,0.0
4611,9,2,0.0,13.0,Toasted Roll,1,Kitchen,8.0,2,BACON-EGG-CHEESE,8.0,2020-04-23 11:02:36,,Tomato Sauce,,,,,0.0
4600,9,2,0.0,13.0,Toasted Roll,1,Kitchen,8.0,2,BACON-EGG-CHEESE,8.0,2020-04-22 10:51:15,,Tomato Sauce,,,,,0.0
4411,9,10,0.0,13.0,Toasted Roll,1,Kitchen,8.0,2,BACON-EGG-CHEESE,8.0,2020-03-23 12:05:43,,Tomato Sauce,,,,,0.0
4345,9,10,0.0,13.0,Toasted Roll,1,Kitchen,8.0,2,BACON-EGG-CHEESE,8.0,2020-03-13 08:56:14,,Tomato Sauce,,,,,0.0
4312,9,10,0.0,13.0,Toasted Roll,1,Kitchen,8.0,2,BACON-EGG-CHEESE,8.0,2020-03-07 09:06:16,,Tomato Sauce,,,,,0.0
4308,9,10,0.0,13.0,Toasted Roll,1,Kitchen,8.0,2,BACON-EGG-CHEESE,8.0,2020-03-06 10:31:24,,Tomato Sauce,,,,,0.0
4266,9,2,0.0,13.0,Toasted Roll,1,Kitchen,8.0,2,BACON-EGG-CHEESE,8.0,2020-02-27 06:54:19,,Tomato Sauce,,,,,0.0
4109,9,2,0.0,13.0,Toasted Roll,1,Kitchen,8.0,2,BACON-EGG-CHEESE,8.0,2020-01-25 08:40:00,,Tomato Sauce,,,,,0.0
4107,9,2,0.0,13.0,Toasted Roll,1,Kitchen,8.0,2,BACON-EGG-CHEESE,8.0,2020-01-24 11:03:00,,Tomato Sauce,,,,,0.0
4093,9,2,0.0,13.0,Toasted Roll,1,Kitchen,8.0,2,BACON-EGG-CHEESE,8.0,2020-01-22 11:30:44,,Tomato Sauce,,,,,0.0
4089,9,2,0.0,13.0,Toasted Roll,1,Kitchen,8.0,2,BACON-EGG-CHEESE,8.0,2020-01-21 11:17:56,,Tomato Sauce,,,,,0.0
4075,9,2,0.0,13.0,Toasted Roll,1,Kitchen,8.0,2,BACON-EGG-CHEESE,8.0,2020-01-17 10:09:01,,Tomato Sauce,,,,,0.0
3997,9,2,0.0,13.0,Toasted Roll,1,Kitchen,8.0,2,BACON-EGG-CHEESE,8.0,2019-12-17 10:53:50,,Tomato Sauce,,,,,0.0
3990,9,2,0.0,13.0,Toasted Roll,1,Kitchen,8.0,2,BACON-EGG-CHEESE,8.0,2019-12-16 07:29:23,,Tomato Sauce,,,,,0.0
3987,9,10,0.0,13.0,Toasted Roll,1,Kitchen,8.0,2,BACON-EGG-CHEESE,8.0,2019-12-14 11:18:10,,Tomato Sauce,,,,,0.0
3981,9,10,0.0,13.0,Toasted Roll,1,Kitchen,8.0,2,BACON-EGG-CHEESE,8.0,2019-12-13 09:43:26,,Tomato Sauce,,,,,0.0
3973,9,10,0.0,13.0,Toasted Roll,1,Kitchen,8.0,2,BACON-EGG-CHEESE,8.0,2019-12-12 08:05:46,,Tomato Sauce,,,,,0.0
3961,9,10,0.0,13.0,Toasted Roll,1,Kitchen,8.0,2,BACON-EGG-CHEESE,8.0,2019-12-10 10:04:04,,Tomato Sauce,,,,,0.0
3918,9,2,0.0,13.0,Toasted Roll,1,Kitchen,8.0,2,BACON-EGG-CHEESE,8.0,2019-11-30 10:37:44,,Tomato Sauce,,,,,0.0
3910,9,2,0.0,13.0,Toasted Roll,1,Kitchen,8.0,2,BACON-EGG-CHEESE,8.0,2019-11-28 10:37:49,,Tomato Sauce,,,,,0.0
3808,9,2,0.0,13.0,Toasted Roll,1,Kitchen,8.0,2,BACON-EGG-CHEESE,8.0,2019-11-09 11:24:40,,Tomato Sauce,,,,,0.0
3780,9,2,0.0,13.0,Toastie,1,Kitchen,8.0,2,HAM-CHEESE-TOMATO,8.0,2019-11-04 09:54:56,White,Tomato Sauce,,,,,0.0
3757,9,2,0.0,13.0,Toasted Roll,1,Kitchen,8.0,2,BACON-EGG-CHEESE,8.0,2019-10-28 11:33:24,,Tomato Sauce,,,,,0.0
3745,9,2,0.0,13.0,Toasted Roll,1,Kitchen,8.0,2,BACON-EGG-CHEESE,8.0,2019-10-26 09:25:44,,Tomato Sauce,,,,,0.0
3741,9,2,0.0,13.0,Toasted Roll,1,Kitchen,8.0,2,BACON-EGG-CHEESE,8.0,2019-10-25 11:22:07,,Tomato Sauce,,,,,0.0
3723,9,2,0.0,13.0,Toasted Roll,1,Kitchen,8.0,2,BACON-EGG-CHEESE,8.0,2019-10-22 10:43:49,,Tomato Sauce,,,,,0.0
3714,9,2,0.0,13.0,Toasted Roll,1,Kitchen,8.0,2,BACON-EGG-CHEESE,8.0,2019-10-19 09:15:05,,Tomato Sauce,,,,,0.0
3710,9,2,0.0,13.0,Toasted Roll,1,Kitchen,8.0,2,BACON-EGG-CHEESE,8.0,2019-10-18 10:32:15,,Tomato Sauce,,,,,0.0
3689,9,2,0.0,13.0,Toasted Roll,1,Kitchen,8.0,2,BACON-EGG-CHEESE,8.0,2019-10-14 11:50:11,,Tomato Sauce,,,,,0.0
3672,9,10,0.0,13.0,Toasted Roll,1,Kitchen,8.0,2,BACON-EGG-CHEESE,8.0,2019-10-10 09:55:08,,Tomato Sauce,,,,,0.0
3664,9,10,0.0,13.0,Toasted Roll,1,Kitchen,8.0,2,BACON-EGG-CHEESE,8.0,2019-10-09 10:42:54,,Tomato Sauce,,,,,0.0
3645,9,10,0.0,13.0,Toasted Roll,1,Kitchen,8.0,2,BACON-EGG-CHEESE,8.0,2019-10-04 10:40:13,,Tomato Sauce,,,,,0.0
3639,9,10,0.0,13.0,Toasted Roll,1,Kitchen,8.0,2,BACON-EGG-CHEESE,8.0,2019-10-03 12:40:52,,Tomato Sauce,,,,,0.0
3633,9,2,0.0,13.0,Toasted Roll,1,Kitchen,8.0,2,BACON-EGG-CHEESE,8.0,2019-10-02 09:54:41,,Tomato Sauce,,,,,0.0
3545,9,10,0.0,13.0,Toasted Roll,1,Kitchen,8.0,2,BACON-EGG-CHEESE,8.0,2019-09-06 10:45:40,,Tomato Sauce,,,,,0.0
3539,9,10,0.0,13.0,Toasted Roll,1,Kitchen,8.0,2,BACON-EGG-CHEESE,8.0,2019-09-02 11:13:09,,Tomato Sauce,,,,,0.0
3533,9,2,0.0,13.0,Toasted Roll,1,Kitchen,8.0,2,BACON-EGG-CHEESE,8.0,2019-08-31 09:54:03,,Tomato Sauce,,,,,0.0
3509,9,2,0.0,13.0,Toasted Roll,1,Kitchen,8.0,2,BACON-EGG-CHEESE,8.0,2019-08-24 11:49:34,,Tomato Sauce,,,,,0.0
3368,9,10,0.0,13.0,Toasted Roll,1,Kitchen,8.0,2,BACON-EGG-CHEESE,8.0,2019-06-30 09:28:30,,Tomato Sauce,,,,,0.0
3360,9,2,0.0,13.0,Toasted Roll,1,Kitchen,8.0,2,BACON-EGG-CHEESE,8.0,2019-06-26 10:01:53,,Tomato Sauce,,,,,0.0
3350,9,10,0.0,13.0,Toasted Roll,1,Kitchen,8.0,2,BACON-EGG-CHEESE,8.0,2019-06-21 10:24:11,,Tomato Sauce,,,,,0.0
3343,9,10,0.0,13.0,Toasted Roll,1,Kitchen,8.0,2,BACON-EGG-CHEESE,8.0,2019-06-15 10:28:42,,Tomato Sauce,,,,,0.0
3341,9,10,0.0,13.0,Toasted Roll,1,Kitchen,8.0,2,BACON-EGG-CHEESE,8.0,2019-06-13 09:35:07,,Tomato Sauce,,,,,0.0
3335,9,10,0.0,13.0,Toasted Roll,1,Kitchen,8.0,2,BACON-EGG-CHEESE,8.0,2019-06-07 09:18:22,,Tomato Sauce,,,,,0.0
3334,9,10,0.0,13.0,Toasted Roll,1,Kitchen,8.0,2,BACON-EGG-CHEESE,8.0,2019-06-06 09:00:00,,Tomato Sauce,,,,,0.0
10566,11,2,0.0,13.0,Toastie,1,Kitchen,8.0,2,BACON-EGG-CHEESE,8.0,2021-02-12 06:02:51,White,"Tomato Sauce, Salt and Pepper",,,,,0.0
20652,13,2,0.0,13.0,Toasted Roll,1,Kitchen,8.0,2,BACON-EGG-CHEESE,8.0,2022-04-02 08:15:16,,"Tomato Sauce, Salt and Pepper",,,,,0.0
20465,13,2,0.0,13.0,Toasted Roll,1,Kitchen,8.0,2,BACON-EGG-CHEESE,8.0,2022-03-26 08:14:19,,"Tomato Sauce, Salt and Pepper",,,,,0.0
19882,13,2,0.0,13.0,Toastie,1,Kitchen,8.0,2,BACON-EGG-CHEESE,8.0,2022-03-04 05:55:08,White,"Tomato Sauce, Salt and Pepper",,,,,0.0
19497,13,2,0.0,13.0,Toasted Roll,1,Kitchen,8.0,2,BACON-EGG-CHEESE,8.0,2022-02-18 05:56:07,,"Tomato Sauce, Salt and Pepper",,,,,0.0
19283,13,2,0.0,13.0,Toasted Roll,1,Kitchen,8.0,2,BACON-EGG-CHEESE,8.0,2022-02-10 05:58:43,,"Tomato Sauce, Salt and Pepper",,,,,0.0
19169,13,2,0.0,13.0,Toasted Roll,1,Kitchen,8.0,2,BACON-EGG-CHEESE,8.0,2022-02-05 08:02:50,,"Tomato Sauce, Salt and Pepper",,,,,0.0
17436,13,2,0.0,13.0,Toasted Roll,1,Kitchen,8.0,2,BACON-EGG-CHEESE,8.0,2021-11-14 08:34:55,,"Tomato Sauce, Salt and Pepper",,,,,0.0
11713,13,2,0.0,13.0,Toastie,1,Kitchen,8.0,2,BACON-EGG-CHEESE,8.0,2021-04-10 08:35:15,White,"Tomato Sauce, Salt and Pepper",,,,,0.0
11399,13,2,0.0,13.0,Toasted Roll,1,Kitchen,8.0,2,BACON-EGG-CHEESE,8.0,2021-03-26 06:13:57,,"Tomato Sauce, Salt and Pepper",,,,,0.0
11105,13,2,0.0,13.0,Toastie,1,Kitchen,8.0,2,BACON-EGG-CHEESE,8.0,2021-03-12 05:56:56,White,"Tomato Sauce, Salt and Pepper",,,,,0.0
10976,13,2,0.0,13.0,Toastie,1,Kitchen,8.0,2,BACON-EGG-CHEESE,8.0,2021-03-05 07:47:02,White,"Tomato Sauce, Salt and Pepper",,,,,0.0
10864,13,2,0.0,13.0,Toastie,1,Kitchen,8.0,2,BACON-EGG-CHEESE,8.0,2021-02-27 08:12:56,White,"Tomato Sauce, Salt and Pepper",,,,,0.0
10430,13,2,0.0,13.0,Toastie,1,Kitchen,8.0,2,BACON-EGG-CHEESE,8.0,2021-02-05 06:05:59,White,"Tomato Sauce, Salt and Pepper",,,,,0.0
10162,13,2,0.0,13.0,Toastie,1,Kitchen,8.0,2,BACON-EGG-CHEESE,8.0,2021-01-22 06:13:17,White,"Tomato Sauce, Salt and Pepper",,,,,0.0
9838,13,2,0.0,13.0,Toastie,1,Kitchen,8.0,2,BACON-EGG-CHEESE,8.0,2021-01-05 07:40:17,White,"Tomato Sauce, Salt and Pepper",,,,,0.0
9738,13,2,0.0,13.0,Toastie,1,Kitchen,8.0,2,BACON-EGG-CHEESE,8.0,2020-12-22 08:07:08,White,"Tomato Sauce, Salt and Pepper",,,,,0.0
9643,13,2,0.0,13.0,Toastie,1,Kitchen,8.0,2,HAM-CHEESE-TOMATO,8.0,2020-12-18 05:58:02,White,Salt and Pepper,,,,,0.0
9489,13,2,0.0,13.0,Toastie,1,Kitchen,8.0,2,BACON-EGG-CHEESE,8.0,2020-12-11 06:08:09,White,Tomato Sauce,,,,,0.0
9142,13,2,0.0,13.0,Toastie,1,Kitchen,8.0,2,BACON-EGG-CHEESE,8.0,2020-11-27 06:22:46,White,"Tomato Sauce, Salt and Pepper",,,,,0.0
8828,13,2,0.0,13.0,Toasted Roll,1,Kitchen,8.0,2,BACON-EGG-CHEESE,8.0,2020-11-13 05:57:00,,"Tomato Sauce, Salt and Pepper",,,,,0.0
8676,13,2,0.0,13.0,Toasted Roll,1,Kitchen,8.0,2,BACON-EGG-CHEESE,8.0,2020-11-07 07:04:35,,"Tomato Sauce, Salt and Pepper",,,,,0.0
8033,13,2,0.0,13.0,Toasted Roll,1,Kitchen,8.0,2,BACON-EGG-CHEESE,8.0,2020-10-16 06:01:53,,"Tomato Sauce, Salt and Pepper",,,,,0.0
7658,13,2,0.0,13.0,Toasted Roll,1,Kitchen,8.0,2,BACON-EGG-CHEESE,8.0,2020-10-02 06:01:01,,"Tomato Sauce, Salt and Pepper",,,,,0.0
7278,13,2,0.0,13.0,Toasted Roll,1,Kitchen,8.0,2,BACON-EGG-CHEESE,8.0,2020-09-18 05:59:21,,"Tomato Sauce, Salt and Pepper",,,,,0.0
6231,13,2,0.0,13.0,Toasted Roll,1,Kitchen,8.0,2,BACON-EGG-CHEESE,8.0,2020-08-07 05:58:04,,Tomato Sauce,,,,,0.0
18524,275,0,0.0,13.0,Toastie,1,Kitchen,7.0,2,BACON-EGG,7.0,2022-01-08 07:00:00,Multigrain,Tomato Sauce,,,,,0.0
18312,275,2,0.0,13.0,Toastie,1,Kitchen,7.0,2,BACON-EGG,7.0,2021-12-17 06:44:13,Multigrain,Tomato Sauce,,,,,0.0
18216,275,2,0.0,13.0,Toasted Roll,1,Kitchen,7.0,2,BACON-EGG,7.0,2021-12-13 06:23:29,,Tomato Sauce,,,,,0.0
18025,275,2,0.0,13.0,Toastie,1,Kitchen,7.0,2,BACON-EGG,7.0,2021-12-06 07:54:01,Multigrain,Tomato Sauce,,,,,0.0
17666,275,2,0.0,13.0,Toastie,1,Kitchen,7.0,2,BACON-EGG,7.0,2021-11-22 08:02:33,Multigrain,Tomato Sauce,,,,,0.0
17608,275,2,0.0,13.0,Toasted Roll,1,Kitchen,7.0,2,BACON-EGG,7.0,2021-11-20 07:38:10,,Tomato Sauce,,,,,0.0
16389,275,2,0.0,13.0,Toasted Roll,1,Kitchen,7.0,2,BACON-EGG,7.0,2021-10-08 07:30:51,,Tomato Sauce,,,,,0.0
15289,275,2,0.0,13.0,Toastie,1,Kitchen,7.0,2,BACON-EGG,7.0,2021-09-02 06:11:58,Multigrain,Tomato Sauce,,,,,0.0
12752,275,2,0.0,13.0,Toastie,1,Kitchen,7.0,2,BACON-EGG,7.0,2021-05-25 08:34:55,Multigrain,Tomato Sauce,,,,,0.0
11651,275,2,0.0,13.0,Toasted Roll,1,Kitchen,7.0,2,BACON-EGG,7.0,2021-04-07 07:04:18,,Tomato Sauce,,,,,0.0
11112,275,2,0.0,13.0,Toastie,1,Kitchen,7.0,2,BACON-EGG,7.0,2021-03-12 07:28:26,Multigrain,Tomato Sauce,,,,,0.0
10960,275,2,0.0,13.0,Toasted Roll,1,Kitchen,7.0,2,BACON-EGG,7.0,2021-03-04 07:47:33,,Tomato Sauce,,,,,0.0
10143,275,2,0.0,13.0,Toasted Roll,1,Kitchen,7.0,2,BACON-EGG,7.0,2021-01-21 06:50:49,,Tomato Sauce,,,,,0.0
9660,275,2,0.0,13.0,Toastie,1,Kitchen,7.0,2,BACON-EGG,7.0,2020-12-19 07:59:05,Multigrain,Tomato Sauce,,,,,0.0
9604,275,2,0.0,13.0,Toasted Roll,1,Kitchen,7.0,2,BACON-EGG,7.0,2020-12-16 08:22:57,,Tomato Sauce,,,,,0.0
9467,275,2,0.0,13.0,Toasted Roll,1,Kitchen,7.0,2,BACON-EGG,7.0,2020-12-10 07:15:53,,Tomato Sauce,,,,,0.0
9223,275,2,0.0,13.0,Toastie,1,Kitchen,7.0,2,BACON-EGG,7.0,2020-11-30 07:54:48,Multigrain,Tomato Sauce,,,,,0.0
9174,275,2,0.0,13.0,Toasted Roll,1,Kitchen,7.0,2,BACON-EGG,7.0,2020-11-28 09:10:46,,Tomato Sauce,,,,,0.0
9045,275,2,0.0,13.0,Toasted Roll,1,Kitchen,7.0,2,BACON-EGG,7.0,2020-11-23 07:12:27,,Tomato Sauce,,,,,0.0
8681,275,2,0.0,13.0,Toasted Roll,1,Kitchen,7.0,2,BACON-EGG,7.0,2020-11-07 07:22:43,,Tomato Sauce,,,,,0.0
7927,275,2,0.0,13.0,Toasted Roll,1,Kitchen,7.0,2,BACON-EGG,7.0,2020-10-12 09:48:52,,Tomato Sauce,,,,,0.0
7253,275,2,0.0,13.0,Toastie,1,Kitchen,7.0,2,BACON-EGG,7.0,2020-09-17 06:02:40,White,Tomato Sauce,,,,,0.0
7184,275,2,0.0,13.0,Toasted Roll,1,Kitchen,7.0,2,BACON-EGG,7.0,2020-09-14 08:32:35,,Tomato Sauce,,,,,0.0
23750,276,2,0.0,13.0,Toasted Roll,1,Kitchen,8.0,2,BACON-EGG-CHEESE,8.0,2022-07-29 06:17:14,,BBQ Sauce,,,,,0.0
23720,276,2,0.0,13.0,Toasted Roll,1,Kitchen,8.0,2,BACON-EGG-CHEESE,8.0,2022-07-28 06:16:17,,BBQ Sauce,,,,,0.0
23695,276,2,0.0,13.0,Toasted Roll,1,Kitchen,8.0,2,BACON-EGG-CHEESE,8.0,2022-07-27 06:17:36,,BBQ Sauce,,,,,0.0
18026,276,2,0.0,13.0,Toasted Roll,1,Kitchen,8.0,2,BACON-EGG-CHEESE,8.0,2021-12-06 07:54:03,,BBQ Sauce,,,,,0.0
17124,276,2,0.0,13.0,Toasted Roll,1,Kitchen,8.0,2,BACON-EGG-CHEESE,8.0,2021-11-03 07:44:54,,BBQ Sauce,,,,,0.0
16186,276,2,0.0,13.0,Toasted Roll,1,Kitchen,8.0,2,BACON-EGG-CHEESE,8.0,2021-10-01 09:10:44,,BBQ Sauce,,,,,0.0
14239,276,2,0.0,13.0,Toasted Roll,1,Kitchen,8.0,2,BACON-EGG-CHEESE,8.0,2021-07-24 08:39:57,,BBQ Sauce,,,,,0.0
11595,276,2,0.0,13.0,Toasted Roll,1,Kitchen,8.0,2,BACON-EGG-CHEESE,8.0,2021-04-03 08:50:59,,BBQ Sauce,,,,,0.0
11162,276,2,0.0,13.0,Toasted Roll,1,Kitchen,8.0,2,BACON-EGG-CHEESE,8.0,2021-03-14 08:39:51,,BBQ Sauce,,,,,0.0
11142,276,2,0.0,13.0,Toasted Roll,1,Kitchen,8.0,2,BACON-EGG-CHEESE,8.0,2021-03-13 08:48:09,,BBQ Sauce,,,,,0.0
10637,276,2,0.0,13.0,Toasted Roll,1,Kitchen,8.0,2,BACON-EGG-CHEESE,8.0,2021-02-15 09:10:27,,BBQ Sauce,,,,,0.0
8609,276,2,0.0,13.0,Toasted Roll,1,Kitchen,8.0,2,BACON-EGG-CHEESE,8.0,2020-11-04 07:55:02,,BBQ Sauce,,,,,0.0
7923,276,2,0.0,13.0,Toasted Roll,1,Kitchen,8.0,2,BACON-EGG-CHEESE,8.0,2020-10-12 09:00:34,,BBQ Sauce,,,,,0.0
7560,276,2,0.0,13.0,Toasted Roll,1,Kitchen,8.0,2,BACON-EGG-CHEESE,8.0,2020-09-28 07:35:00,,BBQ Sauce,,,,,0.0
7483,276,2,0.0,13.0,Toasted Roll,1,Kitchen,8.0,2,BACON-EGG-CHEESE,8.0,2020-09-25 08:49:53,,BBQ Sauce,,,,,0.0
6404,276,2,0.0,13.0,Toasted Roll,1,Kitchen,8.0,2,BACON-EGG-CHEESE,8.0,2020-08-14 07:51:37,,BBQ Sauce,,,,,0.0
3376,22,10,0.0,13.0,Toasted Roll,1,Kitchen,8.0,2,BACON-EGG-CHEESE,8.0,2019-07-07 09:15:00,,"Tomato Sauce, Salt and Pepper",,,,,0.0
3369,22,10,0.0,13.0,Toasted Roll,1,Kitchen,8.0,2,BACON-EGG-CHEESE,8.0,2019-06-30 10:00:00,,"Tomato Sauce, Salt and Pepper",,,,,0.0
11796,44,2,0.0,13.0,Toastie,1,Kitchen,8.0,2,BACON-EGG-CHEESE,8.0,2021-04-14 07:17:58,White,Tomato Sauce,,,,,0.0
11493,44,2,0.0,13.0,Toastie,1,Kitchen,8.0,2,BACON-EGG-CHEESE,8.0,2021-03-30 07:15:31,White,Tomato Sauce,,,,,0.0
22002,305,2,0.0,13.0,Toasted Roll,1,Kitchen,8.0,2,BACON-EGG-CHEESE,8.0,2022-05-24 07:45:00,,Salt and Pepper,,,,,0.0
13503,305,2,0.0,13.0,Toastie,1,Kitchen,8.0,2,CHEESE-TOMATO,7.0,2021-06-22 07:45:00,Sourdough,Salt and Pepper,,,,,1.0
9913,570,2,0.0,13.0,Toastie,1,Kitchen,7.0,2,CHEESE-TOMATO,7.0,2021-01-08 13:45:00,White,Tomato Sauce,,,,,0.0
9515,570,2,0.0,13.0,Toastie,1,Kitchen,7.0,2,CHEESE-TOMATO,7.0,2020-12-11 14:15:00,White,Tomato Sauce,,,,,0.0
23264,77,2,0.0,13.0,Toasted Roll,1,Kitchen,8.0,2,BACON-EGG-CHEESE,8.0,2022-07-10 10:04:58,,Tomato Sauce,,,,,0.0
23003,77,2,0.0,13.0,Toasted Roll,1,Kitchen,8.0,2,BACON-EGG-CHEESE,8.0,2022-06-30 09:21:33,,Tomato Sauce,,,,,0.0
22439,77,2,0.0,13.0,Toasted Roll,1,Kitchen,8.0,2,BACON-EGG-CHEESE,8.0,2022-06-08 07:45:00,,"Tomato Sauce, Salt and Pepper",,,,,0.0
21670,77,2,0.0,13.0,Toasted Roll,1,Kitchen,8.0,2,BACON-EGG-CHEESE,8.0,2022-05-11 07:45:00,,"Tomato Sauce, Salt and Pepper",,,,,0.0
15506,77,2,0.0,13.0,Toasted Roll,1,Kitchen,8.0,2,BACON-EGG-CHEESE,8.0,2021-09-09 08:54:20,,"Tomato Sauce, Salt and Pepper",,,,,0.0
15119,77,2,0.0,13.0,Toastie,1,Kitchen,8.0,2,BACON-EGG-CHEESE,8.0,2021-08-27 07:15:00,Multigrain,Tomato Sauce,,,,,0.0
15004,77,2,0.0,13.0,Toastie,1,Kitchen,8.0,2,BACON-EGG-CHEESE,8.0,2021-08-23 07:15:00,Multigrain,Tomato Sauce,,,,,0.0
13662,77,2,0.0,13.0,Toasted Roll,1,Kitchen,8.0,2,BACON-EGG-CHEESE,8.0,2021-06-29 07:15:00,,Tomato Sauce,,,,,0.0
10144,77,2,0.0,13.0,Toasted Roll,1,Kitchen,8.0,2,BACON-EGG-CHEESE,8.0,2021-01-21 07:15:00,,"Tomato Sauce, Salt and Pepper",,,,,0.0
4027,77,2,0.0,13.0,Toasted Roll,1,Kitchen,8.0,2,BACON-EGG-CHEESE,8.0,2020-01-06 07:23:02,,"Tomato Sauce, Salt and Pepper",,,,,0.0
3953,77,10,0.0,13.0,Toastie,1,Kitchen,8.0,2,BACON-EGG-CHEESE,8.0,2019-12-09 06:45:00,Multigrain,Tomato Sauce,,,,,0.0
9485,590,2,0.0,13.0,Toasted Roll,1,Kitchen,8.0,2,BACON-EGG-CHEESE,8.0,2020-12-10 09:43:38,,Tomato Sauce,,,,,0.0
7100,80,2,0.0,13.0,Toasted Roll,1,Kitchen,8.0,2,BACON-EGG-CHEESE,8.0,2020-09-11 07:59:13,,"BBQ Sauce, Salt and Pepper",,,,,0.0
7074,80,2,0.0,13.0,Toasted Roll,1,Kitchen,8.0,2,BACON-EGG-CHEESE,8.0,2020-09-10 08:02:25,,"BBQ Sauce, Salt and Pepper",,,,,0.0
6530,80,2,0.0,13.0,Toasted Roll,1,Kitchen,8.0,2,BACON-EGG-CHEESE,8.0,2020-08-20 08:15:34,,BBQ Sauce,,,,,0.0
4991,80,10,0.0,13.0,Toastie,1,Kitchen,8.0,2,HAM-CHEESE-TOMATO,8.0,2020-05-22 07:49:58,Multigrain,Salt and Pepper,,,,,0.0
23582,862,2,0.0,13.0,Toastie,1,Kitchen,8.0,2,HAM-CHEESE-TOMATO,8.0,2022-07-23 09:25:06,Multigrain,Tomato Sauce,,,,,0.0
19930,862,2,0.0,13.0,Toastie,1,Kitchen,8.0,2,HAM-CHEESE-TOMATO,8.0,2022-03-05 08:04:29,Multigrain,Tomato Sauce,,,,,0.0
17806,862,2,0.0,13.0,Toastie,1,Kitchen,8.0,2,HAM-CHEESE-TOMATO,8.0,2021-11-27 09:18:02,White,Tomato Sauce,,,,,0.0
16218,862,2,0.0,13.0,Toastie,1,Kitchen,8.0,2,HAM-CHEESE-TOMATO,8.0,2021-10-02 09:16:49,Multigrain,Tomato Sauce,,,,,0.0
17551,107,2,0.0,13.0,Toasted Roll,1,Kitchen,7.0,2,BACON-EGG,7.0,2021-11-18 09:03:02,,"Tomato Sauce, Salt and Pepper",,,,,0.0
14674,107,2,0.0,13.0,Toastie,1,Kitchen,7.0,2,BACON-EGG,7.0,2021-08-10 08:50:03,White,Salt and Pepper,,,,,0.0
12150,107,2,0.0,13.0,Toasted Roll,1,Kitchen,7.0,2,BACON-EGG,7.0,2021-04-29 11:08:45,,"Tomato Sauce, Salt and Pepper",,,,,0.0
11309,107,2,0.0,13.0,Toasted Roll,1,Kitchen,7.0,2,BACON-EGG,7.0,2021-03-21 10:30:35,,"Tomato Sauce, Salt and Pepper",,,,,0.0
10964,107,2,0.0,13.0,Toasted Roll,1,Kitchen,7.0,2,BACON-EGG,7.0,2021-03-04 08:08:12,,"Tomato Sauce, Salt and Pepper",,,,,0.0
10572,107,2,0.0,13.0,Toasted Roll,1,Kitchen,7.0,2,BACON-EGG,7.0,2021-02-12 08:11:06,,Salt and Pepper,,,,,0.0
19549,112,2,0.0,13.0,Toasted Roll,1,Kitchen,8.0,2,BACON-EGG-CHEESE,8.0,2022-02-19 09:35:33,,Tomato Sauce,,,,,0.0
18522,890,2,0.0,13.0,(Main) Pasta,1,Kitchen,13.0,1,SPAGBOLG,13.0,2021-12-26 13:40:34,,,,,Gnocchi,,0.0
18022,651,2,0.0,13.0,Toastie,1,Kitchen,8.0,2,HAM-CHEESE-TOMATO,8.0,2021-12-06 07:23:21,Dark Rye,Salt and Pepper,,,,,0.0
17501,651,2,0.0,13.0,Toastie,1,Kitchen,8.0,2,BACON-EGG-CHEESE,8.0,2021-11-16 09:06:34,Dark Rye,Tomato Sauce,,,,,0.0
17630,923,2,0.0,13.0,Toastie,1,Kitchen,8.0,2,HAM-CHEESE-TOMATO,8.0,2021-11-20 10:36:29,Multigrain,Tomato Sauce,,,,,0.0
11791,161,2,0.0,13.0,Toasted Roll,1,Kitchen,8.0,2,BACON-EGG-CHEESE,8.0,2021-04-14 06:37:07,,"BBQ Sauce, Salt and Pepper",,,,,0.0
11168,161,2,0.0,13.0,Toasted Roll,1,Kitchen,8.0,2,BACON-EGG-CHEESE,8.0,2021-03-14 09:54:59,,"BBQ Sauce, Salt and Pepper",,,,,0.0
11744,676,2,0.0,13.0,Toasted Roll,1,Kitchen,8.0,2,BACON-EGG-CHEESE,8.0,2021-04-11 11:08:42,,BBQ Sauce,,,,,0.0
18343,421,2,0.0,13.0,Toastie,1,Kitchen,6.0,2,BACON,6.0,2021-12-18 07:30:54,Dark Rye,BBQ Sauce,,,,,0.0
16903,421,2,0.0,13.0,Toastie,1,Kitchen,6.0,2,BACON,6.0,2021-10-26 07:34:54,Dark Rye,BBQ Sauce,,,,,0.0
16170,421,0,0.0,13.0,Toastie,1,Kitchen,8.0,2,BACON,6.0,2021-10-01 07:30:00,Dark Rye,"BBQ Sauce, Hash Brown",,,,,2.0
12561,421,2,0.0,13.0,(Main) Pasta,1,Kitchen,13.0,1,SPAGBOLG,13.0,2021-05-16 12:35:41,,,,,Spaghetti,,0.0
26086,1190,2,0.0,13.0,Toasted Roll,1,Kitchen,8.0,2,BACON-EGG,8.0,2022-10-20 07:25:11,,BBQ Sauce,,,,,0.0
25883,1190,2,0.0,13.0,Toasted Roll,1,Kitchen,8.0,2,BACON-EGG,8.0,2022-10-13 08:33:59,,BBQ Sauce,,,,,0.0
29364,172,2,0.0,13.0,Toasted Roll,1,Kitchen,8.5,2,BACON-EGG,8.5,2023-02-24 08:29:01,,Tomato Sauce,,,,,0.0
39002,696,2,0.0,13.0,Muffin,1,Kitchen,4.5,1,CHOC-MUD,4.5,2024-01-10 10:00:35,,,No,,,,0.0
26950,451,2,0.0,13.0,Toasted Roll,1,Kitchen,8.0,2,BACON-EGG,8.0,2022-11-19 08:50:23,,BBQ Sauce,,,,,0.0
24050,451,2,0.0,13.0,Toasted Roll,1,Kitchen,8.0,2,BACON-EGG,8.0,2022-08-07 09:06:25,,BBQ Sauce,,,,,0.0
4863,207,2,0.0,13.0,Toastie,1,Kitchen,8.0,2,HAM-CHEESE-TOMATO,8.0,2020-05-14 06:30:00,Dark Rye,Salt and Pepper,,,,,0.0
29236,721,2,0.0,13.0,Toasted Roll,1,Kitchen,8.5,2,BACON-EGG,8.5,2023-02-20 07:20:32,,"Tomato Sauce, Salt and Pepper",,,,,0.0
9933,221,2,0.0,13.0,Toastie,1,Kitchen,8.5,2,BACON-CHEESE,7.0,2021-01-10 09:30:00,Multigrain,Avocado,,,,,1.5
17995,231,2,0.0,13.0,Toastie,1,Kitchen,8.0,2,HAM-CHEESE-TOMATO,8.0,2021-12-05 08:16:31,White,Tomato Sauce,,,,,0.0
5476,231,2,0.0,13.0,Toastie,1,Kitchen,8.0,2,BACON-EGG-CHEESE,8.0,2020-06-27 08:34:49,White,Tomato Sauce,,,,,0.0
5080,231,2,0.0,13.0,Croissant,1,Kitchen,8.0,1,CHEESE-TOMATO,8.0,2020-05-30 07:16:00,,Salt and Pepper,,,,,0.0
17562,1012,0,0.0,13.0,Toasted Roll,1,Kitchen,8.0,2,BACON-EGG-CHEESE,8.0,2021-11-19 06:00:00,,"BBQ Sauce, Salt and Pepper",,,,,0.0
7988,248,2,0.0,13.0,Croissant,1,Kitchen,8.0,1,HAM-CHEESE,8.0,2020-10-14 08:51:30,,Salt and Pepper,,,,,0.0
5257,248,2,0.0,13.0,Croissant,1,Kitchen,8.0,1,HAM-CHEESE,8.0,2020-06-12 09:03:09,,Salt and Pepper,,,,,0.0
15507,797,1,0.0,25.8,Eggs Benedict,1,Kitchen,16.5,2,HAM,14.5,2021-09-09 09:05:40,,,,Hashbrown,,,2.0
27861,811,2,0.0,25.8,Big Breakfast,1,Kitchen,18.2,1,SCRAMBLED,18.2,2022-12-18 11:02:04,White,Hollandaise,,,,,0.0
15371,316,2,0.0,25.8,Toasted Roll,1,Kitchen,7.0,4,BACON-EGG,7.0,2021-09-04 11:59:04,,Tomato Sauce,,,,,0.0
21097,1107,2,0.0,25.8,Toasted Roll,1,Kitchen,8.0,4,BACON-EGG-CHEESE,8.0,2022-04-20 11:22:48,,"Tomato Sauce, Salt and Pepper",,,,,0.0
39616,620,2,0.0,25.8,Muffin,1,Kitchen,4.5,5,ORANGE-POPPYSEED,4.5,2024-02-02 09:15:00,,,No,,,,0.0
39590,620,0,0.0,25.8,Muffin,1,Kitchen,4.5,5,ORANGE-POPPYSEED,4.5,2024-02-01 09:15:00,,,No,,,,0.0
38130,620,2,0.0,25.8,Muffin,1,Kitchen,4.5,5,ORANGE-POPPYSEED,4.5,2023-12-01 09:15:00,,,No,,,,0.0
37902,620,0,0.0,25.8,Muffin,1,Kitchen,4.5,5,ORANGE-POPPYSEED,4.5,2023-11-24 09:15:00,,,No,,,,0.0
5022,130,10,0.0,25.8,Toastie,1,Kitchen,8.0,3,BACON-EGG-CHEESE,8.0,2020-05-24 10:52:58,White,Tomato Sauce,,,,,0.0
5022,130,10,0.0,25.8,Toastie,1,Kitchen,8.0,4,HAM-CHEESE-TOMATO,8.0,2020-05-24 10:52:58,White,Tomato Sauce,,,,,0.0
36420,1628,2,0.0,38.6,Big Breakfast,1,Kitchen,27.5,1,FRIED,20.5,2023-10-08 10:58:57,White,"Halloumi, Baked Beans",,,,,7.0
15308,867,2,0.0,38.6,Croissant,1,Kitchen,9.0,1,BACON-EGG-CHEESE,9.0,2021-09-02 11:54:05,,Salt and Pepper,,,,,0.0
26843,1171,2,0.0,38.6,Toastie,1,Kitchen,8.0,6,HAM-CHEESE,8.0,2022-11-16 07:22:55,White,Tomato Sauce,,,,,0.0
26843,1171,2,0.0,38.6,Toasted Roll,1,Kitchen,11.0,5,BACON-EGG-CHEESE,9.0,2022-11-16 07:22:55,,Hash Brown,,,,,2.0
16848,754,2,0.0,38.6,Toastie,1,Kitchen,7.0,4,BACON-EGG,7.0,2021-10-24 09:46:25,White,BBQ Sauce,,,,,0.0
16848,754,2,0.0,38.6,Toastie,1,Kitchen,10.0,5,BACON-EGG-CHEESE,8.0,2021-10-24 09:46:25,White,"BBQ Sauce, Hash Brown",,,,,2.0
16848,754,2,0.0,38.6,Toastie,1,Kitchen,7.0,6,BACON-EGG,7.0,2021-10-24 09:46:25,White,Tomato Sauce,,,,,0.0
22907,1202,2,0.0,77.0,Eggs Benedict,1,Kitchen,16.9,2,BACON,14.9,2022-06-26 08:27:11,,,,Hashbrown,,,1.9999999999999982
22907,1202,2,0.0,77.0,Eggs and Bacon,1,Kitchen,12.0,4,POACHED,11.0,2022-06-26 08:27:11,Sourdough,,,,,,1.0
31163,251,2,0.95,10.45,Muffin,1,Kitchen,3.9,2,APPLE-CINNAMON,3.9,2023-04-25 10:09:16,,,No,,,,0.0
35342,57,2,0.0,20.7,Toastie,1,Kitchen,11.5,3,BACON-EGG-CHEESE,10.5,2023-09-04 10:20:28,Sourdough,Salt and Pepper,,,,,1.0
34803,1109,2,0.0,20.7,Toasted Roll,1,Kitchen,9.0,3,BACON-EGG,9.0,2023-08-18 10:30:01,,Tomato Sauce,,,,,0.0
39854,409,2,0.0,20.7,Toastie,1,Kitchen,9.0,3,BACON-CHEESE,9.0,2024-02-10 07:20:11,White,Tomato Sauce,,,,,0.0
21159,421,2,0.0,20.7,Build Your Own Breakfast,1,Kitchen,13.5,1,POACHED,8.0,2022-04-23 07:30:00,Gluten Free,Bacon,,,,,5.5
23757,1228,2,0.0,20.7,Toastie,1,Kitchen,9.5,3,CHEESE-TOMATO,7.0,2022-07-29 07:06:06,Sourdough,Avocado,,,,,2.5
25593,231,2,0.0,20.7,Eggs and Bacon,1,Kitchen,11.9,1,SCRAMBLED,11.9,2022-10-02 07:00:07,Multigrain,,,,,,0.0
4909,231,2,0.0,20.7,Toastie,1,Kitchen,8.0,4,BACON-EGG-CHEESE,8.0,2020-05-17 07:02:04,Multigrain,Tomato Sauce,,,,,0.0
34457,1255,2,0.0,20.7,Build Your Own Breakfast,1,Kitchen,20.7,1,SCRAMBLED,10.2,2023-08-07 12:52:42,White,"Extra Egg, Bacon, Avocado, Sausage",,,,,10.5
28167,1255,2,0.0,20.7,Build Your Own Breakfast,1,Kitchen,20.7,1,SCRAMBLED,9.2,2023-01-10 11:55:52,White,"Spanish Chorizo, Avocado, Halloumi",,,,,11.5
25032,1274,2,0.0,20.7,Toastie,1,Kitchen,8.0,4,HAM-CHEESE,8.0,2022-09-11 07:00:00,White,Tomato Sauce,,,,,0.0
25032,1274,2,0.0,20.7,Muffin,1,Kitchen,3.9,3,CHOC-MUD,3.9,2022-09-11 07:00:00,,,No,,,,0.0
9176,62,2,0.0,33.5,Toastie,1,Kitchen,7.0,7,BACON-EGG,7.0,2020-11-28 09:17:22,Multigrain,Tomato Sauce,,,,,0.0
34388,331,2,0.0,33.5,Toasted Roll,1,Kitchen,9.0,2,BACON-EGG,9.0,2023-08-05 10:51:02,,BBQ Sauce,,,,,0.0
34388,331,2,0.0,33.5,Toasted Roll,1,Kitchen,9.0,3,BACON-EGG,9.0,2023-08-05 10:51:02,,BBQ Sauce,,,,,0.0
34388,331,2,0.0,33.5,Toasted Roll,1,Kitchen,10.0,4,BACON-EGG-CHEESE,10.0,2023-08-05 10:51:02,,BBQ Sauce,,,,,0.0
26528,341,2,0.0,33.5,Toastie,1,Kitchen,9.5,4,BACON-CHEESE,8.0,2022-11-05 10:43:06,White,Avocado,,,,,1.5
26528,341,2,0.0,33.5,Toasted Roll,1,Kitchen,11.0,3,BACON-EGG-CHEESE,9.0,2022-11-05 10:43:06,,"BBQ Sauce, Hash Brown",,,,,2.0
26710,620,2,0.0,33.5,Muffin,1,Kitchen,3.9,7,ORANGE-POPPYSEED,3.9,2022-11-11 09:15:00,,,No,,,,0.0
10691,630,2,0.0,33.5,Toasted Roll,1,Kitchen,7.0,4,BACON-EGG,7.0,2021-02-17 09:31:43,,Tomato Sauce,,,,,0.0
27955,1144,2,0.0,33.5,Toasted Roll,1,Kitchen,8.0,4,BACON-EGG,8.0,2022-12-21 11:58:34,,Tomato Sauce,,,,,0.0
27955,1144,2,0.0,33.5,Toastie,1,Kitchen,8.0,5,HAM-CHEESE,8.0,2022-12-21 11:58:34,White,Tomato Sauce,,,,,0.0
14272,675,2,0.0,33.5,Toasted Roll,1,Kitchen,10.0,3,BACON-EGG-CHEESE,8.0,2021-07-25 10:15:00,,"Tomato Sauce, Hash Brown",,,,,2.0
14272,675,2,0.0,33.5,Croissant,1,Kitchen,9.0,2,BACON-EGG-CHEESE,9.0,2021-07-25 10:15:00,,Salt and Pepper,,,,,0.0
10620,165,2,0.0,33.5,(Main) Pasta,1,Kitchen,13.9,1,SPAGCARB,13.9,2021-02-14 11:30:00,,,,,Fettuccini,,0.0
18348,172,2,0.0,33.5,Toasted Roll,1,Kitchen,7.0,4,BACON-EGG,7.0,2021-12-18 08:36:11,,Tomato Sauce,,,,,0.0
17230,172,2,0.0,33.5,Toasted Roll,1,Kitchen,7.0,4,BACON-EGG,7.0,2021-11-07 08:28:04,,Tomato Sauce,,,,,0.0
11598,172,2,0.0,33.5,Toasted Roll,1,Kitchen,7.0,4,BACON-EGG,7.0,2021-04-03 09:44:59,,Tomato Sauce,,,,,0.0
9525,172,2,0.0,33.5,Toasted Roll,1,Kitchen,7.0,4,BACON-EGG,7.0,2020-12-12 08:58:50,,Tomato Sauce,,,,,0.0
8839,172,2,0.0,33.5,Toasted Roll,1,Kitchen,7.0,4,BACON-EGG,7.0,2020-11-13 08:21:13,,Tomato Sauce,,,,,0.0
22548,753,2,0.0,33.5,Toastie,1,Kitchen,10.0,4,BACON-CHEESE,7.0,2022-06-12 10:09:45,Sourdough,"BBQ Sauce, Hash Brown",,,,,3.0
22548,753,2,0.0,33.5,French Toast with Streaky Bacon,1,Kitchen,12.8,2,REGULAR,10.8,2022-06-12 10:09:45,,,,Hashbrown,,,2.0
3325,5,2,0.0,46.3,Toasted Roll,1,Kitchen,11.9,6,CHICKEN-SCHNITZEL-CHEESE-LETTUCE,8.4,2019-05-27 20:29:59,,"BBQ Sauce, Avocado, Hash Brown",,,,,3.5
18845,89,2,0.0,46.3,Eggs and Bacon,1,Kitchen,11.0,4,POACHED,11.0,2022-01-23 13:17:21,White,,,,,,0.0
18845,89,2,0.0,46.3,(Entree) Pasta,1,Kitchen,10.9,1,SPAGCARB,10.9,2022-01-23 13:17:21,,,,,Fettuccini,,0.0
18845,89,2,0.0,46.3,(Entree) Pasta,1,Kitchen,10.4,2,SPAGBOLG,10.4,2022-01-23 13:17:21,,,,,Spaghetti,,0.0
16451,351,2,0.0,46.3,Toastie,1,Kitchen,8.0,8,BACON-EGG-CHEESE,8.0,2021-10-10 10:16:32,White,Tomato Sauce,,,,,0.0
30682,489,2,5.14,56.54,Croissant,1,Kitchen,9.5,1,BACON-EGG-CHEESE,9.5,2023-04-07 12:59:48,,Salt and Pepper,,,,,0.0
37752,228,2,0.0,59.1,Toastie,1,Kitchen,10.5,8,BACON-EGG-CHEESE,10.5,2023-11-19 10:58:49,White,Tomato Sauce,,,,,0.0
37752,228,2,0.0,59.1,Muffin,1,Kitchen,4.5,6,RASPBERRY-WHITECHOC,4.5,2023-11-19 10:58:49,,,No,,,,0.0
37752,228,2,0.0,59.1,Muffin,1,Kitchen,4.5,7,APPLE-CINNAMON,4.5,2023-11-19 10:58:49,,,No,,,,0.0
37752,228,2,0.0,59.1,Toastie,1,Kitchen,9.0,9,CHEESE-TOMATO,9.0,2023-11-19 10:58:49,White,Tomato Sauce,,,,,0.0
33671,1400,2,0.0,97.5,Toastie,1,Kitchen,7.5,8,EGG,7.5,2023-07-14 08:41:35,Dark Rye,Salt and Pepper,,,,,0.0
33671,1400,2,0.0,97.5,Toasted Roll,3,Kitchen,34.5,2,BACON-EGG-CHEESE,9.5,2023-07-14 08:41:35,,"BBQ Sauce, Hash Brown, Salt and Pepper",,,,,2.0
33671,1400,2,0.0,97.5,Toasted Roll,1,Kitchen,11.5,3,BACON-EGG-CHEESE,9.5,2023-07-14 08:41:35,,"BBQ Sauce, Hash Brown, Salt and Pepper",,,,,2.0
33671,1400,2,0.0,97.5,Toasted Roll,1,Kitchen,9.5,4,BACON-EGG-CHEESE,9.5,2023-07-14 08:41:35,,Salt and Pepper,,,,,0.0
33671,1400,2,0.0,97.5,Toasted Roll,1,Kitchen,11.5,5,BACON-EGG-CHEESE,9.5,2023-07-14 08:41:35,,"Hash Brown, Salt and Pepper",,,,,2.0
33671,1400,2,0.0,97.5,Toasted Roll,1,Kitchen,9.5,6,BACON-EGG-CHEESE,9.5,2023-07-14 08:41:35,,"Tomato Sauce, Salt and Pepper",,,,,0.0
33671,1400,2,0.0,97.5,Toasted Roll,1,Kitchen,11.5,7,BACON-EGG-CHEESE,9.5,2023-07-14 08:41:35,,"Tomato Sauce, Hash Brown, Salt and Pepper",,,,,2.0
33241,1400,2,0.0,97.5,Toasted Roll,1,Kitchen,11.5,2,BACON-EGG-CHEESE,9.5,2023-06-30 08:29:42,,"BBQ Sauce, Hash Brown, Salt and Pepper",,,,,2.0
33241,1400,2,0.0,97.5,Toasted Roll,1,Kitchen,11.5,3,BACON-EGG-CHEESE,9.5,2023-06-30 08:29:42,,"BBQ Sauce, Hash Brown",,,,,2.0
33241,1400,2,0.0,97.5,Toasted Roll,1,Kitchen,11.5,4,BACON-EGG-CHEESE,9.5,2023-06-30 08:29:42,,"BBQ Sauce, Hash Brown, Salt and Pepper",,,,,2.0
33241,1400,2,0.0,97.5,Toasted Roll,1,Kitchen,11.5,5,BACON-EGG-CHEESE,9.5,2023-06-30 08:29:42,,"BBQ Sauce, Hash Brown, Salt and Pepper",,,,,2.0
33241,1400,2,0.0,97.5,Toasted Roll,1,Kitchen,11.5,6,BACON-EGG-CHEESE,9.5,2023-06-30 08:29:42,,"Tomato Sauce, Hash Brown, Salt and Pepper",,,,,2.0
33241,1400,2,0.0,97.5,Toasted Roll,1,Kitchen,9.5,7,BACON-EGG-CHEESE,9.5,2023-06-30 08:29:42,,Salt and Pepper,,,,,0.0
33241,1400,2,0.0,97.5,Toastie,1,Kitchen,7.5,10,EGG,7.5,2023-06-30 08:29:42,Dark Rye,Tomato Sauce,,,,,0.0
33241,1400,2,0.0,97.5,Toasted Roll,1,Kitchen,11.5,8,BACON-EGG-CHEESE,9.5,2023-06-30 08:29:42,,Hash Brown,,,,,2.0
33241,1400,2,0.0,97.5,Toasted Roll,1,Kitchen,9.5,9,BACON-EGG-CHEESE,9.5,2023-06-30 08:29:42,,"Tomato Sauce, Salt and Pepper",,,,,0.0
17415,10,2,0.0,15.6,Toasted Roll,1,Kitchen,7.0,3,BACON-EGG,7.0,2021-11-13 07:51:14,,Tomato Sauce,,,,,0.0
4243,13,2,0.0,15.6,Toasted Roll,1,Kitchen,7.0,3,BACON-EGG,7.0,2020-02-23 09:41:35,,"Tomato Sauce, Salt and Pepper",,,,,0.0
13374,305,2,0.0,15.6,Toastie,1,Kitchen,7.0,3,HAM-CHEESE,7.0,2021-06-17 07:45:00,Multigrain,Tomato Sauce,,,,,0.0
23649,69,2,0.0,15.6,Toasted Roll,1,Kitchen,10.5,2,BACON-EGG,7.0,2022-07-25 07:52:36,,"Tomato Sauce, Avocado, Hash Brown",,,,,3.5
23517,69,2,0.0,15.6,Toasted Roll,1,Kitchen,10.5,2,BACON-EGG,7.0,2022-07-21 07:14:39,,"Tomato Sauce, Avocado, Hash Brown",,,,,3.5
23488,69,2,0.0,15.6,Toasted Roll,1,Kitchen,10.5,2,BACON-EGG,7.0,2022-07-20 07:08:34,,"Tomato Sauce, Avocado, Hash Brown",,,,,3.5
23364,69,2,0.0,15.6,Toasted Roll,1,Kitchen,10.5,2,BACON-EGG,7.0,2022-07-15 08:43:11,,"Tomato Sauce, Avocado, Hash Brown",,,,,3.5
23243,69,2,0.0,15.6,Toasted Roll,1,Kitchen,10.5,2,BACON-EGG,7.0,2022-07-09 11:38:25,,"Tomato Sauce, Avocado, Hash Brown",,,,,3.5
22455,69,2,0.0,15.6,Toasted Roll,1,Kitchen,10.5,2,BACON-EGG,7.0,2022-06-08 10:14:08,,"Tomato Sauce, Avocado, Hash Brown",,,,,3.5
22123,69,2,0.0,15.6,Toasted Roll,1,Kitchen,10.5,2,BACON-EGG,7.0,2022-05-27 10:22:08,,"Tomato Sauce, Avocado, Hash Brown",,,,,3.5
22026,69,2,0.0,15.6,Toasted Roll,1,Kitchen,10.5,2,BACON-EGG,7.0,2022-05-25 06:32:01,,"Tomato Sauce, Avocado, Hash Brown",,,,,3.5
21944,69,2,0.0,15.6,Toasted Roll,1,Kitchen,10.5,2,BACON-EGG,7.0,2022-05-21 10:05:21,,"Tomato Sauce, Avocado, Hash Brown",,,,,3.5
21718,69,2,0.0,15.6,Toasted Roll,1,Kitchen,10.5,2,BACON-EGG,7.0,2022-05-13 06:44:34,,"Tomato Sauce, Avocado, Hash Brown",,,,,3.5
21688,69,2,0.0,15.6,Toasted Roll,1,Kitchen,10.5,2,BACON-EGG,7.0,2022-05-12 06:19:17,,"Tomato Sauce, Avocado, Hash Brown",,,,,3.5
21531,69,2,0.0,15.6,Toasted Roll,1,Kitchen,10.5,2,BACON-EGG,7.0,2022-05-06 06:57:38,,"Tomato Sauce, Avocado, Hash Brown",,,,,3.5
21464,69,2,0.0,15.6,Toasted Roll,1,Kitchen,10.5,2,BACON-EGG,7.0,2022-05-04 06:47:23,,"Tomato Sauce, Avocado, Hash Brown",,,,,3.5
32784,330,2,0.0,15.6,Toasted Roll,1,Kitchen,9.5,2,BACON-EGG-CHEESE,9.5,2023-06-15 08:22:30,,Tomato Sauce,,,,,0.0
17378,79,2,0.0,15.6,Toasted Roll,1,Kitchen,7.0,3,BACON-EGG,7.0,2021-11-12 07:49:28,,Salt and Pepper,,,,,0.0
15216,79,2,0.0,15.6,Toasted Roll,1,Kitchen,7.0,3,BACON-EGG,7.0,2021-08-30 08:20:26,,Salt and Pepper,,,,,0.0
14555,79,2,0.0,15.6,Toasted Roll,1,Kitchen,7.0,3,BACON-EGG,7.0,2021-08-06 07:54:13,,Salt and Pepper,,,,,0.0
13733,79,2,0.0,15.6,Toasted Roll,1,Kitchen,7.0,3,BACON-EGG,7.0,2021-07-02 08:03:32,,Salt and Pepper,,,,,0.0
13204,79,0,0.0,15.6,Toasted Roll,1,Kitchen,7.0,3,BACON-EGG,7.0,2021-06-11 08:03:09,,Salt and Pepper,,,,,0.0
13203,79,0,0.0,15.6,Toasted Roll,1,Kitchen,7.0,3,BACON-EGG,7.0,2021-06-11 08:01:31,,Salt and Pepper,,,,,0.0
11115,79,2,0.0,15.6,Toasted Roll,1,Kitchen,7.0,3,BACON-EGG,7.0,2021-03-12 07:58:20,,Salt and Pepper,,,,,0.0
9983,79,2,0.0,15.6,Toasted Roll,1,Kitchen,7.0,3,BACON-EGG,7.0,2021-01-13 07:46:51,,Salt and Pepper,,,,,0.0
7051,79,2,0.0,15.6,Toasted Roll,1,Kitchen,7.0,3,BACON-EGG,7.0,2020-09-09 07:52:43,,Salt and Pepper,,,,,0.0
6676,79,2,0.0,15.6,Toasted Roll,1,Kitchen,7.0,3,BACON-EGG,7.0,2020-08-26 07:50:29,,Salt and Pepper,,,,,0.0
6064,79,2,0.0,15.6,Toasted Roll,1,Kitchen,7.0,3,BACON-EGG,7.0,2020-07-30 07:50:04,,Salt and Pepper,,,,,0.0
5450,79,2,0.0,15.6,Toasted Roll,1,Kitchen,7.0,3,BACON-EGG,7.0,2020-06-25 07:37:52,,Salt and Pepper,,,,,0.0
24811,337,2,0.0,15.6,Toastie,1,Kitchen,8.0,3,BACON-EGG,8.0,2022-09-04 07:54:43,White,Tomato Sauce,,,,,0.0
31461,1148,2,0.0,15.6,Croissant,1,Kitchen,8.5,1,CHEESE-TOMATO,8.5,2023-05-04 09:30:07,,Salt and Pepper,,,,,0.0
23476,1150,2,0.0,15.6,Toasted Roll,1,Kitchen,7.0,3,BACON-EGG,7.0,2022-07-19 10:35:33,,Tomato Sauce,,,,,0.0
7067,145,2,0.0,15.6,Toasted Roll,1,Kitchen,9.9,2,CHICKEN-SCHNITZEL-CHEESE-LETTUCE,8.4,2020-09-09 12:50:16,,"Avocado, Salt and Pepper",,,,,1.5
33115,1178,2,0.0,15.6,Toasted Roll,1,Kitchen,10.5,2,BACON-EGG,8.5,2023-06-26 07:58:02,,"BBQ Sauce, Hash Brown",,,,,2.0
17073,421,2,0.0,15.6,Toastie,1,Kitchen,6.0,3,BACON,6.0,2021-11-01 07:26:22,Dark Rye,BBQ Sauce,,,,,0.0
32906,721,2,0.0,15.6,Toasted Roll,1,Kitchen,10.5,2,BACON-EGG,8.5,2023-06-19 07:31:09,,"Tomato Sauce, BBQ Sauce, Hash Brown, Salt and Pepper",,,,,2.0
9537,231,2,0.0,15.6,Toastie,1,Kitchen,7.0,3,CHEESE-TOMATO,7.0,2020-12-13 07:02:28,Multigrain,Salt and Pepper,,,,,0.0
5367,231,2,0.0,15.6,Toastie,1,Kitchen,7.0,3,EGG-CHEESE,7.0,2020-06-20 07:39:14,Multigrain,Tomato Sauce,,,,,0.0
29074,1270,2,0.0,15.6,Toasted Roll,1,Kitchen,10.5,2,BACON-EGG,8.5,2023-02-14 08:20:58,,Hash Brown,,,,,2.0
3565,18,2,0.0,28.4,Toastie,1,Kitchen,6.0,7,CHEESE,6.0,2019-09-10 08:56:26,Multigrain,Tomato Sauce,,,,,0.0
22172,275,2,0.0,28.4,Toastie,1,Kitchen,6.0,5,BACON,6.0,2022-05-29 09:35:17,White,Tomato Sauce,,,,,0.0
22172,275,2,0.0,28.4,Toasted Roll,1,Kitchen,7.0,4,BACON-EGG,7.0,2022-05-29 09:35:17,,Tomato Sauce,,,,,0.0
13827,790,2,0.0,28.4,Build Your Own Breakfast,1,Kitchen,13.9,1,POACHED,7.9,2021-07-06 12:22:22,White,"Hollandaise, Avocado",,,,,6.0
18346,543,2,0.0,28.4,Toasted Roll,1,Kitchen,7.0,4,BACON-EGG,7.0,2021-12-18 08:30:03,,BBQ Sauce,,,,,0.0
18346,543,2,0.0,28.4,Toastie,1,Kitchen,8.5,5,BACON-CHEESE,7.0,2021-12-18 08:30:03,White,Avocado,,,,,1.5
17103,543,2,0.0,28.4,Toasted Roll,1,Kitchen,7.0,4,BACON-EGG,7.0,2021-11-02 09:09:13,,BBQ Sauce,,,,,0.0
17103,543,2,0.0,28.4,Toastie,1,Kitchen,8.5,5,BACON-CHEESE,7.0,2021-11-02 09:09:13,Multigrain,Avocado,,,,,1.5
37092,617,2,0.0,28.4,Toastie,1,Kitchen,10.5,4,HAM-CHEESE-TOMATO,10.5,2023-10-28 09:39:57,White,Salt and Pepper,,,,,0.0
13828,645,0,0.0,28.4,Build Your Own Breakfast,1,Kitchen,13.9,1,POACHED,7.9,2021-07-06 12:20:25,White,"Hollandaise, Avocado",,,,,6.0
32197,651,2,0.0,28.4,Croissant,1,Kitchen,9.5,3,HAM-CHEESE-TOMATO,9.5,2023-05-27 09:15:21,,Salt and Pepper,,,,,0.0
26830,397,2,0.0,28.4,Toasted Roll,1,Kitchen,9.0,3,BACON-EGG-CHEESE,9.0,2022-11-15 09:25:39,,"Tomato Sauce, Salt and Pepper",,,,,0.0
26830,397,2,0.0,28.4,Toasted Roll,1,Kitchen,9.0,4,BACON-EGG-CHEESE,9.0,2022-11-15 09:25:39,,"Tomato Sauce, Salt and Pepper",,,,,0.0
16425,911,2,0.0,28.4,Toasted Roll,1,Kitchen,7.0,5,BACON-EGG,7.0,2021-10-09 10:06:40,,Tomato Sauce,,,,,0.0
16425,911,2,0.0,28.4,Toasted Roll,1,Kitchen,7.0,6,BACON-EGG,7.0,2021-10-09 10:06:40,,BBQ Sauce,,,,,0.0
23531,408,2,0.0,28.4,Toastie,1,Kitchen,9.0,3,BACON-EGG-CHEESE,8.0,2022-07-21 08:56:13,Sourdough,Tomato Sauce,,,,,1.0
23531,408,2,0.0,28.4,Toastie,1,Kitchen,9.0,4,BACON-EGG-CHEESE,8.0,2022-07-21 08:56:13,Sourdough,Tomato Sauce,,,,,1.0
22699,1185,2,0.0,28.4,Toasted Roll,1,Kitchen,8.0,4,BACON-EGG-CHEESE,8.0,2022-06-18 09:15:00,,Tomato Sauce,,,,,0.0
26978,422,2,0.0,28.4,Toasted Roll,1,Kitchen,9.0,3,BACON-EGG-CHEESE,9.0,2022-11-20 09:56:43,,"Tomato Sauce, Salt and Pepper",,,,,0.0
26978,422,2,0.0,28.4,Toasted Roll,1,Kitchen,9.0,4,BACON-EGG-CHEESE,9.0,2022-11-20 09:56:43,,"Tomato Sauce, Salt and Pepper",,,,,0.0
25198,422,2,0.0,28.4,Toasted Roll,1,Kitchen,9.0,3,BACON-EGG-CHEESE,9.0,2022-09-16 09:42:22,,"Tomato Sauce, Salt and Pepper",,,,,0.0
25198,422,2,0.0,28.4,Toasted Roll,1,Kitchen,9.0,4,BACON-EGG-CHEESE,9.0,2022-09-16 09:42:22,,"Tomato Sauce, Salt and Pepper",,,,,0.0
26019,197,2,0.0,28.4,Build Your Own Breakfast,1,Kitchen,15.9,1,POACHED,8.9,2022-10-17 09:09:54,Sourdough,"Bacon, Baked Beans",,,,,7.0
34380,234,2,0.0,28.4,Muffin,1,Kitchen,4.5,4,CHOC-MUD,4.5,2023-08-05 09:55:06,,,Yes,,,,0.0
10768,634,2,0.0,41.2,Croissant,1,Kitchen,8.0,3,HAM-CHEESE,8.0,2021-02-21 10:02:22,,Salt and Pepper,,,,,0.0
10768,634,2,0.0,41.2,Big Breakfast,1,Kitchen,19.2,2,POACHED,16.7,2021-02-21 10:02:22,Gluten Free,Hollandaise,,,,,2.5
10768,634,2,0.0,41.2,Kids Pancakes,1,Kitchen,8.0,4,ICECREAM,6.0,2021-02-21 10:02:22,,,,,,Strawberries,2.0
19966,140,2,0.0,41.2,Toastie,1,Kitchen,9.0,7,BACON-EGG,7.0,2022-03-06 09:29:47,Multigrain,"BBQ Sauce, Hash Brown",,,,,2.0
7329,165,2,0.0,41.2,Kids Pancakes,1,Kitchen,7.9,4,CREAM,5.9,2020-09-19 11:28:01,,,,,,Strawberries,2.0
7329,165,2,0.0,41.2,(Main) Pasta,1,Kitchen,13.9,1,SPAGCARB,13.9,2020-09-19 11:28:01,,,,,Fettuccini,,0.0
7352,467,2,0.0,41.2,Eggs Benedict,1,Kitchen,16.0,1,BACON,14.0,2020-09-20 10:07:32,,,,Hashbrown,,,2.0
7352,467,2,0.0,41.2,Toasted Roll,1,Kitchen,10.0,4,BACON-EGG-CHEESE,8.0,2020-09-20 10:07:32,,"BBQ Sauce, Hash Brown",,,,,2.0
36418,1627,2,0.0,54.0,Big Breakfast,1,Kitchen,21.5,1,SCRAMBLED,20.5,2023-10-08 10:55:00,Sourdough,Hollandaise,,,,,1.0
36418,1627,2,0.0,54.0,Build Your Own Breakfast,1,Kitchen,21.2,2,POACHED,10.2,2023-10-08 10:55:00,Sourdough,"Bacon, Hash Brown, Smashed Avo and Feta",,,,,11.0
11853,351,2,0.0,54.0,Toastie,1,Kitchen,7.0,10,CHEESE-TOMATO,7.0,2021-04-16 09:18:56,White,Tomato Sauce,,,,,0.0
11853,351,2,0.0,54.0,Toastie,1,Kitchen,6.0,11,CHEESE,6.0,2021-04-16 09:18:56,White,Tomato Sauce,,,,,0.0
13627,761,2,0.0,54.0,Big Breakfast,1,Kitchen,17.7,2,POACHED,16.7,2021-06-27 09:59:51,Sourdough,Hollandaise,,,,,1.0
13627,761,2,0.0,54.0,(Main) Pasta,1,Kitchen,13.9,1,SPAGCARB,13.9,2021-06-27 09:59:51,,,,,Spaghetti,,0.0
26409,128,2,2.35,25.85,Toasted Roll,1,Kitchen,12.5,3,BACON-EGG-CHEESE,9.0,2022-11-01 10:23:18,,"Avocado, Hash Brown, Salt and Pepper",,,,,3.5
3315,5,2,0.0,10.5,Toastie,1,Kitchen,7.0,2,HAM-CHEESE,7.0,2019-05-26 07:00:00,White,Tomato Sauce,,,,,0.0
3938,64,2,0.0,10.5,Toastie,1,Kitchen,7.0,2,EGG-CHEESE,7.0,2019-12-05 08:30:00,White,Tomato Sauce,,,,,0.0
3608,64,2,0.0,10.5,Toastie,1,Kitchen,7.0,2,EGG-CHEESE,7.0,2019-09-23 08:20:53,Multigrain,Tomato Sauce,,,,,0.0
3561,64,10,0.0,10.5,Toastie,1,Kitchen,7.0,2,EGG-CHEESE,7.0,2019-09-09 08:15:00,Multigrain,Tomato Sauce,,,,,0.0
29797,67,2,0.0,10.5,Toastie,1,Kitchen,10.5,1,BACON-EGG-CHEESE,9.5,2023-03-09 11:48:31,Sourdough,"Tomato Sauce, Salt and Pepper",,,,,1.0
4021,69,2,0.0,10.5,Toasted Roll,1,Kitchen,10.5,1,BACON-EGG,7.0,2020-01-03 11:43:34,,"Tomato Sauce, Avocado, Hash Brown",,,,,3.5
10877,622,2,0.0,10.5,Toasted Roll,1,Kitchen,10.5,1,BACON-EGG,7.0,2021-02-27 12:13:08,,"Avocado, Hash Brown",,,,,3.5
37920,1664,2,0.0,10.5,Toastie,1,Kitchen,10.5,1,HAM-CHEESE-TOMATO,10.5,2023-11-25 07:59:22,White,Salt and Pepper,,,,,0.0
38505,642,2,0.0,10.5,Toastie,1,Kitchen,10.5,1,HAM-CHEESE-TOMATO,10.5,2023-12-13 09:45:00,Multigrain,Tomato Sauce,,,,,0.0
29615,1416,2,0.0,10.5,Toasted Roll,1,Kitchen,10.5,1,BACON-EGG,8.5,2023-03-04 08:17:02,,Hash Brown,,,,,2.0
8494,412,2,0.0,10.5,Toasted Roll,1,Kitchen,10.5,1,BACON-EGG,7.0,2020-10-30 09:27:27,,"Avocado, Hash Brown",,,,,3.5
39245,1436,1,0.0,10.5,Toastie,1,Kitchen,10.5,1,BACON-EGG-CHEESE,10.5,2024-01-20 08:24:59,White,Tomato Sauce,,,,,0.0
40295,1738,2,0.0,10.5,Toastie,1,Kitchen,10.5,1,HAM-CHEESE-TOMATO,10.5,2024-02-24 08:10:00,White,Tomato Sauce,,,,,0.0
32111,1253,2,0.0,10.5,Toasted Roll,1,Kitchen,10.5,1,BACON-EGG,8.5,2023-05-24 15:13:25,,Hash Brown,,,,,2.0
4674,237,2,0.0,10.5,(Entree) Pasta,1,Kitchen,10.5,1,SPAGCARB,10.5,2020-04-28 13:15:00,,,,,Spaghetti,,0.0
5444,8,2,0.0,23.3,Toastie,1,Kitchen,8.4,2,CHICKEN-SCHNITZEL-CHEESE-LETTUCE,8.4,2020-06-24 13:27:18,White,Tomato Sauce,,,,,0.0
5444,8,2,0.0,23.3,Toastie,1,Kitchen,9.9,3,CHICKEN-SCHNITZEL-CHEESE-LETTUCE,8.4,2020-06-24 13:27:18,Dark Rye,"Avocado, Salt and Pepper",,,,,1.5
26540,276,2,0.0,23.3,Toasted Roll,1,Kitchen,9.0,4,BACON-EGG-CHEESE,9.0,2022-11-06 08:46:15,,BBQ Sauce,,,,,0.0
4699,83,2,0.0,23.3,Toasted Roll,1,Kitchen,7.0,3,BACON-EGG,7.0,2020-05-01 07:47:39,,Salt and Pepper,,,,,0.0
4699,83,2,0.0,23.3,Toasted Roll,1,Kitchen,7.0,4,BACON-EGG,7.0,2020-05-01 07:47:39,,Salt and Pepper,,,,,0.0
12172,351,2,0.0,23.3,Toastie,1,Kitchen,7.0,4,CHEESE-TOMATO,7.0,2021-04-30 09:54:51,White,Tomato Sauce,,,,,0.0
23843,9,2,0.0,36.1,Toastie,1,Kitchen,9.0,4,HAM-CHEESE-TOMATO,9.0,2022-07-31 11:40:20,White,Tomato Sauce,,,,,0.0
23843,9,2,0.0,36.1,Toastie,1,Kitchen,9.0,5,HAM-CHEESE-TOMATO,9.0,2022-07-31 11:40:20,White,Tomato Sauce,,,,,0.0
29656,810,2,0.0,36.1,Toastie,1,Kitchen,9.5,2,BACON-EGG-CHEESE,9.5,2023-03-05 11:00:10,Multigrain,Salt and Pepper,,,,,0.0
29656,810,2,0.0,36.1,Toastie,1,Kitchen,10.5,3,HAM-CHEESE-TOMATO,9.5,2023-03-05 11:00:10,Sourdough,Salt and Pepper,,,,,1.0
29656,810,2,0.0,36.1,Toastie,1,Kitchen,8.5,4,HAM-CHEESE,8.5,2023-03-05 11:00:10,White,Salt and Pepper,,,,,0.0
17819,889,2,0.0,36.1,Toastie,1,Kitchen,8.0,4,CHEESE-TOMATO,7.0,2021-11-27 12:00:00,Sourdough,Salt and Pepper,,,,,1.0
17819,889,2,0.0,36.1,Toastie,1,Kitchen,8.0,5,BACON-CHEESE,7.0,2021-11-27 12:00:00,Sourdough,Salt and Pepper,,,,,1.0
4639,230,0,0.0,36.1,Eggs Benny,1,Kitchen,19.0,2,SALMON,17.0,2020-04-26 08:47:15,,,,Hashbrown,,,2.0
28944,1255,2,0.0,36.1,Build Your Own Breakfast,1,Kitchen,18.2,1,SCRAMBLED,9.2,2023-02-09 11:50:58,White,"Extra Egg, Bacon, Halloumi",,,,,9.0
31158,77,2,3.98,43.78,Eggs Benedict,1,Kitchen,18.5,1,BACON,16.5,2023-04-25 10:00:00,,,,Hashbrown,,,2.0
29857,127,2,0.0,48.9,Toastie,1,Kitchen,8.5,7,HAM-CHEESE,8.5,2023-03-11 11:18:11,White,Tomato Sauce,,,,,0.0
29857,127,2,0.0,48.9,Toastie,1,Kitchen,8.5,8,HAM-CHEESE,8.5,2023-03-11 11:18:11,Multigrain,Tomato Sauce,,,,,0.0
25104,698,2,0.0,48.9,Toastie,1,Kitchen,10.0,4,BACON-EGG-CHEESE,9.0,2022-09-13 08:50:40,Sourdough,Salt and Pepper,,,,,1.0
25104,698,2,0.0,48.9,Toastie,1,Kitchen,10.0,5,BACON-EGG-CHEESE,9.0,2022-09-13 08:50:40,Sourdough,Salt and Pepper,,,,,1.0
25104,698,2,0.0,48.9,Toastie,1,Kitchen,10.0,6,BACON-EGG-CHEESE,9.0,2022-09-13 08:50:40,Sourdough,Salt and Pepper,,,,,1.0
39851,1724,2,0.0,48.9,(Main) Pasta,1,Kitchen,18.9,1,MONALISA,18.9,2024-02-09 12:45:00,,,,,Spaghetti,,0.0
15727,521,2,0.0,61.7,Big Breakfast,1,Kitchen,22.7,2,POACHED,16.7,2021-09-16 12:30:31,Sourdough,Smashed Avo and Feta,,,,,6.0
32822,1400,2,0.0,74.5,Toastie,1,Kitchen,7.5,7,EGG,7.5,2023-06-16 08:45:42,Dark Rye,Salt and Pepper,,,,,0.0
32822,1400,2,0.0,74.5,Toasted Roll,1,Kitchen,9.5,2,BACON-EGG-CHEESE,9.5,2023-06-16 08:45:42,,Salt and Pepper,,,,,0.0
32822,1400,2,0.0,74.5,Toasted Roll,1,Kitchen,11.5,3,BACON-EGG-CHEESE,9.5,2023-06-16 08:45:42,,"Hash Brown, Salt and Pepper",,,,,2.0
32822,1400,2,0.0,74.5,Toasted Roll,2,Kitchen,23.0,4,BACON-EGG-CHEESE,9.5,2023-06-16 08:45:42,,"BBQ Sauce, Hash Brown, Salt and Pepper",,,,,2.0
32822,1400,2,0.0,74.5,Toasted Roll,1,Kitchen,11.5,5,BACON-EGG-CHEESE,9.5,2023-06-16 08:45:42,,"Tomato Sauce, Hash Brown, Salt and Pepper",,,,,2.0
32822,1400,2,0.0,74.5,Toasted Roll,1,Kitchen,9.5,6,BACON-EGG-CHEESE,9.5,2023-06-16 08:45:42,,"Tomato Sauce, Salt and Pepper",,,,,0.0
14557,14,2,0.0,18.2,Build Your Own Breakfast,1,Kitchen,13.9,1,SCRAMBLED,7.9,2021-08-06 08:45:00,White,"Bacon, Avocado",,,,,6.0
27215,795,2,0.0,18.2,Big Breakfast,1,Kitchen,18.2,1,POACHED,18.2,2022-11-27 12:37:01,White,Hollandaise,,,,,0.0
6230,337,2,0.0,18.2,Toastie,1,Kitchen,7.0,4,BACON-EGG,7.0,2020-08-06 10:17:04,White,Tomato Sauce,,,,,0.0
24022,1148,2,0.0,18.2,French Toast with Streaky Bacon,1,Kitchen,13.8,1,REGULAR,11.8,2022-08-06 09:27:32,,,,Hashbrown,,,2.0
32419,1178,2,0.0,18.2,Toasted Roll,1,Kitchen,10.5,3,BACON-EGG,8.5,2023-06-03 09:18:22,,"BBQ Sauce, Hash Brown",,,,,2.0
19093,175,2,0.0,18.2,Toastie,1,Kitchen,7.0,4,BACON-EGG,7.0,2022-02-02 09:09:22,White,Tomato Sauce,,,,,0.0
31641,435,2,0.0,18.2,Toasted Roll,1,Kitchen,11.5,2,BACON-EGG-CHEESE,9.5,2023-05-09 09:33:38,,"Tomato Sauce, Hash Brown",,,,,2.0
40466,721,2,0.0,18.2,Toasted Roll,1,Kitchen,12.5,2,BACON-EGG,9.0,2024-03-01 07:41:11,,"Avocado, Hash Brown, Salt and Pepper",,,,,3.5
24540,996,0,0.0,18.2,Toastie,1,Kitchen,9.0,3,BACON-EGG-CHEESE,9.0,2022-08-26 08:00:00,White,Tomato Sauce,,,,,0.0
6932,231,2,0.0,18.2,Toastie,1,Kitchen,6.0,4,CHEESE,6.0,2020-09-05 07:07:19,White,Tomato Sauce,,,,,0.0
29477,1255,2,0.0,18.2,Build Your Own Breakfast,1,Kitchen,18.2,1,SCRAMBLED,9.2,2023-02-27 11:53:47,White,"Extra Egg, Bacon, Halloumi",,,,,9.0
29341,1255,2,0.0,18.2,Build Your Own Breakfast,1,Kitchen,18.2,1,SCRAMBLED,9.2,2023-02-23 11:48:38,White,"Extra Egg, Bacon, Halloumi",,,,,9.0
29257,1255,2,0.0,18.2,Build Your Own Breakfast,1,Kitchen,18.2,1,SCRAMBLED,9.2,2023-02-20 12:20:59,White,"Extra Egg, Bacon, Halloumi",,,,,9.0
29174,1255,2,0.0,18.2,Build Your Own Breakfast,1,Kitchen,18.2,1,POACHED,9.2,2023-02-17 10:06:05,White,"Extra Egg, Bacon, Halloumi",,,,,9.0
14212,240,2,0.0,18.2,Toasted Roll,1,Kitchen,8.0,3,BACON-EGG-CHEESE,8.0,2021-07-23 08:19:49,,Tomato Sauce,,,,,0.0
33362,1270,2,0.0,18.2,Toastie,1,Kitchen,8.5,3,HAM-CHEESE,8.5,2023-07-04 07:11:30,White,Tomato Sauce,,,,,0.0
25768,1294,2,0.0,31.0,Toasted Roll,1,Kitchen,8.0,5,BACON-EGG,8.0,2022-10-08 08:14:04,,BBQ Sauce,,,,,0.0
18359,575,2,0.0,31.0,Toasted Roll,1,Kitchen,9.0,3,BACON-EGG,7.0,2021-12-18 11:46:45,,"Hash Brown, Salt and Pepper",,,,,2.0
18359,575,2,0.0,31.0,Toasted Roll,1,Kitchen,9.0,4,BACON-EGG,7.0,2021-12-18 11:46:45,,"Hash Brown, Salt and Pepper",,,,,2.0
18071,67,0,0.0,31.0,Toastie,1,Kitchen,9.0,3,BACON-EGG-CHEESE,8.0,2021-12-07 12:08:50,Sourdough,"Tomato Sauce, Salt and Pepper",,,,,1.0
25034,341,2,0.0,31.0,Toastie,1,Kitchen,9.5,4,BACON-CHEESE,8.0,2022-09-11 07:34:21,White,Avocado,,,,,1.5
25034,341,2,0.0,31.0,Toasted Roll,1,Kitchen,10.0,3,BACON-EGG,8.0,2022-09-11 07:34:21,,"BBQ Sauce, Hash Brown, Salt and Pepper",,,,,2.0
3822,91,2,0.0,31.0,Toasted Roll,1,Kitchen,10.0,3,BACON-EGG-CHEESE,8.0,2019-11-11 10:00:00,,"BBQ Sauce, Hash Brown, Salt and Pepper",,,,,2.0
3822,91,2,0.0,31.0,Toasted Roll,1,Kitchen,10.0,4,BACON-EGG-CHEESE,8.0,2019-11-11 10:00:00,,"BBQ Sauce, Hash Brown, Salt and Pepper",,,,,2.0
3709,91,2,0.0,31.0,Toastie,1,Kitchen,10.0,3,BACON-EGG-CHEESE,8.0,2019-10-18 09:45:00,White,"BBQ Sauce, Hash Brown",,,,,2.0
3709,91,2,0.0,31.0,Toastie,1,Kitchen,10.0,4,BACON-EGG-CHEESE,8.0,2019-10-18 09:45:00,White,"BBQ Sauce, Hash Brown",,,,,2.0
19378,92,2,0.0,31.0,Toasted Roll,1,Kitchen,9.5,3,BACON-EGG-CHEESE,8.0,2022-02-12 10:52:05,,"Tomato Sauce, Avocado",,,,,1.5
19378,92,2,0.0,31.0,Toasted Roll,1,Kitchen,10.0,4,BACON-EGG-CHEESE,8.0,2022-02-12 10:52:05,,"BBQ Sauce, Hash Brown, Salt and Pepper",,,,,2.0
13267,651,2,0.0,31.0,Toastie,1,Kitchen,10.0,4,BACON-EGG-CHEESE,8.0,2021-06-13 08:45:00,White,"Tomato Sauce, Hash Brown",,,,,2.0
32628,1249,2,0.0,31.0,Toastie,1,Kitchen,10.5,2,BACON-EGG-CHEESE,9.5,2023-06-10 07:47:57,Sourdough,Tomato Sauce,,,,,1.0
32628,1249,2,0.0,31.0,Toastie,1,Kitchen,12.0,3,HAM-CHEESE-TOMATO,9.5,2023-06-10 07:47:57,Sourdough,Avocado,,,,,2.5
6596,285,2,0.0,43.8,Pork Benny,1,Kitchen,18.0,4,REGULAR,16.0,2020-08-23 08:37:55,,,,Hashbrown,,,2.0
6596,285,2,0.0,43.8,Eggs Benedict,1,Kitchen,16.0,2,BACON,14.0,2020-08-23 08:37:55,,,,Hashbrown,,,2.0
6443,285,2,0.0,43.8,Pork Benny,1,Kitchen,18.0,4,REGULAR,16.0,2020-08-16 08:01:32,,,,Hashbrown,,,2.0
6443,285,2,0.0,43.8,Eggs Benedict,1,Kitchen,16.0,2,BACON,14.0,2020-08-16 08:01:32,,,,Hashbrown,,,2.0
31166,1468,2,4.68,51.48,Toasted Roll,1,Kitchen,9.5,6,BACON-EGG-CHEESE,9.5,2023-04-25 11:10:49,,Tomato Sauce,,,,,0.0
31166,1468,2,4.68,51.48,Toastie,1,Kitchen,7.5,7,CHEESE,7.5,2023-04-25 11:10:49,White,Tomato Sauce,,,,,0.0
33172,260,2,0.0,13.1,Toasted Roll,1,Kitchen,8.5,2,BACON-EGG,8.5,2023-06-28 07:53:50,,Tomato Sauce,,,,,0.0
32248,1288,2,0.0,13.1,Toastie,1,Kitchen,8.5,2,BACON-EGG,8.5,2023-05-29 06:30:34,White,Tomato Sauce,,,,,0.0
33418,83,2,0.0,13.1,Toasted Roll,1,Kitchen,8.5,2,BACON-EGG,8.5,2023-07-06 08:02:34,,Salt and Pepper,,,,,0.0
33208,83,2,0.0,13.1,Toasted Roll,1,Kitchen,8.5,2,BACON-EGG,8.5,2023-06-29 08:05:02,,Salt and Pepper,,,,,0.0
32572,83,2,0.0,13.1,Toasted Roll,1,Kitchen,8.5,2,BACON-EGG,8.5,2023-06-08 08:03:22,,Salt and Pepper,,,,,0.0
32128,83,2,0.0,13.1,Toasted Roll,1,Kitchen,8.5,2,BACON-EGG,8.5,2023-05-25 08:03:07,,Salt and Pepper,,,,,0.0
31919,83,2,0.0,13.1,Toasted Roll,1,Kitchen,8.5,2,BACON-EGG,8.5,2023-05-18 08:01:21,,Salt and Pepper,,,,,0.0
30198,83,2,0.0,13.1,Toasted Roll,1,Kitchen,8.5,2,BACON-EGG,8.5,2023-03-23 08:02:53,,Salt and Pepper,,,,,0.0
28698,83,2,0.0,13.1,Toasted Roll,1,Kitchen,8.5,2,BACON-EGG,8.5,2023-02-01 07:34:12,,Salt and Pepper,,,,,0.0
28236,83,2,0.0,13.1,Toasted Roll,1,Kitchen,8.5,2,BACON-EGG,8.5,2023-01-13 07:32:27,,Salt and Pepper,,,,,0.0
33880,613,2,0.0,13.1,Toasted Roll,1,Kitchen,8.5,2,BACON-EGG,8.5,2023-07-21 06:29:23,,Tomato Sauce,,,,,0.0
33468,613,2,0.0,13.1,Toasted Roll,1,Kitchen,8.5,2,BACON-EGG,8.5,2023-07-08 07:23:58,,Tomato Sauce,,,,,0.0
32903,613,2,0.0,13.1,Toasted Roll,1,Kitchen,8.5,2,BACON-EGG,8.5,2023-06-19 06:52:27,,Tomato Sauce,,,,,0.0
32595,613,2,0.0,13.1,Toasted Roll,1,Kitchen,8.5,2,BACON-EGG,8.5,2023-06-09 06:18:56,,Tomato Sauce,,,,,0.0
32183,613,2,0.0,13.1,Toasted Roll,1,Kitchen,8.5,2,BACON-EGG,8.5,2023-05-27 07:18:51,,Tomato Sauce,,,,,0.0
31178,613,2,0.0,13.1,Toasted Roll,1,Kitchen,8.5,2,BACON-EGG,8.5,2023-04-26 07:27:39,,Tomato Sauce,,,,,0.0
30194,613,2,0.0,13.1,Toasted Roll,1,Kitchen,8.5,2,BACON-EGG,8.5,2023-03-23 07:31:34,,Tomato Sauce,,,,,0.0
29969,613,2,0.0,13.1,Toasted Roll,1,Kitchen,8.5,2,BACON-EGG,8.5,2023-03-16 06:34:53,,Tomato Sauce,,,,,0.0
29578,613,2,0.0,13.1,Toasted Roll,1,Kitchen,8.5,2,BACON-EGG,8.5,2023-03-03 07:22:17,,Tomato Sauce,,,,,0.0
28642,613,2,0.0,13.1,Toasted Roll,1,Kitchen,8.5,2,BACON-EGG,8.5,2023-01-30 07:24:37,,Tomato Sauce,,,,,0.0
28410,613,2,0.0,13.1,Toasted Roll,1,Kitchen,8.5,2,BACON-EGG,8.5,2023-01-20 06:29:55,,Tomato Sauce,,,,,0.0
23110,107,2,0.0,13.1,Toasted Roll,1,Kitchen,7.0,2,BACON-EGG,7.0,2022-07-04 09:06:39,,"Tomato Sauce, Salt and Pepper",,,,,0.0
23031,107,2,0.0,13.1,Toasted Roll,1,Kitchen,7.0,2,BACON-EGG,7.0,2022-07-01 10:02:23,,"Tomato Sauce, Salt and Pepper",,,,,0.0
30420,1148,2,0.0,13.1,Croissant,1,Kitchen,8.5,1,CHEESE-TOMATO,8.5,2023-03-30 09:13:35,,Salt and Pepper,,,,,0.0
24682,141,2,0.0,13.1,Toastie,1,Kitchen,8.0,2,BACON-EGG,8.0,2022-08-31 06:04:32,Multigrain,BBQ Sauce,,,,,0.0
24298,141,2,0.0,13.1,Toastie,1,Kitchen,8.0,2,BACON-EGG,8.0,2022-08-17 06:02:22,Multigrain,BBQ Sauce,,,,,0.0
33556,1190,2,0.0,13.1,Toasted Roll,1,Kitchen,8.5,2,BACON-EGG,8.5,2023-07-10 10:17:41,,BBQ Sauce,,,,,0.0
31638,1190,2,0.0,13.1,Toasted Roll,1,Kitchen,8.5,2,BACON-EGG,8.5,2023-05-09 09:14:36,,BBQ Sauce,,,,,0.0
30915,1190,2,0.0,13.1,Toasted Roll,1,Kitchen,8.5,2,BACON-EGG,8.5,2023-04-17 09:12:35,,BBQ Sauce,,,,,0.0
29641,1190,2,0.0,13.1,Toasted Roll,1,Kitchen,8.5,2,BACON-EGG,8.5,2023-03-05 08:17:16,,BBQ Sauce,,,,,0.0
29212,1190,2,0.0,13.1,Toasted Roll,1,Kitchen,8.5,2,BACON-EGG,8.5,2023-02-19 08:53:12,,BBQ Sauce,,,,,0.0
28382,1190,2,0.0,13.1,Toasted Roll,1,Kitchen,8.5,2,BACON-EGG,8.5,2023-01-19 07:20:42,,BBQ Sauce,,,,,0.0
9571,175,2,0.0,13.1,Toastie,1,Kitchen,7.0,3,BACON-EGG,7.0,2020-12-14 09:09:21,White,Tomato Sauce,,,,,0.0
30337,721,2,0.0,13.1,Toasted Roll,1,Kitchen,8.5,2,BACON-EGG,8.5,2023-03-28 07:39:46,,"Tomato Sauce, Salt and Pepper",,,,,0.0
22033,721,2,0.0,13.1,Toasted Roll,1,Kitchen,9.0,2,BACON-EGG,7.0,2022-05-25 07:18:29,,"Tomato Sauce, Hash Brown, Salt and Pepper",,,,,2.0
19666,721,2,0.0,13.1,Toasted Roll,1,Kitchen,9.0,2,BACON-EGG,7.0,2022-02-24 07:42:25,,"Tomato Sauce, Hash Brown, Salt and Pepper",,,,,2.0
32305,1499,2,0.0,13.1,Toasted Roll,1,Kitchen,8.5,2,BACON-EGG,8.5,2023-05-31 06:11:15,,BBQ Sauce,,,,,0.0
23811,13,2,0.0,25.9,Toasted Roll,1,Kitchen,10.0,4,BACON-EGG,8.0,2022-07-30 09:40:52,,"Tomato Sauce, Hash Brown",,,,,2.0
12676,14,2,0.0,25.9,Build Your Own Breakfast,1,Kitchen,17.9,1,POACHED,7.9,2021-05-22 07:54:36,White,"Bacon, Avocado, Halloumi",,,,,9.999999999999998
16860,543,1,0.0,25.9,Toastie,1,Kitchen,7.0,4,BACON-CHEESE,7.0,2021-10-24 11:08:40,White,Tomato Sauce,,,,,0.0
22681,1103,2,0.0,25.9,Toastie,1,Kitchen,8.0,3,BACON-EGG-CHEESE,8.0,2022-06-17 11:28:10,White,Salt and Pepper,,,,,0.0
22681,1103,2,0.0,25.9,Toastie,1,Kitchen,8.0,4,BACON-EGG-CHEESE,8.0,2022-06-17 11:28:10,Multigrain,BBQ Sauce,,,,,0.0
23815,197,2,0.0,25.9,Toastie,1,Kitchen,8.0,3,BACON-EGG,8.0,2022-07-30 10:32:49,White,Tomato Sauce,,,,,0.0
23815,197,2,0.0,25.9,Toasted Roll,1,Kitchen,12.5,2,BACON-EGG-CHEESE,9.0,2022-07-30 10:32:49,,"Tomato Sauce, Avocado, Hash Brown, Salt and Pepper",,,,,3.5
16746,970,2,0.0,25.9,Build Your Own Breakfast,1,Kitchen,19.9,1,POACHED,7.9,2021-10-20 10:00:35,Sourdough,"Hollandaise, Hash Brown, Avocado, Baby Spinach",,,,,11.999999999999998
32796,1253,2,0.0,25.9,Toasted Roll,1,Kitchen,10.5,2,BACON-EGG,8.5,2023-06-15 11:01:25,,Hash Brown,,,,,2.0
33020,1520,2,0.0,25.9,Toasted Roll,1,Kitchen,8.5,4,BACON-EGG,8.5,2023-06-23 08:08:27,,Salt and Pepper,,,,,0.0
13082,276,2,0.0,38.7,Toasted Roll,1,Kitchen,8.0,6,BACON-EGG-CHEESE,8.0,2021-06-06 09:39:12,,BBQ Sauce,,,,,0.0
13082,276,2,0.0,38.7,Toasted Roll,1,Kitchen,8.0,7,BACON-EGG-CHEESE,8.0,2021-06-06 09:39:12,,BBQ Sauce,,,,,0.0
8990,331,2,0.0,38.7,Big Breakfast,1,Kitchen,18.2,1,POACHED,16.2,2020-11-20 09:36:08,White,Hash Brown,,,,,2.0
22573,645,2,0.0,38.7,Eggs and Bacon,1,Kitchen,11.0,1,SUNNY,11.0,2022-06-13 10:21:30,Dark Rye,,,,,,0.0
22573,645,2,0.0,38.7,Muffin,1,Kitchen,3.9,5,BLUEBERRY,3.9,2022-06-13 10:21:30,,,No,,,,0.0
33312,172,2,0.0,38.7,Toasted Roll,1,Kitchen,8.5,4,BACON-EGG,8.5,2023-07-02 09:02:49,,Tomato Sauce,,,,,0.0
33312,172,2,0.0,38.7,Toastie,1,Kitchen,9.5,5,HAM-CHEESE-TOMATO,9.5,2023-07-02 09:02:49,Multigrain,Salt and Pepper,,,,,0.0
38814,1229,2,0.0,38.7,Toastie,1,Kitchen,9.0,3,CHEESE-TOMATO,9.0,2023-12-23 11:59:17,White,Tomato Sauce,,,,,0.0
38701,1229,2,0.0,38.7,Toastie,1,Kitchen,9.0,4,CHEESE-TOMATO,9.0,2023-12-19 12:38:24,White,Tomato Sauce,,,,,0.0
13820,789,2,0.0,51.5,Toastie,1,Kitchen,10.0,6,BACON-EGG-CHEESE,8.0,2021-07-06 10:00:00,White,"BBQ Sauce, Hash Brown",,,,,2.0
13820,789,2,0.0,51.5,Toasted Roll,1,Kitchen,10.0,5,BACON-EGG-CHEESE,8.0,2021-07-06 10:00:00,,"BBQ Sauce, Hash Brown",,,,,2.0
6980,55,2,0.0,51.5,Eggs Benedict,1,Kitchen,16.0,4,BACON,14.0,2020-09-06 10:30:00,,,,Hashbrown,,,2.0
6980,55,2,0.0,51.5,Build Your Own Breakfast,1,Kitchen,18.4,1,FRIED,7.9,2020-09-06 10:30:00,White,"Bacon, Hollandaise, Hash Brown, Avocado",,,,,10.499999999999998
6980,55,2,0.0,51.5,Toastie,1,Kitchen,8.0,5,BACON-EGG-CHEESE,8.0,2020-09-06 10:30:00,White,"Tomato Sauce, Salt and Pepper",,,,,0.0
40454,1745,2,0.0,51.5,Acai Smoothie bowl (VO),1,Kitchen,20.5,1,REGULAR,19.5,2024-02-29 11:30:00,,peanut butter,,,,,1.0
37385,128,2,1.89,20.79,Toasted Roll,1,Kitchen,13.5,2,BACON-EGG-CHEESE,10.0,2023-11-07 10:52:58,,"Avocado, Hash Brown, Salt and Pepper",,,,,3.5
39426,234,2,1.89,20.79,Muffin,1,Kitchen,4.5,5,CHOC-MUD,4.5,2024-01-26 09:58:01,,,No,,,,0.0
9448,9,2,0.0,8.0,Toasted Roll,1,Kitchen,8.0,1,BACON-EGG-CHEESE,8.0,2020-12-09 08:24:20,,Tomato Sauce,,,,,0.0
19634,782,2,0.0,8.0,Toasted Roll,1,Kitchen,8.0,1,BACON-EGG-CHEESE,8.0,2022-02-23 05:59:48,,"Tomato Sauce, BBQ Sauce, Salt and Pepper",,,,,0.0
18075,782,2,0.0,8.0,Toasted Roll,1,Kitchen,8.0,1,BACON-EGG-CHEESE,8.0,2021-12-08 06:03:45,,"BBQ Sauce, Salt and Pepper",,,,,0.0
17365,782,2,0.0,8.0,Toasted Roll,1,Kitchen,8.0,1,BACON-EGG-CHEESE,8.0,2021-11-12 06:06:54,,BBQ Sauce,,,,,0.0
16960,782,2,0.0,8.0,Toasted Roll,1,Kitchen,8.0,1,BACON-EGG-CHEESE,8.0,2021-10-28 06:33:14,,BBQ Sauce,,,,,0.0
16930,782,2,0.0,8.0,Toasted Roll,1,Kitchen,8.0,1,BACON-EGG-CHEESE,8.0,2021-10-27 06:43:40,,BBQ Sauce,,,,,0.0
14531,782,2,0.0,8.0,Toasted Roll,1,Kitchen,8.0,1,BACON-EGG-CHEESE,8.0,2021-08-05 06:39:10,,BBQ Sauce,,,,,0.0
5471,67,2,0.0,8.0,Toastie,1,Kitchen,8.0,1,BACON-CHEESE,7.0,2020-06-26 12:07:23,Sourdough,"Tomato Sauce, BBQ Sauce",,,,,1.0
5177,67,10,0.0,8.0,Toastie,1,Kitchen,8.0,1,BACON-CHEESE,7.0,2020-06-05 12:02:23,Sourdough,"Tomato Sauce, Salt and Pepper",,,,,1.0
4148,67,2,0.0,8.0,Toastie,1,Kitchen,8.0,1,BACON-CHEESE,7.0,2020-02-04 12:01:24,Sourdough,"Tomato Sauce, Salt and Pepper",,,,,1.0
3995,67,2,0.0,8.0,Toastie,1,Kitchen,8.0,1,BACON-CHEESE,7.0,2019-12-16 12:00:38,Sourdough,"Tomato Sauce, Salt and Pepper",,,,,1.0
3977,67,10,0.0,8.0,Toastie,1,Kitchen,8.0,1,BACON-CHEESE,7.0,2019-12-12 12:14:52,Sourdough,"Tomato Sauce, Salt and Pepper",,,,,1.0
3657,67,10,0.0,8.0,Toastie,1,Kitchen,8.0,1,BACON-CHEESE,7.0,2019-10-07 12:13:21,Sourdough,"Tomato Sauce, Salt and Pepper",,,,,1.0
3541,67,10,0.0,8.0,Toastie,1,Kitchen,8.0,1,BACON-CHEESE,7.0,2019-09-03 10:00:00,Sourdough,"Tomato Sauce, Salt and Pepper",,,,,1.0
25895,1103,2,0.0,8.0,Toastie,1,Kitchen,8.0,1,BACON-CHEESE,8.0,2022-10-13 12:54:14,Multigrain,BBQ Sauce,,,,,0.0
24894,1103,2,0.0,8.0,Toastie,1,Kitchen,8.0,1,BACON-CHEESE,8.0,2022-09-06 13:06:08,White,BBQ Sauce,,,,,0.0
23570,1103,2,0.0,8.0,Toastie,1,Kitchen,8.0,1,BACON-EGG-CHEESE,8.0,2022-07-22 12:38:09,White,Salt and Pepper,,,,,0.0
5958,353,0,0.0,8.0,Toasted Roll,1,Kitchen,8.0,1,BACON-EGG-CHEESE,8.0,2020-07-25 08:02:38,,BBQ Sauce,,,,,0.0
13876,615,2,0.0,8.0,Toasted Roll,1,Kitchen,8.0,1,BACON-EGG-CHEESE,8.0,2021-07-08 10:17:20,,Tomato Sauce,,,,,0.0
13875,615,0,0.0,8.0,Toasted Roll,1,Kitchen,8.0,1,BACON-EGG-CHEESE,8.0,2021-07-08 10:04:19,,Tomato Sauce,,,,,0.0
15569,115,2,0.0,8.0,Toastie,1,Kitchen,8.0,1,BACON-EGG-CHEESE,8.0,2021-09-11 10:38:55,White,Tomato Sauce,,,,,0.0
21523,1143,0,0.0,8.0,Croissant,1,Kitchen,8.0,1,CHEESE-TOMATO,8.0,2022-05-05 11:47:50,,Salt and Pepper,,,,,0.0
12372,651,2,0.0,8.0,Toasted Roll,1,Kitchen,8.0,1,BACON-EGG-CHEESE,8.0,2021-05-09 08:14:36,,Tomato Sauce,,,,,0.0
17274,145,2,0.0,8.0,Toasted Roll,1,Kitchen,8.0,1,BACON-EGG-CHEESE,8.0,2021-11-08 10:37:44,,BBQ Sauce,,,,,0.0
15591,145,2,0.0,8.0,Toasted Roll,1,Kitchen,8.0,1,BACON-EGG-CHEESE,8.0,2021-09-12 08:49:30,,BBQ Sauce,,,,,0.0
14255,161,2,0.0,8.0,Toasted Roll,1,Kitchen,8.0,1,BACON-EGG-CHEESE,8.0,2021-07-24 11:03:11,,"BBQ Sauce, Salt and Pepper",,,,,0.0
23065,421,2,0.0,8.0,Toastie,1,Kitchen,8.0,1,BACON,6.0,2022-07-03 07:23:34,White,Hash Brown,,,,,2.0
21831,947,2,0.0,8.0,Croissant,1,Kitchen,8.0,1,CHEESE-TOMATO,8.0,2022-05-17 14:45:11,,Salt and Pepper,,,,,0.0
21526,947,2,0.0,8.0,Croissant,1,Kitchen,8.0,1,CHEESE-TOMATO,8.0,2022-05-05 12:48:06,,Salt and Pepper,,,,,0.0
23050,1203,2,0.0,8.0,Toastie,1,Kitchen,8.0,1,BACON-EGG-CHEESE,8.0,2022-07-02 08:53:31,White,Tomato Sauce,,,,,0.0
25028,809,2,0.0,20.8,Toastie,1,Kitchen,11.0,3,BACON-EGG-CHEESE,9.0,2022-09-10 10:26:12,White,"BBQ Sauce, Hash Brown",,,,,2.0
13055,322,2,0.0,20.8,Eggs Benedict,1,Kitchen,16.5,2,HAM,14.5,2021-06-05 10:42:28,,,,Hashbrown,,,2.0
26154,1144,2,0.0,20.8,French Toast with Streaky Bacon,1,Kitchen,13.8,1,REGULAR,11.8,2022-10-22 08:54:58,,,,Hashbrown,,,2.0
34324,128,2,0.0,20.8,Muffin,2,Kitchen,9.0,3,APPLE-CINNAMON,4.5,2023-08-03 10:32:08,,,Yes,,,,0.0
13174,136,2,0.0,20.8,Toasted Roll,1,Kitchen,10.0,3,BACON-EGG-CHEESE,8.0,2021-06-10 08:01:34,,"BBQ Sauce, Hash Brown",,,,,2.0
34167,1171,2,0.0,20.8,Toastie,1,Kitchen,9.0,4,HAM-CHEESE,9.0,2023-07-29 10:21:45,White,Tomato Sauce,,,,,0.0
15013,197,2,0.0,20.8,Toastie,1,Kitchen,7.0,3,BACON-EGG,7.0,2021-08-23 09:00:24,White,Tomato Sauce,,,,,0.0
14186,744,2,0.0,20.8,Toasted Roll,1,Kitchen,10.5,3,BACON-EGG,7.0,2021-07-22 09:15:00,,"Avocado, Hash Brown",,,,,3.5
28998,234,2,0.0,20.8,Muffin,1,Kitchen,3.9,4,CHOC-MUD,3.9,2023-02-11 09:47:15,,,Yes,,,,0.0
4900,14,2,0.0,33.6,French Toast with Streaky Bacon,1,Kitchen,11.9,3,REGULAR,9.9,2020-05-16 09:00:00,,,,Hashbrown,,,2.0
4900,14,2,0.0,33.6,Eggs and Bacon,1,Kitchen,11.4,2,POACHED,10.4,2020-05-16 09:00:00,Sourdough,,,,,,1.0
9034,541,2,0.0,33.6,Build Your Own Breakfast,1,Kitchen,28.4,1,SCRAMBLED,7.9,2020-11-22 12:00:00,Sourdough,"Extra Egg, Bacon, Hollandaise, Hash Brown, Smashed Avo and Feta, Pulled Pork",,,,,20.5
15866,92,2,0.0,33.6,Toasted Roll,1,Kitchen,9.5,4,BACON-EGG-CHEESE,8.0,2021-09-21 08:08:24,,"Tomato Sauce, Avocado",,,,,1.5
15866,92,2,0.0,33.6,Toasted Roll,1,Kitchen,10.0,5,BACON-EGG-CHEESE,8.0,2021-09-21 08:08:24,,"BBQ Sauce, Hash Brown, Salt and Pepper",,,,,2.0
34847,1117,2,0.0,33.6,Toasted Roll,2,Kitchen,24.0,3,BACON-EGG-CHEESE,10.0,2023-08-20 08:37:31,,"BBQ Sauce, Hash Brown",,,,,2.0
35401,1171,2,0.0,33.6,Toastie,1,Kitchen,9.0,4,HAM-CHEESE,9.0,2023-09-06 09:07:13,Dark Rye,Tomato Sauce,,,,,0.0
35401,1171,2,0.0,33.6,Toastie,1,Kitchen,10.5,5,BACON-EGG-CHEESE,10.5,2023-09-06 09:07:13,White,Tomato Sauce,,,,,0.0
29114,1172,0,0.0,33.6,Toastie,1,Kitchen,9.5,4,BACON-EGG-CHEESE,9.5,2023-02-15 12:53:44,White,Tomato Sauce,,,,,0.0
13866,690,2,0.0,33.6,Toasted Roll,1,Kitchen,7.0,5,BACON-EGG,7.0,2021-07-08 07:54:01,,Tomato Sauce,,,,,0.0
13866,690,2,0.0,33.6,Toasted Roll,1,Kitchen,8.0,6,BACON-EGG-CHEESE,8.0,2021-07-08 07:54:01,,BBQ Sauce,,,,,0.0
15952,754,2,0.0,33.6,Toasted Roll,1,Kitchen,7.0,4,BACON-EGG,7.0,2021-09-24 08:51:35,,Tomato Sauce,,,,,0.0
15952,754,2,0.0,33.6,Toastie,1,Kitchen,10.0,5,BACON-EGG-CHEESE,8.0,2021-09-24 08:51:35,White,"BBQ Sauce, Hash Brown",,,,,2.0
15771,754,2,0.0,33.6,Toastie,1,Kitchen,10.0,4,BACON-EGG-CHEESE,8.0,2021-09-18 08:48:39,White,"BBQ Sauce, Hash Brown",,,,,2.0
15771,754,2,0.0,33.6,Toastie,1,Kitchen,7.0,5,HAM-CHEESE,7.0,2021-09-18 08:48:39,White,Tomato Sauce,,,,,0.0
19712,255,2,0.0,33.6,Toastie,1,Kitchen,7.0,5,HAM-CHEESE,7.0,2022-02-25 13:00:00,White,Tomato Sauce,,,,,0.0
27554,1338,2,0.0,72.0,Toastie,1,Kitchen,9.0,4,HAM-CHEESE-TOMATO,9.0,2022-12-09 08:30:00,White,Tomato Sauce,,,,,0.0
27554,1338,2,0.0,72.0,Toasted Roll,1,Kitchen,11.0,1,BACON-EGG-CHEESE,9.0,2022-12-09 08:30:00,,Hash Brown,,,,,2.0
27554,1338,2,0.0,72.0,Toastie,1,Kitchen,9.0,5,HAM-CHEESE-TOMATO,9.0,2022-12-09 08:30:00,White,Tomato Sauce,,,,,0.0
27554,1338,2,0.0,72.0,Toastie,1,Kitchen,9.0,6,HAM-CHEESE-TOMATO,9.0,2022-12-09 08:30:00,White,Tomato Sauce,,,,,0.0
27554,1338,2,0.0,72.0,Toastie,1,Kitchen,7.0,7,EGG,7.0,2022-12-09 08:30:00,Dark Rye,Tomato Sauce,,,,,0.0
27554,1338,2,0.0,72.0,Toasted Roll,1,Kitchen,11.0,2,BACON-EGG-CHEESE,9.0,2022-12-09 08:30:00,,"Tomato Sauce, Hash Brown",,,,,2.0
27554,1338,2,0.0,72.0,Toastie,1,Kitchen,8.0,8,HAM-CHEESE,8.0,2022-12-09 08:30:00,White,Tomato Sauce,,,,,0.0
14073,801,2,0.0,84.8,Big Breakfast,1,Kitchen,19.7,1,POACHED,16.7,2021-07-17 11:39:34,White,Hollandaise,,,,,3.0
14073,801,2,0.0,84.8,Build Your Own Breakfast,1,Kitchen,18.9,3,POACHED,7.9,2021-07-17 11:39:34,Sourdough,"Bacon, Grilled Tomato, Smashed Avo and Feta",,,,,10.999999999999998
14073,801,2,0.0,84.8,Big Breakfast,1,Kitchen,19.7,2,POACHED,16.7,2021-07-17 11:39:34,White,Hollandaise,,,,,3.0
37823,1040,2,0.0,15.7,Toastie,1,Kitchen,10.5,2,HAM-CHEESE-TOMATO,10.5,2023-11-22 06:45:00,White,Tomato Sauce,,,,,0.0
13438,593,2,0.0,15.7,Toasted Roll,1,Kitchen,10.0,2,BACON-EGG-CHEESE,8.0,2021-06-19 09:03:51,,"Tomato Sauce, Hash Brown",,,,,2.0
28204,1373,2,0.0,15.7,Toastie,1,Kitchen,9.5,2,BACON-EGG-CHEESE,9.5,2023-01-12 06:10:14,White,Tomato Sauce,,,,,0.0
22702,145,2,0.0,15.7,Toasted Roll,1,Kitchen,10.0,2,BACON-EGG-CHEESE,8.0,2022-06-18 09:27:01,,"BBQ Sauce, Hash Brown",,,,,2.0
20863,145,2,0.0,15.7,Toasted Roll,1,Kitchen,10.0,2,BACON-EGG-CHEESE,8.0,2022-04-09 11:32:41,,"BBQ Sauce, Hash Brown",,,,,2.0
11249,161,2,0.0,15.7,Toasted Roll,1,Kitchen,8.0,3,BACON-EGG-CHEESE,8.0,2021-03-18 09:39:24,,"BBQ Sauce, Salt and Pepper",,,,,0.0
40365,721,2,0.0,15.7,Toasted Roll,1,Kitchen,10.5,2,BACON-EGG,9.0,2024-02-27 07:20:00,,"Avocado, Salt and Pepper",,,,,1.5
38678,721,2,0.0,15.7,Toasted Roll,1,Kitchen,10.5,2,BACON-EGG,9.0,2023-12-19 07:58:10,,"Avocado, Salt and Pepper",,,,,1.5
38334,721,2,0.0,15.7,Toasted Roll,1,Kitchen,10.5,2,BACON-EGG,9.0,2023-12-08 07:56:02,,Avocado,,,,,1.5
38271,721,2,0.0,15.7,Toasted Roll,1,Kitchen,10.5,2,BACON-EGG,9.0,2023-12-06 07:42:56,,"Avocado, Salt and Pepper",,,,,1.5
37981,721,2,0.0,15.7,Toasted Roll,1,Kitchen,11.0,2,BACON-EGG,9.0,2023-11-27 07:16:27,,"BBQ Sauce, Hash Brown",,,,,2.0
37804,721,2,0.0,15.7,Toasted Roll,1,Kitchen,11.0,2,BACON-EGG,9.0,2023-11-21 07:27:56,,"Tomato Sauce, Hash Brown, Salt and Pepper",,,,,2.0
37771,721,2,0.0,15.7,Toasted Roll,1,Kitchen,11.0,2,BACON-EGG,9.0,2023-11-20 07:56:54,,"BBQ Sauce, Hash Brown, Salt and Pepper",,,,,2.0
37459,721,2,0.0,15.7,Toasted Roll,1,Kitchen,11.0,2,BACON-EGG,9.0,2023-11-10 07:04:58,,"BBQ Sauce, Hash Brown, Salt and Pepper",,,,,2.0
35156,721,2,0.0,15.7,Toasted Roll,1,Kitchen,11.0,2,BACON-EGG,9.0,2023-08-30 07:03:40,,"BBQ Sauce, Hash Brown, Salt and Pepper",,,,,2.0
34432,721,2,0.0,15.7,Toasted Roll,1,Kitchen,11.0,2,BACON-EGG,9.0,2023-08-07 07:10:10,,"BBQ Sauce, Hash Brown, Salt and Pepper",,,,,2.0
34218,721,2,0.0,15.7,Toasted Roll,1,Kitchen,11.0,2,BACON-EGG,9.0,2023-07-31 07:25:03,,"BBQ Sauce, Hash Brown, Salt and Pepper",,,,,2.0
38644,1510,2,0.0,15.7,Muffin,1,Kitchen,4.5,3,APPLE-CINNAMON,4.5,2023-12-18 07:26:11,,,No,,,,0.0
36537,1510,2,0.0,15.7,Muffin,1,Kitchen,4.5,3,APPLE-CINNAMON,4.5,2023-10-12 08:22:28,,,No,,,,0.0
36309,1510,2,0.0,15.7,Muffin,1,Kitchen,4.5,3,APPLE-CINNAMON,4.5,2023-10-05 08:30:53,,,No,,,,0.0
35663,1510,2,0.0,15.7,Muffin,1,Kitchen,4.5,3,APPLE-CINNAMON,4.5,2023-09-14 08:24:13,,,Yes,,,,0.0
34983,1510,2,0.0,15.7,Muffin,1,Kitchen,4.5,3,APPLE-CINNAMON,4.5,2023-08-24 08:28:13,,,Yes,,,,0.0
34343,1510,2,0.0,15.7,Muffin,1,Kitchen,4.5,3,APPLE-CINNAMON,4.5,2023-08-04 08:11:22,,,Yes,,,,0.0
25078,231,2,0.0,15.7,Eggs and Bacon,1,Kitchen,11.9,1,POACHED,11.9,2022-09-12 10:00:00,Multigrain,,,,,,0.0
23764,240,2,0.0,15.7,Toasted Roll,1,Kitchen,9.5,2,BACON-EGG-CHEESE,8.0,2022-07-29 07:43:56,,"Tomato Sauce, Avocado",,,,,1.5
23524,240,2,0.0,15.7,Toasted Roll,1,Kitchen,9.5,2,BACON-EGG-CHEESE,8.0,2022-07-21 07:46:54,,"Tomato Sauce, Avocado",,,,,1.5
23334,240,2,0.0,15.7,Toasted Roll,1,Kitchen,9.5,2,BACON-EGG-CHEESE,8.0,2022-07-14 07:45:33,,"Tomato Sauce, Avocado",,,,,1.5
23206,240,2,0.0,15.7,Toasted Roll,1,Kitchen,9.5,2,BACON-EGG-CHEESE,8.0,2022-07-08 08:04:17,,"Tomato Sauce, Avocado",,,,,1.5
22663,240,2,0.0,15.7,Toasted Roll,1,Kitchen,9.5,2,BACON-EGG-CHEESE,8.0,2022-06-17 07:58:39,,"Tomato Sauce, Avocado",,,,,1.5
22415,240,2,0.0,15.7,Toasted Roll,1,Kitchen,9.5,2,BACON-EGG-CHEESE,8.0,2022-06-07 07:44:31,,"Tomato Sauce, Avocado",,,,,1.5
22106,240,2,0.0,15.7,Toasted Roll,1,Kitchen,9.5,2,BACON-EGG-CHEESE,8.0,2022-05-27 07:47:57,,"Tomato Sauce, Avocado",,,,,1.5
21897,240,2,0.0,15.7,Toasted Roll,1,Kitchen,9.5,2,BACON-EGG-CHEESE,8.0,2022-05-20 07:43:46,,"Tomato Sauce, Avocado",,,,,1.5
21625,240,2,0.0,15.7,Toasted Roll,1,Kitchen,9.5,2,BACON-EGG-CHEESE,8.0,2022-05-09 08:11:46,,"Tomato Sauce, Avocado",,,,,1.5
21338,240,2,0.0,15.7,Toasted Roll,1,Kitchen,9.5,2,BACON-EGG-CHEESE,8.0,2022-04-29 07:46:49,,"Tomato Sauce, Avocado",,,,,1.5
21273,240,2,0.0,15.7,Toasted Roll,1,Kitchen,9.5,2,BACON-EGG-CHEESE,8.0,2022-04-27 07:32:50,,"Tomato Sauce, Avocado",,,,,1.5
20754,240,2,0.0,15.7,Toasted Roll,1,Kitchen,9.5,2,BACON-EGG-CHEESE,8.0,2022-04-06 07:36:28,,"Tomato Sauce, Avocado",,,,,1.5
20594,240,2,0.0,15.7,Toasted Roll,1,Kitchen,9.5,2,BACON-EGG-CHEESE,8.0,2022-03-31 07:46:24,,"Tomato Sauce, Avocado",,,,,1.5
20089,240,2,0.0,15.7,Toasted Roll,1,Kitchen,9.5,2,BACON-EGG-CHEESE,8.0,2022-03-11 07:50:24,,Avocado,,,,,1.5
19837,240,2,0.0,15.7,Toasted Roll,1,Kitchen,9.5,2,BACON-EGG-CHEESE,8.0,2022-03-02 07:45:05,,"Tomato Sauce, Avocado",,,,,1.5
19693,240,2,0.0,15.7,Toasted Roll,1,Kitchen,9.5,2,BACON-EGG-CHEESE,8.0,2022-02-25 07:45:43,,"Tomato Sauce, Avocado",,,,,1.5
18616,240,2,0.0,15.7,Toasted Roll,1,Kitchen,9.5,2,BACON-EGG-CHEESE,8.0,2022-01-12 08:33:44,,"Tomato Sauce, Avocado",,,,,1.5
17833,240,2,0.0,15.7,Toasted Roll,1,Kitchen,9.5,2,BACON-EGG-CHEESE,8.0,2021-11-28 08:38:45,,"Tomato Sauce, Avocado",,,,,1.5
17545,240,2,0.0,15.7,Toasted Roll,1,Kitchen,9.5,2,BACON-EGG-CHEESE,8.0,2021-11-18 08:18:22,,"Tomato Sauce, Avocado",,,,,1.5
26410,69,2,1.66,18.26,Toasted Roll,1,Kitchen,11.5,2,BACON-EGG,8.0,2022-11-01 10:33:14,,"Tomato Sauce, Avocado, Hash Brown",,,,,3.5
5264,8,2,0.0,28.5,Toastie,1,Kitchen,8.0,3,HAM-CHEESE-TOMATO,8.0,2020-06-12 12:56:08,Multigrain,Salt and Pepper,,,,,0.0
5264,8,2,0.0,28.5,Toastie,1,Kitchen,10.5,4,HAM-CHEESE-TOMATO,8.0,2020-06-12 12:56:08,Sourdough,"Avocado, Salt and Pepper",,,,,2.5
11280,44,2,0.0,28.5,Toasted Roll,1,Kitchen,10.0,3,BACON-EGG-CHEESE,8.0,2021-03-20 08:33:39,,"BBQ Sauce, Hash Brown",,,,,2.0
11280,44,2,0.0,28.5,Toastie,1,Kitchen,8.0,4,HAM-CHEESE-TOMATO,8.0,2021-03-20 08:33:39,White,Tomato Sauce,,,,,0.0
10458,44,0,0.0,28.5,Toastie,1,Kitchen,8.0,4,HAM-CHEESE-TOMATO,8.0,2021-02-06 10:08:18,White,Tomato Sauce,,,,,0.0
10458,44,0,0.0,28.5,Toasted Roll,1,Kitchen,10.0,3,BACON-EGG-CHEESE,8.0,2021-02-06 10:08:18,,"BBQ Sauce, Hash Brown",,,,,2.0
27573,839,2,0.0,28.5,Toastie,1,Kitchen,9.0,4,HAM-CHEESE-TOMATO,9.0,2022-12-10 07:30:00,White,Salt and Pepper,,,,,0.0
15181,92,2,0.0,28.5,Toasted Roll,1,Kitchen,10.0,3,BACON-EGG-CHEESE,8.0,2021-08-29 08:16:37,,"BBQ Sauce, Hash Brown, Salt and Pepper",,,,,2.0
15181,92,2,0.0,28.5,Toasted Roll,1,Kitchen,9.5,4,BACON-EGG-CHEESE,8.0,2021-08-29 08:16:37,,"Tomato Sauce, Avocado",,,,,1.5
13751,92,2,0.0,28.5,Toasted Roll,1,Kitchen,10.0,3,BACON-EGG-CHEESE,8.0,2021-07-03 08:31:25,,"BBQ Sauce, Hash Brown, Salt and Pepper",,,,,2.0
13751,92,2,0.0,28.5,Toasted Roll,1,Kitchen,9.5,4,BACON-EGG-CHEESE,8.0,2021-07-03 08:31:25,,"Tomato Sauce, Avocado",,,,,1.5
16540,351,2,0.0,28.5,French Toast with Streaky Bacon,1,Kitchen,12.4,2,REGULAR,10.4,2021-10-13 10:22:53,,,,Hashbrown,,,2.0
16494,351,2,0.0,28.5,Croissant,1,Kitchen,8.0,1,CHEESE-TOMATO,8.0,2021-10-11 12:44:06,,Salt and Pepper,,,,,0.0
24951,620,2,0.0,28.5,Muffin,1,Kitchen,3.9,6,ORANGE-POPPYSEED,3.9,2022-09-08 09:15:00,,,No,,,,0.0
25717,172,2,0.0,28.5,Toasted Roll,1,Kitchen,8.0,4,BACON-EGG,8.0,2022-10-06 09:22:00,,Tomato Sauce,,,,,0.0
24429,175,2,0.0,28.5,Toastie,1,Kitchen,8.0,5,BACON-EGG,8.0,2022-08-21 10:33:37,White,Tomato Sauce,,,,,0.0
10265,208,2,0.0,28.5,Eggs Benedict,1,Kitchen,16.5,3,BACON,14.5,2021-01-28 09:31:41,,,,Hashbrown,,,2.0
22296,223,2,0.0,28.5,Toastie,1,Kitchen,7.0,7,CHEESE-TOMATO,7.0,2022-06-02 09:15:00,Multigrain,Tomato Sauce,,,,,0.0
24064,1026,2,0.0,41.3,Toasted Roll,1,Kitchen,9.0,5,BACON-EGG-CHEESE,9.0,2022-08-07 10:50:43,,Tomato Sauce,,,,,0.0
24064,1026,2,0.0,41.3,Toasted Roll,1,Kitchen,9.0,6,BACON-EGG-CHEESE,9.0,2022-08-07 10:50:43,,Tomato Sauce,,,,,0.0
19959,1044,2,0.0,41.3,Toasted Roll,1,Kitchen,8.0,3,BACON-EGG-CHEESE,8.0,2022-03-06 07:53:38,,BBQ Sauce,,,,,0.0
19959,1044,2,0.0,41.3,Toasted Roll,1,Kitchen,8.0,4,BACON-EGG-CHEESE,8.0,2022-03-06 07:53:38,,BBQ Sauce,,,,,0.0
19959,1044,2,0.0,41.3,Toasted Roll,1,Kitchen,8.0,5,BACON-EGG-CHEESE,8.0,2022-03-06 07:53:38,,Tomato Sauce,,,,,0.0
19959,1044,2,0.0,41.3,Toasted Roll,1,Kitchen,8.0,6,BACON-EGG-CHEESE,8.0,2022-03-06 07:53:38,,Tomato Sauce,,,,,0.0
30529,175,2,0.0,41.3,Muffin,1,Kitchen,3.9,8,RASPBERRY-WHITECHOC,3.9,2023-04-02 10:53:23,,,No,,,,0.0
30529,175,2,0.0,41.3,Muffin,1,Kitchen,3.9,9,BLUEBERRY,3.9,2023-04-02 10:53:23,,,No,,,,0.0
39275,260,2,0.0,54.1,Toasted Roll,3,Kitchen,36.0,4,BACON-EGG-CHEESE,10.0,2024-01-21 08:46:03,,"Tomato Sauce, Hash Brown",,,,,2.0
4055,44,2,0.0,10.6,Toasted Roll,1,Kitchen,7.0,2,BACON-EGG,7.0,2020-01-13 10:21:21,,Tomato Sauce,,,,,0.0
5525,314,0,0.0,10.6,Toasted Roll,1,Kitchen,7.0,2,BACON-EGG,7.0,2020-07-01 06:00:30,,Tomato Sauce,,,,,0.0
39304,100,2,0.0,10.6,Muffin,1,Kitchen,4.5,2,APPLE-CINNAMON,4.5,2024-01-22 09:13:40,,,No,,,,0.0
5486,141,2,0.0,10.6,Toastie,1,Kitchen,7.0,2,BACON-EGG,7.0,2020-06-28 07:13:25,Multigrain,BBQ Sauce,,,,,0.0
4770,167,10,0.0,10.6,Toastie,1,Kitchen,7.0,2,BACON-EGG,7.0,2020-05-06 09:43:30,White,Tomato Sauce,,,,,0.0
4693,167,2,0.0,10.6,Toastie,1,Kitchen,7.0,2,BACON-EGG,7.0,2020-04-30 11:00:00,White,Tomato Sauce,,,,,0.0
4578,167,10,0.0,10.6,Toastie,1,Kitchen,7.0,2,BACON-EGG,7.0,2020-04-20 09:48:52,White,Tomato Sauce,,,,,0.0
4526,167,10,0.0,10.6,Toastie,1,Kitchen,7.0,2,BACON-EGG,7.0,2020-04-15 11:00:00,White,Tomato Sauce,,,,,0.0
4437,167,10,0.0,10.6,Toastie,1,Kitchen,7.0,2,BACON-EGG,7.0,2020-03-24 13:15:00,Multigrain,Tomato Sauce,,,,,0.0
4436,167,10,0.0,10.6,Toastie,1,Kitchen,7.0,2,BACON-EGG,7.0,2020-03-24 13:15:00,Multigrain,Tomato Sauce,,,,,0.0
7371,298,2,0.0,23.4,Toastie,1,Kitchen,8.0,5,BACON-EGG-CHEESE,8.0,2020-09-21 08:18:52,Multigrain,BBQ Sauce,,,,,0.0
19579,1084,2,0.0,23.4,Toastie,1,Kitchen,7.0,3,HAM-CHEESE,7.0,2022-02-20 11:15:10,White,Tomato Sauce,,,,,0.0
29340,1148,2,0.0,23.4,Croissant,1,Kitchen,8.5,2,CHEESE-TOMATO,8.5,2023-02-23 09:39:54,,Salt and Pepper,,,,,0.0
25710,1148,2,0.0,23.4,Croissant,1,Kitchen,8.0,2,CHEESE-TOMATO,8.0,2022-10-06 08:11:03,,Salt and Pepper,,,,,0.0
25710,1148,2,0.0,23.4,Muffin,1,Kitchen,3.9,5,RASPBERRY-WHITECHOC,3.9,2022-10-06 08:11:03,,,No,,,,0.0
15352,409,2,0.0,23.4,Toastie,1,Kitchen,8.0,4,BACON-EGG-CHEESE,8.0,2021-09-04 07:59:48,Multigrain,Tomato Sauce,,,,,0.0
35244,1465,2,0.0,23.4,Muffin,1,Kitchen,4.5,3,RASPBERRY-WHITECHOC,4.5,2023-09-01 10:00:45,,,No,,,,0.0
35244,1465,2,0.0,23.4,Muffin,1,Kitchen,4.5,4,APPLE-CINNAMON,4.5,2023-09-01 10:00:45,,,No,,,,0.0
24946,1223,2,0.0,23.4,Eggs Benedict,1,Kitchen,17.9,1,BACON,15.9,2022-09-08 08:12:45,,,,Hashbrown,,,1.9999999999999982
38901,1544,2,0.0,36.2,Toastie,1,Kitchen,10.5,7,HAM-CHEESE-TOMATO,10.5,2024-01-06 10:09:57,White,Salt and Pepper,,,,,0.0
9190,576,2,0.0,36.2,Big Breakfast,1,Kitchen,20.2,1,POACHED,16.2,2020-11-29 08:45:00,Sourdough,Hollandaise,,,,,4.0
9190,576,2,0.0,36.2,Eggs Benedict,1,Kitchen,16.0,2,HAM,14.0,2020-11-29 08:45:00,,,,Hashbrown,,,2.0
28464,422,2,0.0,36.2,Toasted Roll,1,Kitchen,9.5,4,BACON-EGG-CHEESE,9.5,2023-01-21 13:44:27,,"Tomato Sauce, Salt and Pepper",,,,,0.0
3317,5,2,0.0,49.0,Toastie,1,Kitchen,7.0,9,HAM-CHEESE,7.0,2019-05-26 12:00:38,White,Tomato Sauce,,,,,0.0
30163,1435,2,0.0,49.0,Hot Potatoes,1,Kitchen,14.9,3,COLESLAW,11.9,2023-03-21 12:53:23,,Bacon,,,,,3.0
30163,1435,2,0.0,49.0,Hot Potatoes,1,Kitchen,14.9,4,COLESLAW,11.9,2023-03-21 12:53:23,,Bacon,,,,,3.0
16444,551,2,0.0,61.8,Big Breakfast,1,Kitchen,17.7,1,POACHED,16.7,2021-10-10 08:48:21,Sourdough,Hollandaise,,,,,1.0
16444,551,2,0.0,61.8,Big Breakfast,1,Kitchen,16.7,2,POACHED,16.7,2021-10-10 08:48:21,White,Hollandaise,,,,,0.0
16444,551,2,0.0,61.8,Build Your Own Breakfast,1,Kitchen,12.9,3,SCRAMBLED,7.9,2021-10-10 08:48:21,White,"Bacon, Hash Brown",,,,,5.0
13217,10,0,0.0,18.3,Toasted Roll,1,Kitchen,7.0,3,BACON-EGG,7.0,2021-06-11 08:38:55,,Tomato Sauce,,,,,0.0
13218,14,0,0.0,18.3,Toasted Roll,1,Kitchen,7.0,2,BACON-EGG,7.0,2021-06-11 08:40:59,,Tomato Sauce,,,,,0.0
5270,14,2,0.0,18.3,Toasted Roll,1,Kitchen,9.0,3,BACON-EGG,7.0,2020-06-13 08:30:00,,Hash Brown,,,,,2.0
39998,330,2,0.0,18.3,Toasted Roll,1,Kitchen,12.0,2,BACON-EGG-CHEESE,10.0,2024-02-15 08:12:16,,"Tomato Sauce, Hash Brown",,,,,2.0
39584,330,2,0.0,18.3,Toasted Roll,1,Kitchen,10.0,3,BACON-EGG-CHEESE,10.0,2024-02-01 08:29:29,,Tomato Sauce,,,,,0.0
39583,330,0,0.0,18.3,Toasted Roll,1,Kitchen,10.0,3,BACON-EGG-CHEESE,10.0,2024-02-01 08:27:13,,Tomato Sauce,,,,,0.0
38085,330,2,0.0,18.3,Toasted Roll,1,Kitchen,12.0,2,BACON-EGG-CHEESE,10.0,2023-11-30 08:19:36,,"Tomato Sauce, Hash Brown",,,,,2.0
36788,330,2,0.0,18.3,Toasted Roll,1,Kitchen,12.0,2,BACON-EGG-CHEESE,10.0,2023-10-19 08:09:35,,"Tomato Sauce, Hash Brown",,,,,2.0
36741,77,2,0.0,18.3,Toastie,1,Kitchen,9.0,3,HAM-CHEESE,9.0,2023-10-18 08:00:00,Multigrain,Tomato Sauce,,,,,0.0
36741,77,2,0.0,18.3,Muffin,1,Kitchen,4.5,2,APPLE-CINNAMON,4.5,2023-10-18 08:00:00,,,No,,,,0.0
20718,391,2,0.0,18.3,Toastie,1,Kitchen,7.0,3,CHEESE-TOMATO,7.0,2022-04-04 14:24:34,Multigrain,Salt and Pepper,,,,,0.0
27563,906,2,0.0,18.3,Toastie,1,Kitchen,9.0,3,BACON-EGG-CHEESE,9.0,2022-12-09 08:45:10,White,Tomato Sauce,,,,,0.0
27357,906,2,0.0,18.3,Toastie,1,Kitchen,9.0,3,BACON-EGG-CHEESE,9.0,2022-12-02 08:48:54,White,Tomato Sauce,,,,,0.0
26860,906,2,0.0,18.3,Toastie,1,Kitchen,9.0,3,BACON-EGG-CHEESE,9.0,2022-11-16 08:55:58,White,Tomato Sauce,,,,,0.0
26800,906,2,0.0,18.3,Toastie,1,Kitchen,9.0,3,BACON-EGG-CHEESE,9.0,2022-11-14 09:00:30,White,Tomato Sauce,,,,,0.0
21124,405,2,0.0,18.3,French Toast with Streaky Bacon,1,Kitchen,12.8,1,REGULAR,10.8,2022-04-21 10:39:43,,,,Hashbrown,,,2.0
17968,421,2,0.0,18.3,Toastie,1,Kitchen,7.0,2,BACON-EGG,7.0,2021-12-04 07:30:00,White,BBQ Sauce,,,,,0.0
17968,421,2,0.0,18.3,Toastie,1,Kitchen,6.0,3,BACON,6.0,2021-12-04 07:30:00,Dark Rye,Tomato Sauce,,,,,0.0
32656,1463,2,0.0,18.3,Toasted Roll,1,Kitchen,8.5,3,BACON-EGG,8.5,2023-06-11 07:20:55,,Tomato Sauce,,,,,0.0
4493,193,10,0.0,18.3,Toasted Roll,1,Kitchen,7.0,2,BACON-EGG,7.0,2020-03-27 08:00:00,,BBQ Sauce,,,,,0.0
4493,193,10,0.0,18.3,Toasted Roll,1,Kitchen,7.0,3,BACON-EGG,7.0,2020-03-27 08:00:00,,BBQ Sauce,,,,,0.0
34169,234,2,0.0,18.3,Muffin,1,Kitchen,4.5,3,RASPBERRY-WHITECHOC,4.5,2023-07-29 10:31:57,,,Yes,,,,0.0
36293,1524,2,0.0,18.3,Toasted Roll,1,Kitchen,13.5,2,BACON-EGG-CHEESE,10.0,2023-10-04 12:27:46,,"Avocado, Hash Brown",,,,,3.5
28030,810,2,0.0,31.1,Croissant,1,Kitchen,9.0,1,HAM-CHEESE-TOMATO,9.0,2022-12-24 12:32:52,,Salt and Pepper,,,,,0.0
28030,810,2,0.0,31.1,Toastie,1,Kitchen,9.0,4,HAM-CHEESE-TOMATO,9.0,2022-12-24 12:32:52,Multigrain,Salt and Pepper,,,,,0.0
21585,92,2,0.0,31.1,Toasted Roll,1,Kitchen,10.0,3,BACON-EGG-CHEESE,8.0,2022-05-08 07:56:14,,"BBQ Sauce, Hash Brown, Salt and Pepper",,,,,2.0
21585,92,2,0.0,31.1,Toasted Roll,1,Kitchen,9.5,4,BACON-EGG-CHEESE,8.0,2022-05-08 07:56:14,,"Tomato Sauce, Avocado",,,,,1.5
7687,358,2,0.0,31.1,Toastie,1,Kitchen,9.0,6,HAM-CHEESE-TOMATO,8.0,2020-10-03 08:17:01,Sourdough,Tomato Sauce,,,,,1.0
37476,620,2,0.0,31.1,Muffin,1,Kitchen,4.5,6,ORANGE-POPPYSEED,4.5,2023-11-10 09:15:00,,,No,,,,0.0
18998,234,2,0.0,31.1,Toasted Roll,1,Kitchen,10.0,3,BACON-EGG-CHEESE,8.0,2022-01-30 07:25:20,,"Tomato Sauce, Hash Brown, Salt and Pepper",,,,,2.0
18998,234,2,0.0,31.1,Toasted Roll,1,Kitchen,10.0,4,BACON-EGG-CHEESE,8.0,2022-01-30 07:25:20,,"Tomato Sauce, Hash Brown, Salt and Pepper",,,,,2.0
31111,753,2,0.0,31.1,Toastie,1,Kitchen,10.5,3,HAM-CHEESE-TOMATO,9.5,2023-04-23 10:00:00,Sourdough,Tomato Sauce,,,,,1.0
31111,753,2,0.0,31.1,Toastie,1,Kitchen,9.5,4,BACON-CHEESE,8.5,2023-04-23 10:00:00,Sourdough,Tomato Sauce,,,,,1.0
5377,24,2,0.0,43.9,Build Your Own Breakfast,1,Kitchen,31.9,1,SCRAMBLED,7.9,2020-06-20 11:03:43,Sourdough,"Extra Egg, Grilled Tomato, Hollandaise, Hash Brown, Smashed Avo and Feta, Sauteed Mushrooms, Baby Spinach, Baked Beans",,,,,24.0
21127,1144,2,0.0,43.9,Toasted Roll,1,Kitchen,7.0,4,BACON-EGG,7.0,2022-04-21 11:32:57,,Tomato Sauce,,,,,0.0
21127,1144,2,0.0,43.9,Toasted Roll,1,Kitchen,7.0,5,BACON-EGG,7.0,2022-04-21 11:32:57,,Tomato Sauce,,,,,0.0
21127,1144,2,0.0,43.9,Toasted Roll,1,Kitchen,7.0,6,BACON-EGG,7.0,2022-04-21 11:32:57,,Tomato Sauce,,,,,0.0
6610,171,2,0.0,43.9,Big Breakfast,1,Kitchen,17.2,1,SCRAMBLED,16.2,2020-08-23 10:49:44,Sourdough,Hollandaise,,,,,1.0
17022,255,2,0.0,43.9,Toastie,1,Kitchen,7.0,6,HAM-CHEESE,7.0,2021-10-29 12:45:00,White,Tomato Sauce,,,,,0.0
20604,275,2,0.0,13.2,Toastie,1,Kitchen,7.0,2,BACON-EGG,7.0,2022-03-31 08:13:24,Multigrain,Tomato Sauce,,,,,0.0
20265,275,2,0.0,13.2,Toasted Roll,1,Kitchen,7.0,2,BACON-EGG,7.0,2022-03-18 08:01:48,,Tomato Sauce,,,,,0.0
20006,275,2,0.0,13.2,Toasted Roll,1,Kitchen,7.0,2,BACON-EGG,7.0,2022-03-08 06:15:33,,Tomato Sauce,,,,,0.0
19483,275,2,0.0,13.2,Toastie,1,Kitchen,7.0,2,BACON-EGG,7.0,2022-02-17 07:56:53,Multigrain,Tomato Sauce,,,,,0.0
18810,275,2,0.0,13.2,Toastie,1,Kitchen,7.0,2,BACON-EGG,7.0,2022-01-22 07:36:07,Multigrain,Tomato Sauce,,,,,0.0
18711,275,2,0.0,13.2,Toastie,1,Kitchen,7.0,2,BACON-EGG,7.0,2022-01-17 06:55:52,Multigrain,Tomato Sauce,,,,,0.0
18638,275,2,0.0,13.2,Toasted Roll,1,Kitchen,7.0,2,BACON-EGG,7.0,2022-01-13 08:40:12,,Tomato Sauce,,,,,0.0
18563,275,2,0.0,13.2,Toastie,1,Kitchen,7.0,2,BACON-EGG,7.0,2022-01-10 05:59:10,Multigrain,Tomato Sauce,,,,,0.0
36561,1342,2,0.0,13.2,Toastie,1,Kitchen,9.0,2,EGG-CHEESE,9.0,2023-10-13 07:18:16,Multigrain,Salt and Pepper,,,,,0.0
9935,92,9,0.0,13.2,Toasted Roll,1,Kitchen,9.5,2,BACON-EGG-CHEESE,8.0,2021-01-10 09:50:33,,"Tomato Sauce, Avocado",,,,,1.5
40424,1117,2,0.0,13.2,Toastie,1,Kitchen,9.0,2,HAM-CHEESE,9.0,2024-02-29 07:12:32,White,Tomato Sauce,,,,,0.0
40129,868,2,0.0,13.2,Toastie,1,Kitchen,9.0,2,BACON-EGG,9.0,2024-02-19 08:06:22,Multigrain,BBQ Sauce,,,,,0.0
36996,1644,2,0.0,13.2,Toastie,1,Kitchen,9.0,2,BACON-EGG,9.0,2023-10-25 09:45:00,White,Tomato Sauce,,,,,0.0
7701,109,2,0.0,13.2,Toastie,1,Kitchen,7.5,2,EGG,6.0,2020-10-03 10:26:06,Dark Rye,Avocado,,,,,1.5
7661,109,2,0.0,13.2,Toastie,1,Kitchen,7.5,2,EGG,6.0,2020-10-02 07:34:07,Dark Rye,Avocado,,,,,1.5
7561,109,2,0.0,13.2,Toastie,1,Kitchen,7.5,2,EGG,6.0,2020-09-28 07:35:23,Dark Rye,Avocado,,,,,1.5
7511,109,2,0.0,13.2,Toastie,1,Kitchen,7.5,2,EGG,6.0,2020-09-26 09:49:32,Dark Rye,Avocado,,,,,1.5
7322,109,2,0.0,13.2,Toastie,1,Kitchen,7.5,2,EGG,6.0,2020-09-19 09:32:31,Dark Rye,Avocado,,,,,1.5
7165,109,2,0.0,13.2,Toastie,1,Kitchen,7.5,2,EGG,6.0,2020-09-13 11:01:22,Dark Rye,Avocado,,,,,1.5
33375,1405,2,0.0,13.2,Toastie,1,Kitchen,8.5,2,HAM-CHEESE,8.5,2023-07-04 10:18:23,White,Tomato Sauce,,,,,0.0
39176,1436,2,0.0,13.2,Toasted Roll,1,Kitchen,9.0,2,BACON-EGG,9.0,2024-01-17 08:10:26,,Tomato Sauce,,,,,0.0
38943,1436,2,0.0,13.2,Toasted Roll,1,Kitchen,9.0,2,BACON-EGG,9.0,2024-01-08 08:13:29,,Tomato Sauce,,,,,0.0
37867,1436,2,0.0,13.2,Toasted Roll,1,Kitchen,9.0,2,BACON-EGG,9.0,2023-11-23 08:00:21,,Tomato Sauce,,,,,0.0
36984,1436,2,0.0,13.2,Toasted Roll,1,Kitchen,9.0,2,BACON-EGG,9.0,2023-10-25 08:05:39,,Tomato Sauce,,,,,0.0
26644,446,2,0.0,13.2,Muffin,1,Kitchen,3.9,2,RASPBERRY-WHITECHOC,3.9,2022-11-09 09:02:18,,,Yes,,,,0.0
26644,446,2,0.0,13.2,Muffin,1,Kitchen,3.9,3,RASPBERRY-WHITECHOC,3.9,2022-11-09 09:02:18,,,Yes,,,,0.0
26546,973,2,0.0,13.2,Muffin,1,Kitchen,3.9,3,APPLE-CINNAMON,3.9,2022-11-06 09:57:01,,,Yes,,,,0.0
37480,465,2,0.0,13.2,Toastie,1,Kitchen,9.0,2,BACON-EGG,9.0,2023-11-10 09:13:49,White,Tomato Sauce,,,,,0.0
35569,721,2,0.0,13.2,Toasted Roll,1,Kitchen,9.0,2,BACON-EGG,9.0,2023-09-11 07:37:07,,"Tomato Sauce, Salt and Pepper",,,,,0.0
13303,9,2,0.0,26.0,Toastie,1,Kitchen,8.0,3,HAM-CHEESE-TOMATO,8.0,2021-06-14 10:07:04,White,Tomato Sauce,,,,,0.0
13303,9,2,0.0,26.0,Toastie,1,Kitchen,8.0,4,HAM-CHEESE-TOMATO,8.0,2021-06-14 10:07:04,White,Tomato Sauce,,,,,0.0
13936,13,2,0.0,26.0,Toasted Roll,1,Kitchen,8.0,4,BACON-EGG-CHEESE,8.0,2021-07-11 09:16:43,,"Tomato Sauce, Salt and Pepper",,,,,0.0
13912,13,2,0.0,26.0,Toasted Roll,1,Kitchen,8.0,4,BACON-EGG-CHEESE,8.0,2021-07-10 07:54:08,,"Tomato Sauce, Salt and Pepper",,,,,0.0
13747,13,2,0.0,26.0,Toasted Roll,1,Kitchen,8.0,4,BACON-EGG-CHEESE,8.0,2021-07-03 08:12:37,,"Tomato Sauce, Salt and Pepper",,,,,0.0
13600,13,2,0.0,26.0,Toasted Roll,1,Kitchen,8.0,4,BACON-EGG-CHEESE,8.0,2021-06-26 08:12:04,,"Tomato Sauce, Salt and Pepper",,,,,0.0
13248,13,2,0.0,26.0,Toasted Roll,1,Kitchen,8.0,4,BACON-EGG-CHEESE,8.0,2021-06-12 08:19:41,,"Tomato Sauce, Salt and Pepper",,,,,0.0
13230,13,2,0.0,26.0,Toasted Roll,1,Kitchen,8.0,4,BACON-EGG-CHEESE,8.0,2021-06-11 09:57:51,,"Tomato Sauce, Salt and Pepper",,,,,0.0
27836,275,2,0.0,26.0,Toastie,1,Kitchen,7.0,4,BACON,7.0,2022-12-17 10:34:35,White,Tomato Sauce,,,,,0.0
8569,543,2,0.0,26.0,Toasted Roll,1,Kitchen,8.0,3,BACON-EGG-CHEESE,8.0,2020-11-02 09:56:10,,BBQ Sauce,,,,,0.0
8569,543,2,0.0,26.0,Toastie,1,Kitchen,7.0,4,BACON-CHEESE,7.0,2020-11-02 09:56:10,Multigrain,Tomato Sauce,,,,,0.0
16097,42,2,0.0,26.0,Toasted Roll,1,Kitchen,8.0,3,BACON-EGG-CHEESE,8.0,2021-09-28 09:40:02,,"Tomato Sauce, Salt and Pepper",,,,,0.0
16097,42,2,0.0,26.0,Toastie,1,Kitchen,8.0,4,HAM-CHEESE-TOMATO,8.0,2021-09-28 09:40:02,Multigrain,Tomato Sauce,,,,,0.0
5295,44,2,0.0,26.0,Toasted Roll,1,Kitchen,7.0,4,BACON-EGG,7.0,2020-06-15 07:45:00,,Tomato Sauce,,,,,0.0
20495,1088,2,0.0,26.0,Toasted Roll,1,Kitchen,8.0,3,BACON-EGG-CHEESE,8.0,2022-03-27 09:46:17,,"Tomato Sauce, Salt and Pepper",,,,,0.0
20495,1088,2,0.0,26.0,Toasted Roll,1,Kitchen,8.0,4,BACON-EGG-CHEESE,8.0,2022-03-27 09:46:17,,"Tomato Sauce, Salt and Pepper",,,,,0.0
19732,1088,2,0.0,26.0,Toasted Roll,1,Kitchen,8.0,3,BACON-EGG-CHEESE,8.0,2022-02-26 09:37:49,,Tomato Sauce,,,,,0.0
19732,1088,2,0.0,26.0,Toasted Roll,1,Kitchen,8.0,4,BACON-EGG-CHEESE,8.0,2022-02-26 09:37:49,,Tomato Sauce,,,,,0.0
3711,68,2,0.0,26.0,Toastie,1,Kitchen,7.0,4,BACON-EGG,7.0,2019-10-19 08:00:40,White,BBQ Sauce,,,,,0.0
3711,68,2,0.0,26.0,Toasted Roll,1,Kitchen,8.0,3,BACON-EGG-CHEESE,8.0,2019-10-19 08:00:40,,BBQ Sauce,,,,,0.0
23927,69,2,0.0,26.0,Toasted Roll,1,Kitchen,11.5,4,BACON-EGG,8.0,2022-08-03 09:41:40,,"Tomato Sauce, Avocado, Hash Brown",,,,,3.5
22635,77,2,0.0,26.0,Toasted Roll,1,Kitchen,8.0,3,BACON-EGG-CHEESE,8.0,2022-06-16 07:45:00,,"Tomato Sauce, Salt and Pepper",,,,,0.0
22635,77,2,0.0,26.0,Toasted Roll,1,Kitchen,8.0,4,BACON-EGG-CHEESE,8.0,2022-06-16 07:45:00,,"Tomato Sauce, Salt and Pepper",,,,,0.0
21838,77,2,0.0,26.0,Toasted Roll,1,Kitchen,8.0,3,BACON-EGG-CHEESE,8.0,2022-05-18 07:45:00,,"Tomato Sauce, Salt and Pepper",,,,,0.0
21838,77,2,0.0,26.0,Toasted Roll,1,Kitchen,8.0,4,BACON-EGG-CHEESE,8.0,2022-05-18 07:45:00,,"Tomato Sauce, Salt and Pepper",,,,,0.0
11198,77,2,0.0,26.0,Toasted Roll,1,Kitchen,8.0,3,BACON-EGG-CHEESE,8.0,2021-03-16 07:15:00,,Tomato Sauce,,,,,0.0
11198,77,2,0.0,26.0,Toasted Roll,1,Kitchen,8.0,4,BACON-EGG-CHEESE,8.0,2021-03-16 07:15:00,,Tomato Sauce,,,,,0.0
12692,88,2,0.0,26.0,Toasted Roll,1,Kitchen,10.0,2,BACON-EGG-CHEESE,8.0,2021-05-22 11:41:44,,"BBQ Sauce, Hash Brown",,,,,2.0
12692,88,2,0.0,26.0,Toasted Roll,1,Kitchen,9.5,3,BACON-EGG-CHEESE,8.0,2021-05-22 11:41:44,,"Tomato Sauce, Avocado",,,,,1.5
3886,116,2,0.0,26.0,Toasted Roll,1,Kitchen,8.0,3,BACON-EGG-CHEESE,8.0,2019-11-24 12:46:53,,BBQ Sauce,,,,,0.0
3886,116,2,0.0,26.0,Toasted Roll,1,Kitchen,8.0,4,BACON-EGG-CHEESE,8.0,2019-11-24 12:46:53,,BBQ Sauce,,,,,0.0
15614,889,2,0.0,26.0,Toastie,1,Kitchen,8.0,3,CHEESE-TOMATO,7.0,2021-09-12 13:00:00,Sourdough,Tomato Sauce,,,,,1.0
15614,889,2,0.0,26.0,Toastie,1,Kitchen,8.0,4,BACON-CHEESE,7.0,2021-09-12 13:00:00,Sourdough,Tomato Sauce,,,,,1.0
16196,890,2,0.0,26.0,Eggs and Bacon,1,Kitchen,11.9,1,SUNNY,10.9,2021-10-01 10:36:33,Sourdough,,,,,,1.0
11683,123,2,0.0,26.0,Toastie,1,Kitchen,9.0,1,BACON-EGG-CHEESE,8.0,2021-04-08 12:17:43,Sourdough,"Tomato Sauce, Salt and Pepper",,,,,1.0
11683,123,2,0.0,26.0,Toastie,1,Kitchen,9.0,2,BACON-EGG-CHEESE,8.0,2021-04-08 12:17:43,Sourdough,Salt and Pepper,,,,,1.0
11683,123,2,0.0,26.0,Toastie,1,Kitchen,8.0,3,BACON-EGG-CHEESE,8.0,2021-04-08 12:17:43,White,"Tomato Sauce, Salt and Pepper",,,,,0.0
18338,391,2,0.0,26.0,Toastie,1,Kitchen,7.0,3,CHEESE-TOMATO,7.0,2021-12-17 13:34:46,Multigrain,Salt and Pepper,,,,,0.0
18338,391,2,0.0,26.0,Toastie,1,Kitchen,7.0,4,CHEESE-TOMATO,7.0,2021-12-17 13:34:46,Multigrain,Salt and Pepper,,,,,0.0
22777,651,2,0.0,26.0,Toastie,1,Kitchen,8.0,4,HAM-CHEESE-TOMATO,8.0,2022-06-21 08:09:16,Dark Rye,Salt and Pepper,,,,,0.0
22616,651,2,0.0,26.0,Toastie,1,Kitchen,8.0,4,BACON-EGG-CHEESE,8.0,2022-06-15 08:12:34,Dark Rye,Tomato Sauce,,,,,0.0
17411,145,2,0.0,26.0,Toasted Roll,1,Kitchen,8.0,4,BACON-EGG-CHEESE,8.0,2021-11-13 07:14:48,,BBQ Sauce,,,,,0.0
7318,145,2,0.0,26.0,Toasted Roll,1,Kitchen,8.0,3,BACON-EGG-CHEESE,8.0,2020-09-19 08:49:30,,BBQ Sauce,,,,,0.0
7318,145,2,0.0,26.0,Toasted Roll,1,Kitchen,8.0,4,BACON-EGG-CHEESE,8.0,2020-09-19 08:49:30,,BBQ Sauce,,,,,0.0
27394,675,2,0.0,26.0,Toasted Roll,1,Kitchen,11.0,3,BACON-EGG-CHEESE,9.0,2022-12-03 11:05:41,,"Tomato Sauce, Hash Brown",,,,,2.0
7384,444,2,0.0,26.0,Toastie,1,Kitchen,7.0,3,CHEESE-TOMATO,7.0,2020-09-21 14:37:18,Multigrain,Salt and Pepper,,,,,0.0
7384,444,2,0.0,26.0,Toastie,1,Kitchen,7.0,4,CHEESE-TOMATO,7.0,2020-09-21 14:37:18,Multigrain,Salt and Pepper,,,,,0.0
24246,961,2,0.0,26.0,Toasted Roll,1,Kitchen,8.0,3,BACON-EGG,8.0,2022-08-14 10:55:08,,BBQ Sauce,,,,,0.0
24246,961,2,0.0,26.0,Toastie,1,Kitchen,8.0,4,HAM-CHEESE,8.0,2022-08-14 10:55:08,White,Tomato Sauce,,,,,0.0
5161,12,10,0.0,38.8,Toastie,1,Kitchen,8.4,3,CHICKEN-SCHNITZEL-CHEESE-LETTUCE,8.4,2020-06-04 12:00:05,White,Tomato Sauce,,,,,0.0
5161,12,10,0.0,38.8,Toastie,1,Kitchen,10.9,4,CHICKEN-SCHNITZEL-CHEESE-LETTUCE,8.4,2020-06-04 12:00:05,Sourdough,Avocado,,,,,2.5
5161,12,10,0.0,38.8,Toastie,1,Kitchen,9.5,5,HAM-CHEESE-TOMATO,8.0,2020-06-04 12:00:05,Multigrain,Avocado,,,,,1.5
39896,1551,2,0.0,38.8,Toastie,2,Kitchen,23.0,3,BACON-EGG,9.0,2024-02-11 09:33:11,Gluten Free,Tomato Sauce,,,,,2.5
39665,1551,2,0.0,38.8,Toastie,2,Kitchen,23.0,3,BACON-EGG,9.0,2024-02-04 08:10:56,Gluten Free,Tomato Sauce,,,,,2.5
38486,1551,2,0.0,38.8,Toastie,2,Kitchen,23.0,3,BACON-EGG,9.0,2023-12-13 07:17:38,Gluten Free,Tomato Sauce,,,,,2.5
23676,996,2,0.0,38.8,Toastie,1,Kitchen,8.0,5,BACON-EGG-CHEESE,8.0,2022-07-26 08:17:09,Multigrain,Salt and Pepper,,,,,0.0
17825,1025,2,0.0,64.4,Build Your Own Breakfast,1,Kitchen,21.4,1,POACHED,7.9,2021-11-28 07:51:20,White,"Bacon, Spanish Chorizo, Sauteed Mushrooms, Avocado",,,,,13.499999999999998
17825,1025,2,0.0,64.4,Build Your Own Breakfast,1,Kitchen,12.9,2,SCRAMBLED,7.9,2021-11-28 07:51:20,Multigrain,"Bacon, Hash Brown",,,,,5.0
17825,1025,2,0.0,64.4,Eggs Benedict,1,Kitchen,16.5,5,BACON,14.5,2021-11-28 07:51:20,,,,Hashbrown,,,2.0
36578,1400,2,0.0,90.0,Toastie,1,Kitchen,8.0,7,EGG,8.0,2023-10-13 08:49:17,Dark Rye,Salt and Pepper,,,,,0.0
36578,1400,2,0.0,90.0,Toasted Roll,1,Kitchen,10.0,2,BACON-EGG-CHEESE,10.0,2023-10-13 08:49:17,,"Tomato Sauce, Salt and Pepper",,,,,0.0
36578,1400,2,0.0,90.0,Toasted Roll,3,Kitchen,36.0,3,BACON-EGG-CHEESE,10.0,2023-10-13 08:49:17,,"BBQ Sauce, Hash Brown, Salt and Pepper",,,,,2.0
36578,1400,2,0.0,90.0,Toasted Roll,1,Kitchen,10.0,4,BACON-EGG-CHEESE,10.0,2023-10-13 08:49:17,,Salt and Pepper,,,,,0.0
36578,1400,2,0.0,90.0,Toasted Roll,1,Kitchen,12.0,5,BACON-EGG-CHEESE,10.0,2023-10-13 08:49:17,,"Tomato Sauce, Hash Brown, Salt and Pepper",,,,,2.0
36578,1400,2,0.0,90.0,Toasted Roll,1,Kitchen,12.0,6,BACON-EGG-CHEESE,10.0,2023-10-13 08:49:17,,"Hash Brown, Salt and Pepper",,,,,2.0
36342,1400,2,0.0,90.0,Toastie,1,Kitchen,8.0,7,EGG,8.0,2023-10-06 08:29:10,Dark Rye,Salt and Pepper,,,,,0.0
36342,1400,2,0.0,90.0,Toasted Roll,1,Kitchen,10.0,2,BACON-EGG-CHEESE,10.0,2023-10-06 08:29:10,,"Tomato Sauce, Salt and Pepper",,,,,0.0
36342,1400,2,0.0,90.0,Toasted Roll,1,Kitchen,12.0,3,BACON-EGG-CHEESE,10.0,2023-10-06 08:29:10,,"Tomato Sauce, Hash Brown, Salt and Pepper",,,,,2.0
36342,1400,2,0.0,90.0,Toasted Roll,3,Kitchen,36.0,4,BACON-EGG-CHEESE,10.0,2023-10-06 08:29:10,,"BBQ Sauce, Hash Brown, Salt and Pepper",,,,,2.0
36342,1400,2,0.0,90.0,Toasted Roll,1,Kitchen,10.0,5,BACON-EGG-CHEESE,10.0,2023-10-06 08:29:10,,Salt and Pepper,,,,,0.0
36342,1400,2,0.0,90.0,Toasted Roll,1,Kitchen,12.0,6,BACON-EGG-CHEESE,10.0,2023-10-06 08:29:10,,"Hash Brown, Salt and Pepper",,,,,2.0
36117,1400,2,0.0,90.0,Toasted Roll,1,Kitchen,10.0,2,BACON-EGG-CHEESE,10.0,2023-09-28 08:11:07,,Salt and Pepper,,,,,0.0
36117,1400,2,0.0,90.0,Toastie,1,Kitchen,8.0,7,EGG,8.0,2023-09-28 08:11:07,Dark Rye,Salt and Pepper,,,,,0.0
36117,1400,2,0.0,90.0,Toasted Roll,3,Kitchen,36.0,3,BACON-EGG-CHEESE,10.0,2023-09-28 08:11:07,,"BBQ Sauce, Hash Brown",,,,,2.0
36117,1400,2,0.0,90.0,Toasted Roll,1,Kitchen,12.0,4,BACON-EGG-CHEESE,10.0,2023-09-28 08:11:07,,"BBQ Sauce, Hash Brown, Salt and Pepper",,,,,2.0
36117,1400,2,0.0,90.0,Toasted Roll,1,Kitchen,12.0,5,BACON-EGG-CHEESE,10.0,2023-09-28 08:11:07,,"Hash Brown, Salt and Pepper",,,,,2.0
36117,1400,2,0.0,90.0,Toasted Roll,1,Kitchen,10.0,6,BACON-EGG-CHEESE,10.0,2023-09-28 08:11:07,,"Tomato Sauce, Salt and Pepper",,,,,0.0
34791,1400,2,0.0,90.0,Toasted Roll,1,Kitchen,10.0,2,BACON-EGG-CHEESE,10.0,2023-08-18 08:18:47,,Salt and Pepper,,,,,0.0
34791,1400,2,0.0,90.0,Toasted Roll,3,Kitchen,36.0,3,BACON-EGG-CHEESE,10.0,2023-08-18 08:18:47,,"BBQ Sauce, Hash Brown, Salt and Pepper",,,,,2.0
34791,1400,2,0.0,90.0,Toasted Roll,1,Kitchen,10.0,4,BACON-EGG-CHEESE,10.0,2023-08-18 08:18:47,,"Tomato Sauce, Salt and Pepper",,,,,0.0
34791,1400,2,0.0,90.0,Toastie,1,Kitchen,8.0,7,EGG,8.0,2023-08-18 08:18:47,Dark Rye,Salt and Pepper,,,,,0.0
34791,1400,2,0.0,90.0,Toasted Roll,1,Kitchen,12.0,5,BACON-EGG-CHEESE,10.0,2023-08-18 08:18:47,,"Hash Brown, Salt and Pepper",,,,,2.0
34791,1400,2,0.0,90.0,Toasted Roll,1,Kitchen,12.0,6,BACON-EGG-CHEESE,10.0,2023-08-18 08:18:47,,"Tomato Sauce, Hash Brown, Salt and Pepper",,,,,2.0
34344,1400,2,0.0,90.0,Toastie,1,Kitchen,8.0,7,EGG,8.0,2023-08-04 09:00:00,Dark Rye,Salt and Pepper,,,,,0.0
34344,1400,2,0.0,90.0,Toasted Roll,3,Kitchen,36.0,2,BACON-EGG-CHEESE,10.0,2023-08-04 09:00:00,,"BBQ Sauce, Hash Brown",,,,,2.0
34344,1400,2,0.0,90.0,Toasted Roll,1,Kitchen,10.0,3,BACON-EGG-CHEESE,10.0,2023-08-04 09:00:00,,Salt and Pepper,,,,,0.0
34344,1400,2,0.0,90.0,Toasted Roll,1,Kitchen,12.0,4,BACON-EGG-CHEESE,10.0,2023-08-04 09:00:00,,"Hash Brown, Salt and Pepper",,,,,2.0
34344,1400,2,0.0,90.0,Toasted Roll,1,Kitchen,12.0,5,BACON-EGG-CHEESE,10.0,2023-08-04 09:00:00,,"Tomato Sauce, Hash Brown, Salt and Pepper",,,,,2.0
34344,1400,2,0.0,90.0,Toasted Roll,1,Kitchen,10.0,6,BACON-EGG-CHEESE,10.0,2023-08-04 09:00:00,,"Tomato Sauce, Salt and Pepper",,,,,0.0
25977,1026,2,0.0,20.9,Toasted Roll,1,Kitchen,9.0,4,BACON-EGG-CHEESE,9.0,2022-10-16 08:50:43,,Tomato Sauce,,,,,0.0
19375,13,2,0.0,20.9,Toasted Roll,1,Kitchen,7.0,4,BACON-EGG,7.0,2022-02-12 09:47:22,,"Tomato Sauce, Salt and Pepper",,,,,0.0
35511,1314,2,0.0,20.9,Toastie,1,Kitchen,10.5,3,HAM-CHEESE-TOMATO,10.5,2023-09-09 08:36:59,Multigrain,Tomato Sauce,,,,,0.0
35261,1314,2,0.0,20.9,Toastie,1,Kitchen,10.5,3,HAM-CHEESE-TOMATO,10.5,2023-09-02 08:35:13,Multigrain,Tomato Sauce,,,,,0.0
35054,1314,2,0.0,20.9,Toastie,1,Kitchen,10.5,3,HAM-CHEESE-TOMATO,10.5,2023-08-26 08:42:00,Multigrain,Tomato Sauce,,,,,0.0
34823,1314,2,0.0,20.9,Toastie,1,Kitchen,10.5,3,HAM-CHEESE-TOMATO,10.5,2023-08-19 08:39:58,Multigrain,Tomato Sauce,,,,,0.0
20146,79,2,0.0,20.9,Toasted Roll,1,Kitchen,7.0,4,BACON-EGG,7.0,2022-03-13 08:18:09,,Salt and Pepper,,,,,0.0
14494,351,2,0.0,20.9,Toasted Roll,1,Kitchen,9.0,4,BACON-EGG,7.0,2021-08-03 11:52:42,,Hash Brown,,,,,2.0
36011,1146,2,0.0,20.9,Toasted Roll,1,Kitchen,9.0,3,BACON-EGG,9.0,2023-09-25 08:41:15,,BBQ Sauce,,,,,0.0
27803,675,2,0.0,20.9,Muffin,1,Kitchen,3.9,4,RASPBERRY-WHITECHOC,3.9,2022-12-16 10:14:53,,,Yes,,,,0.0
17470,175,2,0.0,20.9,Toastie,1,Kitchen,7.0,5,BACON-EGG,7.0,2021-11-15 09:25:46,White,Tomato Sauce,,,,,0.0
28102,231,2,0.0,20.9,Eggs and Bacon,1,Kitchen,11.9,1,SCRAMBLED,11.9,2023-01-08 08:02:24,White,,,,,,0.0
28033,231,2,0.0,20.9,Eggs and Bacon,1,Kitchen,11.9,1,SCRAMBLED,11.9,2023-01-05 07:26:40,White,,,,,,0.0
34126,492,2,0.0,20.9,Toastie,1,Kitchen,10.0,3,HAM-CHEESE,9.0,2023-07-28 08:18:25,Sourdough,Tomato Sauce,,,,,1.0
23139,268,2,0.0,33.7,Toasted Roll,1,Kitchen,9.0,5,BACON-EGG,7.0,2022-07-05 10:00:21,,"Tomato Sauce, Hash Brown, Salt and Pepper",,,,,2.0
23139,268,2,0.0,33.7,Muffin,1,Kitchen,3.9,4,RASPBERRY-WHITECHOC,3.9,2022-07-05 10:00:21,,,Yes,,,,0.0
19202,551,2,0.0,33.7,Big Breakfast,1,Kitchen,19.2,1,POACHED,17.2,2022-02-06 10:28:42,White,Hash Brown,,,,,2.0
23840,675,2,0.0,33.7,Croissant,1,Kitchen,9.0,2,BACON-EGG-CHEESE,9.0,2022-07-31 10:37:42,,Salt and Pepper,,,,,0.0
25464,304,2,0.0,46.5,Toasted Roll,1,Kitchen,9.0,5,BACON-EGG-CHEESE,9.0,2022-09-26 11:00:26,,Tomato Sauce,,,,,0.0
18357,435,2,0.0,46.5,Toasted Roll,1,Kitchen,8.0,6,BACON-EGG-CHEESE,8.0,2021-12-18 11:15:34,,Tomato Sauce,,,,,0.0
18357,435,2,0.0,46.5,Toasted Roll,1,Kitchen,10.0,7,BACON-EGG-CHEESE,8.0,2021-12-18 11:15:34,,"Tomato Sauce, Hash Brown",,,,,2.0
18357,435,2,0.0,46.5,Toasted Roll,1,Kitchen,10.0,8,BACON-EGG-CHEESE,8.0,2021-12-18 11:15:34,,"Tomato Sauce, Hash Brown",,,,,2.0
11550,517,2,0.0,15.8,Toastie,1,Kitchen,10.0,2,BACON-EGG-CHEESE,8.0,2021-04-01 08:00:00,Multigrain,Hash Brown,,,,,2.0
37150,1290,2,0.0,15.8,Toastie,1,Kitchen,10.5,2,HAM-CHEESE-TOMATO,10.5,2023-10-30 08:49:33,White,Tomato Sauce,,,,,0.0
34764,1290,2,0.0,15.8,Toastie,1,Kitchen,10.5,2,HAM-CHEESE-TOMATO,10.5,2023-08-17 09:19:29,White,Salt and Pepper,,,,,0.0
37196,1321,2,0.0,15.8,Toasted Roll,1,Kitchen,11.0,2,BACON-EGG,9.0,2023-11-01 06:00:00,,Hash Brown,,,,,2.0
20597,79,2,0.0,15.8,Toasted Roll,1,Kitchen,7.0,3,BACON-EGG,7.0,2022-03-31 07:57:53,,Salt and Pepper,,,,,0.0
19896,79,2,0.0,15.8,Toasted Roll,1,Kitchen,7.0,3,BACON-EGG,7.0,2022-03-04 07:44:55,,Salt and Pepper,,,,,0.0
19696,79,2,0.0,15.8,Toasted Roll,1,Kitchen,7.0,3,BACON-EGG,7.0,2022-02-25 07:51:02,,Salt and Pepper,,,,,0.0
19088,79,2,0.0,15.8,Toasted Roll,1,Kitchen,7.0,3,BACON-EGG,7.0,2022-02-02 08:50:11,,Salt and Pepper,,,,,0.0
27157,593,2,0.0,15.8,Toasted Roll,1,Kitchen,11.0,2,BACON-EGG-CHEESE,9.0,2022-11-26 07:53:16,,"Tomato Sauce, Hash Brown",,,,,2.0
18866,351,2,0.0,15.8,Toastie,1,Kitchen,7.0,3,CHEESE-TOMATO,7.0,2022-01-24 10:17:38,White,Tomato Sauce,,,,,0.0
22175,613,2,0.0,15.8,Toasted Roll,1,Kitchen,7.0,3,BACON-EGG,7.0,2022-05-29 09:44:36,,Tomato Sauce,,,,,0.0
38788,617,0,0.0,15.8,Toastie,1,Kitchen,10.5,2,HAM-CHEESE-TOMATO,10.5,2023-12-22 10:50:00,White,Salt and Pepper,,,,,0.0
36683,632,2,0.0,15.8,Toasted Roll,1,Kitchen,11.0,2,BACON-EGG,9.0,2023-10-16 08:37:19,,Hash Brown,,,,,2.0
36932,642,2,0.0,15.8,Toastie,1,Kitchen,10.5,2,HAM-CHEESE-TOMATO,10.5,2023-10-23 09:45:00,Multigrain,Tomato Sauce,,,,,0.0
37391,1168,2,0.0,15.8,Toastie,1,Kitchen,10.5,2,HAM-CHEESE-TOMATO,10.5,2023-11-08 07:09:39,White,Tomato Sauce,,,,,0.0
35659,1436,2,0.0,15.8,Toasted Roll,1,Kitchen,11.0,2,BACON-EGG,9.0,2023-09-14 08:07:17,,Hash Brown,,,,,2.0
36330,446,2,0.0,15.8,Toasted Roll,1,Kitchen,10.0,2,BACON-EGG-CHEESE,10.0,2023-10-06 07:04:13,,"BBQ Sauce, Salt and Pepper",,,,,0.0
16947,714,2,0.0,15.8,Toasted Roll,1,Kitchen,11.5,2,BACON-EGG-CHEESE,8.0,2021-10-27 09:17:19,,"Tomato Sauce, Avocado, Hash Brown",,,,,3.5
15882,714,2,0.0,15.8,Toasted Roll,1,Kitchen,11.5,2,BACON-EGG-CHEESE,8.0,2021-09-21 12:42:35,,"Tomato Sauce, Avocado, Hash Brown",,,,,3.5
14705,714,2,0.0,15.8,Toasted Roll,1,Kitchen,11.5,2,BACON-EGG-CHEESE,8.0,2021-08-11 11:26:29,,"Tomato Sauce, Avocado, Hash Brown",,,,,3.5
34750,721,2,0.0,15.8,Toasted Roll,1,Kitchen,11.0,2,BACON-EGG,9.0,2023-08-17 07:45:38,,"BBQ Sauce, Hash Brown, Salt and Pepper",,,,,2.0
34111,1499,2,0.0,15.8,Toastie,1,Kitchen,11.0,2,BACON-EGG,9.0,2023-07-28 06:06:22,White,"BBQ Sauce, Hash Brown",,,,,2.0
34044,1499,2,0.0,15.8,Toastie,1,Kitchen,11.0,2,BACON-EGG,9.0,2023-07-26 06:01:51,White,"BBQ Sauce, Hash Brown",,,,,2.0
34229,1555,2,0.0,28.6,Toasted Roll,1,Kitchen,9.0,3,BACON-EGG,9.0,2023-07-31 08:26:22,,BBQ Sauce,,,,,0.0
34229,1555,2,0.0,28.6,Toasted Roll,1,Kitchen,9.0,4,BACON-EGG,9.0,2023-07-31 08:26:22,,BBQ Sauce,,,,,0.0
13249,575,2,0.0,28.6,Toasted Roll,1,Kitchen,9.0,3,BACON-EGG,7.0,2021-06-12 09:00:00,,"Tomato Sauce, Hash Brown, Salt and Pepper",,,,,2.0
13249,575,2,0.0,28.6,Toasted Roll,1,Kitchen,9.0,4,BACON-EGG,7.0,2021-06-12 09:00:00,,Hash Brown,,,,,2.0
12828,575,2,0.0,28.6,Toasted Roll,1,Kitchen,9.0,3,BACON-EGG,7.0,2021-05-28 08:58:18,,Hash Brown,,,,,2.0
12828,575,2,0.0,28.6,Toasted Roll,1,Kitchen,9.0,4,BACON-EGG,7.0,2021-05-28 08:58:18,,"Hash Brown, Salt and Pepper",,,,,2.0
5698,328,2,0.0,28.6,Toasted Roll,1,Kitchen,10.0,3,BACON-EGG-CHEESE,8.0,2020-07-12 10:00:00,,"BBQ Sauce, Hash Brown",,,,,2.0
5698,328,2,0.0,28.6,Toasted Roll,1,Kitchen,10.0,4,BACON-EGG-CHEESE,8.0,2020-07-12 10:00:00,,"BBQ Sauce, Hash Brown",,,,,2.0
24583,593,2,0.0,28.6,Toasted Roll,1,Kitchen,8.0,3,BACON-EGG,8.0,2022-08-27 09:18:51,,Tomato Sauce,,,,,0.0
24583,593,2,0.0,28.6,Toasted Roll,1,Kitchen,11.0,4,BACON-EGG-CHEESE,9.0,2022-08-27 09:18:51,,"Tomato Sauce, Hash Brown",,,,,2.0
9360,341,2,0.0,28.6,Toasted Roll,1,Kitchen,8.0,4,BACON-EGG-CHEESE,8.0,2020-12-06 08:50:21,,BBQ Sauce,,,,,0.0
9360,341,2,0.0,28.6,Toastie,1,Kitchen,7.0,5,BACON-CHEESE,7.0,2020-12-06 08:50:21,Multigrain,Tomato Sauce,,,,,0.0
15385,88,2,0.0,28.6,Toasted Roll,1,Kitchen,9.5,3,BACON-EGG-CHEESE,8.0,2021-09-05 08:50:38,,"Tomato Sauce, Avocado, Salt and Pepper",,,,,1.5
15385,88,2,0.0,28.6,Toasted Roll,1,Kitchen,9.5,4,BACON-EGG-CHEESE,8.0,2021-09-05 08:50:38,,"Tomato Sauce, Avocado",,,,,1.5
8507,92,2,0.0,28.6,Toasted Roll,1,Kitchen,10.0,3,BACON-EGG-CHEESE,8.0,2020-10-31 07:27:21,,"BBQ Sauce, Hash Brown",,,,,2.0
8507,92,2,0.0,28.6,Toasted Roll,1,Kitchen,9.5,4,BACON-EGG-CHEESE,8.0,2020-10-31 07:27:21,,"Tomato Sauce, Avocado",,,,,1.5
27134,620,2,0.0,28.6,Muffin,1,Kitchen,3.9,6,ORANGE-POPPYSEED,3.9,2022-11-25 09:15:00,,,No,,,,0.0
30266,1150,2,0.0,28.6,Toasted Roll,1,Kitchen,8.5,4,BACON-EGG,8.5,2023-03-25 09:16:41,,Tomato Sauce,,,,,0.0
30266,1150,2,0.0,28.6,Toasted Roll,1,Kitchen,8.5,5,BACON-EGG,8.5,2023-03-25 09:16:41,,Tomato Sauce,,,,,0.0
27626,675,2,0.0,28.6,Muffin,1,Kitchen,3.9,3,RASPBERRY-WHITECHOC,3.9,2022-12-11 11:28:38,,,No,,,,0.0
16033,802,1,0.0,41.4,Toasted Roll,1,Kitchen,8.0,6,BACON-EGG-CHEESE,8.0,2021-09-26 11:56:19,,Tomato Sauce,,,,,0.0
34650,841,2,0.0,41.4,Build Your Own Breakfast,1,Kitchen,16.2,1,POACHED,10.2,2023-08-13 12:46:32,Sourdough,"Hash Brown, Avocado",,,,,6.0
8748,443,2,0.0,41.4,Toastie,1,Kitchen,7.0,5,CHEESE-TOMATO,7.0,2020-11-09 12:12:36,White,Tomato Sauce,,,,,0.0
17444,1003,2,0.0,41.4,Toastie,1,Kitchen,9.0,5,BACON-CHEESE,7.0,2021-11-14 11:15:00,White,"BBQ Sauce, Hash Brown",,,,,2.0
23846,811,2,0.0,54.2,Big Breakfast,1,Kitchen,24.2,1,POACHED,18.2,2022-07-31 12:12:55,Multigrain,"Avocado, Baked Beans",,,,,6.0
12740,12,2,0.0,67.0,Build Your Own Breakfast,1,Kitchen,19.9,1,SCRAMBLED,7.9,2021-05-25 06:31:03,Sourdough,"Bacon, Smashed Avo and Feta, Sauteed Mushrooms",,,,,11.999999999999998
12740,12,2,0.0,67.0,Build Your Own Breakfast,1,Kitchen,13.9,2,SCRAMBLED,7.9,2021-05-25 06:31:03,White,"Bacon, Hollandaise",,,,,6.0
29500,189,2,0.0,10.7,Muffin,1,Kitchen,3.9,3,RASPBERRY-WHITECHOC,3.9,2023-02-28 09:01:56,,,Yes,,,,0.0
14926,788,2,0.0,23.5,Toasted Roll,1,Kitchen,10.0,3,BACON-EGG-CHEESE,8.0,2021-08-20 10:00:16,,"BBQ Sauce, Hash Brown",,,,,2.0
15191,871,2,0.0,23.5,Toasted Roll,1,Kitchen,9.5,3,BACON-EGG-CHEESE,8.0,2021-08-29 10:26:34,,"Tomato Sauce, Avocado",,,,,1.5
35693,1144,2,0.0,23.5,Toasted Roll,1,Kitchen,11.0,3,BACON-EGG,9.0,2023-09-15 07:56:45,,"Tomato Sauce, Hash Brown",,,,,2.0
25734,128,2,0.0,23.5,Toasted Roll,1,Kitchen,12.5,3,BACON-EGG-CHEESE,9.0,2022-10-07 07:20:12,,"Avocado, Hash Brown, Salt and Pepper",,,,,3.5
24787,128,2,0.0,23.5,Toasted Roll,1,Kitchen,12.5,3,BACON-EGG-CHEESE,9.0,2022-09-03 08:20:53,,"Avocado, Hash Brown, Salt and Pepper",,,,,3.5
35743,907,2,0.0,23.5,Toastie,1,Kitchen,11.5,3,BACON-EGG-CHEESE,10.5,2023-09-16 12:00:00,Sourdough,Tomato Sauce,,,,,1.0
25984,408,2,0.0,23.5,Toastie,1,Kitchen,9.0,2,HAM-CHEESE,8.0,2022-10-16 10:19:31,Sourdough,Tomato Sauce,,,,,1.0
25984,408,2,0.0,23.5,Toastie,1,Kitchen,9.0,3,HAM-CHEESE,8.0,2022-10-16 10:19:31,Sourdough,Tomato Sauce,,,,,1.0
18174,409,2,0.0,23.5,Toasted Roll,1,Kitchen,8.0,4,BACON-EGG-CHEESE,8.0,2021-12-11 08:01:08,,Tomato Sauce,,,,,0.0
17798,409,2,0.0,23.5,Toasted Roll,1,Kitchen,8.0,4,BACON-EGG-CHEESE,8.0,2021-11-27 08:29:47,,Tomato Sauce,,,,,0.0
13605,409,2,0.0,23.5,Toastie,1,Kitchen,8.0,4,BACON-EGG-CHEESE,8.0,2021-06-26 08:51:30,White,Tomato Sauce,,,,,0.0
7608,421,2,0.0,23.5,Toasted Roll,1,Kitchen,7.0,5,BACON-EGG,7.0,2020-09-30 07:53:36,,BBQ Sauce,,,,,0.0
8650,175,2,0.0,23.5,Build Your Own Breakfast,1,Kitchen,11.9,1,FRIED,7.9,2020-11-05 11:23:59,Sourdough,Hollandaise,,,,,4.0
8650,175,2,0.0,23.5,Toastie,1,Kitchen,7.0,3,BACON-EGG,7.0,2020-11-05 11:23:59,White,Tomato Sauce,,,,,0.0
26958,744,2,0.0,23.5,Muffin,1,Kitchen,3.9,3,APPLE-CINNAMON,3.9,2022-11-19 09:57:27,,,No,,,,0.0
26958,744,2,0.0,23.5,Toasted Roll,1,Kitchen,11.5,4,BACON-EGG,8.0,2022-11-19 09:57:27,,"Avocado, Hash Brown, Salt and Pepper",,,,,3.5
37963,260,2,0.0,36.3,Toasted Roll,2,Kitchen,24.0,3,BACON-EGG-CHEESE,10.0,2023-11-26 09:50:56,,"Tomato Sauce, Hash Brown",,,,,2.0
15790,880,2,0.0,36.3,Kids Pancakes,1,Kitchen,8.0,3,CREAM,6.0,2021-09-18 11:12:49,,,,,,Strawberries,2.0
15790,880,2,0.0,36.3,Build Your Own Breakfast,1,Kitchen,17.9,1,POACHED,7.9,2021-09-18 11:12:49,White,"Bacon, Grilled Tomato, Smashed Avo and Feta",,,,,9.999999999999998
40270,1144,2,0.0,36.3,Toasted Roll,1,Kitchen,9.0,4,BACON-EGG,9.0,2024-02-23 08:35:44,,Tomato Sauce,,,,,0.0
40270,1144,2,0.0,36.3,Toasted Roll,1,Kitchen,11.0,5,BACON-EGG,9.0,2024-02-23 08:35:44,,"Tomato Sauce, Hash Brown",,,,,2.0
12704,651,2,0.0,36.3,Toastie,1,Kitchen,10.0,5,BACON-EGG-CHEESE,8.0,2021-05-23 09:15:00,Multigrain,"Tomato Sauce, Hash Brown",,,,,2.0
40077,1730,2,0.0,36.3,Toasted Roll,1,Kitchen,12.0,3,BACON-EGG-CHEESE,10.0,2024-02-17 11:31:17,,"BBQ Sauce, Hash Brown, Salt and Pepper",,,,,2.0
40077,1730,2,0.0,36.3,Toasted Roll,1,Kitchen,11.0,4,BACON-EGG,9.0,2024-02-17 11:31:17,,"Tomato Sauce, Hash Brown, Salt and Pepper",,,,,2.0
4643,55,2,0.0,49.1,Eggs Benny,1,Kitchen,16.0,3,BACON,14.0,2020-04-26 10:15:00,,,,Hashbrown,,,2.0
4643,55,2,0.0,49.1,Eggs Benny,1,Kitchen,16.0,4,BACON,14.0,2020-04-26 10:15:00,,,,Hashbrown,,,2.0
4643,55,2,0.0,49.1,Toastie,1,Kitchen,8.0,5,BACON-EGG-CHEESE,8.0,2020-04-26 10:15:00,White,Tomato Sauce,,,,,0.0
12186,127,2,0.0,49.1,Toasted Roll,1,Kitchen,7.0,6,BACON-EGG,7.0,2021-05-01 10:10:03,,"BBQ Sauce, Salt and Pepper",,,,,0.0
12186,127,2,0.0,49.1,Toastie,1,Kitchen,7.0,7,HAM-CHEESE,7.0,2021-05-01 10:10:03,White,Tomato Sauce,,,,,0.0
12186,127,2,0.0,49.1,Toastie,1,Kitchen,7.0,8,HAM-CHEESE,7.0,2021-05-01 10:10:03,Multigrain,Tomato Sauce,,,,,0.0
12042,127,2,0.0,49.1,Toastie,1,Kitchen,7.0,6,HAM-CHEESE,7.0,2021-04-25 09:37:52,White,Tomato Sauce,,,,,0.0
12042,127,2,0.0,49.1,Toastie,1,Kitchen,7.0,7,HAM-CHEESE,7.0,2021-04-25 09:37:52,Multigrain,Tomato Sauce,,,,,0.0
12042,127,2,0.0,49.1,Toastie,1,Kitchen,8.0,8,HAM-CHEESE-TOMATO,8.0,2021-04-25 09:37:52,Multigrain,Tomato Sauce,,,,,0.0
12042,127,2,0.0,49.1,Toasted Roll,1,Kitchen,8.0,5,BACON-EGG-CHEESE,8.0,2021-04-25 09:37:52,,"Tomato Sauce, BBQ Sauce, Salt and Pepper",,,,,0.0
6982,127,2,0.0,49.1,Toastie,1,Kitchen,7.0,6,HAM-CHEESE,7.0,2020-09-06 10:11:10,White,Tomato Sauce,,,,,0.0
6982,127,2,0.0,49.1,Toastie,1,Kitchen,7.0,7,HAM-CHEESE,7.0,2020-09-06 10:11:10,White,Tomato Sauce,,,,,0.0
6982,127,2,0.0,49.1,Toastie,1,Kitchen,8.0,8,HAM-CHEESE-TOMATO,8.0,2020-09-06 10:11:10,White,Tomato Sauce,,,,,0.0
19298,10,2,0.0,18.4,Toasted Roll,1,Kitchen,7.0,2,BACON-EGG,7.0,2022-02-10 08:47:18,,Tomato Sauce,,,,,0.0
8250,12,2,0.0,18.4,Build Your Own Breakfast,1,Kitchen,13.4,1,SCRAMBLED,7.9,2020-10-22 08:18:05,White,"Bacon, Hollandaise",,,,,5.5
28031,276,1,0.0,18.4,Toasted Roll,1,Kitchen,9.0,3,BACON-EGG-CHEESE,9.0,2023-01-05 06:00:00,,BBQ Sauce,,,,,0.0
27846,276,2,0.0,18.4,Toasted Roll,1,Kitchen,9.0,3,BACON-EGG-CHEESE,9.0,2022-12-18 08:32:53,,BBQ Sauce,,,,,0.0
27413,276,2,0.0,18.4,Toasted Roll,1,Kitchen,9.0,3,BACON-EGG-CHEESE,9.0,2022-12-04 09:35:02,,BBQ Sauce,,,,,0.0
26977,276,2,0.0,18.4,Toasted Roll,1,Kitchen,9.0,3,BACON-EGG-CHEESE,9.0,2022-11-20 09:48:50,,BBQ Sauce,,,,,0.0
26734,276,2,0.0,18.4,Toasted Roll,1,Kitchen,9.0,3,BACON-EGG-CHEESE,9.0,2022-11-12 08:20:35,,BBQ Sauce,,,,,0.0
25805,276,2,0.0,18.4,Toasted Roll,1,Kitchen,9.0,3,BACON-EGG-CHEESE,9.0,2022-10-09 09:50:32,,BBQ Sauce,,,,,0.0
25609,276,2,0.0,18.4,Toasted Roll,1,Kitchen,9.0,3,BACON-EGG-CHEESE,9.0,2022-10-02 09:43:52,,BBQ Sauce,,,,,0.0
25404,276,2,0.0,18.4,Toasted Roll,1,Kitchen,9.0,3,BACON-EGG-CHEESE,9.0,2022-09-24 08:48:52,,BBQ Sauce,,,,,0.0
24419,276,2,0.0,18.4,Toasted Roll,1,Kitchen,9.0,3,BACON-EGG-CHEESE,9.0,2022-08-21 09:26:55,,BBQ Sauce,,,,,0.0
3493,53,10,0.0,18.4,Toasted Roll,1,Kitchen,10.0,3,BACON-EGG-CHEESE,8.0,2019-08-21 07:55:50,,Hash Brown,,,,,2.0
17333,67,2,0.0,18.4,Toastie,1,Kitchen,9.0,1,BACON-EGG-CHEESE,8.0,2021-11-10 12:17:44,Sourdough,Tomato Sauce,,,,,1.0
17333,67,2,0.0,18.4,Toastie,1,Kitchen,9.4,2,CHICKEN-SCHNITZEL-CHEESE-LETTUCE,8.4,2021-11-10 12:17:44,Sourdough,Tomato Sauce,,,,,1.0
20944,632,2,0.0,18.4,Build Your Own Breakfast,1,Kitchen,14.0,1,SCRAMBLED,8.0,2022-04-13 06:24:36,Multigrain,"Avocado, Baby Spinach",,,,,6.0
15057,123,2,0.0,18.4,Toastie,1,Kitchen,9.0,1,BACON-EGG-CHEESE,8.0,2021-08-24 12:10:15,Sourdough,"Tomato Sauce, Salt and Pepper",,,,,1.0
15057,123,2,0.0,18.4,Toastie,1,Kitchen,9.4,2,CHICKEN-SCHNITZEL-CHEESE-LETTUCE,8.4,2021-08-24 12:10:15,Sourdough,Salt and Pepper,,,,,1.0
25822,1148,2,0.0,18.4,Muffin,1,Kitchen,3.9,3,RASPBERRY-WHITECHOC,3.9,2022-10-10 15:21:36,,,No,,,,0.0
17408,907,2,0.0,18.4,Toastie,1,Kitchen,11.4,2,CHICKEN-SCHNITZEL-CHEESE-LETTUCE,8.4,2021-11-12 14:00:00,Sourdough,Hash Brown,,,,,3.0
22869,465,2,0.0,18.4,Toastie,1,Kitchen,7.0,3,BACON-EGG,7.0,2022-06-24 12:52:29,White,BBQ Sauce,,,,,0.0
22762,465,2,0.0,18.4,Toasted Roll,1,Kitchen,7.0,3,BACON-EGG,7.0,2022-06-20 12:35:08,,BBQ Sauce,,,,,0.0
22654,465,2,0.0,18.4,Toasted Roll,1,Kitchen,7.0,3,BACON-EGG,7.0,2022-06-16 12:37:27,,BBQ Sauce,,,,,0.0
26745,234,2,0.0,18.4,Muffin,1,Kitchen,3.9,4,CHOC-MUD,3.9,2022-11-12 09:26:00,,,Yes,,,,0.0
7873,495,2,0.0,18.4,(Main) Pasta,1,Kitchen,13.9,1,SPAGCARB,13.9,2020-10-10 11:09:26,,,,,Fettuccini,,0.0
4311,5,10,0.0,31.2,Toasted Roll,1,Kitchen,8.0,6,HAM-CHEESE-TOMATO,8.0,2020-03-07 07:00:00,,Salt and Pepper,,,,,0.0
23413,1055,2,0.0,31.2,Toastie,1,Kitchen,7.0,5,HAM-CHEESE,7.0,2022-07-17 09:20:39,White,Tomato Sauce,,,,,0.0
23413,1055,2,0.0,31.2,Toasted Roll,1,Kitchen,8.0,3,BACON-EGG-CHEESE,8.0,2022-07-17 09:20:39,,Salt and Pepper,,,,,0.0
16666,551,2,0.0,31.2,Big Breakfast,1,Kitchen,16.7,1,POACHED,16.7,2021-10-17 10:41:22,White,Hollandaise,,,,,0.0
13453,307,2,0.0,31.2,Toastie,1,Kitchen,7.0,6,HAM-CHEESE,7.0,2021-06-20 08:45:00,Multigrain,Tomato Sauce,,,,,0.0
35015,1153,2,0.0,31.2,Toastie,1,Kitchen,9.0,5,HAM-CHEESE,9.0,2023-08-25 07:51:22,White,Tomato Sauce,,,,,0.0
40071,397,2,0.0,31.2,Toasted Roll,2,Kitchen,20.0,3,BACON-EGG-CHEESE,10.0,2024-02-17 10:12:36,,"Tomato Sauce, Salt and Pepper",,,,,0.0
38902,397,0,0.0,31.2,Toasted Roll,2,Kitchen,20.0,3,BACON-EGG-CHEESE,10.0,2024-01-06 10:18:42,,"Tomato Sauce, Salt and Pepper",,,,,0.0
38903,422,2,0.0,31.2,Toasted Roll,2,Kitchen,20.0,3,BACON-EGG-CHEESE,10.0,2024-01-06 10:21:45,,"Tomato Sauce, Salt and Pepper",,,,,0.0
38076,422,2,0.0,31.2,Toasted Roll,2,Kitchen,20.0,3,BACON-EGG-CHEESE,10.0,2023-11-30 07:30:00,,"Tomato Sauce, Salt and Pepper",,,,,0.0
15356,651,2,0.0,44.0,Croissant,1,Kitchen,9.0,1,HAM-CHEESE-TOMATO,9.0,2021-09-04 08:45:00,,Salt and Pepper,,,,,0.0
15356,651,2,0.0,44.0,Toasted Roll,1,Kitchen,8.0,4,HAM-CHEESE-TOMATO,8.0,2021-09-04 08:45:00,,Tomato Sauce,,,,,0.0
15356,651,2,0.0,44.0,Toasted Roll,1,Kitchen,8.0,5,BACON-EGG-CHEESE,8.0,2021-09-04 08:45:00,,Tomato Sauce,,,,,0.0
15356,651,2,0.0,44.0,Toastie,1,Kitchen,11.0,6,BACON-EGG-CHEESE,8.0,2021-09-04 08:45:00,Sourdough,"Tomato Sauce, Hash Brown",,,,,3.0
8082,421,2,0.0,44.0,Big Breakfast,1,Kitchen,16.2,2,POACHED,16.2,2020-10-17 08:14:46,White,Hollandaise,,,,,0.0
8082,421,2,0.0,44.0,Eggs Benedict,1,Kitchen,16.0,3,BACON,14.0,2020-10-17 08:14:46,,,,Hashbrown,,,2.0
13241,748,2,0.0,44.0,Eggs Benedict,1,Kitchen,16.5,3,BACON,14.5,2021-06-12 07:37:44,,,,Hashbrown,,,2.0
13241,748,2,0.0,44.0,Eggs Benedict,1,Kitchen,16.5,4,BACON,14.5,2021-06-12 07:37:44,,,,Hashbrown,,,2.0
7884,497,2,0.0,44.0,Big Breakfast,1,Kitchen,25.7,1,POACHED,16.2,2020-10-11 08:17:56,Sourdough,"Bacon, Baby Spinach, Baked Beans",,,,,9.5
35248,1585,2,0.0,56.8,Toasted Roll,1,Kitchen,12.0,5,BACON-EGG-CHEESE,10.0,2023-09-01 13:24:32,,"Tomato Sauce, Hash Brown",,,,,2.0
4692,239,2,0.0,56.8,Big Breakfast,1,Kitchen,19.2,1,FRIED,16.2,2020-04-30 10:00:00,White,Hollandaise,,,,,3.0
4692,239,2,0.0,56.8,Big Breakfast,1,Kitchen,16.2,2,FRIED,16.2,2020-04-30 10:00:00,White,Hollandaise,,,,,0.0
4692,239,2,0.0,56.8,Toasted Roll,1,Kitchen,8.0,5,BACON-EGG-CHEESE,8.0,2020-04-30 10:00:00,,BBQ Sauce,,,,,0.0
9260,517,2,0.0,13.3,Toastie,1,Kitchen,8.5,2,HAM-CHEESE,7.0,2020-12-02 06:00:00,Multigrain,Avocado,,,,,1.5
23635,100,2,0.0,13.3,Muffin,1,Kitchen,3.9,2,RASPBERRY-WHITECHOC,3.9,2022-07-24 12:20:37,,,No,,,,0.0
23635,100,2,0.0,13.3,Muffin,1,Kitchen,3.9,3,APPLE-CINNAMON,3.9,2022-07-24 12:20:37,,,No,,,,0.0
24117,649,0,0.0,13.3,Toastie,1,Kitchen,9.0,2,HAM-CHEESE-TOMATO,9.0,2022-08-09 13:09:52,Dark Rye,Salt and Pepper,,,,,0.0
12105,141,2,0.0,13.3,Toastie,1,Kitchen,9.0,2,BACON-EGG,7.0,2021-04-28 05:51:40,Multigrain,"BBQ Sauce, Hash Brown",,,,,2.0
10099,175,2,0.0,13.3,Toastie,1,Kitchen,7.0,3,BACON-EGG,7.0,2021-01-18 10:20:34,White,Tomato Sauce,,,,,0.0
21470,721,2,0.0,13.3,Toasted Roll,1,Kitchen,9.0,2,BACON-EGG,7.0,2022-05-04 07:27:27,,"Tomato Sauce, Hash Brown, Salt and Pepper",,,,,2.0
20410,721,2,0.0,13.3,Toasted Roll,1,Kitchen,9.0,2,BACON-EGG,7.0,2022-03-24 07:22:07,,"Tomato Sauce, Hash Brown, Salt and Pepper",,,,,2.0
18271,721,2,0.0,13.3,Toasted Roll,1,Kitchen,9.0,2,BACON-EGG,7.0,2021-12-15 07:50:45,,"Tomato Sauce, Hash Brown, Salt and Pepper",,,,,2.0
16965,721,2,0.0,13.3,Toasted Roll,1,Kitchen,9.0,2,BACON-EGG,7.0,2021-10-28 07:53:24,,"Tomato Sauce, Hash Brown, Salt and Pepper",,,,,2.0
15659,721,2,0.0,13.3,Toasted Roll,1,Kitchen,9.0,2,BACON-EGG,7.0,2021-09-14 08:06:18,,"Tomato Sauce, Hash Brown, Salt and Pepper",,,,,2.0
15443,721,2,0.0,13.3,Toasted Roll,1,Kitchen,9.0,2,BACON-EGG,7.0,2021-09-07 08:01:37,,"Tomato Sauce, Hash Brown, Salt and Pepper",,,,,2.0
13406,721,2,0.0,13.3,Toasted Roll,1,Kitchen,9.0,2,BACON-EGG,7.0,2021-06-18 08:00:23,,"Tomato Sauce, Hash Brown",,,,,2.0
30698,234,2,2.14,23.54,Muffin,1,Kitchen,3.9,4,CHOC-MUD,3.9,2023-04-08 09:06:12,,,Yes,,,,0.0
29892,234,2,2.14,23.54,Muffin,1,Kitchen,3.9,4,CHOC-MUD,3.9,2023-03-13 09:37:57,,,Yes,,,,0.0
28576,234,2,2.14,23.54,Muffin,1,Kitchen,3.9,4,CHOC-MUD,3.9,2023-01-26 10:02:30,,,Yes,,,,0.0
23818,9,2,0.0,26.1,Toastie,1,Kitchen,8.0,4,CHEESE-TOMATO,8.0,2022-07-30 12:07:56,White,Tomato Sauce,,,,,0.0
23245,9,2,0.0,26.1,Toastie,1,Kitchen,8.0,4,HAM-CHEESE-TOMATO,8.0,2022-07-09 11:53:43,White,Tomato Sauce,,,,,0.0
20210,782,2,0.0,26.1,Toastie,1,Kitchen,7.0,3,BACON-EGG,7.0,2022-03-16 06:16:24,Multigrain,BBQ Sauce,,,,,0.0
20210,782,2,0.0,26.1,Toastie,1,Kitchen,8.0,4,BACON-EGG-CHEESE,8.0,2022-03-16 06:16:24,Multigrain,Tomato Sauce,,,,,0.0
20066,291,2,0.0,26.1,Toasted Roll,1,Kitchen,10.0,4,BACON-EGG-CHEESE,8.0,2022-03-10 07:30:00,,"BBQ Sauce, Hash Brown",,,,,2.0
3470,53,10,0.0,26.1,Toasted Roll,1,Kitchen,10.0,4,BACON-EGG-CHEESE,8.0,2019-08-11 13:43:46,,"BBQ Sauce, Hash Brown",,,,,2.0
4039,55,2,0.0,26.1,Toastie,1,Kitchen,9.0,3,BACON-EGG-CHEESE,8.0,2020-01-09 10:30:00,Sourdough,"Tomato Sauce, Salt and Pepper",,,,,1.0
4039,55,2,0.0,26.1,Toastie,1,Kitchen,8.0,4,BACON-EGG-CHEESE,8.0,2020-01-09 10:30:00,White,"Tomato Sauce, Salt and Pepper",,,,,0.0
4033,55,2,0.0,26.1,Toastie,1,Kitchen,8.0,3,BACON-EGG-CHEESE,8.0,2020-01-07 11:15:00,White,"Tomato Sauce, Salt and Pepper",,,,,0.0
4033,55,2,0.0,26.1,Toastie,1,Kitchen,9.0,4,BACON-EGG-CHEESE,8.0,2020-01-07 11:15:00,Sourdough,"Tomato Sauce, Salt and Pepper",,,,,1.0
27820,862,2,0.0,26.1,Toastie,1,Kitchen,9.0,4,HAM-CHEESE-TOMATO,9.0,2022-12-17 08:35:18,Multigrain,Tomato Sauce,,,,,0.0
6374,127,2,0.0,26.1,Toastie,1,Kitchen,7.0,5,HAM-CHEESE,7.0,2020-08-12 11:30:36,White,Tomato Sauce,,,,,0.0
27263,1153,2,0.0,26.1,Toastie,1,Kitchen,8.0,4,CHEESE-TOMATO,8.0,2022-11-29 09:57:12,White,Salt and Pepper,,,,,0.0
27263,1153,2,0.0,26.1,Toasted Roll,1,Kitchen,8.0,3,BACON-EGG,8.0,2022-11-29 09:57:12,,"BBQ Sauce, Salt and Pepper",,,,,0.0
31876,404,2,0.0,26.1,Toasted Roll,2,Kitchen,17.0,3,BACON-EGG,8.5,2023-05-16 11:07:57,,BBQ Sauce,,,,,0.0
27216,675,2,0.0,26.1,Toasted Roll,1,Kitchen,11.0,3,BACON-EGG-CHEESE,9.0,2022-11-27 12:54:54,,"Tomato Sauce, Hash Brown",,,,,2.0
22237,1188,0,0.0,26.1,Build Your Own Breakfast,1,Kitchen,18.5,1,POACHED,8.0,2022-05-31 09:25:55,White,"Bacon, Sauteed Mushrooms, Pulled Pork",,,,,10.5
32892,175,2,0.0,26.1,Toastie,1,Kitchen,8.5,4,BACON-EGG,8.5,2023-06-18 10:41:18,White,Tomato Sauce,,,,,0.0
28830,446,2,0.0,26.1,Toasted Roll,1,Kitchen,9.5,4,BACON-EGG-CHEESE,9.5,2023-02-06 06:49:47,,BBQ Sauce,,,,,0.0
8625,546,2,0.0,38.9,Eggs Florentine,1,Kitchen,16.0,2,REGULAR,14.0,2020-11-04 13:20:38,,,,Hashbrown,,,2.0
14282,822,2,0.0,38.9,Build Your Own Breakfast,1,Kitchen,17.4,1,SCRAMBLED,7.9,2021-07-25 11:46:11,White,"Bacon, Hash Brown, Spanish Chorizo",,,,,9.499999999999998
14282,822,2,0.0,38.9,French Toast with Streaky Bacon,1,Kitchen,12.4,3,REGULAR,10.4,2021-07-25 11:46:11,,,,Hashbrown,,,2.0
25529,77,2,0.0,38.9,Build Your Own Breakfast,1,Kitchen,8.9,1,SCRAMBLED,8.9,2022-09-29 08:16:36,White,"Bacon, Hollandaise, Sauteed Mushrooms",,,,,0.0
25529,77,2,0.0,38.9,Toasted Roll,1,Kitchen,9.0,5,BACON-EGG-CHEESE,9.0,2022-09-29 08:16:36,,"Tomato Sauce, Salt and Pepper",,,,,0.0
24060,1243,2,0.0,38.9,Toasted Roll,1,Kitchen,11.0,4,BACON-EGG-CHEESE,9.0,2022-08-07 09:41:05,,Hash Brown,,,,,2.0
8117,55,2,0.0,51.7,Build Your Own Breakfast,1,Kitchen,20.4,1,POACHED,7.9,2020-10-18 09:58:14,White,"Extra Egg, Bacon, Hollandaise, Hash Brown, Avocado",,,,,12.499999999999998
8117,55,2,0.0,51.7,Build Your Own Breakfast,1,Kitchen,14.9,2,SCRAMBLED,7.9,2020-10-18 09:58:14,White,"Hash Brown, Pulled Pork",,,,,7.0
8117,55,2,0.0,51.7,Toastie,1,Kitchen,8.0,5,BACON-EGG-CHEESE,8.0,2020-10-18 09:58:14,White,Tomato Sauce,,,,,0.0
15391,23,2,0.0,64.5,Toasted Roll,1,Kitchen,7.0,7,BACON-EGG,7.0,2021-09-05 10:00:00,,Tomato Sauce,,,,,0.0
17635,185,2,0.0,90.1,French Toast with Streaky Bacon,1,Kitchen,12.4,5,REGULAR,10.4,2021-11-21 08:30:00,,,,Hashbrown,,,2.0
17635,185,2,0.0,90.1,French Toast with Streaky Bacon,1,Kitchen,12.4,6,REGULAR,10.4,2021-11-21 08:30:00,,,,Hashbrown,,,2.0
25378,175,2,3.77,41.47,Muffin,1,Kitchen,3.9,7,APPLE-CINNAMON,3.9,2022-09-23 08:44:39,,,Yes,,,,0.0
25378,175,2,3.77,41.47,Muffin,1,Kitchen,3.9,8,RASPBERRY-WHITECHOC,3.9,2022-09-23 08:44:39,,,Yes,,,,0.0
21938,9,2,0.0,21.0,Toastie,1,Kitchen,8.0,2,HAM-CHEESE-TOMATO,8.0,2022-05-21 09:20:26,White,Tomato Sauce,,,,,0.0
21938,9,2,0.0,21.0,Toastie,1,Kitchen,8.0,3,HAM-CHEESE-TOMATO,8.0,2022-05-21 09:20:26,White,Tomato Sauce,,,,,0.0
19195,9,2,0.0,21.0,Toastie,1,Kitchen,8.0,2,HAM-CHEESE-TOMATO,8.0,2022-02-06 09:36:32,White,Salt and Pepper,,,,,0.0
19195,9,2,0.0,21.0,Toastie,1,Kitchen,8.0,3,HAM-CHEESE-TOMATO,8.0,2022-02-06 09:36:32,White,Salt and Pepper,,,,,0.0
18582,9,2,0.0,21.0,Toastie,1,Kitchen,8.0,2,HAM-CHEESE-TOMATO,8.0,2022-01-10 12:12:11,White,Tomato Sauce,,,,,0.0
18582,9,2,0.0,21.0,Toastie,1,Kitchen,8.0,3,HAM-CHEESE-TOMATO,8.0,2022-01-10 12:12:11,White,Tomato Sauce,,,,,0.0
16775,9,2,0.0,21.0,Toasted Roll,1,Kitchen,8.0,2,BACON-EGG-CHEESE,8.0,2021-10-21 09:54:23,,Tomato Sauce,,,,,0.0
16775,9,2,0.0,21.0,Toastie,1,Kitchen,8.0,3,HAM-CHEESE-TOMATO,8.0,2021-10-21 09:54:23,White,Tomato Sauce,,,,,0.0
16602,9,2,0.0,21.0,Toastie,1,Kitchen,8.0,2,HAM-CHEESE-TOMATO,8.0,2021-10-15 10:07:12,White,Tomato Sauce,,,,,0.0
16602,9,2,0.0,21.0,Toastie,1,Kitchen,8.0,3,HAM-CHEESE-TOMATO,8.0,2021-10-15 10:07:12,White,Tomato Sauce,,,,,0.0
16333,9,2,0.0,21.0,Toastie,1,Kitchen,8.0,2,HAM-CHEESE-TOMATO,8.0,2021-10-06 09:33:00,White,Tomato Sauce,,,,,0.0
16333,9,2,0.0,21.0,Toastie,1,Kitchen,8.0,3,HAM-CHEESE-TOMATO,8.0,2021-10-06 09:33:00,White,Tomato Sauce,,,,,0.0
16292,9,2,0.0,21.0,Toastie,1,Kitchen,8.0,2,HAM-CHEESE-TOMATO,8.0,2021-10-04 10:22:06,White,Tomato Sauce,,,,,0.0
16292,9,2,0.0,21.0,Toastie,1,Kitchen,8.0,3,HAM-CHEESE-TOMATO,8.0,2021-10-04 10:22:06,White,Tomato Sauce,,,,,0.0
16194,9,2,0.0,21.0,Toastie,1,Kitchen,8.0,2,HAM-CHEESE-TOMATO,8.0,2021-10-01 10:21:13,White,Tomato Sauce,,,,,0.0
16194,9,2,0.0,21.0,Toastie,1,Kitchen,8.0,3,HAM-CHEESE-TOMATO,8.0,2021-10-01 10:21:13,White,Tomato Sauce,,,,,0.0
7539,275,2,0.0,21.0,Toastie,1,Kitchen,6.0,4,BACON,6.0,2020-09-27 09:49:52,White,Tomato Sauce,,,,,0.0
7539,275,2,0.0,21.0,Toasted Roll,1,Kitchen,7.0,3,BACON-EGG,7.0,2020-09-27 09:49:52,,Tomato Sauce,,,,,0.0
16472,276,2,0.0,21.0,Toasted Roll,1,Kitchen,8.0,4,BACON-EGG-CHEESE,8.0,2021-10-11 07:36:21,,BBQ Sauce,,,,,0.0
5841,276,2,0.0,21.0,Toasted Roll,1,Kitchen,8.0,4,BACON-EGG-CHEESE,8.0,2020-07-19 09:24:02,,BBQ Sauce,,,,,0.0
15338,322,2,0.0,21.0,Big Breakfast,1,Kitchen,16.7,1,POACHED,16.7,2021-09-03 10:23:47,Multigrain,Hollandaise,,,,,0.0
36555,67,2,0.0,21.0,Toastie,1,Kitchen,11.5,3,BACON-EGG-CHEESE,10.5,2023-10-12 12:38:11,Sourdough,"Tomato Sauce, Salt and Pepper",,,,,1.0
24704,69,2,0.0,21.0,Toasted Roll,1,Kitchen,11.5,3,BACON-EGG,8.0,2022-08-31 08:27:37,,"Tomato Sauce, Avocado, Hash Brown",,,,,3.5
26435,341,2,0.0,21.0,Toastie,1,Kitchen,9.5,3,BACON-CHEESE,8.0,2022-11-02 10:39:42,White,Avocado,,,,,1.5
3679,88,2,0.0,21.0,Toasted Roll,1,Kitchen,8.0,2,BACON-EGG-CHEESE,8.0,2019-10-12 09:54:10,,Tomato Sauce,,,,,0.0
3679,88,2,0.0,21.0,Toasted Roll,1,Kitchen,9.5,3,BACON-EGG-CHEESE,8.0,2019-10-12 09:54:10,,"Tomato Sauce, Avocado",,,,,1.5
40041,620,2,0.0,21.0,Muffin,1,Kitchen,4.5,4,ORANGE-POPPYSEED,4.5,2024-02-16 09:00:00,,,No,,,,0.0
37024,620,2,0.0,21.0,Muffin,1,Kitchen,4.5,4,ORANGE-POPPYSEED,4.5,2023-10-26 09:15:00,,,No,,,,0.0
33266,1144,2,0.0,21.0,Toasted Roll,1,Kitchen,11.5,3,BACON-EGG-CHEESE,9.5,2023-07-01 07:49:21,,"Tomato Sauce, Hash Brown",,,,,2.0
32719,1148,2,0.0,21.0,Croissant,1,Kitchen,8.5,2,CHEESE-TOMATO,8.5,2023-06-13 08:50:34,,Salt and Pepper,,,,,0.0
35105,1149,2,0.0,21.0,Toastie,2,Kitchen,21.0,1,BACON-EGG-CHEESE,10.5,2023-08-27 12:46:21,White,Tomato Sauce,,,,,0.0
19276,651,2,0.0,21.0,Toasted Roll,1,Kitchen,8.0,2,BACON-EGG-CHEESE,8.0,2022-02-09 09:58:52,,Tomato Sauce,,,,,0.0
19276,651,2,0.0,21.0,Toastie,1,Kitchen,8.0,3,BACON-EGG-CHEESE,8.0,2022-02-09 09:58:52,Dark Rye,Tomato Sauce,,,,,0.0
35982,907,2,0.0,21.0,Toastie,1,Kitchen,9.0,3,HAM-CHEESE,9.0,2023-09-24 10:30:00,Multigrain,Tomato Sauce,,,,,0.0
19555,907,2,0.0,21.0,Toastie,1,Kitchen,11.5,3,CHICKEN-SCHNITZEL-CHEESE-LETTUCE,8.5,2022-02-19 12:00:00,Sourdough,Hash Brown,,,,,3.0
39806,915,2,0.0,21.0,Toastie,1,Kitchen,10.0,3,BACON-CHEESE,9.0,2024-02-08 10:00:24,Sourdough,Tomato Sauce,,,,,1.0
37660,915,2,0.0,21.0,Toasted Roll,1,Kitchen,10.0,3,BACON-EGG-CHEESE,10.0,2023-11-16 10:22:49,,"Tomato Sauce, Salt and Pepper",,,,,0.0
12513,664,1,0.0,21.0,Toasted Roll,1,Kitchen,8.0,4,BACON-EGG-CHEESE,8.0,2021-05-14 08:26:51,,BBQ Sauce,,,,,0.0
30423,929,2,0.0,21.0,Toasted Roll,2,Kitchen,21.0,1,BACON-EGG,8.5,2023-03-30 09:27:26,,"Tomato Sauce, BBQ Sauce, Hash Brown",,,,,2.0
11329,172,2,0.0,21.0,Toasted Roll,1,Kitchen,7.0,3,BACON-EGG,7.0,2021-03-22 08:30:05,,Tomato Sauce,,,,,0.0
16344,951,2,0.0,21.0,(Main) Pasta,1,Kitchen,13.0,1,RAVIBOLG,13.0,2021-10-06 13:30:43,,,,,Spaghetti,,0.0
16427,957,0,0.0,21.0,Toasted Roll,1,Kitchen,8.0,2,BACON-EGG-CHEESE,8.0,2021-10-09 10:38:00,,Tomato Sauce,,,,,0.0
16427,957,0,0.0,21.0,Toasted Roll,1,Kitchen,8.0,3,BACON-EGG-CHEESE,8.0,2021-10-09 10:38:00,,Tomato Sauce,,,,,0.0
26733,451,2,0.0,21.0,Toasted Roll,1,Kitchen,8.0,2,BACON-EGG,8.0,2022-11-12 08:30:00,,BBQ Sauce,,,,,0.0
26733,451,2,0.0,21.0,Toasted Roll,1,Kitchen,8.0,3,BACON-EGG,8.0,2022-11-12 08:30:00,,BBQ Sauce,,,,,0.0
40356,1740,2,0.0,21.0,Muffin,1,Kitchen,4.5,2,RASPBERRY-WHITECHOC,4.5,2024-02-26 11:50:48,,,Yes,,,,0.0
28589,996,2,0.0,21.0,Toastie,1,Kitchen,9.5,2,HAM-CHEESE-TOMATO,9.5,2023-01-27 12:49:06,Multigrain,Tomato Sauce,,,,,0.0
39036,1253,2,0.0,21.0,Toasted Roll,1,Kitchen,11.0,1,BACON-EGG,9.0,2024-01-11 10:10:05,,Hash Brown,,,,,2.0
39036,1253,2,0.0,21.0,Toasted Roll,1,Kitchen,10.0,2,BACON-EGG-CHEESE,10.0,2024-01-11 10:10:05,,Tomato Sauce,,,,,0.0
38575,1253,2,0.0,21.0,Toasted Roll,1,Kitchen,11.0,1,BACON-EGG,9.0,2023-12-15 10:32:04,,Hash Brown,,,,,2.0
38575,1253,2,0.0,21.0,Toasted Roll,1,Kitchen,10.0,2,BACON-EGG-CHEESE,10.0,2023-12-15 10:32:04,,Tomato Sauce,,,,,0.0
37850,1253,2,0.0,21.0,Toasted Roll,1,Kitchen,11.0,1,BACON-EGG,9.0,2023-11-22 09:39:52,,Hash Brown,,,,,2.0
37850,1253,2,0.0,21.0,Toasted Roll,1,Kitchen,10.0,2,BACON-EGG-CHEESE,10.0,2023-11-22 09:39:52,,Tomato Sauce,,,,,0.0
34583,1253,2,0.0,21.0,Toasted Roll,1,Kitchen,11.0,1,BACON-EGG,9.0,2023-08-11 11:55:16,,Hash Brown,,,,,2.0
34583,1253,2,0.0,21.0,Toasted Roll,1,Kitchen,10.0,2,BACON-EGG-CHEESE,10.0,2023-08-11 11:55:16,,Tomato Sauce,,,,,0.0
9700,489,2,0.0,21.0,Toasted Roll,1,Kitchen,9.0,3,BACON-EGG,7.0,2020-12-20 10:36:59,,Hash Brown,,,,,2.0
32677,446,2,2.84,31.24,Toasted Roll,1,Kitchen,8.5,3,BACON-EGG,8.5,2023-06-12 07:00:00,,BBQ Sauce,,,,,0.0
32677,446,2,2.84,31.24,Toasted Roll,1,Kitchen,8.5,4,BACON-EGG,8.5,2023-06-12 07:00:00,,BBQ Sauce,,,,,0.0
13075,10,2,0.0,33.8,Build Your Own Breakfast,1,Kitchen,7.9,1,SCRAMBLED,7.9,2021-06-06 09:15:00,White,"Bacon, Hollandaise, Sauteed Mushrooms",,,,,0.0
13075,10,2,0.0,33.8,Build Your Own Breakfast,1,Kitchen,17.9,2,POACHED,7.9,2021-06-06 09:15:00,White,"Bacon, Avocado, Halloumi",,,,,9.999999999999998
11302,29,2,0.0,33.8,Build Your Own Breakfast,1,Kitchen,13.9,1,POACHED,7.9,2021-03-21 08:34:54,Multigrain,"Bacon, Avocado",,,,,6.0
6969,285,2,0.0,33.8,French Toast with Streaky Bacon,1,Kitchen,11.9,2,REGULAR,9.9,2020-09-06 09:14:27,,,,Hashbrown,,,2.0
6969,285,2,0.0,33.8,Build Your Own Breakfast,1,Kitchen,15.9,1,POACHED,7.9,2020-09-06 09:14:27,Sourdough,"Grilled Tomato, Smashed Avo and Feta",,,,,8.0
34897,1569,2,0.0,33.8,Croissant,1,Kitchen,11.0,1,HAM-CHEESE-TOMATO,11.0,2023-08-21 12:18:20,,Salt and Pepper,,,,,0.0
34897,1569,2,0.0,33.8,Croissant,1,Kitchen,10.0,2,HAM-CHEESE,10.0,2023-08-21 12:18:20,,Salt and Pepper,,,,,0.0
23059,888,2,0.0,33.8,Toastie,1,Kitchen,10.0,3,BACON-EGG-CHEESE,8.0,2022-07-02 10:54:38,White,"BBQ Sauce, Hash Brown",,,,,2.0
23059,888,2,0.0,33.8,Toastie,1,Kitchen,7.0,4,BACON-EGG,7.0,2022-07-02 10:54:38,White,Tomato Sauce,,,,,0.0
23059,888,2,0.0,33.8,Toastie,1,Kitchen,8.0,5,BACON-EGG-CHEESE,8.0,2022-07-02 10:54:38,White,BBQ Sauce,,,,,0.0
28483,675,2,0.0,33.8,Muffin,1,Kitchen,3.9,3,RASPBERRY-WHITECHOC,3.9,2023-01-22 12:00:00,,,Yes,,,,0.0
28483,675,2,0.0,33.8,Toasted Roll,1,Kitchen,11.5,4,BACON-EGG-CHEESE,9.5,2023-01-22 12:00:00,,"Tomato Sauce, Hash Brown",,,,,2.0
13058,749,1,0.0,33.8,Build Your Own Breakfast,1,Kitchen,15.4,1,POACHED,7.9,2021-06-05 11:53:32,Gluten Free,Smashed Avo and Feta,,,,,7.5
9548,351,2,0.0,46.6,French Toast with Streaky Bacon,1,Kitchen,9.9,3,REGULAR,9.9,2020-12-13 09:48:04,,,,No Mable Syrup,,,0.0
9548,351,2,0.0,46.6,Toastie,1,Kitchen,8.0,9,BACON-EGG-CHEESE,8.0,2020-12-13 09:48:04,White,Tomato Sauce,,,,,0.0
4157,146,2,0.0,46.6,Toastie,1,Kitchen,7.0,5,BACON-EGG,7.0,2020-02-06 08:08:02,White,Tomato Sauce,,,,,0.0
4157,146,2,0.0,46.6,Toastie,1,Kitchen,8.0,6,BACON-EGG,7.0,2020-02-06 08:08:02,Sourdough,Tomato Sauce,,,,,1.0
4157,146,2,0.0,46.6,Toastie,1,Kitchen,7.0,7,HAM-CHEESE,7.0,2020-02-06 08:08:02,White,Tomato Sauce,,,,,0.0
4157,146,2,0.0,46.6,Toastie,1,Kitchen,7.0,8,HAM-CHEESE,7.0,2020-02-06 08:08:02,White,Tomato Sauce,,,,,0.0
15907,917,1,0.0,46.6,Build Your Own Breakfast,1,Kitchen,15.9,1,POACHED,7.9,2021-09-22 10:57:01,Sourdough,"Hash Brown, Smashed Avo and Feta",,,,,8.0
15907,917,1,0.0,46.6,Build Your Own Breakfast,1,Kitchen,14.9,2,POACHED,7.9,2021-09-22 10:57:01,White,"Hash Brown, Smashed Avo and Feta",,,,,7.0
36391,744,2,0.0,46.6,Toasted Roll,2,Kitchen,27.0,3,BACON-EGG-CHEESE,10.0,2023-10-07 12:00:00,,"Avocado, Hash Brown, Salt and Pepper",,,,,3.5
15956,12,2,0.0,59.4,Build Your Own Breakfast,1,Kitchen,16.9,1,SCRAMBLED,7.9,2021-09-24 09:16:33,White,"Bacon, Hollandaise, Sauteed Mushrooms",,,,,8.999999999999998
15956,12,2,0.0,59.4,Build Your Own Breakfast,1,Kitchen,16.9,2,SCRAMBLED,7.9,2021-09-24 09:16:33,Sourdough,"Bacon, Smashed Avo and Feta",,,,,8.999999999999998
21969,804,2,0.0,59.4,Big Breakfast,1,Kitchen,26.2,1,POACHED,17.2,2022-05-22 11:00:55,Sourdough,"Bacon, Hollandaise, Hash Brown",,,,,9.0
21969,804,2,0.0,59.4,Big Breakfast,1,Kitchen,22.2,2,SCRAMBLED,17.2,2022-05-22 11:00:55,White,"Extra Egg, Baby Spinach",,,,,5.0
39678,1715,2,0.0,59.4,Toasted Roll,3,Kitchen,27.0,5,BACON-EGG,9.0,2024-02-04 10:50:41,,Tomato Sauce,,,,,0.0
40483,1290,2,0.0,15.9,Toastie,1,Kitchen,10.5,2,HAM-CHEESE-TOMATO,10.5,2024-03-01 09:34:08,Multigrain,Tomato Sauce,,,,,0.0
34456,1290,2,0.0,15.9,Toastie,1,Kitchen,10.5,2,HAM-CHEESE-TOMATO,10.5,2023-08-07 13:00:00,White,Salt and Pepper,,,,,0.0
39863,1314,2,0.0,15.9,Toastie,1,Kitchen,10.5,2,HAM-CHEESE-TOMATO,10.5,2024-02-10 08:14:32,White,Tomato Sauce,,,,,0.0
37505,1314,2,0.0,15.9,Toastie,1,Kitchen,10.5,2,HAM-CHEESE-TOMATO,10.5,2023-11-11 08:36:20,Multigrain,Tomato Sauce,,,,,0.0
5203,43,0,0.0,15.9,Toasted Roll,1,Kitchen,7.0,3,BACON-EGG,7.0,2020-06-08 08:28:50,,Tomato Sauce,,,,,0.0
25785,69,2,0.0,15.9,Toasted Roll,1,Kitchen,11.5,2,BACON-EGG,8.0,2022-10-08 10:50:51,,"Tomato Sauce, Avocado, Hash Brown",,,,,3.5
25235,92,2,0.0,15.9,Toasted Roll,1,Kitchen,11.0,2,BACON-EGG-CHEESE,9.0,2022-09-18 08:45:06,,"BBQ Sauce, Hash Brown, Salt and Pepper",,,,,2.0
24953,92,2,0.0,15.9,Toasted Roll,1,Kitchen,11.0,2,BACON-EGG-CHEESE,9.0,2022-09-08 08:54:32,,"BBQ Sauce, Hash Brown, Salt and Pepper",,,,,2.0
23953,92,2,0.0,15.9,Toasted Roll,1,Kitchen,11.0,2,BACON-EGG-CHEESE,9.0,2022-08-04 09:02:14,,"BBQ Sauce, Hash Brown, Salt and Pepper",,,,,2.0
39070,862,2,0.0,15.9,Toastie,1,Kitchen,10.5,2,HAM-CHEESE-TOMATO,10.5,2024-01-13 08:24:10,Multigrain,Tomato Sauce,,,,,0.0
6733,391,2,0.0,15.9,Toastie,1,Kitchen,7.0,3,CHEESE-TOMATO,7.0,2020-08-28 15:07:33,White,Tomato Sauce,,,,,0.0
40577,408,2,0.0,15.9,Toastie,1,Kitchen,10.0,2,HAM-CHEESE,9.0,2024-03-05 06:12:49,Sourdough,Tomato Sauce,,,,,1.0
40249,408,2,0.0,15.9,Toastie,1,Kitchen,10.0,2,HAM-CHEESE,9.0,2024-02-23 06:29:25,Sourdough,Tomato Sauce,,,,,1.0
39949,408,2,0.0,15.9,Toastie,1,Kitchen,10.0,2,HAM-CHEESE,9.0,2024-02-14 06:27:03,Sourdough,Tomato Sauce,,,,,1.0
38742,408,2,0.0,15.9,Toastie,1,Kitchen,10.0,2,HAM-CHEESE,9.0,2023-12-21 06:20:29,Sourdough,Tomato Sauce,,,,,1.0
38710,408,2,0.0,15.9,Toastie,1,Kitchen,10.0,2,HAM-CHEESE,9.0,2023-12-20 06:31:19,Sourdough,Tomato Sauce,,,,,1.0
37977,408,2,0.0,15.9,Toastie,1,Kitchen,10.0,2,HAM-CHEESE,9.0,2023-11-27 06:42:40,Sourdough,Tomato Sauce,,,,,1.0
37604,408,2,0.0,15.9,Toastie,1,Kitchen,10.0,2,HAM-CHEESE,9.0,2023-11-15 06:23:47,Sourdough,Tomato Sauce,,,,,1.0
37569,408,2,0.0,15.9,Toastie,1,Kitchen,10.0,2,HAM-CHEESE,9.0,2023-11-14 06:17:47,Sourdough,Tomato Sauce,,,,,1.0
37543,408,2,0.0,15.9,Toastie,1,Kitchen,10.0,2,HAM-CHEESE,9.0,2023-11-13 06:21:06,Sourdough,Tomato Sauce,,,,,1.0
37038,408,2,0.0,15.9,Toastie,1,Kitchen,10.0,2,HAM-CHEESE,9.0,2023-10-27 06:12:03,Sourdough,Tomato Sauce,,,,,1.0
35865,408,2,0.0,15.9,Toastie,1,Kitchen,10.0,2,HAM-CHEESE,9.0,2023-09-21 05:57:12,Sourdough,Tomato Sauce,,,,,1.0
39874,422,2,0.0,15.9,Toasted Roll,1,Kitchen,10.0,2,BACON-EGG-CHEESE,10.0,2024-02-10 10:31:32,,"Tomato Sauce, Salt and Pepper",,,,,0.0
35535,422,2,0.0,15.9,Toasted Roll,1,Kitchen,10.0,2,BACON-EGG-CHEESE,10.0,2023-09-09 12:49:40,,"Tomato Sauce, Salt and Pepper",,,,,0.0
35534,422,0,0.0,15.9,Toasted Roll,1,Kitchen,10.0,2,BACON-EGG-CHEESE,10.0,2023-09-09 12:38:24,,"Tomato Sauce, Salt and Pepper",,,,,0.0
34951,422,2,0.0,15.9,Toasted Roll,1,Kitchen,10.0,2,BACON-EGG-CHEESE,10.0,2023-08-23 09:54:15,,"Tomato Sauce, Salt and Pepper",,,,,0.0
34519,422,2,0.0,15.9,Toasted Roll,1,Kitchen,10.0,2,BACON-EGG-CHEESE,10.0,2023-08-09 12:37:06,,"Tomato Sauce, Salt and Pepper",,,,,0.0
33405,1497,0,0.0,15.9,(Main) Pasta,1,Kitchen,15.9,1,SPAGCARB,15.9,2023-07-05 13:23:08,,,,,Spaghetti,,0.0
25992,543,2,0.0,28.7,Toasted Roll,1,Kitchen,11.0,3,BACON-EGG-CHEESE,9.0,2022-10-16 11:03:45,,"BBQ Sauce, Hash Brown, Salt and Pepper",,,,,2.0
25992,543,2,0.0,28.7,Toastie,1,Kitchen,9.5,4,BACON-CHEESE,8.0,2022-10-16 11:03:45,Multigrain,Avocado,,,,,1.5
7145,62,2,0.0,28.7,Toastie,1,Kitchen,7.0,6,BACON-EGG,7.0,2020-09-12 11:16:45,Multigrain,BBQ Sauce,,,,,0.0
5083,140,2,0.0,28.7,Toastie,1,Kitchen,7.0,4,BACON-EGG,7.0,2020-05-30 08:13:03,Multigrain,BBQ Sauce,,,,,0.0
16418,92,2,0.0,41.5,Toasted Roll,1,Kitchen,9.5,5,BACON-EGG-CHEESE,8.0,2021-10-09 09:03:09,,"Tomato Sauce, Avocado",,,,,1.5
16418,92,2,0.0,41.5,Toasted Roll,1,Kitchen,10.0,6,BACON-EGG-CHEESE,8.0,2021-10-09 09:03:09,,"BBQ Sauce, Hash Brown, Salt and Pepper",,,,,2.0
7275,212,2,0.0,41.5,Big Breakfast,1,Kitchen,18.7,1,FRIED,16.2,2020-09-17 12:25:23,Gluten Free,Hollandaise,,,,,2.5
4872,212,2,0.0,41.5,Big Breakfast,1,Kitchen,18.7,1,SUNNY,16.2,2020-05-14 10:58:56,Gluten Free,Hollandaise,,,,,2.5
13226,127,0,0.0,54.3,Toastie,1,Kitchen,7.0,6,HAM-CHEESE,7.0,2021-06-11 09:23:35,White,Tomato Sauce,,,,,0.0
13226,127,0,0.0,54.3,Toastie,1,Kitchen,7.0,7,HAM-CHEESE,7.0,2021-06-11 09:23:35,White,Tomato Sauce,,,,,0.0
13226,127,0,0.0,54.3,Toastie,1,Kitchen,8.0,8,HAM-CHEESE-TOMATO,8.0,2021-06-11 09:23:35,White,Tomato Sauce,,,,,0.0
13226,127,0,0.0,54.3,Toasted Roll,1,Kitchen,10.0,5,BACON-EGG-CHEESE,8.0,2021-06-11 09:23:35,,"BBQ Sauce, Hash Brown",,,,,2.0
13223,146,0,0.0,54.3,Toastie,1,Kitchen,7.0,6,HAM-CHEESE,7.0,2021-06-11 09:20:20,White,Tomato Sauce,,,,,0.0
13223,146,0,0.0,54.3,Toastie,1,Kitchen,7.0,7,HAM-CHEESE,7.0,2021-06-11 09:20:20,White,Tomato Sauce,,,,,0.0
13223,146,0,0.0,54.3,Toastie,1,Kitchen,8.0,8,HAM-CHEESE-TOMATO,8.0,2021-06-11 09:20:20,White,Tomato Sauce,,,,,0.0
13223,146,0,0.0,54.3,Toasted Roll,1,Kitchen,10.0,5,BACON-EGG-CHEESE,8.0,2021-06-11 09:20:20,,"BBQ Sauce, Hash Brown",,,,,2.0
23402,1216,2,0.0,54.3,Toastie,1,Kitchen,8.5,5,CHICKEN-SCHNITZEL-CHEESE-LETTUCE,8.5,2022-07-16 13:40:11,White,Tomato Sauce,,,,,0.0
40611,330,2,0.0,10.8,Muffin,1,Kitchen,4.5,2,APPLE-CINNAMON,4.5,2024-03-06 07:06:13,,,Yes,,,,0.0
38367,330,2,0.0,10.8,Muffin,1,Kitchen,4.5,2,CHOC-MUD,4.5,2023-12-09 08:23:33,,,No,,,,0.0
23755,868,2,0.0,10.8,Toastie,1,Kitchen,7.0,2,BACON-EGG,7.0,2022-07-29 06:54:05,Multigrain,BBQ Sauce,,,,,0.0
22495,868,2,0.0,10.8,Toastie,1,Kitchen,7.0,2,BACON-EGG,7.0,2022-06-10 08:32:20,Multigrain,BBQ Sauce,,,,,0.0
21370,1157,2,0.0,10.8,Toastie,1,Kitchen,7.0,2,BACON-EGG,7.0,2022-04-30 08:26:11,Multigrain,BBQ Sauce,,,,,0.0
21758,1173,2,0.0,10.8,Toasted Roll,1,Kitchen,7.0,2,BACON-EGG,7.0,2022-05-14 09:30:32,,Tomato Sauce,,,,,0.0
21952,465,2,0.0,10.8,Toasted Roll,1,Kitchen,7.0,2,BACON-EGG,7.0,2022-05-21 13:11:17,,BBQ Sauce,,,,,0.0
20567,721,2,0.0,10.8,Toasted Roll,1,Kitchen,7.0,2,BACON-EGG,7.0,2022-03-30 07:23:32,,"Tomato Sauce, Salt and Pepper",,,,,0.0
19640,721,2,0.0,10.8,Toasted Roll,1,Kitchen,7.0,2,BACON-EGG,7.0,2022-02-23 07:18:53,,"Tomato Sauce, Salt and Pepper",,,,,0.0
14406,255,2,0.0,10.8,Toastie,1,Kitchen,8.0,2,HAM-CHEESE,7.0,2021-07-30 13:30:00,Sourdough,Tomato Sauce,,,,,1.0
39424,670,2,1.68,18.48,Toasted Roll,1,Kitchen,12.0,2,BACON-EGG-CHEESE,10.0,2024-01-26 09:21:28,,"Tomato Sauce, Hash Brown",,,,,2.0
36152,670,2,1.68,18.48,Toasted Roll,1,Kitchen,12.0,2,BACON-EGG-CHEESE,10.0,2023-09-29 09:36:52,,"Tomato Sauce, Hash Brown",,,,,2.0
3324,5,2,0.0,23.6,Toasted Roll,1,Kitchen,11.9,3,CHICKEN-SCHNITZEL-CHEESE-LETTUCE,8.4,2019-05-27 16:05:19,,"Tomato Sauce, BBQ Sauce, Avocado, Hash Brown, Salt and Pepper",,,,,3.5
11887,10,2,0.0,23.6,Toasted Roll,1,Kitchen,9.0,3,BACON-EGG,7.0,2021-04-18 08:15:00,,Hash Brown,,,,,2.0
11887,10,2,0.0,23.6,Eggs and Bacon,1,Kitchen,10.9,2,SCRAMBLED,10.9,2021-04-18 08:15:00,White,,,,,,0.0
11443,14,2,0.0,23.6,Toasted Roll,1,Kitchen,9.0,3,BACON-EGG,7.0,2021-03-28 09:15:00,,Hash Brown,,,,,2.0
11443,14,2,0.0,23.6,Eggs and Bacon,1,Kitchen,10.9,2,SCRAMBLED,10.9,2021-03-28 09:15:00,White,,,,,,0.0
36411,275,2,0.0,23.6,Toasted Roll,1,Kitchen,10.5,3,BACON-EGG,9.0,2023-10-08 08:58:44,,"Tomato Sauce, Avocado",,,,,1.5
14408,811,2,0.0,23.6,Kids Pancakes,1,Kitchen,8.0,1,CREAM,6.0,2021-07-30 14:21:38,,,,,,Strawberries,2.0
12223,79,2,0.0,23.6,Toastie,1,Kitchen,7.0,3,BACON-EGG,7.0,2021-05-03 07:54:04,White,Salt and Pepper,,,,,0.0
12223,79,2,0.0,23.6,Toastie,1,Kitchen,8.0,4,HAM-CHEESE-TOMATO,8.0,2021-05-03 07:54:04,Multigrain,Salt and Pepper,,,,,0.0
15707,868,2,0.0,23.6,Toastie,1,Kitchen,7.0,4,BACON-EGG,7.0,2021-09-16 06:25:03,Multigrain,BBQ Sauce,,,,,0.0
15036,613,2,0.0,23.6,Toasted Roll,1,Kitchen,7.0,3,BACON-EGG,7.0,2021-08-24 07:40:56,,Tomato Sauce,,,,,0.0
27096,620,2,0.0,23.6,Muffin,1,Kitchen,3.9,5,ORANGE-POPPYSEED,3.9,2022-11-24 09:15:00,,,No,,,,0.0
18872,391,2,0.0,23.6,Toastie,1,Kitchen,7.0,3,CHEESE-TOMATO,7.0,2022-01-24 14:54:03,Multigrain,Tomato Sauce,,,,,0.0
18872,391,2,0.0,23.6,Toastie,1,Kitchen,7.0,4,CHEESE-TOMATO,7.0,2022-01-24 14:54:03,Multigrain,Tomato Sauce,,,,,0.0
10029,397,2,0.0,23.6,Toasted Roll,1,Kitchen,7.0,3,BACON-EGG,7.0,2021-01-15 08:54:44,,Tomato Sauce,,,,,0.0
10029,397,2,0.0,23.6,Toasted Roll,1,Kitchen,7.0,4,BACON-EGG,7.0,2021-01-15 08:54:44,,Tomato Sauce,,,,,0.0
17638,421,2,0.0,23.6,Toastie,1,Kitchen,7.0,5,BACON-EGG,7.0,2021-11-21 08:28:19,White,BBQ Sauce,,,,,0.0
16811,421,2,0.0,23.6,Toastie,1,Kitchen,8.0,3,BACON-EGG-CHEESE,8.0,2021-10-23 07:12:19,White,BBQ Sauce,,,,,0.0
16811,421,2,0.0,23.6,Toastie,1,Kitchen,6.0,4,BACON,6.0,2021-10-23 07:12:19,Multigrain,BBQ Sauce,,,,,0.0
7536,182,2,0.0,23.6,Toasted Roll,1,Kitchen,8.0,3,BACON-EGG-CHEESE,8.0,2020-09-27 09:45:00,,"Tomato Sauce, BBQ Sauce, Salt and Pepper",,,,,0.0
7536,182,2,0.0,23.6,Toasted Roll,1,Kitchen,7.0,4,BACON-EGG,7.0,2020-09-27 09:45:00,,"Tomato Sauce, BBQ Sauce",,,,,0.0
38534,446,2,0.0,23.6,Muffin,1,Kitchen,4.5,5,CHOC-MUD,4.5,2023-12-14 08:51:43,,,Yes,,,,0.0
7157,194,2,0.0,23.6,Toasted Roll,1,Kitchen,8.0,3,BACON-EGG-CHEESE,8.0,2020-09-13 10:00:00,,"BBQ Sauce, Salt and Pepper",,,,,0.0
7157,194,2,0.0,23.6,Toasted Roll,1,Kitchen,7.0,4,BACON-EGG,7.0,2020-09-13 10:00:00,,"Tomato Sauce, BBQ Sauce",,,,,0.0
6770,194,2,0.0,23.6,Toasted Roll,1,Kitchen,8.0,3,BACON-EGG-CHEESE,8.0,2020-08-30 08:45:00,,"BBQ Sauce, Salt and Pepper",,,,,0.0
6770,194,2,0.0,23.6,Toasted Roll,1,Kitchen,7.0,4,BACON-EGG,7.0,2020-08-30 08:45:00,,"Tomato Sauce, BBQ Sauce",,,,,0.0
6285,194,2,0.0,23.6,Toasted Roll,1,Kitchen,8.0,3,BACON-EGG-CHEESE,8.0,2020-08-09 09:45:00,,BBQ Sauce,,,,,0.0
6285,194,2,0.0,23.6,Toastie,1,Kitchen,7.0,4,BACON-EGG,7.0,2020-08-09 09:45:00,White,"Tomato Sauce, BBQ Sauce",,,,,0.0
5982,194,2,0.0,23.6,Toasted Roll,1,Kitchen,8.0,3,BACON-EGG-CHEESE,8.0,2020-07-26 09:45:00,,"Tomato Sauce, BBQ Sauce",,,,,0.0
5982,194,2,0.0,23.6,Toasted Roll,1,Kitchen,7.0,4,BACON-EGG,7.0,2020-07-26 09:45:00,,"Tomato Sauce, BBQ Sauce",,,,,0.0
5491,194,2,0.0,23.6,Toasted Roll,1,Kitchen,7.0,3,BACON-EGG,7.0,2020-06-28 10:00:00,,"Tomato Sauce, BBQ Sauce",,,,,0.0
5491,194,2,0.0,23.6,Toasted Roll,1,Kitchen,8.0,4,BACON-EGG-CHEESE,8.0,2020-06-28 10:00:00,,"Tomato Sauce, BBQ Sauce",,,,,0.0
13742,255,2,0.0,23.6,Toasted Roll,1,Kitchen,9.0,3,BACON-EGG,7.0,2021-07-02 13:00:00,,Hash Brown,,,,,2.0
13742,255,2,0.0,23.6,Toasted Roll,1,Kitchen,9.0,4,BACON-EGG,7.0,2021-07-02 13:00:00,,Hash Brown,,,,,2.0
21407,12,2,0.0,49.2,Toasted Roll,1,Kitchen,8.0,5,BACON-EGG-CHEESE,8.0,2022-05-01 09:52:10,,Salt and Pepper,,,,,0.0
21407,12,2,0.0,49.2,Toasted Roll,1,Kitchen,8.0,6,BACON-EGG-CHEESE,8.0,2022-05-01 09:52:10,,Salt and Pepper,,,,,0.0
21407,12,2,0.0,49.2,Toasted Roll,1,Kitchen,8.0,7,BACON-EGG-CHEESE,8.0,2022-05-01 09:52:10,,Salt and Pepper,,,,,0.0
35606,446,2,0.0,49.2,Muffin,2,Kitchen,9.0,5,RASPBERRY-WHITECHOC,4.5,2023-09-12 09:09:02,,,No,,,,0.0
16662,197,2,0.0,49.2,Kids Pancakes,1,Kitchen,8.0,5,ICECREAM,6.0,2021-10-17 10:02:25,,,,,,Strawberries,2.0
16662,197,2,0.0,49.2,Eggs and Bacon,1,Kitchen,10.9,3,POACHED,10.9,2021-10-17 10:02:25,Multigrain,,,,,,0.0
16662,197,2,0.0,49.2,Eggs Benedict,1,Kitchen,16.5,2,BACON,14.5,2021-10-17 10:02:25,,,,Hashbrown,,,2.0
29633,1166,2,0.0,113.2,Toastie,1,Kitchen,8.5,9,HAM-CHEESE,8.5,2023-03-04 13:00:00,Multigrain,Salt and Pepper,,,,,0.0
29633,1166,2,0.0,113.2,Toastie,1,Kitchen,9.5,10,HAM-CHEESE-TOMATO,9.5,2023-03-04 13:00:00,White,Salt and Pepper,,,,,0.0
21167,9,2,0.0,18.5,Toasted Roll,1,Kitchen,8.0,3,BACON-EGG-CHEESE,8.0,2022-04-23 09:18:58,,Tomato Sauce,,,,,0.0
16698,9,2,0.0,18.5,Toastie,1,Kitchen,8.0,3,HAM-CHEESE-TOMATO,8.0,2021-10-18 12:17:20,White,Tomato Sauce,,,,,0.0
15510,9,2,0.0,18.5,Toastie,1,Kitchen,8.0,3,HAM-CHEESE-TOMATO,8.0,2021-09-09 09:39:39,White,Tomato Sauce,,,,,0.0
15078,9,2,0.0,18.5,Toastie,1,Kitchen,8.0,3,HAM-CHEESE-TOMATO,8.0,2021-08-25 10:40:18,White,Tomato Sauce,,,,,0.0
14170,9,2,0.0,18.5,Toastie,1,Kitchen,8.0,3,HAM-CHEESE-TOMATO,8.0,2021-07-21 12:09:06,White,Tomato Sauce,,,,,0.0
14111,9,2,0.0,18.5,Toastie,1,Kitchen,8.0,3,HAM-CHEESE-TOMATO,8.0,2021-07-18 13:23:49,White,Tomato Sauce,,,,,0.0
13855,9,2,0.0,18.5,Toastie,1,Kitchen,8.0,3,HAM-CHEESE-TOMATO,8.0,2021-07-07 12:46:56,White,Tomato Sauce,,,,,0.0
13618,9,2,0.0,18.5,Toasted Roll,1,Kitchen,8.0,3,BACON-EGG-CHEESE,8.0,2021-06-26 12:54:58,,Tomato Sauce,,,,,0.0
11603,9,2,0.0,18.5,Toasted Roll,1,Kitchen,8.0,3,BACON-EGG-CHEESE,8.0,2021-04-03 11:19:28,,Tomato Sauce,,,,,0.0
11513,9,2,0.0,18.5,Toasted Roll,1,Kitchen,8.0,3,BACON-EGG-CHEESE,8.0,2021-03-30 09:40:27,,Tomato Sauce,,,,,0.0
9712,9,2,0.0,18.5,Toasted Roll,1,Kitchen,8.0,3,BACON-EGG-CHEESE,8.0,2020-12-21 07:48:44,,Tomato Sauce,,,,,0.0
7496,9,2,0.0,18.5,Toasted Roll,1,Kitchen,8.0,3,BACON-EGG-CHEESE,8.0,2020-09-25 11:48:21,,Tomato Sauce,,,,,0.0
6721,9,2,0.0,18.5,Toasted Roll,1,Kitchen,8.0,3,BACON-EGG-CHEESE,8.0,2020-08-28 08:45:17,,Tomato Sauce,,,,,0.0
4507,9,10,0.0,18.5,Toasted Roll,1,Kitchen,8.0,3,BACON-EGG-CHEESE,8.0,2020-03-27 11:15:26,,Tomato Sauce,,,,,0.0
4232,9,2,0.0,18.5,Toasted Roll,1,Kitchen,8.0,3,BACON-EGG-CHEESE,8.0,2020-02-22 10:54:40,,Tomato Sauce,,,,,0.0
4019,9,2,0.0,18.5,Toasted Roll,1,Kitchen,8.0,3,BACON-EGG-CHEESE,8.0,2020-01-02 09:07:56,,Tomato Sauce,,,,,0.0
3449,9,2,0.0,18.5,Toasted Roll,1,Kitchen,8.0,3,BACON-EGG-CHEESE,8.0,2019-08-03 11:30:00,,Tomato Sauce,,,,,0.0
3356,9,10,0.0,18.5,Toasted Roll,1,Kitchen,8.0,3,BACON-EGG-CHEESE,8.0,2019-06-23 10:07:17,,Tomato Sauce,,,,,0.0
8506,13,2,0.0,18.5,Toasted Roll,1,Kitchen,8.0,3,BACON-EGG-CHEESE,8.0,2020-10-31 07:34:01,,"Tomato Sauce, Salt and Pepper",,,,,0.0
7686,13,2,0.0,18.5,Toasted Roll,1,Kitchen,8.0,3,BACON-EGG-CHEESE,8.0,2020-10-03 07:49:46,,"Tomato Sauce, Salt and Pepper",,,,,0.0
7501,13,2,0.0,18.5,Toasted Roll,1,Kitchen,8.0,3,BACON-EGG-CHEESE,8.0,2020-09-26 07:34:00,,"Tomato Sauce, Salt and Pepper",,,,,0.0
7120,13,2,0.0,18.5,Toasted Roll,1,Kitchen,8.0,3,BACON-EGG-CHEESE,8.0,2020-09-12 07:49:43,,"Tomato Sauce, Salt and Pepper",,,,,0.0
6934,13,2,0.0,18.5,Toasted Roll,1,Kitchen,8.0,3,BACON-EGG-CHEESE,8.0,2020-09-05 07:36:04,,"Tomato Sauce, Salt and Pepper",,,,,0.0
5273,13,2,0.0,18.5,Toastie,1,Kitchen,8.0,3,HAM-CHEESE-TOMATO,8.0,2020-06-13 08:37:33,White,Salt and Pepper,,,,,0.0
23235,862,2,0.0,18.5,Toastie,1,Kitchen,8.0,3,HAM-CHEESE-TOMATO,8.0,2022-07-09 09:26:09,Multigrain,Tomato Sauce,,,,,0.0
26365,128,2,0.0,18.5,Toasted Roll,1,Kitchen,12.5,2,BACON-EGG-CHEESE,9.0,2022-10-30 12:01:17,,"Avocado, Hash Brown, Salt and Pepper",,,,,3.5
25829,128,2,0.0,18.5,Toasted Roll,1,Kitchen,12.5,2,BACON-EGG-CHEESE,9.0,2022-10-11 07:25:27,,"Avocado, Hash Brown, Salt and Pepper",,,,,3.5
25658,128,2,0.0,18.5,Toasted Roll,1,Kitchen,12.5,2,BACON-EGG-CHEESE,9.0,2022-10-04 07:40:41,,"Avocado, Hash Brown, Salt and Pepper",,,,,3.5
11311,128,2,0.0,18.5,Toastie,1,Kitchen,8.0,3,BACON-EGG-CHEESE,8.0,2021-03-21 11:22:02,Multigrain,"BBQ Sauce, Salt and Pepper",,,,,0.0
27577,145,2,0.0,18.5,Toasted Roll,1,Kitchen,10.5,2,BACON-EGG-CHEESE,9.0,2022-12-10 07:41:58,,"BBQ Sauce, Avocado",,,,,1.5
15611,675,2,0.0,18.5,Toasted Roll,1,Kitchen,10.0,2,BACON-EGG-CHEESE,8.0,2021-09-12 10:52:17,,"Tomato Sauce, Hash Brown",,,,,2.0
33834,175,2,0.0,18.5,Toastie,1,Kitchen,8.5,3,BACON-EGG,8.5,2023-07-19 09:03:11,White,Tomato Sauce,,,,,0.0
32555,175,2,0.0,18.5,Toastie,1,Kitchen,8.5,3,BACON-EGG,8.5,2023-06-07 09:02:41,White,Tomato Sauce,,,,,0.0
18683,711,2,0.0,18.5,Toasted Roll,1,Kitchen,7.0,2,BACON-EGG,7.0,2022-01-15 09:57:36,,Tomato Sauce,,,,,0.0
18683,711,2,0.0,18.5,Toasted Roll,1,Kitchen,7.0,3,BACON-EGG,7.0,2022-01-15 09:57:36,,Tomato Sauce,,,,,0.0
36231,725,2,0.0,18.5,Toasted Roll,1,Kitchen,10.0,2,BACON-EGG-CHEESE,10.0,2023-10-02 09:21:15,,"Tomato Sauce, Salt and Pepper",,,,,0.0
34293,725,2,0.0,18.5,Toasted Roll,1,Kitchen,10.0,2,BACON-EGG-CHEESE,10.0,2023-08-02 09:16:27,,Salt and Pepper,,,,,0.0
4697,240,2,0.0,18.5,Toasted Roll,1,Kitchen,8.0,3,BACON-EGG-CHEESE,8.0,2020-05-01 07:14:26,,Tomato Sauce,,,,,0.0
25419,88,2,0.0,31.3,Toasted Roll,1,Kitchen,10.5,3,BACON-EGG-CHEESE,9.0,2022-09-25 08:36:49,,"Tomato Sauce, Avocado",,,,,1.5
25419,88,2,0.0,31.3,Toasted Roll,1,Kitchen,10.5,4,BACON-EGG-CHEESE,9.0,2022-09-25 08:36:49,,"Tomato Sauce, Avocado",,,,,1.5
30633,435,2,0.0,31.3,Toasted Roll,2,Kitchen,23.0,3,BACON-EGG-CHEESE,9.5,2023-04-06 08:03:11,,"Tomato Sauce, Hash Brown",,,,,2.0
13656,488,2,0.0,31.3,Toastie,1,Kitchen,10.9,3,CHICKEN-SCHNITZEL-CHEESE-LETTUCE,8.4,2021-06-28 14:23:50,Sourdough,"Avocado, Salt and Pepper",,,,,2.5
13656,488,2,0.0,31.3,Toastie,1,Kitchen,9.4,4,CHICKEN-SCHNITZEL-CHEESE-LETTUCE,8.4,2021-06-28 14:23:50,Sourdough,Salt and Pepper,,,,,1.0
16436,889,2,0.0,44.1,Toastie,1,Kitchen,8.0,5,CHEESE-TOMATO,7.0,2021-10-09 13:30:00,Sourdough,Salt and Pepper,,,,,1.0
16436,889,2,0.0,44.1,Toastie,1,Kitchen,8.0,6,BACON-CHEESE,7.0,2021-10-09 13:30:00,Sourdough,Salt and Pepper,,,,,1.0
11449,661,2,0.0,56.9,Build Your Own Breakfast,1,Kitchen,19.9,2,POACHED,7.9,2021-03-28 10:21:21,Sourdough,"Hollandaise, Smashed Avo and Feta, Sauteed Mushrooms",,,,,11.999999999999998
11449,661,2,0.0,56.9,Big Breakfast,1,Kitchen,20.7,1,SCRAMBLED,16.7,2021-03-28 10:21:21,Sourdough,Baby Spinach,,,,,4.0
27725,1290,2,0.0,13.4,Toastie,1,Kitchen,9.0,2,HAM-CHEESE-TOMATO,9.0,2022-12-14 09:51:34,Multigrain,Tomato Sauce,,,,,0.0
27566,1290,2,0.0,13.4,Toastie,1,Kitchen,9.0,2,HAM-CHEESE-TOMATO,9.0,2022-12-09 09:18:17,White,Tomato Sauce,,,,,0.0
27291,1290,2,0.0,13.4,Toastie,1,Kitchen,9.0,2,HAM-CHEESE-TOMATO,9.0,2022-11-30 09:53:15,White,Tomato Sauce,,,,,0.0
27014,1290,2,0.0,13.4,Toastie,1,Kitchen,9.0,2,HAM-CHEESE-TOMATO,9.0,2022-11-21 11:15:00,White,Tomato Sauce,,,,,0.0
26701,1290,2,0.0,13.4,Toastie,1,Kitchen,9.0,2,HAM-CHEESE-TOMATO,9.0,2022-11-11 08:07:59,White,Salt and Pepper,,,,,0.0
25665,1290,2,0.0,13.4,Toasted Roll,1,Kitchen,9.0,2,BACON-EGG-CHEESE,9.0,2022-10-04 08:17:25,,Tomato Sauce,,,,,0.0
25646,1290,2,0.0,13.4,Toastie,1,Kitchen,9.0,2,HAM-CHEESE-TOMATO,9.0,2022-10-03 10:42:17,White,Salt and Pepper,,,,,0.0
26525,1321,2,0.0,13.4,Toasted Roll,1,Kitchen,9.0,2,BACON-EGG-CHEESE,9.0,2022-11-05 09:45:00,,Tomato Sauce,,,,,0.0
27110,1337,2,0.0,13.4,Toasted Roll,1,Kitchen,9.6,2,CHICKEN-SCHNITZEL-CHEESE-LETTUCE,9.6,2022-11-24 13:00:00,,Salt and Pepper,,,,,0.0
7753,324,2,0.0,13.4,Toastie,1,Kitchen,8.4,2,CHICKEN-SCHNITZEL-CHEESE-LETTUCE,8.4,2020-10-05 15:11:58,White,Tomato Sauce,,,,,0.0
24934,868,2,0.0,13.4,Toastie,1,Kitchen,9.0,2,BACON-EGG-CHEESE,9.0,2022-09-08 06:55:13,Multigrain,BBQ Sauce,,,,,0.0
19427,632,2,0.0,13.4,Toastie,1,Kitchen,9.0,2,EGG-CHEESE,7.0,2022-02-15 06:16:05,Multigrain,"BBQ Sauce, Hash Brown, Salt and Pepper",,,,,2.0
24337,1156,2,0.0,13.4,Toastie,1,Kitchen,9.0,2,HAM-CHEESE-TOMATO,9.0,2022-08-18 07:33:03,White,Tomato Sauce,,,,,0.0
10411,141,2,0.0,13.4,Toastie,1,Kitchen,9.0,2,BACON-EGG,7.0,2021-02-04 06:37:07,Multigrain,"BBQ Sauce, Hash Brown",,,,,2.0
21604,150,2,0.0,13.4,Toasted Roll,1,Kitchen,8.0,2,BACON-EGG-CHEESE,8.0,2022-05-08 10:26:14,,BBQ Sauce,,,,,0.0
25547,670,2,0.0,13.4,Toastie,1,Kitchen,9.0,2,BACON-EGG-CHEESE,9.0,2022-09-30 07:46:16,White,Tomato Sauce,,,,,0.0
24982,670,2,0.0,13.4,Toastie,1,Kitchen,9.0,2,BACON-EGG-CHEESE,9.0,2022-09-09 08:38:40,White,Tomato Sauce,,,,,0.0
24545,670,2,0.0,13.4,Toastie,1,Kitchen,9.0,2,BACON-EGG-CHEESE,9.0,2022-08-26 08:02:55,White,Tomato Sauce,,,,,0.0
24179,670,2,0.0,13.4,Toasted Roll,1,Kitchen,9.0,2,BACON-EGG-CHEESE,9.0,2022-08-12 08:33:55,,Tomato Sauce,,,,,0.0
22665,721,2,0.0,13.4,Toasted Roll,1,Kitchen,9.0,2,BACON-EGG,7.0,2022-06-17 08:01:54,,"Tomato Sauce, Hash Brown, Salt and Pepper",,,,,2.0
20091,721,2,0.0,13.4,Toasted Roll,1,Kitchen,9.0,2,BACON-EGG,7.0,2022-03-11 07:54:05,,"Tomato Sauce, Hash Brown, Salt and Pepper",,,,,2.0
19135,721,2,0.0,13.4,Toasted Roll,1,Kitchen,9.0,2,BACON-EGG,7.0,2022-02-04 07:43:53,,"Tomato Sauce, Hash Brown, Salt and Pepper",,,,,2.0
21068,996,2,0.0,13.4,Toastie,1,Kitchen,8.0,2,BACON-EGG-CHEESE,8.0,2022-04-19 07:56:01,Multigrain,Tomato Sauce,,,,,0.0
20546,996,2,0.0,13.4,Toastie,1,Kitchen,8.0,2,BACON-EGG-CHEESE,8.0,2022-03-29 08:09:01,Multigrain,Tomato Sauce,,,,,0.0
20092,996,1,0.0,13.4,Toastie,1,Kitchen,8.0,2,BACON-EGG-CHEESE,8.0,2022-03-11 07:59:24,Multigrain,Salt and Pepper,,,,,0.0
19417,996,2,0.0,13.4,Toastie,1,Kitchen,8.0,2,BACON-EGG-CHEESE,8.0,2022-02-14 08:04:49,Multigrain,Tomato Sauce,,,,,0.0
19331,996,2,0.0,13.4,Toastie,1,Kitchen,8.0,2,BACON-EGG-CHEESE,8.0,2022-02-11 07:59:55,Multigrain,Tomato Sauce,,,,,0.0
19220,996,2,0.0,13.4,Toastie,1,Kitchen,8.0,2,BACON-EGG-CHEESE,8.0,2022-02-07 07:47:47,Multigrain,Tomato Sauce,,,,,0.0
19715,754,2,0.0,13.4,Toastie,1,Kitchen,9.0,2,BACON-EGG,7.0,2022-02-26 07:08:55,White,"BBQ Sauce, Hash Brown",,,,,2.0
15157,13,2,0.0,26.2,Toasted Roll,1,Kitchen,8.0,5,BACON-EGG-CHEESE,8.0,2021-08-28 09:11:17,,"Tomato Sauce, Salt and Pepper",,,,,0.0
29915,79,2,0.0,26.2,Toasted Roll,1,Kitchen,8.5,3,BACON-EGG,8.5,2023-03-14 08:29:41,,Salt and Pepper,,,,,0.0
29915,79,2,0.0,26.2,Toasted Roll,1,Kitchen,8.5,4,BACON-EGG,8.5,2023-03-14 08:29:41,,Salt and Pepper,,,,,0.0
19006,89,2,0.0,26.2,Eggs and Bacon,1,Kitchen,11.0,2,POACHED,11.0,2022-01-30 09:32:51,White,,,,,,0.0
31976,613,2,0.0,26.2,Toasted Roll,2,Kitchen,17.0,2,BACON-EGG,8.5,2023-05-20 09:06:44,,Tomato Sauce,,,,,0.0
31288,613,2,0.0,26.2,Toasted Roll,2,Kitchen,17.0,2,BACON-EGG,8.5,2023-04-29 09:47:46,,Tomato Sauce,,,,,0.0
37718,1649,2,0.0,26.2,Muffin,1,Kitchen,4.5,3,RASPBERRY-WHITECHOC,4.5,2023-11-18 10:12:54,,,No,,,,0.0
21522,1150,2,0.0,26.2,Toasted Roll,1,Kitchen,7.0,3,BACON-EGG,7.0,2022-05-05 10:11:57,,"Tomato Sauce, Salt and Pepper",,,,,0.0
21522,1150,2,0.0,26.2,Toasted Roll,1,Kitchen,10.0,4,BACON-EGG-CHEESE,8.0,2022-05-05 10:11:57,,"Tomato Sauce, Hash Brown, Salt and Pepper",,,,,2.0
28434,996,0,0.0,26.2,Toasted Roll,1,Kitchen,11.0,4,BACON-EGG-CHEESE,9.5,2023-01-20 12:58:12,,Avocado,,,,,1.5
39233,1253,2,0.0,26.2,Toasted Roll,1,Kitchen,10.0,2,BACON-EGG-CHEESE,10.0,2024-01-19 09:51:50,,Tomato Sauce,,,,,0.0
39233,1253,2,0.0,26.2,Toasted Roll,1,Kitchen,11.0,3,BACON-EGG,9.0,2024-01-19 09:51:50,,Hash Brown,,,,,2.0
11711,231,2,0.0,26.2,Big Breakfast,1,Kitchen,21.2,1,SCRAMBLED,16.7,2021-04-10 08:15:17,White,Spanish Chorizo,,,,,4.5
29601,1255,2,0.0,26.2,Build Your Own Breakfast,1,Kitchen,17.7,1,SCRAMBLED,9.2,2023-03-03 12:19:42,White,"Extra Egg, Halloumi, Sausage",,,,,8.5
21555,234,2,0.0,26.2,Toasted Roll,1,Kitchen,10.0,2,BACON-EGG-CHEESE,8.0,2022-05-07 06:57:17,,"Tomato Sauce, Hash Brown, Salt and Pepper",,,,,2.0
21555,234,2,0.0,26.2,Toasted Roll,1,Kitchen,10.0,3,BACON-EGG-CHEESE,8.0,2022-05-07 06:57:17,,"Tomato Sauce, Hash Brown, Salt and Pepper",,,,,2.0
24231,240,2,0.0,26.2,Toastie,1,Kitchen,9.5,3,HAM-CHEESE,8.0,2022-08-14 08:12:43,White,Avocado,,,,,1.5
24231,240,2,0.0,26.2,Toasted Roll,1,Kitchen,10.5,2,BACON-EGG-CHEESE,9.0,2022-08-14 08:12:43,,"Tomato Sauce, Avocado",,,,,1.5
34124,1524,2,0.0,26.2,Plain Toast,1,Kitchen,12.9,2,WHITE,5.5,2023-07-28 08:11:25,,Avocado/Feta,,,,,7.4
17451,767,2,0.0,26.2,Toasted Roll,1,Kitchen,9.9,4,CHICKEN-SCHNITZEL-CHEESE-LETTUCE,8.4,2021-11-14 14:08:43,,Avocado,,,,,1.5
36399,288,2,0.0,39.0,Build Your Own Breakfast,1,Kitchen,16.2,1,POACHED,10.2,2023-10-07 14:43:07,Sourdough,Smashed Avo and Feta,,,,,6.0
36399,288,2,0.0,39.0,Toasted Roll,1,Kitchen,10.0,4,BACON-EGG-CHEESE,10.0,2023-10-07 14:43:07,,BBQ Sauce,,,,,0.0
38034,811,2,0.0,39.0,Big Breakfast,1,Kitchen,25.5,1,SCRAMBLED,20.5,2023-11-28 12:30:53,White,Smashed Avo and Feta,,,,,5.0
27022,1336,2,0.0,39.0,Toastie,1,Kitchen,10.0,5,BACON-EGG,8.0,2022-11-22 06:21:00,White,Hash Brown,,,,,2.0
27022,1336,2,0.0,39.0,Toastie,1,Kitchen,10.0,6,HAM-CHEESE,8.0,2022-11-22 06:21:00,White,Hash Brown,,,,,2.0
28080,112,2,0.0,39.0,Toastie,1,Kitchen,8.5,5,HAM-CHEESE,8.5,2023-01-06 14:27:00,White,Tomato Sauce,,,,,0.0
28080,112,2,0.0,39.0,Toastie,1,Kitchen,8.5,6,HAM-CHEESE,8.5,2023-01-06 14:27:00,White,Tomato Sauce,,,,,0.0
16651,421,2,0.0,39.0,Build Your Own Breakfast,1,Kitchen,11.9,1,POACHED,7.9,2021-10-17 08:45:00,Sourdough,Hollandaise,,,,,4.0
16651,421,2,0.0,39.0,Build Your Own Breakfast,1,Kitchen,9.9,2,POACHED,7.9,2021-10-17 08:45:00,Dark Rye,Hash Brown,,,,,2.0
22704,446,2,0.0,39.0,Muffin,1,Kitchen,3.9,6,RASPBERRY-WHITECHOC,3.9,2022-06-18 09:35:21,,,Yes,,,,0.0
22704,446,2,0.0,39.0,Toastie,1,Kitchen,8.0,7,HAM-CHEESE-TOMATO,8.0,2022-06-18 09:35:21,White,Tomato Sauce,,,,,0.0
32210,1492,2,0.0,39.0,Toasted Roll,1,Kitchen,8.5,4,BACON-EGG,8.5,2023-05-27 10:25:27,,BBQ Sauce,,,,,0.0
7829,248,2,0.0,39.0,Toastie,1,Kitchen,7.0,5,HAM-CHEESE,7.0,2020-10-08 12:26:17,White,Tomato Sauce,,,,,0.0
7829,248,2,0.0,39.0,Toastie,1,Kitchen,7.0,6,HAM-CHEESE,7.0,2020-10-08 12:26:17,White,Tomato Sauce,,,,,0.0
7829,248,2,0.0,39.0,Croissant,1,Kitchen,8.0,1,HAM-CHEESE,8.0,2020-10-08 12:26:17,,Salt and Pepper,,,,,0.0
21177,754,2,0.0,51.8,Toastie,1,Kitchen,8.0,3,BACON-EGG-CHEESE,8.0,2022-04-23 10:05:18,Dark Rye,Tomato Sauce,,,,,0.0
21177,754,2,0.0,51.8,Toastie,1,Kitchen,6.0,4,BACON,6.0,2022-04-23 10:05:18,White,Tomato Sauce,,,,,0.0
21177,754,2,0.0,51.8,Toastie,1,Kitchen,7.0,5,BACON-EGG,7.0,2022-04-23 10:05:18,White,Tomato Sauce,,,,,0.0
21177,754,2,0.0,51.8,Toastie,1,Kitchen,7.0,6,BACON-EGG,7.0,2022-04-23 10:05:18,White,BBQ Sauce,,,,,0.0
21177,754,2,0.0,51.8,Toastie,1,Kitchen,7.0,7,BACON-EGG,7.0,2022-04-23 10:05:18,White,Tomato Sauce,,,,,0.0
21177,754,2,0.0,51.8,Toastie,1,Kitchen,8.0,8,BACON-EGG-CHEESE,8.0,2022-04-23 10:05:18,White,BBQ Sauce,,,,,0.0
21176,754,9,0.0,51.8,Toastie,1,Kitchen,8.0,3,BACON-EGG-CHEESE,8.0,2022-04-23 10:03:31,Dark Rye,Tomato Sauce,,,,,0.0
21176,754,9,0.0,51.8,Toastie,1,Kitchen,6.0,4,BACON,6.0,2022-04-23 10:03:31,White,Tomato Sauce,,,,,0.0
21176,754,9,0.0,51.8,Toastie,1,Kitchen,7.0,5,BACON-EGG,7.0,2022-04-23 10:03:31,White,Tomato Sauce,,,,,0.0
21176,754,9,0.0,51.8,Toastie,1,Kitchen,7.0,6,BACON-EGG,7.0,2022-04-23 10:03:31,White,BBQ Sauce,,,,,0.0
21176,754,9,0.0,51.8,Toastie,1,Kitchen,7.0,7,BACON-EGG,7.0,2022-04-23 10:03:31,White,Tomato Sauce,,,,,0.0
21176,754,9,0.0,51.8,Toastie,1,Kitchen,8.0,8,BACON-EGG-CHEESE,8.0,2022-04-23 10:03:31,White,BBQ Sauce,,,,,0.0
30676,1448,2,5.64,62.04,Big Breakfast,1,Kitchen,22.2,1,POACHED,19.2,2023-04-07 10:38:15,White,Hollandaise,,,,,3.0
21593,1165,2,0.0,64.6,Eggs Benedict,1,Kitchen,16.9,3,BACON,14.9,2022-05-08 08:24:00,,,,Hashbrown,,,1.9999999999999982
21593,1165,2,0.0,64.6,Big Breakfast,1,Kitchen,18.2,1,POACHED,17.2,2022-05-08 08:24:00,Sourdough,Hollandaise,,,,,1.0
21593,1165,2,0.0,64.6,Eggs Benedict,1,Kitchen,16.9,4,BACON,14.9,2022-05-08 08:24:00,,,,Hashbrown,,,1.9999999999999982
27490,1080,2,0.0,8.3,Muffin,1,Kitchen,3.9,2,ORANGE-POPPYSEED,3.9,2022-12-07 06:58:58,,,No,,,,0.0
26915,1080,2,0.0,8.3,Muffin,1,Kitchen,3.9,2,ORANGE-POPPYSEED,3.9,2022-11-18 06:59:12,,,No,,,,0.0
25729,632,2,0.0,8.3,Muffin,1,Kitchen,3.9,2,APPLE-CINNAMON,3.9,2022-10-07 06:34:41,,,Yes,,,,0.0
24930,632,2,0.0,8.3,Muffin,1,Kitchen,3.9,2,CHOC-MUD,3.9,2022-09-08 06:35:22,,,Yes,,,,0.0
24354,632,2,0.0,8.3,Muffin,1,Kitchen,3.9,2,CHOC-MUD,3.9,2022-08-19 06:33:38,,,Yes,,,,0.0
24326,632,0,0.0,8.3,Muffin,1,Kitchen,3.9,2,CHOC-MUD,3.9,2022-08-18 06:35:01,,,Yes,,,,0.0
24325,632,0,0.0,8.3,Muffin,1,Kitchen,3.9,2,CHOC-MUD,3.9,2022-08-18 06:33:23,,,Yes,,,,0.0
24167,632,2,0.0,8.3,Muffin,1,Kitchen,3.9,2,APPLE-CINNAMON,3.9,2022-08-12 06:35:37,,,Yes,,,,0.0
23969,632,2,0.0,8.3,Muffin,1,Kitchen,3.9,2,CHOC-MUD,3.9,2022-08-05 06:37:46,,,Yes,,,,0.0
23939,632,2,0.0,8.3,Muffin,1,Kitchen,3.9,2,CHOC-MUD,3.9,2022-08-04 06:39:47,,,Yes,,,,0.0
23856,632,2,0.0,8.3,Muffin,1,Kitchen,3.9,2,APPLE-CINNAMON,3.9,2022-08-01 07:38:01,,,Yes,,,,0.0
22818,632,2,0.0,8.3,Muffin,1,Kitchen,3.9,2,APPLE-CINNAMON,3.9,2022-06-23 06:34:35,,,No,,,,0.0
22658,632,2,0.0,8.3,Muffin,1,Kitchen,3.9,2,CHOC-MUD,3.9,2022-06-17 06:36:33,,,No,,,,0.0
15688,799,2,0.0,21.1,Toastie,1,Kitchen,7.0,4,BACON-EGG,7.0,2021-09-15 08:47:39,White,Tomato Sauce,,,,,0.0
31369,1329,2,0.0,21.1,Toastie,1,Kitchen,9.5,3,HAM-CHEESE-TOMATO,9.5,2023-05-02 06:49:21,Multigrain,Tomato Sauce,,,,,0.0
26921,651,2,0.0,21.1,Toasted Roll,1,Kitchen,11.1,3,CHICKEN-SCHNITZEL-CHEESE-LETTUCE,9.6,2022-11-18 08:15:00,,Avocado,,,,,1.5
40330,446,2,0.0,21.1,Toasted Roll,1,Kitchen,10.0,3,BACON-EGG-CHEESE,10.0,2024-02-26 06:26:36,,"BBQ Sauce, Salt and Pepper",,,,,0.0
19040,465,2,0.0,21.1,Toasted Roll,1,Kitchen,9.0,3,BACON-EGG,7.0,2022-01-31 12:38:05,,Hash Brown,,,,,2.0
22035,1081,2,0.0,33.9,Toasted Roll,1,Kitchen,11.5,3,BACON-EGG-CHEESE,8.0,2022-05-25 07:31:27,,"Tomato Sauce, Avocado, Hash Brown, Salt and Pepper",,,,,3.5
22035,1081,2,0.0,33.9,Toasted Roll,1,Kitchen,11.5,4,BACON-EGG-CHEESE,8.0,2022-05-25 07:31:27,,"Tomato Sauce, Avocado, Hash Brown, Salt and Pepper",,,,,3.5
34756,1171,2,0.0,33.9,Toastie,2,Kitchen,18.0,4,HAM-CHEESE,9.0,2023-08-17 08:06:44,White,Tomato Sauce,,,,,0.0
35507,1577,2,0.0,46.7,Toasted Roll,1,Kitchen,11.0,3,BACON-EGG,9.0,2023-09-09 08:09:26,,"Tomato Sauce, Hash Brown",,,,,2.0
35507,1577,2,0.0,46.7,Toasted Roll,2,Kitchen,24.0,4,BACON-EGG-CHEESE,10.0,2023-09-09 08:09:26,,Hash Brown,,,,,2.0
16851,977,2,0.0,72.3,Big Breakfast,1,Kitchen,16.7,3,FRIED,16.7,2021-10-24 10:04:52,Multigrain,Hollandaise,,,,,0.0
16851,977,2,0.0,72.3,Eggs Benedict,1,Kitchen,16.5,7,BACON,14.5,2021-10-24 10:04:52,,,,Hashbrown,,,2.0
16851,977,2,0.0,72.3,Eggs and Bacon,1,Kitchen,10.9,8,SCRAMBLED,10.9,2021-10-24 10:04:52,Multigrain,,,,,,0.0
23598,9,2,0.0,16.0,Toastie,1,Kitchen,8.0,1,HAM-CHEESE-TOMATO,8.0,2022-07-23 10:48:34,White,Tomato Sauce,,,,,0.0
23598,9,2,0.0,16.0,Toastie,1,Kitchen,8.0,2,HAM-CHEESE-TOMATO,8.0,2022-07-23 10:48:34,White,Tomato Sauce,,,,,0.0
22506,9,2,0.0,16.0,Toastie,1,Kitchen,8.0,1,HAM-CHEESE-TOMATO,8.0,2022-06-10 09:12:32,White,Tomato Sauce,,,,,0.0
22506,9,2,0.0,16.0,Toastie,1,Kitchen,8.0,2,HAM-CHEESE-TOMATO,8.0,2022-06-10 09:12:32,White,Tomato Sauce,,,,,0.0
18542,9,2,0.0,16.0,Toastie,1,Kitchen,8.0,1,HAM-CHEESE-TOMATO,8.0,2022-01-08 11:50:35,White,Tomato Sauce,,,,,0.0
18542,9,2,0.0,16.0,Toastie,1,Kitchen,8.0,2,HAM-CHEESE-TOMATO,8.0,2022-01-08 11:50:35,White,Tomato Sauce,,,,,0.0
3374,13,10,0.0,16.0,Toasted Roll,1,Kitchen,7.0,3,BACON-EGG,7.0,2019-07-06 08:57:25,,"Tomato Sauce, Salt and Pepper",,,,,0.0
3352,13,10,0.0,16.0,Toasted Roll,1,Kitchen,7.0,3,BACON-EGG,7.0,2019-06-22 08:24:37,,"Tomato Sauce, Salt and Pepper",,,,,0.0
15178,270,2,0.0,16.0,Kids Pancakes,1,Kitchen,10.0,2,ICECREAM,6.0,2021-08-29 08:30:00,,,,,,"Banana, Strawberries",4.0
14947,270,2,0.0,16.0,Kids Pancakes,1,Kitchen,10.0,2,ICECREAM,6.0,2021-08-21 08:30:00,,,,,,"Banana, Strawberries",4.0
14579,270,2,0.0,16.0,Kids Pancakes,1,Kitchen,10.0,2,ICECREAM,6.0,2021-08-07 08:30:00,,,,,,"Banana, Strawberries",4.0
8776,19,2,0.0,16.0,Toastie,1,Kitchen,9.5,2,CHEESE,6.0,2020-11-11 07:45:00,Multigrain,"Avocado, Hash Brown",,,,,3.5
28019,275,2,0.0,16.0,Toasted Roll,1,Kitchen,9.5,2,BACON-EGG,8.0,2022-12-24 08:59:59,,"Tomato Sauce, Avocado",,,,,1.5
26615,275,2,0.0,16.0,Toasted Roll,1,Kitchen,9.5,2,BACON-EGG,8.0,2022-11-08 09:25:33,,"Tomato Sauce, Avocado",,,,,1.5
24907,275,2,0.0,16.0,Toasted Roll,1,Kitchen,9.5,2,BACON-EGG,8.0,2022-09-07 07:31:37,,"Tomato Sauce, Avocado",,,,,1.5
6464,306,2,0.0,16.0,Eggs Benedict,1,Kitchen,16.0,1,BACON,14.0,2020-08-16 11:49:43,,,,Hashbrown,,,2.0
5394,306,2,0.0,16.0,Eggs Benedict,1,Kitchen,16.0,1,BACON,14.0,2020-06-21 12:02:38,,,,Hashbrown,,,2.0
14402,63,2,0.0,16.0,Toastie,1,Kitchen,8.0,1,HAM-CHEESE,7.0,2021-07-30 09:39:46,Sourdough,Tomato Sauce,,,,,1.0
14402,63,2,0.0,16.0,Toastie,1,Kitchen,8.0,2,HAM-CHEESE,7.0,2021-07-30 09:39:46,Sourdough,Tomato Sauce,,,,,1.0
5571,319,2,0.0,16.0,Eggs Benedict,1,Kitchen,16.0,1,BACON,14.0,2020-07-04 11:15:00,,,,Hashbrown,,,2.0
3963,67,0,0.0,16.0,Toastie,1,Kitchen,8.0,1,BACON-CHEESE,7.0,2019-12-10 12:13:19,Sourdough,"Tomato Sauce, Salt and Pepper",,,,,1.0
3963,67,0,0.0,16.0,Toastie,1,Kitchen,8.0,2,BACON-CHEESE,7.0,2019-12-10 12:13:19,Sourdough,Salt and Pepper,,,,,1.0
3832,67,2,0.0,16.0,Toastie,1,Kitchen,8.0,1,BACON-CHEESE,7.0,2019-11-13 11:53:53,Sourdough,"Tomato Sauce, Salt and Pepper",,,,,1.0
3832,67,2,0.0,16.0,Toastie,1,Kitchen,8.0,2,BACON-CHEESE,7.0,2019-11-13 11:53:53,Sourdough,Salt and Pepper,,,,,1.0
3807,67,1,0.0,16.0,Toastie,1,Kitchen,8.0,1,BACON-CHEESE,7.0,2019-11-09 11:41:24,Sourdough,Salt and Pepper,,,,,1.0
3807,67,1,0.0,16.0,Toastie,1,Kitchen,8.0,2,BACON-CHEESE,7.0,2019-11-09 11:41:24,Sourdough,"Tomato Sauce, Salt and Pepper",,,,,1.0
3695,67,2,0.0,16.0,Toastie,1,Kitchen,8.0,1,BACON-CHEESE,7.0,2019-10-15 12:27:00,Sourdough,Tomato Sauce,,,,,1.0
3695,67,2,0.0,16.0,Toastie,1,Kitchen,8.0,2,BACON-CHEESE,7.0,2019-10-15 12:27:00,Sourdough,"Tomato Sauce, Salt and Pepper",,,,,1.0
3682,67,2,0.0,16.0,Toastie,1,Kitchen,8.0,1,BACON-CHEESE,7.0,2019-10-12 11:06:50,Sourdough,"Tomato Sauce, Salt and Pepper",,,,,1.0
3682,67,2,0.0,16.0,Toastie,1,Kitchen,8.0,2,BACON-CHEESE,7.0,2019-10-12 11:06:50,Sourdough,Salt and Pepper,,,,,1.0
40362,330,2,0.0,16.0,Toastie,1,Kitchen,10.5,2,BACON-EGG-CHEESE,10.5,2024-02-27 07:00:27,White,Tomato Sauce,,,,,0.0
28715,1380,2,0.0,16.0,Toastie,1,Kitchen,9.5,2,BACON-EGG-CHEESE,9.5,2023-02-01 11:25:35,Multigrain,BBQ Sauce,,,,,0.0
21026,874,2,0.0,16.0,Toastie,1,Kitchen,8.0,1,BACON-EGG-CHEESE,8.0,2022-04-15 11:45:32,White,Tomato Sauce,,,,,0.0
21026,874,2,0.0,16.0,Toastie,1,Kitchen,8.0,2,BACON-EGG-CHEESE,8.0,2022-04-15 11:45:32,White,Tomato Sauce,,,,,0.0
20865,622,2,0.0,16.0,Toasted Roll,1,Kitchen,10.0,2,CHICKEN-SCHNITZEL-CHEESE-LETTUCE,8.5,2022-04-09 11:52:55,,Avocado,,,,,1.5
37461,1656,2,0.0,16.0,Toasted Roll,1,Kitchen,10.0,2,BACON-EGG-CHEESE,10.0,2023-11-10 07:21:24,,Tomato Sauce,,,,,0.0
3962,123,10,0.0,16.0,Toastie,1,Kitchen,8.0,1,BACON-CHEESE,7.0,2019-12-10 12:13:14,Sourdough,"Tomato Sauce, Salt and Pepper",,,,,1.0
3962,123,10,0.0,16.0,Toastie,1,Kitchen,8.0,2,BACON-CHEESE,7.0,2019-12-10 12:13:14,Sourdough,Tomato Sauce,,,,,1.0
21213,1149,2,0.0,16.0,Toastie,1,Kitchen,8.0,1,BACON-EGG-CHEESE,8.0,2022-04-24 12:36:16,White,Tomato Sauce,,,,,0.0
21213,1149,2,0.0,16.0,Toastie,1,Kitchen,8.0,2,BACON-EGG-CHEESE,8.0,2022-04-24 12:36:16,White,Tomato Sauce,,,,,0.0
14500,141,2,0.0,16.0,Toastie,1,Kitchen,10.5,2,BACON-EGG,7.0,2021-08-04 05:59:29,Multigrain,"BBQ Sauce, Avocado, Hash Brown",,,,,3.5
14317,141,2,0.0,16.0,Toastie,1,Kitchen,10.5,2,BACON-EGG,7.0,2021-07-27 06:24:06,Multigrain,"BBQ Sauce, Avocado, Hash Brown",,,,,3.5
13868,409,2,0.0,16.0,Toastie,1,Kitchen,8.0,3,BACON-EGG-CHEESE,8.0,2021-07-08 07:59:39,White,Tomato Sauce,,,,,0.0
12509,409,2,0.0,16.0,Toastie,1,Kitchen,8.0,1,BACON-EGG-CHEESE,8.0,2021-05-14 07:46:45,Multigrain,Tomato Sauce,,,,,0.0
12509,409,2,0.0,16.0,Toastie,1,Kitchen,8.0,2,BACON-EGG-CHEESE,8.0,2021-05-14 07:46:45,Multigrain,Tomato Sauce,,,,,0.0
18535,675,2,0.0,16.0,Toastie,1,Kitchen,10.0,1,BACON-EGG-CHEESE,8.0,2022-01-08 09:53:28,White,"Tomato Sauce, Hash Brown",,,,,2.0
12048,687,2,0.0,16.0,Toasted Roll,1,Kitchen,7.0,1,BACON-EGG,7.0,2021-04-25 11:00:00,,"BBQ Sauce, Salt and Pepper",,,,,0.0
12048,687,2,0.0,16.0,Toasted Roll,1,Kitchen,9.0,2,BACON-EGG,7.0,2021-04-25 11:00:00,,"BBQ Sauce, Hash Brown",,,,,2.0
20646,947,2,0.0,16.0,Toastie,1,Kitchen,8.0,2,HAM-CHEESE-TOMATO,8.0,2022-04-01 13:23:37,White,Tomato Sauce,,,,,0.0
17641,961,2,0.0,16.0,Toasted Roll,1,Kitchen,8.0,3,BACON-EGG-CHEESE,8.0,2021-11-21 09:25:25,,BBQ Sauce,,,,,0.0
16407,721,2,0.0,16.0,Toasted Roll,1,Kitchen,10.0,2,BACON-EGG-CHEESE,8.0,2021-10-08 11:51:08,,"Tomato Sauce, Hash Brown, Salt and Pepper",,,,,2.0
25108,475,2,0.0,16.0,Toasted Roll,1,Kitchen,8.0,1,BACON-EGG,8.0,2022-09-13 09:34:06,,BBQ Sauce,,,,,0.0
25108,475,2,0.0,16.0,Toasted Roll,1,Kitchen,8.0,2,BACON-EGG,8.0,2022-09-13 09:34:06,,BBQ Sauce,,,,,0.0
7509,479,0,0.0,16.0,Toasted Roll,1,Kitchen,10.0,2,BACON-EGG-CHEESE,8.0,2020-09-26 09:33:30,,"BBQ Sauce, Hash Brown, Salt and Pepper",,,,,2.0
17634,231,2,0.0,16.0,Toastie,1,Kitchen,8.0,3,HAM-CHEESE-TOMATO,8.0,2021-11-21 07:25:11,White,Tomato Sauce,,,,,0.0
17605,231,2,0.0,16.0,Toastie,1,Kitchen,8.0,3,HAM-CHEESE-TOMATO,8.0,2021-11-20 07:00:09,White,Tomato Sauce,,,,,0.0
17409,231,2,0.0,16.0,Toastie,1,Kitchen,8.0,3,HAM-CHEESE-TOMATO,8.0,2021-11-13 07:00:29,White,Tomato Sauce,,,,,0.0
35516,240,2,0.0,16.0,Toasted Roll,1,Kitchen,11.5,2,BACON-EGG-CHEESE,10.0,2023-09-09 09:01:55,,"Tomato Sauce, Avocado",,,,,1.5
4860,253,2,0.0,16.0,Eggs Benny,1,Kitchen,16.0,1,HAM,14.0,2020-05-13 11:45:24,,,,Hashbrown,,,2.0
34154,260,2,0.0,28.8,Toasted Roll,2,Kitchen,24.0,2,BACON-EGG-CHEESE,10.0,2023-07-29 08:46:00,,"Tomato Sauce, Hash Brown",,,,,2.0
23771,260,2,0.0,28.8,Toasted Roll,1,Kitchen,10.0,3,BACON-EGG-CHEESE,8.0,2022-07-29 08:37:55,,"Tomato Sauce, Hash Brown",,,,,2.0
23771,260,2,0.0,28.8,Toasted Roll,1,Kitchen,10.0,4,BACON-EGG-CHEESE,8.0,2022-07-29 08:37:55,,"Tomato Sauce, Hash Brown",,,,,2.0
20326,1044,2,0.0,28.8,Toastie,1,Kitchen,8.0,5,BACON-EGG-CHEESE,8.0,2022-03-20 09:37:08,Multigrain,Tomato Sauce,,,,,0.0
7152,285,2,0.0,28.8,French Toast with Streaky Bacon,1,Kitchen,11.9,2,REGULAR,9.9,2020-09-13 09:02:23,,,,Hashbrown,,,2.0
7152,285,2,0.0,28.8,Build Your Own Breakfast,1,Kitchen,16.9,1,POACHED,7.9,2020-09-13 09:02:23,Sourdough,"Hollandaise, Smashed Avo and Feta",,,,,8.999999999999998
36651,1321,2,0.0,28.8,Toasted Roll,2,Kitchen,24.0,2,BACON-EGG-CHEESE,10.0,2023-10-15 09:50:15,,Hash Brown,,,,,2.0
39082,307,2,0.0,28.8,Muffin,1,Kitchen,4.5,4,CHOC-MUD,4.5,2024-01-13 10:26:23,,,No,,,,0.0
31460,1380,2,0.0,28.8,Toasted Roll,1,Kitchen,10.0,4,BACON-EGG,8.5,2023-05-04 09:28:05,,"BBQ Sauce, Avocado",,,,,1.5
13127,136,2,0.0,28.8,Toasted Roll,1,Kitchen,9.0,3,BACON-EGG,7.0,2021-06-08 07:59:12,,"BBQ Sauce, Hash Brown",,,,,2.0
13127,136,2,0.0,28.8,Toasted Roll,1,Kitchen,9.0,4,BACON-EGG,7.0,2021-06-08 07:59:12,,"BBQ Sauce, Hash Brown",,,,,2.0
29822,1172,2,0.0,28.8,Toastie,1,Kitchen,8.5,3,BACON-EGG,8.5,2023-03-10 09:46:12,White,Tomato Sauce,,,,,0.0
29822,1172,2,0.0,28.8,Toastie,1,Kitchen,9.5,4,BACON-EGG-CHEESE,9.5,2023-03-10 09:46:12,White,Tomato Sauce,,,,,0.0
31086,422,2,0.0,28.8,Toasted Roll,1,Kitchen,9.5,4,BACON-EGG-CHEESE,9.5,2023-04-22 10:40:01,,"Tomato Sauce, Salt and Pepper",,,,,0.0
7705,489,2,0.0,28.8,Toasted Roll,1,Kitchen,10.0,4,BACON-EGG-CHEESE,8.0,2020-10-03 11:48:41,,Hash Brown,,,,,2.0
10451,304,2,0.0,41.6,Eggs Benedict,1,Kitchen,16.5,1,BACON,14.5,2021-02-06 08:50:04,,,,Hashbrown,,,2.0
10451,304,2,0.0,41.6,Eggs Benedict,1,Kitchen,16.5,2,BACON,14.5,2021-02-06 08:50:04,,,,Hashbrown,,,2.0
16844,77,2,0.0,41.6,Eggs Benedict,1,Kitchen,16.5,1,BACON,14.5,2021-10-24 09:12:05,,,,Hashbrown,,,2.0
16844,77,2,0.0,41.6,Eggs Benedict,1,Kitchen,16.5,2,BACON,14.5,2021-10-24 09:12:05,,,,Hashbrown,,,2.0
16257,948,2,0.0,41.6,Toasted Roll,1,Kitchen,10.0,4,BACON-EGG-CHEESE,8.0,2021-10-03 10:55:16,,"BBQ Sauce, Hash Brown",,,,,2.0
16257,948,2,0.0,41.6,Toasted Roll,1,Kitchen,10.0,5,BACON-EGG-CHEESE,8.0,2021-10-03 10:55:16,,"BBQ Sauce, Hash Brown",,,,,2.0
17447,1004,2,0.0,41.6,Big Breakfast,1,Kitchen,17.7,1,SCRAMBLED,16.7,2021-11-14 11:25:46,Sourdough,Hollandaise,,,,,1.0
17447,1004,2,0.0,41.6,Build Your Own Breakfast,1,Kitchen,13.9,2,POACHED,7.9,2021-11-14 11:25:46,Sourdough,Smashed Avo and Feta,,,,,6.0
4628,227,2,0.0,67.2,Eggs Benny,1,Kitchen,19.0,1,SALMON,17.0,2020-04-25 10:15:00,,,,Hashbrown,,,2.0
4628,227,2,0.0,67.2,Eggs Benny,1,Kitchen,16.0,2,HAM,14.0,2020-04-25 10:15:00,,,,Hashbrown,,,2.0
4628,227,2,0.0,67.2,Eggs Benny,1,Kitchen,16.0,3,HAM,14.0,2020-04-25 10:15:00,,,,Hashbrown,,,2.0
4628,227,2,0.0,67.2,French Toast with Streaky Bacon,1,Kitchen,11.9,5,REGULAR,9.9,2020-04-25 10:15:00,,,,Hashbrown,,,2.0
35461,1400,0,0.0,80.0,Toastie,1,Kitchen,8.0,7,EGG,8.0,2023-09-08 07:56:06,Dark Rye,Salt and Pepper,,,,,0.0
35461,1400,0,0.0,80.0,Toasted Roll,1,Kitchen,10.0,2,BACON-EGG-CHEESE,10.0,2023-09-08 07:56:06,,"Tomato Sauce, Salt and Pepper",,,,,0.0
35461,1400,0,0.0,80.0,Toasted Roll,1,Kitchen,12.0,3,BACON-EGG-CHEESE,10.0,2023-09-08 07:56:06,,"Tomato Sauce, Hash Brown, Salt and Pepper",,,,,2.0
35461,1400,0,0.0,80.0,Toasted Roll,1,Kitchen,10.0,4,BACON-EGG-CHEESE,10.0,2023-09-08 07:56:06,,Salt and Pepper,,,,,0.0
35461,1400,0,0.0,80.0,Toasted Roll,1,Kitchen,12.0,5,BACON-EGG-CHEESE,10.0,2023-09-08 07:56:06,,"Hash Brown, Salt and Pepper",,,,,2.0
35461,1400,0,0.0,80.0,Toasted Roll,2,Kitchen,24.0,6,BACON-EGG-CHEESE,10.0,2023-09-08 07:56:06,,"BBQ Sauce, Hash Brown, Salt and Pepper",,,,,2.0
35458,1400,0,0.0,80.0,Toastie,1,Kitchen,8.0,7,EGG,8.0,2023-09-08 07:46:59,Dark Rye,Salt and Pepper,,,,,0.0
35458,1400,0,0.0,80.0,Toasted Roll,2,Kitchen,24.0,2,BACON-EGG-CHEESE,10.0,2023-09-08 07:46:59,,"BBQ Sauce, Hash Brown, Salt and Pepper",,,,,2.0
35458,1400,0,0.0,80.0,Toasted Roll,1,Kitchen,10.0,3,BACON-EGG-CHEESE,10.0,2023-09-08 07:46:59,,Salt and Pepper,,,,,0.0
35458,1400,0,0.0,80.0,Toasted Roll,1,Kitchen,12.0,4,BACON-EGG-CHEESE,10.0,2023-09-08 07:46:59,,"Hash Brown, Salt and Pepper",,,,,2.0
35458,1400,0,0.0,80.0,Toasted Roll,1,Kitchen,12.0,5,BACON-EGG-CHEESE,10.0,2023-09-08 07:46:59,,"Tomato Sauce, Hash Brown, Salt and Pepper",,,,,2.0
35458,1400,0,0.0,80.0,Toasted Roll,1,Kitchen,10.0,6,BACON-EGG-CHEESE,10.0,2023-09-08 07:46:59,,"Tomato Sauce, Salt and Pepper",,,,,0.0
35455,1400,0,0.0,80.0,Toastie,1,Kitchen,8.0,7,EGG,8.0,2023-09-08 08:00:00,Dark Rye,Salt and Pepper,,,,,0.0
35455,1400,0,0.0,80.0,Toasted Roll,1,Kitchen,10.0,2,BACON-EGG-CHEESE,10.0,2023-09-08 08:00:00,,"Tomato Sauce, Salt and Pepper",,,,,0.0
35455,1400,0,0.0,80.0,Toasted Roll,2,Kitchen,24.0,3,BACON-EGG-CHEESE,10.0,2023-09-08 08:00:00,,"BBQ Sauce, Hash Brown, Salt and Pepper",,,,,2.0
35455,1400,0,0.0,80.0,Toasted Roll,1,Kitchen,10.0,4,BACON-EGG-CHEESE,10.0,2023-09-08 08:00:00,,Salt and Pepper,,,,,0.0
35455,1400,0,0.0,80.0,Toasted Roll,1,Kitchen,12.0,5,BACON-EGG-CHEESE,10.0,2023-09-08 08:00:00,,"Hash Brown, Salt and Pepper",,,,,2.0
35455,1400,0,0.0,80.0,Toasted Roll,1,Kitchen,12.0,6,BACON-EGG-CHEESE,10.0,2023-09-08 08:00:00,,"Tomato Sauce, Hash Brown, Salt and Pepper",,,,,2.0
34128,1400,2,0.0,80.0,Toasted Roll,3,Kitchen,36.0,2,BACON-EGG-CHEESE,10.0,2023-07-28 08:21:46,,"BBQ Sauce, Hash Brown, Salt and Pepper",,,,,2.0
34128,1400,2,0.0,80.0,Toasted Roll,1,Kitchen,12.0,3,BACON-EGG-CHEESE,10.0,2023-07-28 08:21:46,,"BBQ Sauce, Hash Brown, Salt and Pepper",,,,,2.0
34128,1400,2,0.0,80.0,Toastie,1,Kitchen,8.0,6,EGG,8.0,2023-07-28 08:21:46,Dark Rye,Salt and Pepper,,,,,0.0
34128,1400,2,0.0,80.0,Toasted Roll,1,Kitchen,12.0,4,BACON-EGG-CHEESE,10.0,2023-07-28 08:21:46,,"Hash Brown, Salt and Pepper",,,,,2.0
34128,1400,2,0.0,80.0,Toasted Roll,1,Kitchen,10.0,5,BACON-EGG-CHEESE,10.0,2023-07-28 08:21:46,,"Tomato Sauce, Salt and Pepper",,,,,0.0
21414,1029,2,0.0,10.9,Toastie,1,Kitchen,7.0,2,BACON-EGG,7.0,2022-05-01 11:47:09,White,Tomato Sauce,,,,,0.0
5524,43,2,0.0,10.9,Toasted Roll,1,Kitchen,7.0,2,BACON-EGG,7.0,2020-06-30 12:39:53,,Tomato Sauce,,,,,0.0
6594,10,2,0.0,23.7,Toasted Roll,1,Kitchen,9.0,3,BACON-EGG,7.0,2020-08-23 09:00:00,,Hash Brown,,,,,2.0
6594,10,2,0.0,23.7,Eggs and Bacon,1,Kitchen,10.4,2,SCRAMBLED,10.4,2020-08-23 09:00:00,White,,,,,,0.0
18510,1045,2,0.0,23.7,Big Breakfast,1,Kitchen,18.7,1,FRIED,16.7,2021-12-24 09:38:15,White,Extra Egg,,,,,2.0
4076,55,2,0.0,23.7,Toastie,1,Kitchen,8.0,3,BACON-EGG-CHEESE,8.0,2020-01-17 11:00:00,White,"Tomato Sauce, Salt and Pepper",,,,,0.0
4076,55,2,0.0,23.7,Toastie,1,Kitchen,8.0,4,BACON-EGG-CHEESE,8.0,2020-01-17 11:00:00,White,"Tomato Sauce, Salt and Pepper",,,,,0.0
18674,69,2,0.0,23.7,Toasted Roll,1,Kitchen,10.5,4,BACON-EGG,7.0,2022-01-15 08:25:59,,"Tomato Sauce, Avocado, Hash Brown",,,,,3.5
35675,1379,2,0.0,23.7,Toastie,1,Kitchen,9.0,3,BACON-CHEESE,9.0,2023-09-14 11:42:57,White,Tomato Sauce,,,,,0.0
24211,1148,2,0.0,23.7,Toasted Roll,1,Kitchen,11.0,4,BACON-EGG-CHEESE,9.0,2022-08-13 10:09:42,,Hash Brown,,,,,2.0
24211,1148,2,0.0,23.7,Muffin,1,Kitchen,3.9,3,RASPBERRY-WHITECHOC,3.9,2022-08-13 10:09:42,,,No,,,,0.0
20030,140,2,0.0,23.7,Toasted Roll,1,Kitchen,8.0,4,BACON-EGG-CHEESE,8.0,2022-03-08 12:15:00,,"Tomato Sauce, BBQ Sauce",,,,,0.0
20339,145,2,0.0,23.7,Toasted Roll,1,Kitchen,10.0,3,BACON-EGG-CHEESE,8.0,2022-03-20 11:52:01,,"BBQ Sauce, Hash Brown",,,,,2.0
36968,915,2,0.0,23.7,Eggs and Bacon,1,Kitchen,14.5,1,SCRAMBLED,13.5,2023-10-24 09:48:51,Sourdough,,,,,,1.0
13312,662,2,0.0,23.7,Toasted Roll,1,Kitchen,11.5,4,BACON-EGG-CHEESE,8.0,2021-06-14 11:41:58,,"Avocado, Hash Brown",,,,,3.5
10518,475,2,0.0,23.7,Toasted Roll,1,Kitchen,7.0,3,BACON-EGG,7.0,2021-02-09 11:22:04,,BBQ Sauce,,,,,0.0
10518,475,2,0.0,23.7,Toasted Roll,1,Kitchen,7.0,4,BACON-EGG,7.0,2021-02-09 11:22:04,,BBQ Sauce,,,,,0.0
22550,240,2,0.0,23.7,Toastie,1,Kitchen,8.0,3,BACON-EGG-CHEESE,8.0,2022-06-12 10:22:52,White,Tomato Sauce,,,,,0.0
22550,240,2,0.0,23.7,Toasted Roll,1,Kitchen,9.5,2,BACON-EGG-CHEESE,8.0,2022-06-12 10:22:52,,"Tomato Sauce, Avocado",,,,,1.5
9377,521,2,0.0,36.5,Croissant,1,Kitchen,9.0,4,HAM-CHEESE-TOMATO,9.0,2020-12-06 13:30:00,,Salt and Pepper,,,,,0.0
9377,521,2,0.0,36.5,Toastie,1,Kitchen,11.4,5,CHICKEN-SCHNITZEL-CHEESE-LETTUCE,8.4,2020-12-06 13:30:00,Sourdough,"Tomato Sauce, Hash Brown",,,,,3.0
7544,290,2,0.0,36.5,Toasted Roll,1,Kitchen,8.0,4,BACON-EGG-CHEESE,8.0,2020-09-27 10:42:38,,Tomato Sauce,,,,,0.0
7544,290,2,0.0,36.5,Toasted Roll,1,Kitchen,9.5,5,BACON-EGG-CHEESE,8.0,2020-09-27 10:42:38,,Avocado,,,,,1.5
9805,408,2,0.0,36.5,Toastie,1,Kitchen,9.0,3,BACON-EGG-CHEESE,8.0,2021-01-03 09:37:31,Sourdough,Tomato Sauce,,,,,1.0
9805,408,2,0.0,36.5,Toastie,1,Kitchen,9.0,4,BACON-EGG-CHEESE,8.0,2021-01-03 09:37:31,Sourdough,Tomato Sauce,,,,,1.0
9805,408,2,0.0,36.5,Toastie,1,Kitchen,9.0,5,BACON-EGG-CHEESE,8.0,2021-01-03 09:37:31,Sourdough,Tomato Sauce,,,,,1.0
25771,172,2,0.0,36.5,Toasted Roll,1,Kitchen,8.0,4,BACON-EGG,8.0,2022-10-08 08:41:11,,Tomato Sauce,,,,,0.0
14951,543,2,0.0,49.3,Toasted Roll,1,Kitchen,7.0,6,BACON-EGG,7.0,2021-08-21 08:22:29,,BBQ Sauce,,,,,0.0
14951,543,2,0.0,49.3,Toastie,1,Kitchen,7.0,8,BACON-CHEESE,7.0,2021-08-21 08:22:29,Multigrain,Tomato Sauce,,,,,0.0
33313,1534,2,0.0,49.3,Toasted Roll,2,Kitchen,23.0,3,BACON-EGG-CHEESE,9.5,2023-07-02 09:04:58,,"Tomato Sauce, Hash Brown, Salt and Pepper",,,,,2.0
33313,1534,2,0.0,49.3,Toastie,1,Kitchen,9.5,4,BACON-EGG-CHEESE,9.5,2023-07-02 09:04:58,White,"Tomato Sauce, Salt and Pepper",,,,,0.0
36172,310,9,0.0,18.6,Toasted Roll,1,Kitchen,12.0,2,BACON-EGG-CHEESE,10.0,2023-09-30 08:15:02,,"Tomato Sauce, Hash Brown, Salt and Pepper",,,,,2.0
36171,310,9,0.0,18.6,Toasted Roll,1,Kitchen,12.0,2,BACON-EGG-CHEESE,10.0,2023-09-30 08:13:51,,"Tomato Sauce, Hash Brown, Salt and Pepper",,,,,2.0
13782,585,2,0.0,18.6,Toasted Roll,1,Kitchen,10.0,3,BACON-EGG-CHEESE,8.0,2021-07-04 10:58:27,,"Tomato Sauce, Hash Brown",,,,,2.0
13779,585,0,0.0,18.6,Toasted Roll,1,Kitchen,10.0,3,BACON-EGG-CHEESE,8.0,2021-07-04 09:51:24,,"Tomato Sauce, Hash Brown",,,,,2.0
13610,585,2,0.0,18.6,Toasted Roll,1,Kitchen,10.0,3,BACON-EGG-CHEESE,8.0,2021-06-26 09:27:54,,"Tomato Sauce, Hash Brown",,,,,2.0
37210,77,2,0.0,18.6,Muffin,2,Kitchen,9.0,2,APPLE-CINNAMON,4.5,2023-11-01 07:52:30,,,No,,,,0.0
5899,345,0,0.0,18.6,Toasted Roll,1,Kitchen,10.0,3,BACON-EGG-CHEESE,8.0,2020-07-22 09:37:04,,"Hash Brown, Salt and Pepper",,,,,2.0
40549,1628,2,0.0,18.6,Toastie,1,Kitchen,9.0,2,HAM-CHEESE,9.0,2024-03-03 12:06:44,White,Tomato Sauce,,,,,0.0
34382,613,2,0.0,18.6,Toasted Roll,1,Kitchen,9.0,3,BACON-EGG,9.0,2023-08-05 10:15:53,,Tomato Sauce,,,,,0.0
36695,1637,2,0.0,18.6,Croissant,1,Kitchen,8.5,1,CHEESE-TOMATO,8.5,2023-10-16 10:43:28,,Salt and Pepper,,,,,0.0
9954,109,2,0.0,18.6,Build Your Own Breakfast,1,Kitchen,12.9,1,SCRAMBLED,7.9,2021-01-11 09:43:24,Dark Rye,Smashed Avo and Feta,,,,,5.0
8537,109,2,0.0,18.6,Build Your Own Breakfast,1,Kitchen,12.9,1,SCRAMBLED,7.9,2020-11-01 09:40:22,Dark Rye,Smashed Avo and Feta,,,,,5.0
8309,109,2,0.0,18.6,Build Your Own Breakfast,1,Kitchen,12.9,1,SCRAMBLED,7.9,2020-10-24 09:17:32,Dark Rye,Smashed Avo and Feta,,,,,5.0
7870,109,2,0.0,18.6,Build Your Own Breakfast,1,Kitchen,12.9,1,SCRAMBLED,7.9,2020-10-10 10:44:14,Dark Rye,Smashed Avo and Feta,,,,,5.0
7724,109,2,0.0,18.6,Build Your Own Breakfast,1,Kitchen,12.9,1,SCRAMBLED,7.9,2020-10-04 10:29:56,Dark Rye,Smashed Avo and Feta,,,,,5.0
7376,109,2,0.0,18.6,Build Your Own Breakfast,1,Kitchen,12.9,1,SCRAMBLED,7.9,2020-09-21 09:47:58,Dark Rye,Smashed Avo and Feta,,,,,5.0
40069,911,2,0.0,18.6,Toasted Roll,1,Kitchen,9.0,3,BACON-EGG,9.0,2024-02-17 09:36:58,,Tomato Sauce,,,,,0.0
30914,175,2,0.0,18.6,Toastie,1,Kitchen,8.5,3,BACON-EGG,8.5,2023-04-17 09:10:42,White,Tomato Sauce,,,,,0.0
9881,175,2,0.0,18.6,Toastie,1,Kitchen,7.0,4,BACON-EGG,7.0,2021-01-07 08:18:07,White,Tomato Sauce,,,,,0.0
9826,175,2,0.0,18.6,Toastie,1,Kitchen,7.0,4,BACON-EGG,7.0,2021-01-04 09:55:02,White,Tomato Sauce,,,,,0.0
38176,191,2,0.0,18.6,Muffin,1,Kitchen,4.5,3,APPLE-CINNAMON,4.5,2023-12-02 15:24:05,,,No,,,,0.0
38176,191,2,0.0,18.6,Muffin,1,Kitchen,4.5,4,ORANGE-POPPYSEED,4.5,2023-12-02 15:24:05,,,No,,,,0.0
40578,234,2,0.0,18.6,Toasted Roll,1,Kitchen,12.0,2,BACON-EGG-CHEESE,10.0,2024-03-05 06:33:12,,"Tomato Sauce, Hash Brown, Salt and Pepper",,,,,2.0
40251,234,2,0.0,18.6,Toasted Roll,1,Kitchen,12.0,2,BACON-EGG-CHEESE,10.0,2024-02-23 07:07:28,,"Tomato Sauce, Hash Brown, Salt and Pepper",,,,,2.0
38170,234,2,0.0,18.6,Toasted Roll,1,Kitchen,12.0,2,BACON-EGG-CHEESE,10.0,2023-12-02 11:10:24,,"Tomato Sauce, Hash Brown, Salt and Pepper",,,,,2.0
37498,234,2,0.0,18.6,Toasted Roll,1,Kitchen,12.0,2,BACON-EGG-CHEESE,10.0,2023-11-11 07:28:52,,"Tomato Sauce, Hash Brown, Salt and Pepper",,,,,2.0
37174,234,2,0.0,18.6,Toasted Roll,1,Kitchen,12.0,2,BACON-EGG-CHEESE,10.0,2023-10-31 07:43:12,,"Tomato Sauce, Hash Brown, Salt and Pepper",,,,,2.0
36890,234,2,0.0,18.6,Toasted Roll,1,Kitchen,12.0,2,BACON-EGG-CHEESE,10.0,2023-10-22 09:48:09,,"Tomato Sauce, Hash Brown, Salt and Pepper",,,,,2.0
36832,234,2,0.0,18.6,Toasted Roll,1,Kitchen,12.0,2,BACON-EGG-CHEESE,10.0,2023-10-20 08:42:34,,"Tomato Sauce, Hash Brown, Salt and Pepper",,,,,2.0
35678,234,2,0.0,18.6,Toasted Roll,1,Kitchen,12.0,2,BACON-EGG-CHEESE,10.0,2023-09-15 06:21:23,,"Tomato Sauce, Hash Brown, Salt and Pepper",,,,,2.0
9892,92,2,0.0,31.4,Toasted Roll,1,Kitchen,9.5,4,BACON-EGG-CHEESE,8.0,2021-01-07 11:00:00,,"Tomato Sauce, Avocado",,,,,1.5
18095,123,2,0.0,31.4,Toastie,1,Kitchen,9.0,3,BACON-EGG-CHEESE,8.0,2021-12-08 11:50:00,Sourdough,"Tomato Sauce, Salt and Pepper",,,,,1.0
9834,189,2,0.0,31.4,Toastie,1,Kitchen,9.0,4,BACON-EGG-CHEESE,8.0,2021-01-05 07:38:59,Sourdough,Tomato Sauce,,,,,1.0
9834,189,2,0.0,31.4,Toastie,1,Kitchen,9.0,5,BACON-EGG-CHEESE,8.0,2021-01-05 07:38:59,Sourdough,Tomato Sauce,,,,,1.0
14243,304,2,0.0,44.2,Eggs Benedict,1,Kitchen,16.5,2,BACON,14.5,2021-07-24 08:59:03,,,,Hashbrown,,,2.0
14243,304,2,0.0,44.2,Big Breakfast,1,Kitchen,17.7,1,POACHED,16.7,2021-07-24 08:59:03,Sourdough,Hollandaise,,,,,1.0
36892,228,2,0.0,44.2,Toastie,1,Kitchen,9.0,5,BACON-EGG,9.0,2023-10-22 10:22:47,White,Tomato Sauce,,,,,0.0
36892,228,2,0.0,44.2,Toastie,1,Kitchen,10.5,6,BACON-EGG-CHEESE,10.5,2023-10-22 10:22:47,White,Tomato Sauce,,,,,0.0
11740,494,2,0.0,44.2,Eggs Benedict,1,Kitchen,16.5,1,BACON,14.5,2021-04-11 10:02:49,,,,Hashbrown,,,2.0
11740,494,2,0.0,44.2,Eggs Benedict,1,Kitchen,19.5,2,SALMON,17.5,2021-04-11 10:02:49,,,,Hashbrown,,,2.0
39425,172,2,2.39,26.29,Toasted Roll,1,Kitchen,9.0,2,BACON-EGG,9.0,2024-01-26 09:46:47,,Tomato Sauce,,,,,0.0
25756,1289,2,0.0,13.5,Toastie,1,Kitchen,8.0,2,HAM-CHEESE,8.0,2022-10-07 11:45:22,White,Tomato Sauce,,,,,0.0
30355,1290,2,0.0,13.5,Toastie,1,Kitchen,9.5,2,HAM-CHEESE-TOMATO,9.5,2023-03-28 09:36:25,White,Tomato Sauce,,,,,0.0
28925,1290,2,0.0,13.5,Toastie,1,Kitchen,9.5,2,HAM-CHEESE-TOMATO,9.5,2023-02-09 08:30:00,Multigrain,Salt and Pepper,,,,,0.0
15827,782,2,0.0,13.5,Toasted Roll,1,Kitchen,8.0,2,BACON-EGG-CHEESE,8.0,2021-09-20 06:00:36,,BBQ Sauce,,,,,0.0
15681,782,2,0.0,13.5,Toasted Roll,1,Kitchen,8.0,2,BACON-EGG-CHEESE,8.0,2021-09-15 06:35:51,,BBQ Sauce,,,,,0.0
15531,782,2,0.0,13.5,Toasted Roll,1,Kitchen,8.0,2,BACON-EGG-CHEESE,8.0,2021-09-10 08:13:14,,BBQ Sauce,,,,,0.0
15158,782,2,0.0,13.5,Toasted Roll,1,Kitchen,8.0,2,BACON-EGG-CHEESE,8.0,2021-08-28 09:52:02,,BBQ Sauce,,,,,0.0
15032,782,2,0.0,13.5,Toasted Roll,1,Kitchen,8.0,2,BACON-EGG-CHEESE,8.0,2021-08-24 06:38:36,,BBQ Sauce,,,,,0.0
17014,291,2,0.0,13.5,Croissant,1,Kitchen,8.0,1,HAM-CHEESE,8.0,2021-10-29 09:10:34,,Salt and Pepper,,,,,0.0
9433,37,2,0.0,13.5,Toasted Roll,1,Kitchen,8.0,2,BACON-EGG-CHEESE,8.0,2020-12-08 11:35:32,,BBQ Sauce,,,,,0.0
9401,37,2,0.0,13.5,Toasted Roll,1,Kitchen,8.0,2,BACON-EGG-CHEESE,8.0,2020-12-07 09:07:49,,BBQ Sauce,,,,,0.0
6096,37,2,0.0,13.5,Toasted Roll,1,Kitchen,8.0,2,BACON-EGG-CHEESE,8.0,2020-07-31 10:48:04,,BBQ Sauce,,,,,0.0
5313,297,0,0.0,13.5,Toastie,1,Kitchen,8.0,2,HAM-CHEESE-TOMATO,8.0,2020-06-16 09:31:12,White,Tomato Sauce,,,,,0.0
8868,44,2,0.0,13.5,Toasted Roll,1,Kitchen,8.0,2,BACON-EGG-CHEESE,8.0,2020-11-14 10:00:00,,BBQ Sauce,,,,,0.0
6848,44,2,0.0,13.5,Toasted Roll,1,Kitchen,8.0,2,BACON-EGG-CHEESE,8.0,2020-09-02 07:07:14,,BBQ Sauce,,,,,0.0
6194,44,2,0.0,13.5,Toasted Roll,1,Kitchen,8.0,2,BACON-EGG-CHEESE,8.0,2020-08-05 07:30:00,,BBQ Sauce,,,,,0.0
5907,44,2,0.0,13.5,Deep Fryer,1,Kitchen,8.0,1,WEDGES,7.5,2020-07-22 14:45:00,,,,Sweet and sour sauce,,,0.5
5799,44,2,0.0,13.5,Toasted Roll,1,Kitchen,8.0,2,BACON-EGG-CHEESE,8.0,2020-07-17 07:40:57,,BBQ Sauce,,,,,0.0
5747,44,2,0.0,13.5,Toasted Roll,1,Kitchen,8.0,2,BACON-EGG-CHEESE,8.0,2020-07-15 07:30:00,,BBQ Sauce,,,,,0.0
15038,814,2,0.0,13.5,Toastie,1,Kitchen,8.5,2,BACON-EGG,7.0,2021-08-24 08:04:44,White,Avocado,,,,,1.5
3529,55,2,0.0,13.5,Toastie,1,Kitchen,8.0,2,BACON-EGG-CHEESE,8.0,2019-08-31 07:30:00,White,"Tomato Sauce, Salt and Pepper",,,,,0.0
36030,1596,2,0.0,13.5,Toasted Roll,1,Kitchen,13.5,1,BACON-EGG-CHEESE,10.0,2023-09-25 13:01:26,,"BBQ Sauce, Avocado, Hash Brown",,,,,3.5
19799,1091,2,0.0,13.5,Toastie,1,Kitchen,8.0,2,HAM-CHEESE,7.0,2022-03-01 06:02:21,Sourdough,Tomato Sauce,,,,,1.0
5752,332,2,0.0,13.5,Toastie,1,Kitchen,8.0,2,HAM-CHEESE-TOMATO,8.0,2020-07-15 09:00:00,White,Tomato Sauce,,,,,0.0
11052,615,0,0.0,13.5,Toasted Roll,1,Kitchen,8.0,2,BACON-EGG-CHEESE,8.0,2021-03-09 11:04:56,,Tomato Sauce,,,,,0.0
10084,107,2,0.0,13.5,Toastie,1,Kitchen,8.0,2,BACON-EGG-CHEESE,8.0,2021-01-18 07:14:57,White,Salt and Pepper,,,,,0.0
9917,107,2,0.0,13.5,Toastie,1,Kitchen,8.0,2,BACON-EGG-CHEESE,8.0,2021-01-09 08:26:38,White,Tomato Sauce,,,,,0.0
6727,109,1,0.0,13.5,Toastie,1,Kitchen,8.5,2,EGG-CHEESE,7.0,2020-08-28 10:37:44,Dark Rye,Avocado,,,,,1.5
6713,109,2,0.0,13.5,Toastie,1,Kitchen,8.5,2,BACON-EGG,7.0,2020-08-27 11:03:19,Dark Rye,Avocado,,,,,1.5
6580,109,2,0.0,13.5,Toastie,1,Kitchen,8.5,2,BACON-EGG,7.0,2020-08-22 09:45:55,Dark Rye,Avocado,,,,,1.5
6471,109,2,0.0,13.5,Toastie,1,Kitchen,8.5,2,BACON-EGG,7.0,2020-08-17 07:44:54,Dark Rye,Avocado,,,,,1.5
6454,109,2,0.0,13.5,Toastie,1,Kitchen,8.5,2,BACON-EGG,7.0,2020-08-16 10:17:33,Dark Rye,Avocado,,,,,1.5
6439,109,2,0.0,13.5,Toastie,1,Kitchen,8.5,2,BACON-EGG,7.0,2020-08-15 11:08:05,Dark Rye,Avocado,,,,,1.5
6383,109,2,0.0,13.5,Toastie,1,Kitchen,8.5,2,BACON-EGG,7.0,2020-08-13 07:34:29,Dark Rye,Avocado,,,,,1.5
6292,109,2,0.0,13.5,Toastie,1,Kitchen,8.5,2,BACON-EGG,7.0,2020-08-09 10:35:25,Dark Rye,Avocado,,,,,1.5
6234,109,2,0.0,13.5,Toastie,1,Kitchen,8.5,2,BACON-EGG,7.0,2020-08-07 07:32:52,Dark Rye,Avocado,,,,,1.5
6062,109,2,0.0,13.5,Toastie,1,Kitchen,8.5,2,BACON-EGG,7.0,2020-07-30 07:41:57,Dark Rye,Avocado,,,,,1.5
6043,109,2,0.0,13.5,Toastie,1,Kitchen,8.5,2,BACON-EGG,7.0,2020-07-29 07:40:56,Dark Rye,Avocado,,,,,1.5
5875,109,2,0.0,13.5,Toastie,1,Kitchen,8.5,2,BACON-EGG,7.0,2020-07-21 07:45:12,Dark Rye,Avocado,,,,,1.5
5830,109,2,0.0,13.5,Toastie,1,Kitchen,8.5,2,BACON-EGG,7.0,2020-07-18 10:47:46,Multigrain,Avocado,,,,,1.5
5737,109,2,0.0,13.5,Toastie,1,Kitchen,8.5,2,BACON-EGG,7.0,2020-07-14 11:31:42,Multigrain,Avocado,,,,,1.5
5641,109,2,0.0,13.5,Toastie,1,Kitchen,8.5,2,BACON-EGG,7.0,2020-07-09 07:42:32,Dark Rye,Avocado,,,,,1.5
5323,109,2,0.0,13.5,Toastie,1,Kitchen,8.5,2,BACON-EGG,7.0,2020-06-17 07:43:59,Dark Rye,Avocado,,,,,1.5
5297,109,2,0.0,13.5,Toastie,1,Kitchen,8.5,2,BACON-EGG,7.0,2020-06-15 07:43:32,Multigrain,Avocado,,,,,1.5
10985,115,2,0.0,13.5,Toastie,1,Kitchen,8.0,2,BACON-EGG-CHEESE,8.0,2021-03-05 11:10:01,White,Tomato Sauce,,,,,0.0
20836,391,2,0.0,13.5,Toastie,1,Kitchen,7.0,2,CHEESE-TOMATO,7.0,2022-04-08 13:19:44,Multigrain,Salt and Pepper,,,,,0.0
21495,1162,2,0.0,13.5,Toastie,1,Kitchen,8.0,2,HAM-CHEESE,7.0,2022-05-05 06:00:49,Sourdough,Tomato Sauce,,,,,1.0
24126,141,2,0.0,13.5,Toastie,1,Kitchen,8.0,2,BACON-EGG,8.0,2022-08-10 07:34:51,Multigrain,BBQ Sauce,,,,,0.0
24075,141,2,0.0,13.5,Toastie,1,Kitchen,8.0,2,BACON-EGG,8.0,2022-08-08 06:36:35,Multigrain,Tomato Sauce,,,,,0.0
18651,141,2,0.0,13.5,Toastie,1,Kitchen,7.0,2,BACON-EGG,7.0,2022-01-14 06:18:43,Multigrain,BBQ Sauce,,,,,0.0
18217,141,2,0.0,13.5,Toastie,1,Kitchen,7.0,2,BACON-EGG,7.0,2021-12-13 06:26:39,Multigrain,BBQ Sauce,,,,,0.0
18134,141,2,0.0,13.5,Toastie,1,Kitchen,7.0,2,BACON-EGG,7.0,2021-12-10 06:47:36,Multigrain,BBQ Sauce,,,,,0.0
18077,141,2,0.0,13.5,Toastie,1,Kitchen,7.0,2,BACON-EGG,7.0,2021-12-08 06:05:42,Multigrain,BBQ Sauce,,,,,0.0
17743,141,2,0.0,13.5,Toastie,1,Kitchen,7.0,2,BACON-EGG,7.0,2021-11-25 07:27:32,Multigrain,BBQ Sauce,,,,,0.0
17536,141,2,0.0,13.5,Toasted Roll,1,Kitchen,7.0,2,BACON-EGG,7.0,2021-11-18 06:36:13,,BBQ Sauce,,,,,0.0
17457,141,2,0.0,13.5,Toastie,1,Kitchen,7.0,2,BACON-EGG,7.0,2021-11-15 06:50:57,Multigrain,BBQ Sauce,,,,,0.0
19334,145,2,0.0,13.5,Toasted Roll,1,Kitchen,8.0,2,BACON-EGG-CHEESE,8.0,2022-02-11 08:05:33,,BBQ Sauce,,,,,0.0
19332,145,0,0.0,13.5,Toasted Roll,1,Kitchen,8.0,2,BACON-EGG-CHEESE,8.0,2022-02-11 07:58:52,,BBQ Sauce,,,,,0.0
22435,408,2,0.0,13.5,Toastie,1,Kitchen,8.0,2,HAM-CHEESE,7.0,2022-06-08 06:04:25,Sourdough,Tomato Sauce,,,,,1.0
22408,408,2,0.0,13.5,Toastie,1,Kitchen,8.0,2,HAM-CHEESE,7.0,2022-06-07 06:18:50,Sourdough,Tomato Sauce,,,,,1.0
22382,408,2,0.0,13.5,Toastie,1,Kitchen,8.0,2,HAM-CHEESE,7.0,2022-06-06 05:57:09,Sourdough,Tomato Sauce,,,,,1.0
22279,408,2,0.0,13.5,Toastie,1,Kitchen,8.0,2,HAM-CHEESE,7.0,2022-06-02 06:20:04,Sourdough,Tomato Sauce,,,,,1.0
22246,408,2,0.0,13.5,Toastie,1,Kitchen,8.0,2,HAM-CHEESE,7.0,2022-06-01 06:17:06,Sourdough,Tomato Sauce,,,,,1.0
22210,408,2,0.0,13.5,Toastie,1,Kitchen,8.0,2,HAM-CHEESE,7.0,2022-05-31 06:18:26,Sourdough,Tomato Sauce,,,,,1.0
22186,408,2,0.0,13.5,Toastie,1,Kitchen,8.0,2,HAM-CHEESE,7.0,2022-05-30 05:52:13,Sourdough,Tomato Sauce,,,,,1.0
22025,408,2,0.0,13.5,Toastie,1,Kitchen,8.0,2,HAM-CHEESE,7.0,2022-05-25 05:59:07,Sourdough,Tomato Sauce,,,,,1.0
21996,408,2,0.0,13.5,Toastie,1,Kitchen,8.0,2,HAM-CHEESE,7.0,2022-05-24 06:16:38,Sourdough,Tomato Sauce,,,,,1.0
21977,408,2,0.0,13.5,Toastie,1,Kitchen,8.0,2,HAM-CHEESE,7.0,2022-05-23 06:09:18,Sourdough,Tomato Sauce,,,,,1.0
21889,408,2,0.0,13.5,Toastie,1,Kitchen,8.0,2,HAM-CHEESE,7.0,2022-05-20 06:16:12,Sourdough,Tomato Sauce,,,,,1.0
21835,408,2,0.0,13.5,Toastie,1,Kitchen,8.0,2,HAM-CHEESE,7.0,2022-05-18 06:23:27,Sourdough,Tomato Sauce,,,,,1.0
21807,408,2,0.0,13.5,Toastie,1,Kitchen,8.0,2,HAM-CHEESE,7.0,2022-05-17 06:17:04,Sourdough,Tomato Sauce,,,,,1.0
21689,408,2,0.0,13.5,Toastie,1,Kitchen,8.0,2,HAM-CHEESE,7.0,2022-05-12 06:19:33,Sourdough,Tomato Sauce,,,,,1.0
21636,408,2,0.0,13.5,Toastie,1,Kitchen,8.0,2,HAM-CHEESE,7.0,2022-05-10 06:00:44,Sourdough,Tomato Sauce,,,,,1.0
21612,408,2,0.0,13.5,Toastie,1,Kitchen,8.0,2,HAM-CHEESE,7.0,2022-05-09 06:09:47,Sourdough,Tomato Sauce,,,,,1.0
21529,408,2,0.0,13.5,Toastie,1,Kitchen,8.0,2,HAM-CHEESE,7.0,2022-05-06 06:19:42,Sourdough,Tomato Sauce,,,,,1.0
21459,408,2,0.0,13.5,Toastie,1,Kitchen,8.0,2,HAM-CHEESE,7.0,2022-05-04 06:25:56,Sourdough,Tomato Sauce,,,,,1.0
21326,408,2,0.0,13.5,Toastie,1,Kitchen,8.0,2,HAM-CHEESE,7.0,2022-04-29 06:21:06,Sourdough,Tomato Sauce,,,,,1.0
21264,408,2,0.0,13.5,Toastie,1,Kitchen,8.0,2,HAM-CHEESE,7.0,2022-04-27 06:36:47,Sourdough,Tomato Sauce,,,,,1.0
21240,408,2,0.0,13.5,Toastie,1,Kitchen,8.0,2,HAM-CHEESE,7.0,2022-04-26 06:18:44,Sourdough,Tomato Sauce,,,,,1.0
21103,408,2,0.0,13.5,Toastie,1,Kitchen,8.0,2,HAM-CHEESE,7.0,2022-04-21 06:01:54,Sourdough,Tomato Sauce,,,,,1.0
21062,408,2,0.0,13.5,Toastie,1,Kitchen,8.0,2,HAM-CHEESE,7.0,2022-04-19 06:28:50,Sourdough,Tomato Sauce,,,,,1.0
20534,408,2,0.0,13.5,Toastie,1,Kitchen,8.0,2,HAM-CHEESE,7.0,2022-03-29 06:11:58,Sourdough,Tomato Sauce,,,,,1.0
20510,408,2,0.0,13.5,Toastie,1,Kitchen,8.0,2,HAM-CHEESE,7.0,2022-03-28 06:09:05,Sourdough,Tomato Sauce,,,,,1.0
20344,408,2,0.0,13.5,Toastie,1,Kitchen,8.0,2,HAM-CHEESE,7.0,2022-03-21 06:03:19,Sourdough,Tomato Sauce,,,,,1.0
20234,408,2,0.0,13.5,Toastie,1,Kitchen,8.0,2,HAM-CHEESE,7.0,2022-03-17 06:21:00,Sourdough,Tomato Sauce,,,,,1.0
19884,408,2,0.0,13.5,Toastie,1,Kitchen,8.0,2,HAM-CHEESE,7.0,2022-03-04 06:03:53,Sourdough,Tomato Sauce,,,,,1.0
19856,408,2,0.0,13.5,Toastie,1,Kitchen,8.0,2,HAM-CHEESE,7.0,2022-03-03 06:03:45,Sourdough,Tomato Sauce,,,,,1.0
19826,408,2,0.0,13.5,Toastie,1,Kitchen,8.0,2,HAM-CHEESE,7.0,2022-03-02 06:14:01,Sourdough,Tomato Sauce,,,,,1.0
19773,408,2,0.0,13.5,Toastie,1,Kitchen,8.0,2,HAM-CHEESE,7.0,2022-02-28 06:00:15,Sourdough,Tomato Sauce,,,,,1.0
19684,408,2,0.0,13.5,Toastie,1,Kitchen,8.0,2,HAM-CHEESE,7.0,2022-02-25 06:01:27,Sourdough,Tomato Sauce,,,,,1.0
19635,408,2,0.0,13.5,Toastie,1,Kitchen,8.0,2,HAM-CHEESE,7.0,2022-02-23 06:01:16,Sourdough,Tomato Sauce,,,,,1.0
19610,408,2,0.0,13.5,Toastie,1,Kitchen,8.0,2,HAM-CHEESE,7.0,2022-02-22 06:02:10,Sourdough,Tomato Sauce,,,,,1.0
19590,408,2,0.0,13.5,Toastie,1,Kitchen,8.0,2,HAM-CHEESE,7.0,2022-02-21 07:07:09,Sourdough,Tomato Sauce,,,,,1.0
19498,408,2,0.0,13.5,Toastie,1,Kitchen,8.0,2,HAM-CHEESE,7.0,2022-02-18 06:02:08,Sourdough,Tomato Sauce,,,,,1.0
19474,408,2,0.0,13.5,Toastie,1,Kitchen,8.0,2,HAM-CHEESE,7.0,2022-02-17 05:57:13,Sourdough,Tomato Sauce,,,,,1.0
19447,408,2,0.0,13.5,Toastie,1,Kitchen,8.0,2,HAM-CHEESE,7.0,2022-02-16 05:59:39,Sourdough,Tomato Sauce,,,,,1.0
19425,408,2,0.0,13.5,Toastie,1,Kitchen,8.0,2,HAM-CHEESE,7.0,2022-02-15 06:01:45,Sourdough,Tomato Sauce,,,,,1.0
19406,408,2,0.0,13.5,Toastie,1,Kitchen,8.0,2,HAM-CHEESE,7.0,2022-02-14 06:04:00,Sourdough,Tomato Sauce,,,,,1.0
19316,408,2,0.0,13.5,Toastie,1,Kitchen,8.0,2,HAM-CHEESE,7.0,2022-02-11 05:59:16,Sourdough,Tomato Sauce,,,,,1.0
19313,408,0,0.0,13.5,Toastie,1,Kitchen,8.0,2,HAM-CHEESE,7.0,2022-02-11 05:56:27,Sourdough,Tomato Sauce,,,,,1.0
19285,408,2,0.0,13.5,Toastie,1,Kitchen,8.0,2,HAM-CHEESE,7.0,2022-02-10 06:02:15,Sourdough,Tomato Sauce,,,,,1.0
19259,408,2,0.0,13.5,Toastie,1,Kitchen,8.0,2,HAM-CHEESE,7.0,2022-02-09 06:00:07,Sourdough,Tomato Sauce,,,,,1.0
19239,408,2,0.0,13.5,Toastie,1,Kitchen,8.0,2,HAM-CHEESE,7.0,2022-02-08 05:58:39,Sourdough,Tomato Sauce,,,,,1.0
19073,408,2,0.0,13.5,Toastie,1,Kitchen,8.0,2,HAM-CHEESE,7.0,2022-02-02 06:07:44,Sourdough,Tomato Sauce,,,,,1.0
19042,408,2,0.0,13.5,Toastie,1,Kitchen,8.0,2,HAM-CHEESE,7.0,2022-02-01 06:07:50,Sourdough,Tomato Sauce,,,,,1.0
18875,408,2,0.0,13.5,Toastie,1,Kitchen,8.0,2,HAM-CHEESE,7.0,2022-01-25 06:03:05,Sourdough,Tomato Sauce,,,,,1.0
18851,408,2,0.0,13.5,Toastie,1,Kitchen,8.0,2,HAM-CHEESE,7.0,2022-01-24 06:04:59,Sourdough,Tomato Sauce,,,,,1.0
18771,408,2,0.0,13.5,Toastie,1,Kitchen,8.0,2,HAM-CHEESE,7.0,2022-01-20 06:06:49,Sourdough,Tomato Sauce,,,,,1.0
18725,408,2,0.0,13.5,Toastie,1,Kitchen,8.0,2,HAM-CHEESE,7.0,2022-01-18 05:59:26,Sourdough,Tomato Sauce,,,,,1.0
18708,408,2,0.0,13.5,Toastie,1,Kitchen,8.0,2,HAM-CHEESE,7.0,2022-01-17 06:14:15,Sourdough,Tomato Sauce,,,,,1.0
18628,408,2,0.0,13.5,Toastie,1,Kitchen,8.0,2,HAM-CHEESE,7.0,2022-01-13 05:56:47,Sourdough,Tomato Sauce,,,,,1.0
18606,408,2,0.0,13.5,Toastie,1,Kitchen,8.0,2,HAM-CHEESE,7.0,2022-01-12 05:57:30,Sourdough,Tomato Sauce,,,,,1.0
18419,408,2,0.0,13.5,Toastie,1,Kitchen,8.0,2,HAM-CHEESE,7.0,2021-12-21 06:09:21,Sourdough,Tomato Sauce,,,,,1.0
18285,408,2,0.0,13.5,Toastie,1,Kitchen,8.0,2,HAM-CHEESE,7.0,2021-12-16 06:14:21,Sourdough,Tomato Sauce,,,,,1.0
18263,408,2,0.0,13.5,Toastie,1,Kitchen,8.0,2,HAM-CHEESE,7.0,2021-12-15 06:15:24,Sourdough,Tomato Sauce,,,,,1.0
18214,408,2,0.0,13.5,Toastie,1,Kitchen,8.0,2,HAM-CHEESE,7.0,2021-12-13 06:03:37,Sourdough,Tomato Sauce,,,,,1.0
18015,408,2,0.0,13.5,Toastie,1,Kitchen,8.0,2,HAM-CHEESE,7.0,2021-12-06 06:16:47,Sourdough,Tomato Sauce,,,,,1.0
17927,408,2,0.0,13.5,Toastie,1,Kitchen,8.0,2,HAM-CHEESE,7.0,2021-12-02 06:23:22,Sourdough,Tomato Sauce,,,,,1.0
17904,408,2,0.0,13.5,Toastie,1,Kitchen,8.0,2,HAM-CHEESE,7.0,2021-12-01 06:28:11,Sourdough,Tomato Sauce,,,,,1.0
17848,408,2,0.0,13.5,Toastie,1,Kitchen,8.0,2,HAM-CHEESE,7.0,2021-11-29 06:08:35,Sourdough,Tomato Sauce,,,,,1.0
17705,408,2,0.0,13.5,Toastie,1,Kitchen,8.0,2,HAM-CHEESE,7.0,2021-11-24 06:12:20,Sourdough,Tomato Sauce,,,,,1.0
17656,408,2,0.0,13.5,Toastie,1,Kitchen,8.0,2,HAM-CHEESE,7.0,2021-11-22 06:19:07,Sourdough,Tomato Sauce,,,,,1.0
17567,408,2,0.0,13.5,Toastie,1,Kitchen,8.0,2,HAM-CHEESE,7.0,2021-11-19 06:34:12,Sourdough,Tomato Sauce,,,,,1.0
17534,408,2,0.0,13.5,Toastie,1,Kitchen,8.0,2,HAM-CHEESE,7.0,2021-11-18 06:09:50,Sourdough,Tomato Sauce,,,,,1.0
17479,408,2,0.0,13.5,Toastie,1,Kitchen,8.0,2,HAM-CHEESE,7.0,2021-11-16 06:14:22,Sourdough,Tomato Sauce,,,,,1.0
17309,408,2,0.0,13.5,Toastie,1,Kitchen,8.0,2,HAM-CHEESE,7.0,2021-11-10 06:08:29,Sourdough,Tomato Sauce,,,,,1.0
17282,408,2,0.0,13.5,Toastie,1,Kitchen,8.0,2,HAM-CHEESE,7.0,2021-11-09 06:33:58,Sourdough,Tomato Sauce,,,,,1.0
17252,408,2,0.0,13.5,Toastie,1,Kitchen,8.0,2,HAM-CHEESE,7.0,2021-11-08 06:05:40,Sourdough,Tomato Sauce,,,,,1.0
17169,408,2,0.0,13.5,Toastie,1,Kitchen,8.0,2,HAM-CHEESE,7.0,2021-11-05 05:58:30,Sourdough,Tomato Sauce,,,,,1.0
17117,408,2,0.0,13.5,Toastie,1,Kitchen,8.0,2,HAM-CHEESE,7.0,2021-11-03 06:19:13,Sourdough,Tomato Sauce,,,,,1.0
16991,408,2,0.0,13.5,Toastie,1,Kitchen,8.0,2,HAM-CHEESE,7.0,2021-10-29 05:56:32,Sourdough,Tomato Sauce,,,,,1.0
16574,408,2,0.0,13.5,Toastie,1,Kitchen,8.0,2,HAM-CHEESE,7.0,2021-10-15 05:53:53,Sourdough,Tomato Sauce,,,,,1.0
15288,408,2,0.0,13.5,Toastie,1,Kitchen,8.0,2,HAM-CHEESE,7.0,2021-09-02 06:10:01,Sourdough,Tomato Sauce,,,,,1.0
14475,408,2,0.0,13.5,Toastie,1,Kitchen,8.0,2,HAM-CHEESE,7.0,2021-08-03 06:12:17,Sourdough,Tomato Sauce,,,,,1.0
14453,408,2,0.0,13.5,Toastie,1,Kitchen,8.0,2,HAM-CHEESE,7.0,2021-08-02 06:16:42,Sourdough,Tomato Sauce,,,,,1.0
14204,408,2,0.0,13.5,Toasted Roll,1,Kitchen,8.0,2,BACON-EGG-CHEESE,8.0,2021-07-23 07:30:00,,"Tomato Sauce, Salt and Pepper",,,,,0.0
13392,408,2,0.0,13.5,Toastie,1,Kitchen,8.0,2,HAM-CHEESE,7.0,2021-06-18 06:15:00,Sourdough,Tomato Sauce,,,,,1.0
13168,408,2,0.0,13.5,Toastie,1,Kitchen,8.0,2,HAM-CHEESE,7.0,2021-06-10 06:00:00,Sourdough,Tomato Sauce,,,,,1.0
13147,408,2,0.0,13.5,Toastie,1,Kitchen,8.0,2,HAM-CHEESE,7.0,2021-06-09 06:02:53,Sourdough,Tomato Sauce,,,,,1.0
12930,408,2,0.0,13.5,Toastie,1,Kitchen,8.0,2,HAM-CHEESE,7.0,2021-06-01 06:15:00,Sourdough,Tomato Sauce,,,,,1.0
12766,408,2,0.0,13.5,Toastie,1,Kitchen,8.0,2,HAM-CHEESE,7.0,2021-05-26 06:15:00,Sourdough,Tomato Sauce,,,,,1.0
12475,408,2,0.0,13.5,Toastie,1,Kitchen,8.0,2,HAM-CHEESE,7.0,2021-05-13 06:00:00,Sourdough,Tomato Sauce,,,,,1.0
12257,408,2,0.0,13.5,Toastie,1,Kitchen,8.0,2,HAM-CHEESE,7.0,2021-05-05 06:00:00,Sourdough,Tomato Sauce,,,,,1.0
12214,408,2,0.0,13.5,Toastie,1,Kitchen,8.0,2,HAM-CHEESE,7.0,2021-05-03 06:00:00,Sourdough,Tomato Sauce,,,,,1.0
12151,408,2,0.0,13.5,Toastie,1,Kitchen,8.0,2,HAM-CHEESE,7.0,2021-04-30 06:00:00,Sourdough,Tomato Sauce,,,,,1.0
12132,408,2,0.0,13.5,Toastie,1,Kitchen,8.0,2,HAM-CHEESE,7.0,2021-04-29 06:00:00,Sourdough,Tomato Sauce,,,,,1.0
12104,408,2,0.0,13.5,Toastie,1,Kitchen,8.0,2,HAM-CHEESE,7.0,2021-04-28 06:00:00,Sourdough,Tomato Sauce,,,,,1.0
12078,408,2,0.0,13.5,Toastie,1,Kitchen,8.0,2,HAM-CHEESE,7.0,2021-04-27 06:00:00,Sourdough,Tomato Sauce,,,,,1.0
12063,408,2,0.0,13.5,Toastie,1,Kitchen,8.0,2,HAM-CHEESE,7.0,2021-04-26 07:49:10,Sourdough,Tomato Sauce,,,,,1.0
11987,408,2,0.0,13.5,Toastie,1,Kitchen,8.0,2,HAM-CHEESE,7.0,2021-04-23 06:00:00,Sourdough,Tomato Sauce,,,,,1.0
11966,408,2,0.0,13.5,Toastie,1,Kitchen,8.0,2,HAM-CHEESE,7.0,2021-04-22 06:00:00,Sourdough,Tomato Sauce,,,,,1.0
11945,408,2,0.0,13.5,Toastie,1,Kitchen,8.0,2,HAM-CHEESE,7.0,2021-04-21 06:00:00,Sourdough,Tomato Sauce,,,,,1.0
11926,408,2,0.0,13.5,Toastie,1,Kitchen,8.0,2,HAM-CHEESE,7.0,2021-04-20 06:00:00,Sourdough,Tomato Sauce,,,,,1.0
11907,408,2,0.0,13.5,Toastie,1,Kitchen,8.0,2,HAM-CHEESE,7.0,2021-04-19 06:00:00,Sourdough,Tomato Sauce,,,,,1.0
11834,408,2,0.0,13.5,Toastie,1,Kitchen,8.0,2,HAM-CHEESE,7.0,2021-04-16 06:00:00,Sourdough,Tomato Sauce,,,,,1.0
11811,408,2,0.0,13.5,Toastie,1,Kitchen,8.0,2,HAM-CHEESE,7.0,2021-04-15 06:00:00,Sourdough,Tomato Sauce,,,,,1.0
11786,408,2,0.0,13.5,Toastie,1,Kitchen,8.0,2,HAM-CHEESE,7.0,2021-04-14 06:00:00,Sourdough,Tomato Sauce,,,,,1.0
11765,408,2,0.0,13.5,Toastie,1,Kitchen,8.0,2,HAM-CHEESE,7.0,2021-04-13 06:00:00,Sourdough,Tomato Sauce,,,,,1.0
11648,408,2,0.0,13.5,Toastie,1,Kitchen,8.0,2,HAM-CHEESE,7.0,2021-04-07 06:00:00,Sourdough,Tomato Sauce,,,,,1.0
11630,408,2,0.0,13.5,Toastie,1,Kitchen,8.0,2,HAM-CHEESE,7.0,2021-04-06 06:00:00,Sourdough,Tomato Sauce,,,,,1.0
11542,408,2,0.0,13.5,Toastie,1,Kitchen,8.0,2,HAM-CHEESE,7.0,2021-04-01 06:00:00,Sourdough,Tomato Sauce,,,,,1.0
11517,408,2,0.0,13.5,Toastie,1,Kitchen,8.0,2,HAM-CHEESE,7.0,2021-03-31 06:00:00,Sourdough,Tomato Sauce,,,,,1.0
11485,408,2,0.0,13.5,Toastie,1,Kitchen,8.0,2,HAM-CHEESE,7.0,2021-03-30 06:00:00,Sourdough,Tomato Sauce,,,,,1.0
11458,408,2,0.0,13.5,Toastie,1,Kitchen,8.0,2,HAM-CHEESE,7.0,2021-03-29 06:00:00,Sourdough,Tomato Sauce,,,,,1.0
11397,408,2,0.0,13.5,Toastie,1,Kitchen,8.0,2,HAM-CHEESE,7.0,2021-03-26 06:00:00,Sourdough,Tomato Sauce,,,,,1.0
11375,408,2,0.0,13.5,Toastie,1,Kitchen,8.0,2,HAM-CHEESE,7.0,2021-03-25 06:15:00,Sourdough,Tomato Sauce,,,,,1.0
11340,408,2,0.0,13.5,Toastie,1,Kitchen,8.0,2,HAM-CHEESE,7.0,2021-03-23 06:16:40,Sourdough,Tomato Sauce,,,,,1.0
11237,408,2,0.0,13.5,Toastie,1,Kitchen,8.0,2,HAM-CHEESE,7.0,2021-03-18 06:09:29,Sourdough,Tomato Sauce,,,,,1.0
11214,408,2,0.0,13.5,Toastie,1,Kitchen,8.0,2,HAM-CHEESE,7.0,2021-03-17 06:07:27,Sourdough,Tomato Sauce,,,,,1.0
11196,408,2,0.0,13.5,Toastie,1,Kitchen,8.0,2,HAM-CHEESE,7.0,2021-03-16 06:09:53,Sourdough,Tomato Sauce,,,,,1.0
11108,408,2,0.0,13.5,Toastie,1,Kitchen,8.0,2,HAM-CHEESE,7.0,2021-03-12 06:30:00,Sourdough,Tomato Sauce,,,,,1.0
11078,408,2,0.0,13.5,Toastie,1,Kitchen,8.0,2,HAM-CHEESE,7.0,2021-03-11 06:30:00,Sourdough,Tomato Sauce,,,,,1.0
11058,408,2,0.0,13.5,Toastie,1,Kitchen,8.0,2,HAM-CHEESE,7.0,2021-03-10 07:00:00,Sourdough,Tomato Sauce,,,,,1.0
11030,408,2,0.0,13.5,Toastie,1,Kitchen,8.0,2,HAM-CHEESE,7.0,2021-03-09 06:07:14,Sourdough,Tomato Sauce,,,,,1.0
10712,408,2,0.0,13.5,Toastie,1,Kitchen,8.0,2,HAM-CHEESE,7.0,2021-02-19 06:00:00,Sourdough,Tomato Sauce,,,,,1.0
10696,408,2,0.0,13.5,Toastie,1,Kitchen,8.0,2,HAM-CHEESE,7.0,2021-02-18 06:00:00,Sourdough,Tomato Sauce,,,,,1.0
10695,408,0,0.0,13.5,Toastie,1,Kitchen,8.0,2,HAM-CHEESE,7.0,2021-02-18 06:00:00,Sourdough,Tomato Sauce,,,,,1.0
10672,408,2,0.0,13.5,Toastie,1,Kitchen,8.0,2,HAM-CHEESE,7.0,2021-02-17 06:00:00,Sourdough,Tomato Sauce,,,,,1.0
10649,408,2,0.0,13.5,Toastie,1,Kitchen,8.0,2,HAM-CHEESE,7.0,2021-02-16 06:00:00,Sourdough,Tomato Sauce,,,,,1.0
10624,408,2,0.0,13.5,Toastie,1,Kitchen,8.0,2,HAM-CHEESE,7.0,2021-02-15 06:00:00,Sourdough,Tomato Sauce,,,,,1.0
10548,408,2,0.0,13.5,Toastie,1,Kitchen,8.0,2,HAM-CHEESE,7.0,2021-02-11 06:15:00,Sourdough,Tomato Sauce,,,,,1.0
10522,408,2,0.0,13.5,Toastie,1,Kitchen,8.0,2,HAM-CHEESE,7.0,2021-02-10 06:15:10,Sourdough,Tomato Sauce,,,,,1.0
10500,408,2,0.0,13.5,Toastie,1,Kitchen,8.0,2,HAM-CHEESE,7.0,2021-02-09 06:07:11,Sourdough,Tomato Sauce,,,,,1.0
10433,408,2,0.0,13.5,Toastie,1,Kitchen,8.0,2,HAM-CHEESE,7.0,2021-02-05 07:30:00,Sourdough,Tomato Sauce,,,,,1.0
10409,408,2,0.0,13.5,Toastie,1,Kitchen,8.0,2,HAM-CHEESE,7.0,2021-02-04 06:15:00,Sourdough,Tomato Sauce,,,,,1.0
10360,408,2,0.0,13.5,Toastie,1,Kitchen,8.0,2,HAM-CHEESE,7.0,2021-02-02 06:17:26,Sourdough,"Tomato Sauce, Salt and Pepper",,,,,1.0
10359,408,0,0.0,13.5,Toastie,1,Kitchen,8.0,2,HAM-CHEESE,7.0,2021-02-02 06:30:00,Sourdough,"Tomato Sauce, Salt and Pepper",,,,,1.0
10271,408,2,0.0,13.5,Toastie,1,Kitchen,8.0,2,BACON-EGG-CHEESE,8.0,2021-01-29 06:15:00,White,"Tomato Sauce, Salt and Pepper",,,,,0.0
10252,408,2,0.0,13.5,Toastie,1,Kitchen,8.0,2,HAM-CHEESE-TOMATO,8.0,2021-01-28 06:15:00,Multigrain,Salt and Pepper,,,,,0.0
10127,408,2,0.0,13.5,Toastie,1,Kitchen,8.0,2,HAM-CHEESE,7.0,2021-01-20 06:07:54,Sourdough,Tomato Sauce,,,,,1.0
10104,408,2,0.0,13.5,Toastie,1,Kitchen,8.0,2,BACON-EGG-CHEESE,8.0,2021-01-19 06:12:44,White,"Tomato Sauce, Salt and Pepper",,,,,0.0
9436,408,2,0.0,13.5,Toasted Roll,1,Kitchen,8.0,2,BACON-EGG-CHEESE,8.0,2020-12-09 06:15:00,,"Tomato Sauce, Salt and Pepper",,,,,0.0
9259,408,2,0.0,13.5,Toasted Roll,1,Kitchen,8.0,2,BACON-EGG-CHEESE,8.0,2020-12-02 06:15:00,,"Tomato Sauce, Salt and Pepper",,,,,0.0
9209,408,2,0.0,13.5,Toasted Roll,1,Kitchen,8.0,2,BACON-EGG-CHEESE,8.0,2020-11-30 06:00:00,,"Tomato Sauce, Salt and Pepper",,,,,0.0
9140,408,2,0.0,13.5,Toastie,1,Kitchen,8.0,2,BACON-EGG-CHEESE,8.0,2020-11-27 06:00:00,White,"Tomato Sauce, Salt and Pepper",,,,,0.0
9120,408,2,0.0,13.5,Toasted Roll,1,Kitchen,8.0,2,BACON-EGG-CHEESE,8.0,2020-11-26 06:00:00,,"Tomato Sauce, Salt and Pepper",,,,,0.0
9038,408,2,0.0,13.5,Toasted Roll,1,Kitchen,8.0,2,BACON-EGG-CHEESE,8.0,2020-11-23 06:00:00,,"Tomato Sauce, Salt and Pepper",,,,,0.0
8800,408,2,0.0,13.5,Toasted Roll,1,Kitchen,8.0,2,BACON-EGG-CHEESE,8.0,2020-11-12 06:15:00,,"Tomato Sauce, Salt and Pepper",,,,,0.0
8769,408,2,0.0,13.5,Toasted Roll,1,Kitchen,8.0,2,BACON-EGG-CHEESE,8.0,2020-11-11 06:45:00,,"Tomato Sauce, Salt and Pepper",,,,,0.0
8735,408,2,0.0,13.5,Toasted Roll,1,Kitchen,8.0,2,BACON-EGG-CHEESE,8.0,2020-11-09 08:45:00,,"Tomato Sauce, Salt and Pepper",,,,,0.0
8653,408,2,0.0,13.5,Toasted Roll,1,Kitchen,8.0,2,BACON-EGG-CHEESE,8.0,2020-11-06 06:15:00,,"Tomato Sauce, Salt and Pepper",,,,,0.0
8552,408,2,0.0,13.5,Toasted Roll,1,Kitchen,8.0,2,BACON-EGG-CHEESE,8.0,2020-11-02 06:15:00,,"Tomato Sauce, Salt and Pepper",,,,,0.0
8463,408,2,0.0,13.5,Toasted Roll,1,Kitchen,8.0,2,BACON-EGG-CHEESE,8.0,2020-10-30 06:15:00,,"Tomato Sauce, Salt and Pepper",,,,,0.0
8137,408,2,0.0,13.5,Toasted Roll,1,Kitchen,8.0,2,BACON-EGG-CHEESE,8.0,2020-10-19 06:15:00,,"Tomato Sauce, Salt and Pepper",,,,,0.0
8032,408,2,0.0,13.5,Toasted Roll,1,Kitchen,8.0,2,BACON-EGG-CHEESE,8.0,2020-10-16 06:15:00,,"Tomato Sauce, Salt and Pepper",,,,,0.0
8002,408,2,0.0,13.5,Toasted Roll,1,Kitchen,8.0,2,BACON-EGG-CHEESE,8.0,2020-10-15 06:15:00,,"Tomato Sauce, Salt and Pepper",,,,,0.0
7966,408,2,0.0,13.5,Toasted Roll,1,Kitchen,8.0,2,BACON-EGG-CHEESE,8.0,2020-10-14 06:15:00,,"Tomato Sauce, Salt and Pepper",,,,,0.0
7445,408,2,0.0,13.5,Toasted Roll,1,Kitchen,8.0,2,BACON-EGG-CHEESE,8.0,2020-09-24 06:12:43,,"Tomato Sauce, Salt and Pepper",,,,,0.0
7411,408,2,0.0,13.5,Toasted Roll,1,Kitchen,8.0,2,BACON-EGG-CHEESE,8.0,2020-09-23 06:01:00,,"Tomato Sauce, Salt and Pepper",,,,,0.0
7279,408,2,0.0,13.5,Toasted Roll,1,Kitchen,8.0,2,BACON-EGG-CHEESE,8.0,2020-09-18 06:15:00,,"Tomato Sauce, Salt and Pepper",,,,,0.0
7254,408,2,0.0,13.5,Toasted Roll,1,Kitchen,8.0,2,BACON-EGG-CHEESE,8.0,2020-09-17 06:06:26,,"Tomato Sauce, Salt and Pepper",,,,,0.0
7235,408,2,0.0,13.5,Toasted Roll,1,Kitchen,8.0,2,BACON-EGG-CHEESE,8.0,2020-09-16 07:30:00,,"Tomato Sauce, Salt and Pepper",,,,,0.0
7202,408,2,0.0,13.5,Toasted Roll,1,Kitchen,8.0,2,BACON-EGG-CHEESE,8.0,2020-09-15 06:00:21,,"Tomato Sauce, Salt and Pepper",,,,,0.0
7173,408,2,0.0,13.5,Toasted Roll,1,Kitchen,8.0,2,BACON-EGG-CHEESE,8.0,2020-09-14 06:15:00,,"Tomato Sauce, Salt and Pepper",,,,,0.0
7093,408,2,0.0,13.5,Toasted Roll,1,Kitchen,8.0,2,BACON-EGG-CHEESE,8.0,2020-09-11 05:53:55,,"Tomato Sauce, Salt and Pepper",,,,,0.0
7043,408,2,0.0,13.5,Toasted Roll,1,Kitchen,8.0,2,BACON-EGG-CHEESE,8.0,2020-09-09 06:09:52,,"Tomato Sauce, Salt and Pepper",,,,,0.0
6900,408,2,0.0,13.5,Toasted Roll,1,Kitchen,8.0,2,BACON-EGG-CHEESE,8.0,2020-09-04 07:15:00,,"Tomato Sauce, Salt and Pepper",,,,,0.0
6820,408,2,0.0,13.5,Toasted Roll,1,Kitchen,8.0,2,BACON-EGG-CHEESE,8.0,2020-09-01 06:14:15,,"Tomato Sauce, Salt and Pepper",,,,,0.0
6525,408,1,0.0,13.5,Toasted Roll,1,Kitchen,8.0,2,BACON-EGG-CHEESE,8.0,2020-08-20 07:30:00,,Tomato Sauce,,,,,0.0
15562,666,2,0.0,13.5,Toasted Roll,1,Kitchen,7.0,2,BACON-EGG,7.0,2021-09-11 08:37:44,,Tomato Sauce,,,,,0.0
12533,666,2,0.0,13.5,Toasted Roll,1,Kitchen,7.0,2,BACON-EGG,7.0,2021-05-15 09:03:32,,Tomato Sauce,,,,,0.0
11554,666,2,0.0,13.5,Toasted Roll,1,Kitchen,7.0,2,BACON-EGG,7.0,2021-04-01 08:13:53,,Tomato Sauce,,,,,0.0
17897,161,2,0.0,13.5,Toasted Roll,1,Kitchen,8.0,2,BACON-EGG-CHEESE,8.0,2021-12-01 06:02:37,,"BBQ Sauce, Salt and Pepper",,,,,0.0
20648,421,0,0.0,13.5,Eggs and Bacon,1,Kitchen,13.5,1,POACHED,11.0,2022-04-02 07:30:00,Gluten Free,,,,,,2.5
15944,421,2,0.0,13.5,Toastie,1,Kitchen,7.0,2,BACON-EGG,7.0,2021-09-24 07:22:49,Dark Rye,BBQ Sauce,,,,,0.0
10393,421,2,0.0,13.5,Toastie,1,Kitchen,7.0,2,BACON-EGG,7.0,2021-02-03 07:38:57,Multigrain,BBQ Sauce,,,,,0.0
9756,421,2,0.0,13.5,Toastie,1,Kitchen,7.0,2,BACON-EGG,7.0,2020-12-23 07:56:41,White,BBQ Sauce,,,,,0.0
9601,421,2,0.0,13.5,Toasted Roll,1,Kitchen,7.0,2,BACON-EGG,7.0,2020-12-16 08:00:50,,BBQ Sauce,,,,,0.0
22809,422,2,0.0,13.5,Toasted Roll,1,Kitchen,8.0,2,BACON-EGG-CHEESE,8.0,2022-06-22 10:41:43,,"Tomato Sauce, Salt and Pepper",,,,,0.0
22314,422,2,0.0,13.5,Toasted Roll,1,Kitchen,8.0,2,BACON-EGG-CHEESE,8.0,2022-06-03 08:30:00,,"Tomato Sauce, Salt and Pepper",,,,,0.0
21648,422,2,0.0,13.5,Toasted Roll,1,Kitchen,8.0,2,BACON-EGG-CHEESE,8.0,2022-05-10 07:35:17,,"Tomato Sauce, Salt and Pepper",,,,,0.0
21310,422,2,0.0,13.5,Toasted Roll,1,Kitchen,8.0,2,BACON-EGG-CHEESE,8.0,2022-04-28 08:20:02,,"Tomato Sauce, Salt and Pepper",,,,,0.0
21067,422,2,0.0,13.5,Toasted Roll,1,Kitchen,8.0,2,BACON-EGG-CHEESE,8.0,2022-04-19 07:50:30,,"Tomato Sauce, Salt and Pepper",,,,,0.0
19026,422,2,0.0,13.5,Toasted Roll,1,Kitchen,8.0,2,BACON-EGG-CHEESE,8.0,2022-01-31 07:14:11,,"Tomato Sauce, Salt and Pepper",,,,,0.0
15872,422,2,0.0,13.5,Toasted Roll,1,Kitchen,8.0,2,BACON-EGG-CHEESE,8.0,2021-09-21 09:15:32,,"Tomato Sauce, Salt and Pepper",,,,,0.0
15704,422,2,0.0,13.5,Toasted Roll,1,Kitchen,8.0,2,BACON-EGG-CHEESE,8.0,2021-09-16 06:30:00,,"Tomato Sauce, Salt and Pepper",,,,,0.0
15431,422,2,0.0,13.5,Toasted Roll,1,Kitchen,8.0,2,BACON-EGG-CHEESE,8.0,2021-09-06 09:40:24,,"Tomato Sauce, Salt and Pepper",,,,,0.0
15017,422,2,0.0,13.5,Toasted Roll,1,Kitchen,8.0,2,BACON-EGG-CHEESE,8.0,2021-08-23 09:49:43,,"Tomato Sauce, Salt and Pepper",,,,,0.0
14846,422,2,0.0,13.5,Toasted Roll,1,Kitchen,8.0,2,BACON-EGG-CHEESE,8.0,2021-08-17 07:48:09,,"Tomato Sauce, Salt and Pepper",,,,,0.0
14466,422,2,0.0,13.5,Toasted Roll,1,Kitchen,8.0,2,BACON-EGG-CHEESE,8.0,2021-08-02 09:15:15,,"Tomato Sauce, Salt and Pepper",,,,,0.0
13112,422,2,0.0,13.5,Toasted Roll,1,Kitchen,8.0,2,BACON-EGG-CHEESE,8.0,2021-06-07 10:38:23,,"Tomato Sauce, Salt and Pepper",,,,,0.0
11335,422,2,0.0,13.5,Toasted Roll,1,Kitchen,8.0,2,BACON-EGG-CHEESE,8.0,2021-03-22 10:14:00,,"Tomato Sauce, Salt and Pepper",,,,,0.0
9829,422,2,0.0,13.5,Toasted Roll,1,Kitchen,8.0,2,BACON-EGG-CHEESE,8.0,2021-01-04 10:23:56,,"Tomato Sauce, Salt and Pepper",,,,,0.0
8825,422,2,0.0,13.5,Toasted Roll,1,Kitchen,8.0,2,BACON-EGG-CHEESE,8.0,2020-11-12 10:17:28,,"Tomato Sauce, Salt and Pepper",,,,,0.0
8762,422,2,0.0,13.5,Toasted Roll,1,Kitchen,8.0,2,BACON-EGG-CHEESE,8.0,2020-11-10 08:23:27,,"Tomato Sauce, Salt and Pepper",,,,,0.0
8568,422,2,0.0,13.5,Toasted Roll,1,Kitchen,8.0,2,BACON-EGG-CHEESE,8.0,2020-11-02 09:55:35,,"Tomato Sauce, Salt and Pepper",,,,,0.0
27757,426,2,0.0,13.5,Toasted Roll,1,Kitchen,10.5,2,BACON-EGG-CHEESE,9.0,2022-12-15 08:36:34,,"Avocado, Salt and Pepper",,,,,1.5
23615,1194,2,0.0,13.5,Toasted Roll,1,Kitchen,8.0,2,BACON-EGG-CHEESE,8.0,2022-07-24 09:30:00,,Tomato Sauce,,,,,0.0
31673,175,2,0.0,13.5,Toastie,1,Kitchen,8.5,2,BACON-EGG,8.5,2023-05-10 09:03:28,White,Tomato Sauce,,,,,0.0
29353,721,2,0.0,13.5,Toasted Roll,1,Kitchen,8.5,2,BACON-EGG,8.5,2023-02-24 07:32:08,,"Tomato Sauce, Salt and Pepper",,,,,0.0
17384,999,2,0.0,13.5,Toasted Roll,1,Kitchen,8.0,2,BACON-EGG-CHEESE,8.0,2021-11-12 08:30:00,,BBQ Sauce,,,,,0.0
8991,509,2,0.0,13.5,Toastie,1,Kitchen,9.0,2,HAM-CHEESE,7.0,2020-11-20 10:11:24,Multigrain,Hash Brown,,,,,2.0
8874,521,2,0.0,26.3,Toasted Roll,1,Kitchen,10.4,3,CHICKEN-SCHNITZEL-CHEESE-LETTUCE,8.4,2020-11-14 15:15:00,,"BBQ Sauce, Hash Brown",,,,,2.0
19676,10,2,0.0,26.3,Eggs and Bacon,1,Kitchen,11.0,2,SCRAMBLED,11.0,2022-02-24 08:55:04,White,,,,,,0.0
14082,803,2,0.0,26.3,Toasted Roll,1,Kitchen,8.0,3,BACON-EGG-CHEESE,8.0,2021-07-17 13:29:18,,Tomato Sauce,,,,,0.0
14082,803,2,0.0,26.3,Toasted Roll,1,Kitchen,8.0,4,BACON-EGG-CHEESE,8.0,2021-07-17 13:29:18,,Tomato Sauce,,,,,0.0
4106,44,2,0.0,26.3,Toasted Roll,1,Kitchen,7.0,4,BACON-EGG,7.0,2020-01-24 08:30:08,,Tomato Sauce,,,,,0.0
27961,1073,2,0.0,26.3,Toasted Roll,1,Kitchen,11.0,2,BACON-EGG-CHEESE,9.0,2022-12-22 06:54:59,,"BBQ Sauce, Hash Brown",,,,,2.0
27961,1073,2,0.0,26.3,Toasted Roll,1,Kitchen,11.0,3,BACON-EGG-CHEESE,9.0,2022-12-22 06:54:59,,"BBQ Sauce, Hash Brown",,,,,2.0
23299,341,2,0.0,26.3,Toastie,1,Kitchen,8.5,4,BACON-CHEESE,7.0,2022-07-11 11:48:28,White,Avocado,,,,,1.5
23299,341,2,0.0,26.3,Toasted Roll,1,Kitchen,9.0,3,BACON-EGG,7.0,2022-07-11 11:48:28,,"BBQ Sauce, Hash Brown",,,,,2.0
15803,862,2,0.0,26.3,Toastie,1,Kitchen,8.0,3,HAM-CHEESE-TOMATO,8.0,2021-09-19 09:03:04,Dark Rye,Tomato Sauce,,,,,0.0
15803,862,2,0.0,26.3,Toastie,1,Kitchen,8.0,4,HAM-CHEESE-TOMATO,8.0,2021-09-19 09:03:04,Multigrain,Tomato Sauce,,,,,0.0
17988,916,2,0.0,26.3,Toastie,1,Kitchen,7.0,3,CHEESE-TOMATO,7.0,2021-12-04 09:48:52,Multigrain,Salt and Pepper,,,,,0.0
17988,916,2,0.0,26.3,Toastie,1,Kitchen,8.0,4,HAM-CHEESE-TOMATO,8.0,2021-12-04 09:48:52,White,Salt and Pepper,,,,,0.0
13299,408,2,0.0,26.3,Toastie,1,Kitchen,8.0,3,BACON-EGG-CHEESE,8.0,2021-06-14 09:11:02,White,Tomato Sauce,,,,,0.0
13299,408,2,0.0,26.3,Toastie,1,Kitchen,8.0,4,BACON-EGG-CHEESE,8.0,2021-06-14 09:11:02,White,Tomato Sauce,,,,,0.0
14398,422,2,0.0,26.3,Toasted Roll,1,Kitchen,8.0,3,BACON-EGG-CHEESE,8.0,2021-07-30 08:03:19,,"Tomato Sauce, Salt and Pepper",,,,,0.0
14398,422,2,0.0,26.3,Toasted Roll,1,Kitchen,8.0,4,BACON-EGG-CHEESE,8.0,2021-07-30 08:03:19,,"Tomato Sauce, Salt and Pepper",,,,,0.0
13422,422,2,0.0,26.3,Toasted Roll,1,Kitchen,8.0,3,BACON-EGG-CHEESE,8.0,2021-06-18 09:41:54,,"Tomato Sauce, Salt and Pepper",,,,,0.0
13422,422,2,0.0,26.3,Toasted Roll,1,Kitchen,8.0,4,BACON-EGG-CHEESE,8.0,2021-06-18 09:41:54,,"Tomato Sauce, Salt and Pepper",,,,,0.0
7466,475,2,0.0,26.3,Toasted Roll,1,Kitchen,7.0,4,BACON-EGG,7.0,2020-09-24 12:30:00,,BBQ Sauce,,,,,0.0
7466,475,2,0.0,26.3,Toasted Roll,1,Kitchen,7.0,5,BACON-EGG,7.0,2020-09-24 12:30:00,,BBQ Sauce,,,,,0.0
6273,207,2,0.0,39.1,Build Your Own Breakfast,1,Kitchen,18.9,2,POACHED,7.9,2020-08-09 08:00:00,Dark Rye,"Hollandaise, Hash Brown, Sauteed Mushrooms, Avocado",,,,,10.999999999999998
6273,207,2,0.0,39.1,Big Breakfast,1,Kitchen,20.2,1,POACHED,16.2,2020-08-09 08:00:00,Sourdough,Hollandaise,,,,,4.0
20835,1127,2,0.0,64.7,Toasted Roll,1,Kitchen,8.0,4,BACON-EGG-CHEESE,8.0,2022-04-08 10:46:24,,BBQ Sauce,,,,,0.0
20835,1127,2,0.0,64.7,Big Breakfast,1,Kitchen,17.2,1,SCRAMBLED,17.2,2022-04-08 10:46:24,White,Hollandaise,,,,,0.0
18160,1036,2,0.0,8.4,Toastie,1,Kitchen,8.4,1,CHICKEN-SCHNITZEL-CHEESE-LETTUCE,8.4,2021-12-10 13:39:10,White,Tomato Sauce,,,,,0.0
39709,1536,2,0.0,21.2,Hot Potatoes,1,Kitchen,15.9,1,COLESLAW,12.9,2024-02-05 12:01:36,,Bacon,,,,,3.0
13297,13,2,0.0,21.2,Toastie,1,Kitchen,8.0,4,BACON-EGG-CHEESE,8.0,2021-06-14 08:34:42,White,"Tomato Sauce, Salt and Pepper",,,,,0.0
15600,276,2,0.0,21.2,Toastie,1,Kitchen,8.0,4,BACON-EGG-CHEESE,8.0,2021-09-12 09:57:13,White,BBQ Sauce,,,,,0.0
33029,69,2,0.0,21.2,Toasted Roll,1,Kitchen,12.0,3,BACON-EGG,8.5,2023-06-23 09:09:29,,"Tomato Sauce, Avocado, Hash Brown",,,,,3.5
33029,69,2,0.0,21.2,Muffin,1,Kitchen,3.9,2,RASPBERRY-WHITECHOC,3.9,2023-06-23 09:09:29,,,Yes,,,,0.0
39637,862,2,0.0,21.2,Toastie,1,Kitchen,10.5,3,HAM-CHEESE-TOMATO,10.5,2024-02-03 08:06:47,Multigrain,Tomato Sauce,,,,,0.0
20750,613,2,0.0,21.2,Toastie,1,Kitchen,7.0,4,BACON-EGG,7.0,2022-04-06 06:37:50,White,Tomato Sauce,,,,,0.0
36773,1639,2,0.0,21.2,Build Your Own Breakfast,1,Kitchen,21.2,1,POACHED,10.2,2023-10-18 14:22:01,Multigrain,"Bacon, Hollandaise, Smashed Avo and Feta",,,,,11.0
35281,1395,2,0.0,21.2,Toasted Roll,1,Kitchen,14.0,2,CHICKEN-SCHNITZEL-CHEESE-LETTUCE,12.5,2023-09-02 13:00:00,,Avocado,,,,,1.5
25572,973,2,0.0,21.2,Muffin,1,Kitchen,3.9,4,APPLE-CINNAMON,3.9,2022-10-01 09:03:41,,,Yes,,,,0.0
25003,973,2,0.0,21.2,Muffin,1,Kitchen,3.9,4,APPLE-CINNAMON,3.9,2022-09-10 08:00:49,,,No,,,,0.0
34925,1255,2,0.0,21.2,Build Your Own Breakfast,1,Kitchen,21.2,1,SCRAMBLED,10.2,2023-08-22 13:54:48,White,"Extra Egg, Bacon, Avocado, Baked Beans",,,,,11.0
28046,234,2,0.0,21.2,Muffin,1,Kitchen,3.9,4,CHOC-MUD,3.9,2023-01-05 09:54:00,,,Yes,,,,0.0
4725,244,2,0.0,21.2,Toastie,1,Kitchen,7.0,5,BACON-EGG,7.0,2020-05-03 09:10:30,White,Tomato Sauce,,,,,0.0
14411,833,2,0.0,34.0,Toasted Roll,1,Kitchen,10.0,3,BACON-EGG-CHEESE,8.0,2021-07-31 07:36:20,,"Tomato Sauce, BBQ Sauce, Hash Brown",,,,,2.0
14411,833,2,0.0,34.0,Toasted Roll,1,Kitchen,10.0,4,BACON-EGG-CHEESE,8.0,2021-07-31 07:36:20,,"Tomato Sauce, BBQ Sauce, Hash Brown",,,,,2.0
6433,397,2,0.0,34.0,Eggs and Bacon,1,Kitchen,10.4,2,SCRAMBLED,10.4,2020-08-15 10:15:00,White,,,,,,0.0
31554,189,2,0.0,34.0,Toastie,1,Kitchen,10.5,4,BACON-EGG-CHEESE,9.5,2023-05-07 08:17:21,Sourdough,Tomato Sauce,,,,,1.0
31554,189,2,0.0,34.0,Toastie,1,Kitchen,9.5,5,BACON-EGG-CHEESE,9.5,2023-05-07 08:17:21,White,Tomato Sauce,,,,,0.0
37360,1577,2,0.0,46.8,Toasted Roll,1,Kitchen,11.0,3,BACON-EGG,9.0,2023-11-06 09:37:20,,"Tomato Sauce, Hash Brown",,,,,2.0
37360,1577,2,0.0,46.8,Toasted Roll,2,Kitchen,24.0,4,BACON-EGG-CHEESE,10.0,2023-11-06 09:37:20,,Hash Brown,,,,,2.0
22696,887,2,0.0,46.8,Toasted Roll,1,Kitchen,8.0,5,BACON-EGG-CHEESE,8.0,2022-06-18 08:29:11,,Salt and Pepper,,,,,0.0
22696,887,2,0.0,46.8,Toasted Roll,1,Kitchen,8.0,6,BACON-EGG-CHEESE,8.0,2022-06-18 08:29:11,,Salt and Pepper,,,,,0.0
22696,887,2,0.0,46.8,Toasted Roll,1,Kitchen,8.0,7,BACON-EGG-CHEESE,8.0,2022-06-18 08:29:11,,Salt and Pepper,,,,,0.0
22696,887,2,0.0,46.8,Toasted Roll,1,Kitchen,8.0,8,BACON-EGG-CHEESE,8.0,2022-06-18 08:29:11,,Salt and Pepper,,,,,0.0
17625,1015,2,0.0,46.8,Big Breakfast,1,Kitchen,18.7,3,FRIED,16.7,2021-11-20 10:05:38,White,Extra Egg,,,,,2.0
17625,1015,2,0.0,46.8,Build Your Own Breakfast,1,Kitchen,13.9,4,SCRAMBLED,7.9,2021-11-20 10:05:38,White,"Bacon, Baked Beans",,,,,6.0
18963,906,2,0.0,59.6,Toastie,1,Kitchen,8.0,8,BACON-EGG-CHEESE,8.0,2022-01-28 13:17:52,White,BBQ Sauce,,,,,0.0
30705,585,2,3.79,41.69,Toasted Roll,1,Kitchen,11.5,6,BACON-EGG-CHEESE,9.5,2023-04-08 10:44:45,,"Tomato Sauce, BBQ Sauce, Hash Brown, Salt and Pepper",,,,,2.0
30705,585,2,3.79,41.69,Croissant,1,Kitchen,8.5,3,CHEESE-TOMATO,8.5,2023-04-08 10:44:45,,Salt and Pepper,,,,,0.0
31729,260,2,0.0,16.1,Toasted Roll,1,Kitchen,11.5,2,BACON-EGG-CHEESE,9.5,2023-05-12 07:38:57,,Hash Brown,,,,,2.0
31946,1290,2,0.0,16.1,Toastie,1,Kitchen,11.5,2,HAM-CHEESE-TOMATO,9.5,2023-05-19 07:52:26,White,Hash Brown,,,,,2.0
31401,1290,2,0.0,16.1,Toastie,1,Kitchen,11.5,2,HAM-CHEESE-TOMATO,9.5,2023-05-02 11:39:46,Multigrain,Hash Brown,,,,,2.0
32826,1035,2,0.0,16.1,Toasted Roll,1,Kitchen,11.5,2,BACON-EGG-CHEESE,9.5,2023-06-16 09:16:00,,"Tomato Sauce, Hash Brown, Salt and Pepper",,,,,2.0
8187,62,2,0.0,16.1,Eggs and Bacon,1,Kitchen,10.4,1,SCRAMBLED,10.4,2020-10-20 08:56:09,Dark Rye,,,,,,0.0
17277,613,2,0.0,16.1,Toastie,1,Kitchen,7.0,3,HAM-CHEESE,7.0,2021-11-08 11:48:56,White,Tomato Sauce,,,,,0.0
9848,127,2,0.0,16.1,Toastie,1,Kitchen,7.0,3,HAM-CHEESE,7.0,2021-01-05 08:41:28,Multigrain,Tomato Sauce,,,,,0.0
28007,145,2,0.0,16.1,Toasted Roll,1,Kitchen,11.0,2,BACON-EGG-CHEESE,9.0,2022-12-23 09:55:36,,"BBQ Sauce, Hash Brown",,,,,2.0
25586,1178,2,0.0,16.1,Toasted Roll,1,Kitchen,8.0,3,BACON-EGG,8.0,2022-10-01 10:53:22,,BBQ Sauce,,,,,0.0
24947,1178,2,0.0,16.1,Toasted Roll,1,Kitchen,8.0,3,BACON-EGG,8.0,2022-09-08 08:30:00,,BBQ Sauce,,,,,0.0
24676,1178,2,0.0,16.1,Toasted Roll,1,Kitchen,8.0,3,BACON-EGG,8.0,2022-08-30 09:50:09,,BBQ Sauce,,,,,0.0
24115,1178,2,0.0,16.1,Toasted Roll,1,Kitchen,8.0,3,BACON-EGG,8.0,2022-08-09 10:00:09,,BBQ Sauce,,,,,0.0
33449,670,2,0.0,16.1,Toasted Roll,1,Kitchen,11.5,2,BACON-EGG-CHEESE,9.5,2023-07-07 09:21:10,,"Tomato Sauce, Hash Brown",,,,,2.0
33235,670,2,0.0,16.1,Toasted Roll,1,Kitchen,11.5,2,BACON-EGG-CHEESE,9.5,2023-06-30 07:43:33,,"Tomato Sauce, Hash Brown",,,,,2.0
33027,670,2,0.0,16.1,Toasted Roll,1,Kitchen,11.5,2,BACON-EGG-CHEESE,9.5,2023-06-23 09:03:10,,"Tomato Sauce, Hash Brown",,,,,2.0
32825,670,2,0.0,16.1,Toasted Roll,1,Kitchen,11.5,2,BACON-EGG-CHEESE,9.5,2023-06-16 08:53:27,,"Tomato Sauce, Hash Brown",,,,,2.0
32393,670,2,0.0,16.1,Toasted Roll,1,Kitchen,11.5,2,BACON-EGG-CHEESE,9.5,2023-06-02 08:41:13,,"Tomato Sauce, Hash Brown",,,,,2.0
31950,670,2,0.0,16.1,Toasted Roll,1,Kitchen,11.5,2,BACON-EGG-CHEESE,9.5,2023-05-19 08:08:10,,"Tomato Sauce, Hash Brown",,,,,2.0
31734,670,2,0.0,16.1,Toasted Roll,1,Kitchen,11.5,2,BACON-EGG-CHEESE,9.5,2023-05-12 07:53:11,,"Tomato Sauce, Hash Brown",,,,,2.0
31490,670,2,0.0,16.1,Toasted Roll,1,Kitchen,11.5,2,BACON-EGG-CHEESE,9.5,2023-05-05 08:26:23,,"Tomato Sauce, Hash Brown",,,,,2.0
31047,670,2,0.0,16.1,Toasted Roll,1,Kitchen,11.5,2,BACON-EGG-CHEESE,9.5,2023-04-21 09:10:28,,"Tomato Sauce, Hash Brown",,,,,2.0
30835,670,2,0.0,16.1,Toasted Roll,1,Kitchen,11.5,2,BACON-EGG-CHEESE,9.5,2023-04-14 09:21:42,,"Tomato Sauce, Hash Brown",,,,,2.0
30455,670,2,0.0,16.1,Toasted Roll,1,Kitchen,11.5,2,BACON-EGG-CHEESE,9.5,2023-03-31 08:48:15,,"Tomato Sauce, Hash Brown",,,,,2.0
30245,670,2,0.0,16.1,Toasted Roll,1,Kitchen,11.5,2,BACON-EGG-CHEESE,9.5,2023-03-24 08:56:38,,"Tomato Sauce, Hash Brown",,,,,2.0
30031,670,2,0.0,16.1,Toasted Roll,1,Kitchen,11.5,2,BACON-EGG-CHEESE,9.5,2023-03-17 08:46:37,,"Tomato Sauce, Hash Brown",,,,,2.0
30030,670,9,0.0,16.1,Toasted Roll,1,Kitchen,11.5,2,BACON-EGG-CHEESE,9.5,2023-03-17 08:43:38,,"Tomato Sauce, Hash Brown",,,,,2.0
29816,670,2,0.0,16.1,Toasted Roll,1,Kitchen,11.5,2,BACON-EGG-CHEESE,9.5,2023-03-10 08:59:19,,"Tomato Sauce, Hash Brown",,,,,2.0
29363,670,2,0.0,16.1,Toasted Roll,1,Kitchen,11.5,2,BACON-EGG-CHEESE,9.5,2023-02-24 08:26:40,,"Tomato Sauce, Hash Brown",,,,,2.0
28951,670,2,0.0,16.1,Toasted Roll,1,Kitchen,11.5,2,BACON-EGG-CHEESE,9.5,2023-02-10 06:45:56,,"Tomato Sauce, Hash Brown",,,,,2.0
28766,670,2,0.0,16.1,Toasted Roll,1,Kitchen,11.5,2,BACON-EGG-CHEESE,9.5,2023-02-03 08:28:00,,"Tomato Sauce, Hash Brown",,,,,2.0
28419,670,2,0.0,16.1,Toasted Roll,1,Kitchen,11.5,2,BACON-EGG-CHEESE,9.5,2023-01-20 09:01:30,,"Tomato Sauce, Hash Brown",,,,,2.0
28238,670,2,0.0,16.1,Toasted Roll,1,Kitchen,11.5,2,BACON-EGG-CHEESE,9.5,2023-01-13 07:59:51,,"Tomato Sauce, Hash Brown",,,,,2.0
28061,670,2,0.0,16.1,Toasted Roll,1,Kitchen,11.5,2,BACON-EGG-CHEESE,9.5,2023-01-06 07:38:32,,"Tomato Sauce, Hash Brown",,,,,2.0
6936,161,2,0.0,16.1,Toasted Roll,1,Kitchen,7.0,3,BACON-EGG,7.0,2020-09-05 08:39:21,,"BBQ Sauce, Salt and Pepper",,,,,0.0
4914,182,2,0.0,16.1,Toasted Roll,1,Kitchen,7.0,3,BACON-EGG,7.0,2020-05-17 09:30:00,,"Tomato Sauce, BBQ Sauce",,,,,0.0
30184,725,2,0.0,16.1,Toasted Roll,1,Kitchen,8.5,2,BACON-EGG,8.5,2023-03-22 09:21:18,,Tomato Sauce,,,,,0.0
4998,231,10,0.0,16.1,Toastie,1,Kitchen,7.0,3,CHEESE-TOMATO,7.0,2020-05-23 07:48:54,Multigrain,Tomato Sauce,,,,,0.0
7249,255,2,0.0,16.1,Toastie,1,Kitchen,8.0,3,BACON-EGG,7.0,2020-09-16 13:00:00,Sourdough,Salt and Pepper,,,,,1.0
10986,12,2,0.0,28.9,Toastie,1,Kitchen,8.4,3,CHICKEN-SCHNITZEL-CHEESE-LETTUCE,8.4,2021-03-05 12:14:49,White,Tomato Sauce,,,,,0.0
10986,12,2,0.0,28.9,Toastie,1,Kitchen,8.0,4,HAM-CHEESE-TOMATO,8.0,2021-03-05 12:14:49,White,Salt and Pepper,,,,,0.0
15348,839,2,0.0,28.9,Croissant,1,Kitchen,9.0,2,BACON-EGG-CHEESE,9.0,2021-09-04 07:30:00,,Salt and Pepper,,,,,0.0
36857,862,2,0.0,28.9,Toastie,1,Kitchen,10.5,3,HAM-CHEESE-TOMATO,10.5,2023-10-21 08:40:34,Multigrain,Tomato Sauce,,,,,0.0
18556,936,2,0.0,28.9,Toasted Roll,1,Kitchen,10.0,3,BACON-EGG-CHEESE,8.0,2022-01-09 11:15:00,,"Tomato Sauce, Hash Brown, Salt and Pepper",,,,,2.0
18556,936,2,0.0,28.9,Toasted Roll,1,Kitchen,10.0,4,BACON-EGG-CHEESE,8.0,2022-01-09 11:15:00,,"Tomato Sauce, Hash Brown, Salt and Pepper",,,,,2.0
32416,973,2,0.0,28.9,Muffin,1,Kitchen,3.9,4,APPLE-CINNAMON,3.9,2023-06-03 09:16:35,,,Yes,,,,0.0
32416,973,2,0.0,28.9,Muffin,1,Kitchen,3.9,5,ORANGE-POPPYSEED,3.9,2023-06-03 09:16:35,,,Yes,,,,0.0
40409,1253,2,0.0,28.9,Toasted Roll,1,Kitchen,11.0,2,BACON-EGG,9.0,2024-02-28 09:20:42,,Hash Brown,,,,,2.0
40409,1253,2,0.0,28.9,Toasted Roll,1,Kitchen,10.0,3,BACON-EGG-CHEESE,10.0,2024-02-28 09:20:42,,Tomato Sauce,,,,,0.0
39543,1253,2,0.0,28.9,Toasted Roll,1,Kitchen,10.0,2,BACON-EGG-CHEESE,10.0,2024-01-30 10:26:27,,Tomato Sauce,,,,,0.0
39543,1253,2,0.0,28.9,Toasted Roll,1,Kitchen,11.0,3,BACON-EGG,9.0,2024-01-30 10:26:27,,Hash Brown,,,,,2.0
35711,1253,2,0.0,28.9,Toasted Roll,1,Kitchen,11.0,2,BACON-EGG,9.0,2023-09-15 10:27:50,,Hash Brown,,,,,2.0
35711,1253,2,0.0,28.9,Toasted Roll,1,Kitchen,10.0,3,BACON-EGG-CHEESE,10.0,2023-09-15 10:27:50,,Tomato Sauce,,,,,0.0
35373,1253,2,0.0,28.9,Toasted Roll,1,Kitchen,11.0,2,BACON-EGG,9.0,2023-09-05 10:07:03,,Hash Brown,,,,,2.0
35373,1253,2,0.0,28.9,Toasted Roll,1,Kitchen,10.0,3,BACON-EGG-CHEESE,10.0,2023-09-05 10:07:03,,Tomato Sauce,,,,,0.0
34262,1253,2,0.0,28.9,Toasted Roll,1,Kitchen,10.0,2,BACON-EGG-CHEESE,10.0,2023-08-01 10:07:36,,Tomato Sauce,,,,,0.0
34262,1253,2,0.0,28.9,Toasted Roll,1,Kitchen,11.0,3,BACON-EGG,9.0,2023-08-01 10:07:36,,Hash Brown,,,,,2.0
12980,742,2,0.0,28.9,Toastie,1,Kitchen,10.5,6,BACON-CHEESE,7.0,2021-06-02 12:12:07,Multigrain,"Avocado, Hash Brown, Salt and Pepper",,,,,3.5
37363,1255,2,0.0,28.9,Toasted Roll,1,Kitchen,10.0,2,BACON-EGG-CHEESE,10.0,2023-11-06 11:44:02,,BBQ Sauce,,,,,0.0
4817,250,10,0.0,28.9,Toasted Roll,1,Kitchen,7.0,4,BACON-EGG,7.0,2020-05-10 10:15:00,,"BBQ Sauce, Salt and Pepper",,,,,0.0
4817,250,10,0.0,28.9,Toasted Roll,1,Kitchen,8.0,5,BACON-EGG-CHEESE,8.0,2020-05-10 10:15:00,,"BBQ Sauce, Salt and Pepper",,,,,0.0
13266,766,2,0.0,28.9,Big Breakfast,1,Kitchen,20.7,1,FRIED,16.7,2021-06-13 09:00:00,Multigrain,"Extra Egg, Hash Brown",,,,,4.0
24436,873,2,0.0,41.7,Big Breakfast,1,Kitchen,19.2,1,POACHED,18.2,2022-08-21 11:11:36,Sourdough,Hollandaise,,,,,1.0
5614,275,2,0.0,11.0,Toasted Roll,1,Kitchen,7.0,2,BACON-EGG,7.0,2020-07-07 08:08:10,,Tomato Sauce,,,,,0.0
23834,1049,2,0.0,11.0,Toasted Roll,1,Kitchen,11.0,1,BACON-EGG-CHEESE,9.0,2022-07-31 08:37:24,,Hash Brown,,,,,2.0
24222,1055,2,0.0,11.0,Toasted Roll,1,Kitchen,11.0,1,BACON-EGG-CHEESE,9.0,2022-08-14 07:01:17,,"Hash Brown, Salt and Pepper",,,,,2.0
40357,1569,2,0.0,11.0,Croissant,1,Kitchen,11.0,1,HAM-CHEESE-TOMATO,11.0,2024-02-26 12:42:08,,Salt and Pepper,,,,,0.0
9428,570,2,0.0,11.0,Toastie,1,Kitchen,7.0,2,CHEESE-TOMATO,7.0,2020-12-08 10:30:00,White,Tomato Sauce,,,,,0.0
30156,1148,2,0.0,11.0,Muffin,1,Kitchen,3.9,3,RASPBERRY-WHITECHOC,3.9,2023-03-21 09:20:01,,,No,,,,0.0
18431,127,2,0.0,11.0,Toastie,1,Kitchen,7.0,2,HAM-CHEESE,7.0,2021-12-21 08:50:30,Multigrain,Tomato Sauce,,,,,0.0
18594,421,2,0.0,11.0,Build Your Own Breakfast,1,Kitchen,11.0,1,POACHED,8.0,2022-01-11 07:54:22,Dark Rye,Bacon,,,,,3.0
38604,435,2,0.0,11.0,Toasted Roll,1,Kitchen,11.0,1,BACON-EGG,9.0,2023-12-16 10:34:45,,"Tomato Sauce, Hash Brown",,,,,2.0
8555,231,2,0.0,11.0,Toastie,1,Kitchen,6.0,2,CHEESE,6.0,2020-11-02 06:48:23,Multigrain,Tomato Sauce,,,,,0.0
7342,231,2,0.0,11.0,Toastie,1,Kitchen,6.0,2,CHEESE,6.0,2020-09-20 08:30:11,Multigrain,Tomato Sauce,,,,,0.0
28006,234,0,0.0,11.0,Toasted Roll,1,Kitchen,11.0,1,BACON-EGG-CHEESE,9.0,2022-12-23 09:52:58,,"Tomato Sauce, Hash Brown, Salt and Pepper",,,,,2.0
29324,13,2,0.0,23.8,Toasted Roll,1,Kitchen,9.5,4,BACON-EGG-CHEESE,9.5,2023-02-23 08:06:01,,"Tomato Sauce, Salt and Pepper",,,,,0.0
29324,13,2,0.0,23.8,Muffin,1,Kitchen,3.9,3,BLUEBERRY,3.9,2023-02-23 08:06:01,,,No,,,,0.0
16031,795,2,0.0,23.8,Toastie,1,Kitchen,6.0,4,BACON,6.0,2021-09-26 11:16:06,White,Tomato Sauce,,,,,0.0
20664,1073,2,0.0,23.8,Toastie,1,Kitchen,10.0,4,HAM-CHEESE-TOMATO,8.0,2022-04-02 10:38:07,White,Hash Brown,,,,,2.0
18508,69,2,0.0,23.8,Toasted Roll,1,Kitchen,10.5,2,BACON-EGG,7.0,2021-12-24 09:04:06,,"Tomato Sauce, Avocado, Hash Brown",,,,,3.5
18508,69,2,0.0,23.8,Toastie,1,Kitchen,9.0,3,BACON-EGG,7.0,2021-12-24 09:04:06,White,"Tomato Sauce, Hash Brown",,,,,2.0
19952,1098,2,0.0,23.8,Build Your Own Breakfast,1,Kitchen,13.0,1,POACHED,8.0,2022-03-05 10:47:38,White,Smashed Avo and Feta,,,,,5.0
18974,92,2,0.0,23.8,Toasted Roll,1,Kitchen,9.5,2,BACON-EGG-CHEESE,8.0,2022-01-29 08:22:17,,"Tomato Sauce, Avocado",,,,,1.5
18974,92,2,0.0,23.8,Toasted Roll,1,Kitchen,10.0,3,BACON-EGG-CHEESE,8.0,2022-01-29 08:22:17,,"BBQ Sauce, Hash Brown, Salt and Pepper",,,,,2.0
19714,888,2,0.0,23.8,Toastie,1,Kitchen,8.0,4,HAM-CHEESE-TOMATO,8.0,2022-02-25 15:45:00,Multigrain,Salt and Pepper,,,,,0.0
4394,165,10,0.0,23.8,Toasted Roll,1,Kitchen,8.0,4,BACON-EGG-CHEESE,8.0,2020-03-22 08:30:00,,"Tomato Sauce, Salt and Pepper",,,,,0.0
29825,231,0,0.0,23.8,Build Your Own Breakfast,1,Kitchen,15.2,1,SCRAMBLED,9.2,2023-03-11 07:17:02,White,"Bacon, Avocado",,,,,6.0
29824,231,0,0.0,23.8,Build Your Own Breakfast,1,Kitchen,15.2,1,SCRAMBLED,9.2,2023-03-11 07:13:58,White,"Bacon, Avocado",,,,,6.0
19603,788,2,0.0,36.6,Toasted Roll,1,Kitchen,10.0,3,BACON-EGG-CHEESE,8.0,2022-02-21 10:30:51,,"BBQ Sauce, Hash Brown",,,,,2.0
19603,788,2,0.0,36.6,Toasted Roll,1,Kitchen,10.0,4,BACON-EGG-CHEESE,8.0,2022-02-21 10:30:51,,"BBQ Sauce, Hash Brown",,,,,2.0
32824,620,2,0.0,36.6,Muffin,1,Kitchen,3.9,6,ORANGE-POPPYSEED,3.9,2023-06-16 09:15:00,,,No,,,,0.0
39693,1148,2,0.0,36.6,Croissant,1,Kitchen,8.5,1,CHEESE-TOMATO,8.5,2024-02-05 08:22:53,,Salt and Pepper,,,,,0.0
39693,1148,2,0.0,36.6,Muffin,1,Kitchen,4.5,5,RASPBERRY-WHITECHOC,4.5,2024-02-05 08:22:53,,,No,,,,0.0
18862,409,2,0.0,36.6,Toastie,1,Kitchen,8.0,4,BACON-EGG-CHEESE,8.0,2022-01-24 08:32:24,White,Tomato Sauce,,,,,0.0
18862,409,2,0.0,36.6,Toastie,1,Kitchen,8.0,5,BACON-EGG-CHEESE,8.0,2022-01-24 08:32:24,White,Tomato Sauce,,,,,0.0
18862,409,2,0.0,36.6,Toastie,1,Kitchen,8.0,6,BACON-EGG-CHEESE,8.0,2022-01-24 08:32:24,White,Tomato Sauce,,,,,0.0
14797,754,2,0.0,36.6,Toastie,1,Kitchen,7.0,5,HAM-CHEESE,7.0,2021-08-15 10:45:00,White,Tomato Sauce,,,,,0.0
14797,754,2,0.0,36.6,Toastie,1,Kitchen,7.0,6,HAM-CHEESE,7.0,2021-08-15 10:45:00,White,Tomato Sauce,,,,,0.0
37726,1551,2,0.0,49.4,(Main) Pasta,1,Kitchen,15.5,1,SPAGBOLG,15.5,2023-11-18 13:00:22,,,,,Spaghetti,,0.0
27608,408,2,0.0,49.4,Toastie,1,Kitchen,10.0,3,BACON-EGG-CHEESE,9.0,2022-12-11 07:20:02,Sourdough,Tomato Sauce,,,,,1.0
27608,408,2,0.0,49.4,Toastie,1,Kitchen,10.0,4,BACON-EGG-CHEESE,9.0,2022-12-11 07:20:02,Sourdough,Tomato Sauce,,,,,1.0
27608,408,2,0.0,49.4,Toastie,1,Kitchen,9.0,5,HAM-CHEESE,8.0,2022-12-11 07:20:02,Sourdough,Tomato Sauce,,,,,1.0
27608,408,2,0.0,49.4,Toastie,1,Kitchen,10.0,6,BACON-EGG-CHEESE,9.0,2022-12-11 07:20:02,Sourdough,Tomato Sauce,,,,,1.0
11157,645,2,0.0,62.2,Big Breakfast,1,Kitchen,19.7,1,SUNNY,16.7,2021-03-13 12:19:00,White,Hollandaise,,,,,3.0
35932,811,2,0.0,75.0,Acai Smoothie bowl (VO),1,Kitchen,20.5,1,REGULAR,19.5,2023-09-22 14:24:47,,peanut butter,,,,,1.0
31018,268,2,0.0,18.7,Muffin,1,Kitchen,3.9,4,CHOC-MUD,3.9,2023-04-20 09:51:31,,,Yes,,,,0.0
4009,13,2,0.0,18.7,Toasted Roll,1,Kitchen,7.0,3,BACON-EGG,7.0,2019-12-21 08:40:32,,"Tomato Sauce, Salt and Pepper",,,,,0.0
18506,551,2,0.0,18.7,Big Breakfast,1,Kitchen,18.7,1,POACHED,16.7,2021-12-24 08:47:26,White,Hash Brown,,,,,2.0
18400,69,2,0.0,18.7,Toasted Roll,1,Kitchen,10.5,3,BACON-EGG,7.0,2021-12-20 06:58:27,,"Tomato Sauce, Avocado, Hash Brown",,,,,3.5
18102,69,2,0.0,18.7,Toasted Roll,1,Kitchen,10.5,3,BACON-EGG,7.0,2021-12-09 06:52:21,,"Tomato Sauce, Avocado, Hash Brown",,,,,3.5
17876,69,2,0.0,18.7,Toasted Roll,1,Kitchen,10.5,3,BACON-EGG,7.0,2021-11-30 06:12:41,,"Tomato Sauce, Avocado, Hash Brown",,,,,3.5
17256,69,2,0.0,18.7,Toasted Roll,1,Kitchen,10.5,3,BACON-EGG,7.0,2021-11-08 06:58:07,,"Tomato Sauce, Avocado, Hash Brown",,,,,3.5
16782,69,2,0.0,18.7,Toasted Roll,1,Kitchen,10.5,3,BACON-EGG,7.0,2021-10-22 06:03:30,,"Tomato Sauce, Avocado, Hash Brown",,,,,3.5
16732,69,2,0.0,18.7,Toasted Roll,1,Kitchen,10.5,3,BACON-EGG,7.0,2021-10-20 06:23:41,,"Tomato Sauce, Avocado, Hash Brown",,,,,3.5
16523,69,2,0.0,18.7,Toasted Roll,1,Kitchen,10.5,3,BACON-EGG,7.0,2021-10-13 06:49:26,,"Tomato Sauce, Avocado, Hash Brown",,,,,3.5
16467,69,2,0.0,18.7,Toasted Roll,1,Kitchen,10.5,3,BACON-EGG,7.0,2021-10-11 06:37:33,,"Tomato Sauce, Avocado, Hash Brown",,,,,3.5
16301,69,2,0.0,18.7,Toasted Roll,1,Kitchen,10.5,3,BACON-EGG,7.0,2021-10-05 06:26:20,,"Tomato Sauce, Avocado, Hash Brown",,,,,3.5
16280,69,2,0.0,18.7,Toasted Roll,1,Kitchen,10.5,3,BACON-EGG,7.0,2021-10-04 07:30:10,,"Tomato Sauce, Avocado, Hash Brown",,,,,3.5
16142,69,2,0.0,18.7,Toasted Roll,1,Kitchen,10.5,3,BACON-EGG,7.0,2021-09-30 06:47:00,,"Tomato Sauce, Avocado, Hash Brown",,,,,3.5
16107,69,2,0.0,18.7,Toasted Roll,1,Kitchen,10.5,3,BACON-EGG,7.0,2021-09-29 06:54:17,,"Tomato Sauce, Avocado, Hash Brown",,,,,3.5
15829,69,2,0.0,18.7,Toasted Roll,1,Kitchen,10.5,3,BACON-EGG,7.0,2021-09-20 06:10:27,,"Tomato Sauce, Avocado, Hash Brown",,,,,3.5
15738,69,2,0.0,18.7,Toasted Roll,1,Kitchen,10.5,3,BACON-EGG,7.0,2021-09-17 07:29:29,,"Tomato Sauce, Avocado, Hash Brown",,,,,3.5
15650,69,2,0.0,18.7,Toasted Roll,1,Kitchen,10.5,3,BACON-EGG,7.0,2021-09-14 06:06:14,,"Tomato Sauce, Avocado, Hash Brown",,,,,3.5
15628,69,2,0.0,18.7,Toasted Roll,1,Kitchen,10.5,3,BACON-EGG,7.0,2021-09-13 07:29:37,,"Tomato Sauce, Avocado, Hash Brown",,,,,3.5
15265,69,2,0.0,18.7,Toasted Roll,1,Kitchen,10.5,3,BACON-EGG,7.0,2021-09-01 06:20:48,,"Tomato Sauce, Avocado, Hash Brown",,,,,3.5
15116,69,2,0.0,18.7,Toasted Roll,1,Kitchen,10.5,3,BACON-EGG,7.0,2021-08-27 06:36:29,,"Tomato Sauce, Avocado, Hash Brown",,,,,3.5
15091,69,2,0.0,18.7,Toasted Roll,1,Kitchen,10.5,3,BACON-EGG,7.0,2021-08-26 06:46:35,,"Tomato Sauce, Avocado, Hash Brown",,,,,3.5
15031,69,2,0.0,18.7,Toasted Roll,1,Kitchen,10.5,3,BACON-EGG,7.0,2021-08-24 06:31:40,,"Tomato Sauce, Avocado, Hash Brown",,,,,3.5
14813,69,2,0.0,18.7,Toasted Roll,1,Kitchen,10.5,3,BACON-EGG,7.0,2021-08-16 06:50:13,,"Tomato Sauce, Avocado, Hash Brown",,,,,3.5
14714,69,2,0.0,18.7,Toasted Roll,1,Kitchen,10.5,3,BACON-EGG,7.0,2021-08-12 06:37:41,,"Tomato Sauce, Avocado, Hash Brown",,,,,3.5
14667,69,2,0.0,18.7,Toasted Roll,1,Kitchen,10.5,3,BACON-EGG,7.0,2021-08-10 06:27:40,,"Tomato Sauce, Avocado, Hash Brown",,,,,3.5
14638,69,2,0.0,18.7,Toasted Roll,1,Kitchen,10.5,3,BACON-EGG,7.0,2021-08-09 06:27:50,,"Tomato Sauce, Avocado, Hash Brown",,,,,3.5
14501,69,2,0.0,18.7,Toasted Roll,1,Kitchen,10.5,3,BACON-EGG,7.0,2021-08-04 06:21:18,,"Tomato Sauce, Avocado, Hash Brown",,,,,3.5
14473,69,2,0.0,18.7,Toasted Roll,1,Kitchen,10.5,3,BACON-EGG,7.0,2021-08-03 06:04:09,,"Tomato Sauce, Avocado, Hash Brown",,,,,3.5
14392,69,2,0.0,18.7,Toasted Roll,1,Kitchen,10.5,3,BACON-EGG,7.0,2021-07-30 06:37:51,,"Tomato Sauce, Avocado, Hash Brown",,,,,3.5
14363,69,2,0.0,18.7,Toasted Roll,1,Kitchen,10.5,3,BACON-EGG,7.0,2021-07-29 06:25:10,,"Tomato Sauce, Avocado, Hash Brown",,,,,3.5
14115,69,2,0.0,18.7,Toasted Roll,1,Kitchen,10.5,3,BACON-EGG,7.0,2021-07-19 06:04:45,,"Tomato Sauce, Avocado, Hash Brown",,,,,3.5
13974,69,2,0.0,18.7,Toasted Roll,1,Kitchen,10.5,3,BACON-EGG,7.0,2021-07-13 06:10:49,,"Tomato Sauce, Avocado, Hash Brown",,,,,3.5
13863,69,2,0.0,18.7,Toasted Roll,1,Kitchen,10.5,3,BACON-EGG,7.0,2021-07-08 07:21:17,,"Tomato Sauce, Avocado, Hash Brown",,,,,3.5
13687,69,2,0.0,18.7,Toasted Roll,1,Kitchen,10.5,3,BACON-EGG,7.0,2021-06-30 06:55:21,,"Tomato Sauce, Avocado, Hash Brown",,,,,3.5
13664,69,2,0.0,18.7,Toasted Roll,1,Kitchen,10.5,3,BACON-EGG,7.0,2021-06-29 07:10:01,,"Tomato Sauce, Avocado, Hash Brown",,,,,3.5
13569,69,2,0.0,18.7,Toasted Roll,1,Kitchen,10.5,3,BACON-EGG,7.0,2021-06-25 06:18:20,,"Tomato Sauce, Avocado, Hash Brown",,,,,3.5
13550,69,2,0.0,18.7,Toasted Roll,1,Kitchen,10.5,3,BACON-EGG,7.0,2021-06-24 06:10:27,,"Tomato Sauce, Avocado, Hash Brown",,,,,3.5
13501,69,2,0.0,18.7,Toasted Roll,1,Kitchen,10.5,3,BACON-EGG,7.0,2021-06-22 07:01:43,,"Tomato Sauce, Avocado, Hash Brown",,,,,3.5
13487,69,2,0.0,18.7,Toasted Roll,1,Kitchen,10.5,3,BACON-EGG,7.0,2021-06-21 09:02:31,,"Tomato Sauce, Avocado, Hash Brown",,,,,3.5
13460,69,2,0.0,18.7,Toasted Roll,1,Kitchen,10.5,3,BACON-EGG,7.0,2021-06-20 09:29:59,,"Tomato Sauce, Avocado, Hash Brown",,,,,3.5
13396,69,2,0.0,18.7,Toasted Roll,1,Kitchen,10.5,3,BACON-EGG,7.0,2021-06-18 07:04:50,,"Tomato Sauce, Avocado, Hash Brown",,,,,3.5
13372,69,2,0.0,18.7,Toasted Roll,1,Kitchen,10.5,3,BACON-EGG,7.0,2021-06-17 06:53:42,,"Tomato Sauce, Avocado, Hash Brown",,,,,3.5
13342,69,2,0.0,18.7,Toasted Roll,1,Kitchen,10.5,3,BACON-EGG,7.0,2021-06-16 06:11:18,,"Tomato Sauce, Avocado, Hash Brown",,,,,3.5
13314,69,2,0.0,18.7,Toasted Roll,1,Kitchen,10.5,3,BACON-EGG,7.0,2021-06-15 06:06:02,,"Tomato Sauce, Avocado, Hash Brown",,,,,3.5
13195,69,2,0.0,18.7,Toasted Roll,1,Kitchen,10.5,3,BACON-EGG,7.0,2021-06-11 06:08:43,,"Tomato Sauce, Avocado, Hash Brown",,,,,3.5
13169,69,2,0.0,18.7,Toasted Roll,1,Kitchen,10.5,3,BACON-EGG,7.0,2021-06-10 06:41:02,,"Tomato Sauce, Avocado, Hash Brown",,,,,3.5
13148,69,2,0.0,18.7,Toasted Roll,1,Kitchen,10.5,3,BACON-EGG,7.0,2021-06-09 06:06:51,,"Tomato Sauce, Avocado, Hash Brown",,,,,3.5
13123,69,2,0.0,18.7,Toasted Roll,1,Kitchen,10.5,3,BACON-EGG,7.0,2021-06-08 06:36:32,,"Tomato Sauce, Avocado, Hash Brown",,,,,3.5
13101,69,2,0.0,18.7,Toasted Roll,1,Kitchen,10.5,3,BACON-EGG,7.0,2021-06-07 07:20:01,,"Tomato Sauce, Avocado, Hash Brown",,,,,3.5
13010,69,2,0.0,18.7,Toasted Roll,1,Kitchen,10.5,3,BACON-EGG,7.0,2021-06-04 06:14:48,,"Tomato Sauce, Avocado, Hash Brown",,,,,3.5
12961,69,2,0.0,18.7,Toasted Roll,1,Kitchen,10.5,3,BACON-EGG,7.0,2021-06-02 07:06:52,,"Tomato Sauce, Avocado, Hash Brown",,,,,3.5
12931,69,2,0.0,18.7,Toasted Roll,1,Kitchen,10.5,3,BACON-EGG,7.0,2021-06-01 06:09:34,,"Tomato Sauce, Avocado, Hash Brown",,,,,3.5
12853,69,2,0.0,18.7,Toasted Roll,1,Kitchen,10.5,3,BACON-EGG,7.0,2021-05-29 09:17:26,,"Tomato Sauce, Avocado, Hash Brown",,,,,3.5
12815,69,2,0.0,18.7,Toasted Roll,1,Kitchen,10.5,3,BACON-EGG,7.0,2021-05-28 06:48:23,,"Tomato Sauce, Avocado, Hash Brown",,,,,3.5
12771,69,2,0.0,18.7,Toasted Roll,1,Kitchen,10.5,3,BACON-EGG,7.0,2021-05-26 07:26:19,,"Tomato Sauce, Avocado, Hash Brown",,,,,3.5
12742,69,2,0.0,18.7,Toasted Roll,1,Kitchen,10.5,3,BACON-EGG,7.0,2021-05-25 07:02:07,,"Tomato Sauce, Avocado, Hash Brown",,,,,3.5
12718,69,2,0.0,18.7,Toasted Roll,1,Kitchen,10.5,3,BACON-EGG,7.0,2021-05-24 07:01:13,,"Tomato Sauce, Avocado, Hash Brown",,,,,3.5
29190,330,2,0.0,18.7,Toastie,1,Kitchen,11.5,2,BACON-EGG-CHEESE,9.5,2023-02-18 08:59:51,White,"Tomato Sauce, Hash Brown",,,,,2.0
25746,1148,2,0.0,18.7,Muffin,1,Kitchen,3.9,3,CHOC-MUD,3.9,2022-10-07 08:47:12,,,No,,,,0.0
25746,1148,2,0.0,18.7,Muffin,1,Kitchen,3.9,4,RASPBERRY-WHITECHOC,3.9,2022-10-07 08:47:12,,,No,,,,0.0
31130,128,2,0.0,18.7,Toasted Roll,1,Kitchen,13.0,2,BACON-EGG-CHEESE,9.5,2023-04-24 07:19:20,,"Avocado, Hash Brown, Salt and Pepper",,,,,3.5
30974,128,2,0.0,18.7,Toasted Roll,1,Kitchen,13.0,2,BACON-EGG-CHEESE,9.5,2023-04-19 07:47:53,,"Avocado, Hash Brown, Salt and Pepper",,,,,3.5
29769,128,2,0.0,18.7,Toasted Roll,1,Kitchen,13.0,2,BACON-EGG-CHEESE,9.5,2023-03-09 07:06:54,,"Avocado, Hash Brown, Salt and Pepper",,,,,3.5
29485,128,2,0.0,18.7,Toasted Roll,1,Kitchen,13.0,2,BACON-EGG-CHEESE,9.5,2023-02-28 07:05:20,,"Avocado, Hash Brown, Salt and Pepper",,,,,3.5
29392,128,2,0.0,18.7,Toasted Roll,1,Kitchen,13.0,2,BACON-EGG-CHEESE,9.5,2023-02-25 08:11:11,,"Avocado, Hash Brown, Salt and Pepper",,,,,3.5
29350,128,2,0.0,18.7,Toasted Roll,1,Kitchen,13.0,2,BACON-EGG-CHEESE,9.5,2023-02-24 07:07:53,,"Avocado, Hash Brown, Salt and Pepper",,,,,3.5
28672,128,2,0.0,18.7,Toasted Roll,1,Kitchen,13.0,2,BACON-EGG-CHEESE,9.5,2023-01-31 08:10:48,,"Avocado, Hash Brown, Salt and Pepper",,,,,3.5
28633,128,2,0.0,18.7,Toasted Roll,1,Kitchen,13.0,2,BACON-EGG-CHEESE,9.5,2023-01-29 14:29:54,,"Avocado, Hash Brown, Salt and Pepper",,,,,3.5
12356,662,2,0.0,18.7,Toastie,1,Kitchen,6.0,3,CHEESE,6.0,2021-05-08 09:23:50,White,Tomato Sauce,,,,,0.0
23619,973,2,0.0,18.7,Muffin,1,Kitchen,3.9,4,APPLE-CINNAMON,3.9,2022-07-24 09:02:09,,,Yes,,,,0.0
23619,973,2,0.0,18.7,Muffin,1,Kitchen,3.9,5,APPLE-CINNAMON,3.9,2022-07-24 09:02:09,,,Yes,,,,0.0
21525,465,2,0.0,18.7,Toasted Roll,1,Kitchen,7.0,3,BACON-EGG,7.0,2022-05-05 12:39:50,,BBQ Sauce,,,,,0.0
31099,231,2,0.0,18.7,Toastie,1,Kitchen,9.5,3,BACON-EGG-CHEESE,9.5,2023-04-23 07:35:54,White,Tomato Sauce,,,,,0.0
31367,1255,2,0.0,18.7,Build Your Own Breakfast,1,Kitchen,18.7,1,SCRAMBLED,9.2,2023-05-01 13:18:03,White,"Extra Egg, Spanish Chorizo, Avocado",,,,,9.5
30960,1255,2,0.0,18.7,Build Your Own Breakfast,1,Kitchen,18.7,1,SCRAMBLED,9.2,2023-04-18 13:31:55,White,"Extra Egg, Avocado, Pulled Pork",,,,,9.5
30130,1255,2,0.0,18.7,Build Your Own Breakfast,1,Kitchen,18.7,1,SCRAMBLED,9.2,2023-03-20 14:05:43,White,"Extra Egg, Spanish Chorizo, Avocado",,,,,9.5
29112,1255,2,0.0,18.7,Build Your Own Breakfast,1,Kitchen,18.7,1,SCRAMBLED,9.2,2023-02-15 11:38:12,White,"Extra Egg, Spanish Chorizo, Avocado",,,,,9.5
28506,1255,2,0.0,18.7,Build Your Own Breakfast,1,Kitchen,18.7,1,SCRAMBLED,9.2,2023-01-23 11:43:11,White,"Spanish Chorizo, Smashed Avo and Feta",,,,,9.5
25218,240,2,0.0,18.7,Toasted Roll,1,Kitchen,12.5,2,BACON-EGG-CHEESE,9.0,2022-09-17 09:41:56,,"Tomato Sauce, Avocado, Hash Brown",,,,,3.5
25046,240,2,0.0,18.7,Toasted Roll,1,Kitchen,12.5,2,BACON-EGG-CHEESE,9.0,2022-09-11 09:43:08,,"Tomato Sauce, Avocado, Hash Brown",,,,,3.5
35285,276,2,0.0,31.5,Toasted Roll,1,Kitchen,10.0,5,BACON-EGG-CHEESE,10.0,2023-09-03 07:49:59,,BBQ Sauce,,,,,0.0
18561,1050,2,0.0,31.5,Toastie,1,Kitchen,6.0,5,CHEESE,6.0,2022-01-09 12:24:37,White,Salt and Pepper,,,,,0.0
33125,1144,0,0.0,31.5,Toasted Roll,1,Kitchen,8.5,3,BACON-EGG,8.5,2023-06-26 10:45:00,,Tomato Sauce,,,,,0.0
33125,1144,0,0.0,31.5,Toasted Roll,1,Kitchen,11.5,4,BACON-EGG-CHEESE,9.5,2023-06-26 10:45:00,,"Tomato Sauce, Hash Brown",,,,,2.0
23056,1148,2,0.0,31.5,Toastie,1,Kitchen,9.0,5,CHEESE-TOMATO,7.0,2022-07-02 10:39:48,White,"Hash Brown, Salt and Pepper",,,,,2.0
34954,1166,2,0.0,31.5,Toastie,1,Kitchen,9.0,4,HAM-CHEESE,9.0,2023-08-23 11:45:00,Multigrain,Salt and Pepper,,,,,0.0
34954,1166,2,0.0,31.5,Toastie,1,Kitchen,9.0,5,HAM-CHEESE,9.0,2023-08-23 11:45:00,White,Tomato Sauce,,,,,0.0
34954,1166,2,0.0,31.5,Muffin,1,Kitchen,4.5,3,APPLE-CINNAMON,4.5,2023-08-23 11:45:00,,,No,,,,0.0
27378,145,2,0.0,31.5,Toasted Roll,1,Kitchen,10.5,3,BACON-EGG-CHEESE,9.0,2022-12-03 07:42:19,,"BBQ Sauce, Avocado",,,,,1.5
31321,435,2,0.0,31.5,Toasted Roll,2,Kitchen,21.0,1,BACON-EGG,8.5,2023-04-30 09:41:56,,"Tomato Sauce, Hash Brown",,,,,2.0
31321,435,2,0.0,31.5,Toasted Roll,1,Kitchen,10.5,2,BACON-EGG,8.5,2023-04-30 09:41:56,,"BBQ Sauce, Hash Brown",,,,,2.0
27335,1223,2,0.0,31.5,Toastie,1,Kitchen,8.0,4,BACON-EGG,8.0,2022-12-02 06:12:03,White,Tomato Sauce,,,,,0.0
27335,1223,2,0.0,31.5,Toastie,1,Kitchen,8.0,5,HAM-CHEESE,8.0,2022-12-02 06:12:03,White,Tomato Sauce,,,,,0.0
40472,1747,2,0.0,31.5,Toastie,3,Kitchen,31.5,1,BACON-EGG-CHEESE,10.5,2024-03-01 08:28:19,White,"BBQ Sauce, Salt and Pepper",,,,,0.0
15612,755,2,0.0,31.5,Toastie,1,Kitchen,8.0,4,BACON-EGG-CHEESE,8.0,2021-09-12 11:15:58,White,Tomato Sauce,,,,,0.0
15612,755,2,0.0,31.5,Toastie,1,Kitchen,6.0,5,CHEESE,6.0,2021-09-12 11:15:58,White,Tomato Sauce,,,,,0.0
8341,253,2,0.0,31.5,Build Your Own Breakfast,1,Kitchen,13.9,1,POACHED,7.9,2020-10-25 10:17:55,Sourdough,Smashed Avo and Feta,,,,,6.0
18977,1065,2,0.0,44.3,Eggs Benedict,1,Kitchen,16.9,2,BACON,14.9,2022-01-29 09:05:08,,,,Hashbrown,,,1.9999999999999982
18977,1065,2,0.0,44.3,Eggs Benedict,1,Kitchen,16.9,3,BACON,14.9,2022-01-29 09:05:08,,,,Hashbrown,,,1.9999999999999982
6489,12,2,0.0,82.7,Build Your Own Breakfast,1,Kitchen,21.4,2,POACHED,7.9,2020-08-18 08:36:10,Sourdough,"Bacon, Grilled Tomato, Smashed Avo and Feta, Sauteed Mushrooms",,,,,13.499999999999998
6489,12,2,0.0,82.7,Build Your Own Breakfast,1,Kitchen,16.4,3,SCRAMBLED,7.9,2020-08-18 08:36:10,Multigrain,"Bacon, Hollandaise, Sauteed Mushrooms",,,,,8.499999999999998
31492,1400,2,0.0,95.5,Toastie,1,Kitchen,9.5,5,HAM-CHEESE-TOMATO,9.5,2023-05-05 08:37:06,White,Tomato Sauce,,,,,0.0
31492,1400,2,0.0,95.5,Toastie,1,Kitchen,7.5,6,EGG,7.5,2023-05-05 08:37:06,Dark Rye,Tomato Sauce,,,,,0.0
31492,1400,2,0.0,95.5,Toasted Roll,1,Kitchen,9.5,1,BACON-EGG-CHEESE,9.5,2023-05-05 08:37:06,,Salt and Pepper,,,,,0.0
31492,1400,2,0.0,95.5,Toasted Roll,3,Kitchen,34.5,2,BACON-EGG-CHEESE,9.5,2023-05-05 08:37:06,,"BBQ Sauce, Hash Brown, Salt and Pepper",,,,,2.0
31492,1400,2,0.0,95.5,Toasted Roll,2,Kitchen,23.0,3,BACON-EGG-CHEESE,9.5,2023-05-05 08:37:06,,"Tomato Sauce, Hash Brown, Salt and Pepper",,,,,2.0
31492,1400,2,0.0,95.5,Toasted Roll,1,Kitchen,11.5,4,BACON-EGG-CHEESE,9.5,2023-05-05 08:37:06,,"Hash Brown, Salt and Pepper",,,,,2.0
28231,1288,2,0.0,13.6,Toastie,1,Kitchen,8.5,2,BACON-EGG,8.5,2023-01-13 06:38:53,White,Tomato Sauce,,,,,0.0
33995,559,2,0.0,13.6,Croissant,1,Kitchen,8.5,1,HAM-CHEESE,8.5,2023-07-24 08:16:55,,Salt and Pepper,,,,,0.0
22146,69,2,0.0,13.6,Toasted Roll,1,Kitchen,8.5,2,BACON-EGG,7.0,2022-05-28 10:02:10,,"Tomato Sauce, Avocado",,,,,1.5
21572,69,2,0.0,13.6,Toasted Roll,1,Kitchen,8.5,2,BACON-EGG,7.0,2022-05-07 10:14:49,,"Tomato Sauce, Avocado",,,,,1.5
30432,593,2,0.0,13.6,Toastie,1,Kitchen,8.5,2,BACON-EGG,8.5,2023-03-31 06:42:39,White,Tomato Sauce,,,,,0.0
25891,1127,2,0.0,13.6,Toasted Roll,1,Kitchen,9.0,2,BACON-EGG-CHEESE,9.0,2022-10-13 09:39:09,,BBQ Sauce,,,,,0.0
24563,1127,2,0.0,13.6,Toasted Roll,1,Kitchen,9.0,2,BACON-EGG-CHEESE,9.0,2022-08-26 10:03:02,,BBQ Sauce,,,,,0.0
9539,141,2,0.0,13.6,Toastie,1,Kitchen,9.0,2,BACON-EGG,7.0,2020-12-13 07:35:40,Multigrain,"BBQ Sauce, Hash Brown",,,,,2.0
9352,141,2,0.0,13.6,Toastie,1,Kitchen,9.0,2,BACON-EGG,7.0,2020-12-06 07:40:45,Multigrain,"BBQ Sauce, Hash Brown",,,,,2.0
4597,175,2,0.0,13.6,Toastie,1,Kitchen,7.0,4,BACON-EGG,7.0,2020-04-22 09:24:31,White,Tomato Sauce,,,,,0.0
20833,446,2,0.0,13.6,Toasted Roll,1,Kitchen,8.5,2,BACON-EGG,7.0,2022-04-08 10:33:07,,"BBQ Sauce, Avocado",,,,,1.5
16493,714,2,0.0,13.6,Toasted Roll,1,Kitchen,9.9,2,CHICKEN-SCHNITZEL-CHEESE-LETTUCE,8.4,2021-10-11 12:41:00,,"Avocado, Salt and Pepper",,,,,1.5
20385,721,2,0.0,13.6,Toasted Roll,1,Kitchen,9.0,2,BACON-EGG,7.0,2022-03-23 07:30:46,,"Tomato Sauce, Hash Brown, Salt and Pepper",,,,,2.0
24150,1247,2,0.0,13.6,Toasted Roll,1,Kitchen,9.0,1,BACON-EGG-CHEESE,9.0,2022-08-11 08:30:00,,Tomato Sauce,,,,,0.0
33533,1270,2,0.0,13.6,Muffin,1,Kitchen,3.9,3,APPLE-CINNAMON,3.9,2023-07-10 06:56:27,,,No,,,,0.0
8190,12,2,0.0,26.4,Build Your Own Breakfast,1,Kitchen,16.4,1,SCRAMBLED,7.9,2020-10-20 09:03:37,White,"Bacon, Hollandaise, Sauteed Mushrooms",,,,,8.499999999999998
15695,351,2,0.0,26.4,French Toast with Streaky Bacon,1,Kitchen,12.4,1,REGULAR,10.4,2021-09-15 10:21:56,,,,Hashbrown,,,2.0
40474,620,2,0.0,26.4,Muffin,1,Kitchen,4.5,5,ORANGE-POPPYSEED,4.5,2024-03-01 09:15:00,,,No,,,,0.0
40280,620,2,0.0,26.4,Muffin,1,Kitchen,4.5,5,ORANGE-POPPYSEED,4.5,2024-02-23 09:45:00,,,No,,,,0.0
34576,620,2,0.0,26.4,Muffin,1,Kitchen,4.5,5,ORANGE-POPPYSEED,4.5,2023-08-11 09:15:00,,,No,,,,0.0
11430,141,2,0.0,26.4,Big Breakfast,1,Kitchen,16.7,1,POACHED,16.7,2021-03-27 08:52:08,Multigrain,Hollandaise,,,,,0.0
22572,397,2,0.0,26.4,Toasted Roll,1,Kitchen,8.0,3,BACON-EGG-CHEESE,8.0,2022-06-13 10:18:29,,"Tomato Sauce, Salt and Pepper",,,,,0.0
22572,397,2,0.0,26.4,Toasted Roll,1,Kitchen,8.0,4,BACON-EGG-CHEESE,8.0,2022-06-13 10:18:29,,"Tomato Sauce, Salt and Pepper",,,,,0.0
23223,422,2,0.0,26.4,Toasted Roll,1,Kitchen,8.0,3,BACON-EGG-CHEESE,8.0,2022-07-08 12:13:12,,Tomato Sauce,,,,,0.0
23223,422,2,0.0,26.4,Toasted Roll,1,Kitchen,8.0,4,BACON-EGG-CHEESE,8.0,2022-07-08 12:13:12,,"Tomato Sauce, Salt and Pepper",,,,,0.0
22937,422,2,0.0,26.4,Toasted Roll,1,Kitchen,8.0,3,BACON-EGG-CHEESE,8.0,2022-06-27 10:16:44,,"Tomato Sauce, Salt and Pepper",,,,,0.0
22937,422,2,0.0,26.4,Toasted Roll,1,Kitchen,8.0,4,BACON-EGG-CHEESE,8.0,2022-06-27 10:16:44,,"Tomato Sauce, Salt and Pepper",,,,,0.0
12337,700,2,0.0,26.4,Toasted Roll,1,Kitchen,9.5,3,BACON-EGG-CHEESE,8.0,2021-05-07 09:30:00,,Avocado,,,,,1.5
12337,700,2,0.0,26.4,Toasted Roll,1,Kitchen,9.5,4,BACON-EGG-CHEESE,8.0,2021-05-07 09:30:00,,Avocado,,,,,1.5
23594,197,2,0.0,26.4,Toastie,1,Kitchen,9.0,2,BACON-EGG,7.0,2022-07-23 10:17:14,White,"Tomato Sauce, Hash Brown",,,,,2.0
23594,197,2,0.0,26.4,Toastie,1,Kitchen,12.5,3,BACON-EGG-CHEESE,8.0,2022-07-23 10:17:14,Sourdough,"Avocado, Hash Brown",,,,,4.5
22353,744,2,0.0,26.4,Muffin,1,Kitchen,3.9,5,APPLE-CINNAMON,3.9,2022-06-04 10:41:42,,,No,,,,0.0
22353,744,2,0.0,26.4,Muffin,1,Kitchen,3.9,6,ORANGE-POPPYSEED,3.9,2022-06-04 10:41:42,,,No,,,,0.0
17791,1018,2,0.0,26.4,Eggs Benedict,1,Kitchen,16.5,1,BACON,14.5,2021-11-27 08:06:21,,,,Hashbrown,,,2.0
16420,675,2,0.0,39.2,Toastie,1,Kitchen,7.0,5,BACON-EGG,7.0,2021-10-09 09:30:00,White,Tomato Sauce,,,,,0.0
16420,675,2,0.0,39.2,Toasted Roll,1,Kitchen,10.0,4,BACON-EGG-CHEESE,8.0,2021-10-09 09:30:00,,"Tomato Sauce, Hash Brown",,,,,2.0
11889,421,2,0.0,39.2,Build Your Own Breakfast,1,Kitchen,14.9,1,POACHED,7.9,2021-04-18 07:51:43,Sourdough,"Bacon, Sauteed Mushrooms",,,,,7.0
19582,141,2,0.0,52.0,Toasted Roll,1,Kitchen,8.0,8,BACON-EGG-CHEESE,8.0,2022-02-20 11:53:04,,Tomato Sauce,,,,,0.0
25194,172,2,0.0,52.0,Toasted Roll,1,Kitchen,8.0,5,BACON-EGG,8.0,2022-09-16 09:06:09,,Tomato Sauce,,,,,0.0
25194,172,2,0.0,52.0,Toasted Roll,1,Kitchen,8.0,6,BACON-EGG,8.0,2022-09-16 09:06:09,,Tomato Sauce,,,,,0.0
25194,172,2,0.0,52.0,Toasted Roll,1,Kitchen,8.0,7,BACON-EGG,8.0,2022-09-16 09:06:09,,Tomato Sauce,,,,,0.0
35731,435,2,0.0,52.0,Toasted Roll,3,Kitchen,30.0,5,BACON-EGG-CHEESE,10.0,2023-09-16 09:32:45,,Tomato Sauce,,,,,0.0
38156,1468,2,0.0,52.0,Build Your Own Breakfast,1,Kitchen,23.2,2,POACHED,10.2,2023-12-02 09:07:45,White,"Hollandaise, Avocado, Baby Spinach, Halloumi",,,,,13.0
38156,1468,2,0.0,52.0,Big Breakfast,1,Kitchen,23.5,1,SCRAMBLED,20.5,2023-12-02 09:07:45,White,Bacon,,,,,3.0
31159,9,2,1.47,16.17,Toasted Roll,1,Kitchen,9.5,2,BACON-EGG-CHEESE,9.5,2023-04-25 09:46:57,,"Tomato Sauce, Salt and Pepper",,,,,0.0
30697,9,2,1.47,16.17,Toasted Roll,1,Kitchen,9.5,2,BACON-EGG-CHEESE,9.5,2023-04-08 09:02:58,,Tomato Sauce,,,,,0.0
22169,543,2,0.0,8.5,Toastie,1,Kitchen,8.5,1,BACON-CHEESE,7.0,2022-05-29 09:06:36,Multigrain,Avocado,,,,,1.5
33270,1321,1,0.0,8.5,Muffin,1,Kitchen,3.9,2,APPLE-CINNAMON,3.9,2023-07-01 08:47:41,,,Yes,,,,0.0
29021,1321,2,0.0,8.5,Muffin,1,Kitchen,3.9,2,APPLE-CINNAMON,3.9,2023-02-12 09:45:00,,,Yes,,,,0.0
17076,814,2,0.0,8.5,Toasted Roll,1,Kitchen,8.5,1,BACON-EGG,7.0,2021-11-01 07:54:57,,"BBQ Sauce, Avocado",,,,,1.5
16977,814,2,0.0,8.5,Toasted Roll,1,Kitchen,8.5,1,BACON-EGG,7.0,2021-10-28 09:54:54,,"BBQ Sauce, Avocado",,,,,1.5
33719,559,2,0.0,8.5,Croissant,1,Kitchen,8.5,1,HAM-CHEESE,8.5,2023-07-15 11:51:05,,Salt and Pepper,,,,,0.0
33910,1080,2,0.0,8.5,Muffin,1,Kitchen,3.9,2,ORANGE-POPPYSEED,3.9,2023-07-22 06:57:26,,,No,,,,0.0
33773,1080,2,0.0,8.5,Muffin,1,Kitchen,3.9,2,ORANGE-POPPYSEED,3.9,2023-07-18 05:54:52,,,No,,,,0.0
31427,1080,2,0.0,8.5,Muffin,1,Kitchen,3.9,2,ORANGE-POPPYSEED,3.9,2023-05-04 05:59:55,,,No,,,,0.0
31003,1080,2,0.0,8.5,Muffin,1,Kitchen,3.9,2,ORANGE-POPPYSEED,3.9,2023-04-20 07:55:24,,,No,,,,0.0
30137,1080,2,0.0,8.5,Muffin,1,Kitchen,3.9,2,ORANGE-POPPYSEED,3.9,2023-03-21 06:50:27,,,No,,,,0.0
29766,1080,2,0.0,8.5,Muffin,1,Kitchen,3.9,2,ORANGE-POPPYSEED,3.9,2023-03-09 05:59:41,,,No,,,,0.0
29572,1080,2,0.0,8.5,Muffin,1,Kitchen,3.9,2,ORANGE-POPPYSEED,3.9,2023-03-03 06:56:28,,,No,,,,0.0
29092,1080,2,0.0,8.5,Muffin,1,Kitchen,3.9,2,ORANGE-POPPYSEED,3.9,2023-02-15 06:00:58,,,No,,,,0.0
28663,1080,2,0.0,8.5,Muffin,1,Kitchen,3.9,2,ORANGE-POPPYSEED,3.9,2023-01-31 07:02:50,,,No,,,,0.0
28328,1080,2,0.0,8.5,Muffin,1,Kitchen,3.9,2,ORANGE-POPPYSEED,3.9,2023-01-17 06:52:29,,,No,,,,0.0
3697,69,2,0.0,8.5,Toasted Roll,1,Kitchen,8.5,1,BACON-EGG,7.0,2019-10-16 06:38:59,,"Tomato Sauce, Avocado",,,,,1.5
6082,109,2,0.0,8.5,Toastie,1,Kitchen,8.5,1,BACON-EGG,7.0,2020-07-31 07:37:30,Multigrain,Avocado,,,,,1.5
28276,1190,2,0.0,8.5,Toasted Roll,1,Kitchen,8.5,1,BACON-EGG,8.5,2023-01-14 10:52:18,,BBQ Sauce,,,,,0.0
28050,426,2,0.0,8.5,Toastie,1,Kitchen,8.5,1,BACON-EGG,8.5,2023-01-05 10:14:44,White,Salt and Pepper,,,,,0.0
3321,5,2,0.0,21.3,Toasted Roll,1,Kitchen,8.4,2,CHICKEN-SCHNITZEL-CHEESE-LETTUCE,8.4,2019-05-27 15:55:00,,Salt and Pepper,,,,,0.0
38065,9,2,0.0,21.3,Toasted Roll,1,Kitchen,10.0,3,BACON-EGG-CHEESE,10.0,2023-11-29 10:26:50,,"Tomato Sauce, Salt and Pepper",,,,,0.0
21368,13,2,0.0,21.3,Toasted Roll,1,Kitchen,8.0,4,BACON-EGG-CHEESE,8.0,2022-04-30 08:17:07,,"Tomato Sauce, Salt and Pepper",,,,,0.0
34827,1044,2,0.0,21.3,Toasted Roll,1,Kitchen,10.0,3,BACON-EGG-CHEESE,10.0,2023-08-19 09:05:44,,BBQ Sauce,,,,,0.0
34261,1556,2,0.0,21.3,Toasted Roll,1,Kitchen,10.0,3,BACON-EGG-CHEESE,10.0,2023-08-01 09:55:18,,Tomato Sauce,,,,,0.0
15106,797,0,0.0,21.3,Eggs Benedict,1,Kitchen,16.5,1,BACON,14.5,2021-08-26 09:52:19,,,,Hashbrown,,,2.0
21185,1107,0,0.0,21.3,Eggs and Bacon,1,Kitchen,11.0,1,FRIED,11.0,2022-04-23 12:15:00,White,,,,,,0.0
33677,1148,2,0.0,21.3,Croissant,1,Kitchen,8.5,2,CHEESE-TOMATO,8.5,2023-07-14 09:50:04,,Salt and Pepper,,,,,0.0
34549,1171,2,0.0,21.3,Toastie,1,Kitchen,9.0,4,HAM-CHEESE,9.0,2023-08-10 10:10:49,Dark Rye,Tomato Sauce,,,,,0.0
34305,1171,0,0.0,21.3,Toastie,1,Kitchen,9.0,4,HAM-CHEESE,9.0,2023-08-03 07:55:12,White,Tomato Sauce,,,,,0.0
9798,489,0,0.0,21.3,Toasted Roll,1,Kitchen,9.0,3,BACON-EGG,7.0,2021-01-02 12:39:14,,Hash Brown,,,,,2.0
30085,234,2,0.0,21.3,Muffin,1,Kitchen,3.9,4,CHOC-MUD,3.9,2023-03-19 09:51:22,,,Yes,,,,0.0
8064,514,2,0.0,34.1,Toastie,1,Kitchen,8.4,4,CHICKEN-SCHNITZEL-CHEESE-LETTUCE,8.4,2020-10-16 12:00:32,Dark Rye,Tomato Sauce,,,,,0.0
8064,514,2,0.0,34.1,Toastie,1,Kitchen,8.4,5,CHICKEN-SCHNITZEL-CHEESE-LETTUCE,8.4,2020-10-16 12:00:32,Multigrain,Tomato Sauce,,,,,0.0
23398,9,2,0.0,34.1,Toastie,1,Kitchen,8.0,4,HAM-CHEESE-TOMATO,8.0,2022-07-16 11:35:34,White,Tomato Sauce,,,,,0.0
23398,9,2,0.0,34.1,Toastie,1,Kitchen,8.0,5,HAM-CHEESE-TOMATO,8.0,2022-07-16 11:35:34,White,Tomato Sauce,,,,,0.0
23192,9,2,0.0,34.1,Toastie,1,Kitchen,8.0,4,HAM-CHEESE-TOMATO,8.0,2022-07-07 11:23:40,White,Tomato Sauce,,,,,0.0
23192,9,2,0.0,34.1,Toastie,1,Kitchen,8.0,5,HAM-CHEESE-TOMATO,8.0,2022-07-07 11:23:40,White,Tomato Sauce,,,,,0.0
35745,288,2,0.0,34.1,Toasted Roll,1,Kitchen,11.5,3,BACON-EGG-CHEESE,10.0,2023-09-16 11:57:16,,Avocado,,,,,1.5
35745,288,2,0.0,34.1,Toastie,1,Kitchen,12.0,4,BACON-EGG-CHEESE,10.5,2023-09-16 11:57:16,White,Avocado,,,,,1.5
25362,290,2,3.1,34.1,Toastie,1,Kitchen,9.0,4,BACON-EGG-CHEESE,9.0,2022-09-22 11:03:20,White,Tomato Sauce,,,,,0.0
39646,1148,2,0.0,34.1,Croissant,1,Kitchen,8.5,1,CHEESE-TOMATO,8.5,2024-02-03 09:04:39,,Salt and Pepper,,,,,0.0
39646,1148,2,0.0,34.1,French Toast with Streaky Bacon,1,Kitchen,15.5,2,REGULAR,13.5,2024-02-03 09:04:39,,,,Hashbrown,,,2.0
21011,172,2,0.0,34.1,Toastie,1,Kitchen,7.0,6,HAM-CHEESE,7.0,2022-04-15 07:25:08,Multigrain,Tomato Sauce,,,,,0.0
21011,172,2,0.0,34.1,Toasted Roll,1,Kitchen,7.0,5,BACON-EGG,7.0,2022-04-15 07:25:08,,Tomato Sauce,,,,,0.0
18199,192,2,0.0,34.1,Toasted Roll,1,Kitchen,9.0,5,BACON-EGG,7.0,2021-12-12 09:00:00,,Hash Brown,,,,,2.0
17407,1000,2,0.0,34.1,Toastie,1,Kitchen,8.4,5,CHICKEN-SCHNITZEL-CHEESE-LETTUCE,8.4,2021-11-12 12:44:52,Multigrain,"BBQ Sauce, Salt and Pepper",,,,,0.0
37120,1273,2,0.0,34.1,Toastie,1,Kitchen,10.5,4,HAM-CHEESE-TOMATO,10.5,2023-10-29 09:55:30,White,Salt and Pepper,,,,,0.0
37120,1273,2,0.0,34.1,Toasted Roll,1,Kitchen,12.0,3,BACON-EGG-CHEESE,10.0,2023-10-29 09:55:30,,"Tomato Sauce, Hash Brown, Salt and Pepper",,,,,2.0
36265,288,2,0.0,46.9,Build Your Own Breakfast,1,Kitchen,16.2,2,POACHED,10.2,2023-10-03 11:44:15,Sourdough,Smashed Avo and Feta,,,,,6.0
30831,1400,2,0.0,72.5,Toastie,1,Kitchen,9.5,4,HAM-CHEESE-TOMATO,9.5,2023-04-14 08:41:04,White,Salt and Pepper,,,,,0.0
30831,1400,2,0.0,72.5,Toastie,1,Kitchen,7.5,5,EGG,7.5,2023-04-14 08:41:04,Dark Rye,Tomato Sauce,,,,,0.0
30831,1400,2,0.0,72.5,Toasted Roll,2,Kitchen,23.0,1,BACON-EGG-CHEESE,9.5,2023-04-14 08:41:04,,"BBQ Sauce, Hash Brown, Salt and Pepper",,,,,2.0
30831,1400,2,0.0,72.5,Toasted Roll,1,Kitchen,9.5,2,BACON-EGG-CHEESE,9.5,2023-04-14 08:41:04,,Salt and Pepper,,,,,0.0
30831,1400,2,0.0,72.5,Toasted Roll,2,Kitchen,23.0,3,BACON-EGG-CHEESE,9.5,2023-04-14 08:41:04,,"Tomato Sauce, Hash Brown, Salt and Pepper",,,,,2.0
29370,1400,2,0.0,72.5,Toastie,1,Kitchen,9.5,6,HAM-CHEESE-TOMATO,9.5,2023-02-24 09:30:00,White,Tomato Sauce,,,,,0.0
29370,1400,2,0.0,72.5,Toasted Roll,1,Kitchen,9.5,1,BACON-EGG-CHEESE,9.5,2023-02-24 09:30:00,,Salt and Pepper,,,,,0.0
29370,1400,2,0.0,72.5,Toasted Roll,1,Kitchen,11.5,2,BACON-EGG-CHEESE,9.5,2023-02-24 09:30:00,,"Tomato Sauce, Hash Brown, Salt and Pepper",,,,,2.0
29370,1400,2,0.0,72.5,Toasted Roll,1,Kitchen,11.5,3,BACON-EGG-CHEESE,9.5,2023-02-24 09:30:00,,"BBQ Sauce, Hash Brown, Salt and Pepper",,,,,2.0
29370,1400,2,0.0,72.5,Toasted Roll,1,Kitchen,11.5,4,BACON-EGG-CHEESE,9.5,2023-02-24 09:30:00,,"Hash Brown, Salt and Pepper",,,,,2.0
29370,1400,2,0.0,72.5,Toastie,1,Kitchen,7.5,7,EGG,7.5,2023-02-24 09:30:00,Dark Rye,Salt and Pepper,,,,,0.0
29370,1400,2,0.0,72.5,Toasted Roll,1,Kitchen,11.5,5,BACON-EGG-CHEESE,9.5,2023-02-24 09:30:00,,"BBQ Sauce, Hash Brown, Salt and Pepper",,,,,2.0
26399,613,2,1.24,13.64,Toasted Roll,1,Kitchen,8.0,2,BACON-EGG,8.0,2022-11-01 08:16:03,,Tomato Sauce,,,,,0.0
21564,10,2,0.0,16.2,Toasted Roll,1,Kitchen,7.0,3,BACON-EGG,7.0,2022-05-07 08:45:00,,Tomato Sauce,,,,,0.0
20983,10,2,0.0,16.2,Build Your Own Breakfast,1,Kitchen,8.0,1,SCRAMBLED,8.0,2022-04-14 07:50:00,White,"Bacon, Hollandaise, Sauteed Mushrooms",,,,,0.0
3483,13,10,0.0,16.2,Toastie,1,Kitchen,7.0,3,BACON-EGG,7.0,2019-08-17 08:01:20,White,"Tomato Sauce, Salt and Pepper",,,,,0.0
4025,38,0,0.0,16.2,Toastie,1,Kitchen,8.0,3,HAM-CHEESE-TOMATO,8.0,2020-01-05 09:37:29,Multigrain,Tomato Sauce,,,,,0.0
23725,69,2,0.0,16.2,Toasted Roll,1,Kitchen,10.5,2,BACON-EGG,7.0,2022-07-28 07:23:04,,"Tomato Sauce, Avocado, Hash Brown",,,,,3.5
23215,69,2,0.0,16.2,Toasted Roll,1,Kitchen,10.5,2,BACON-EGG,7.0,2022-07-08 09:13:55,,"Tomato Sauce, Avocado, Hash Brown",,,,,3.5
22961,69,2,0.0,16.2,Toasted Roll,1,Kitchen,10.5,2,BACON-EGG,7.0,2022-06-28 10:30:29,,"Tomato Sauce, Avocado, Hash Brown",,,,,3.5
22942,69,2,0.0,16.2,Toasted Roll,1,Kitchen,10.5,2,BACON-EGG,7.0,2022-06-27 11:23:48,,"Tomato Sauce, Avocado, Hash Brown",,,,,3.5
22680,69,2,0.0,16.2,Toasted Roll,1,Kitchen,10.5,2,BACON-EGG,7.0,2022-06-17 11:08:59,,"Tomato Sauce, Avocado, Hash Brown",,,,,3.5
22603,69,2,0.0,16.2,Toasted Roll,1,Kitchen,10.5,2,BACON-EGG,7.0,2022-06-14 10:13:48,,"Tomato Sauce, Avocado, Hash Brown",,,,,3.5
36264,1619,2,0.0,16.2,Toastie,1,Kitchen,9.0,2,HAM-CHEESE,9.0,2023-10-03 11:28:23,White,Tomato Sauce,,,,,0.0
22476,92,2,0.0,16.2,Toasted Roll,1,Kitchen,10.0,2,BACON-EGG-CHEESE,8.0,2022-06-09 08:53:01,,"BBQ Sauce, Hash Brown, Salt and Pepper",,,,,2.0
38737,1405,2,0.0,16.2,Toastie,1,Kitchen,9.0,2,HAM-CHEESE,9.0,2023-12-20 11:21:22,White,Tomato Sauce,,,,,0.0
38320,1405,2,0.0,16.2,Toastie,1,Kitchen,9.0,2,HAM-CHEESE,9.0,2023-12-07 13:00:00,White,Tomato Sauce,,,,,0.0
36587,1405,2,0.0,16.2,Toastie,1,Kitchen,9.0,2,HAM-CHEESE,9.0,2023-10-13 10:48:43,White,Tomato Sauce,,,,,0.0
36357,1405,2,0.0,16.2,Toastie,1,Kitchen,9.0,2,HAM-CHEESE,9.0,2023-10-06 11:40:54,White,Tomato Sauce,,,,,0.0
36319,1405,2,0.0,16.2,Toastie,1,Kitchen,9.0,2,HAM-CHEESE,9.0,2023-10-05 09:55:22,White,Tomato Sauce,,,,,0.0
35922,1405,2,0.0,16.2,Toastie,1,Kitchen,9.0,2,HAM-CHEESE,9.0,2023-09-22 10:01:46,White,Tomato Sauce,,,,,0.0
35713,1405,2,0.0,16.2,Toastie,1,Kitchen,9.0,2,HAM-CHEESE,9.0,2023-09-15 11:59:40,White,Tomato Sauce,,,,,0.0
5794,140,2,0.0,16.2,Toastie,1,Kitchen,7.0,3,BACON-EGG,7.0,2020-07-17 06:20:43,Multigrain,Tomato Sauce,,,,,0.0
27791,1190,2,0.0,16.2,Toasted Roll,1,Kitchen,8.0,3,BACON-EGG,8.0,2022-12-16 08:45:21,,BBQ Sauce,,,,,0.0
20451,698,1,0.0,16.2,Toastie,1,Kitchen,9.5,2,CHICKEN-SCHNITZEL-CHEESE-LETTUCE,8.5,2022-03-25 10:14:51,Sourdough,Salt and Pepper,,,,,1.0
17473,714,2,0.0,16.2,Toasted Roll,1,Kitchen,11.9,2,CHICKEN-SCHNITZEL-CHEESE-LETTUCE,8.4,2021-11-15 11:43:41,,"Avocado, Hash Brown, Salt and Pepper",,,,,3.5
27178,973,2,0.0,16.2,Muffin,1,Kitchen,3.9,4,ORANGE-POPPYSEED,3.9,2022-11-26 10:04:48,,,Yes,,,,0.0
40219,721,2,0.0,16.2,Toasted Roll,1,Kitchen,10.5,2,BACON-EGG,9.0,2024-02-22 07:08:04,,"Avocado, Salt and Pepper",,,,,1.5
39831,721,2,0.0,16.2,Toasted Roll,1,Kitchen,10.5,2,BACON-EGG,9.0,2024-02-09 08:01:37,,"Avocado, Salt and Pepper",,,,,1.5
26965,231,2,0.0,16.2,Toastie,1,Kitchen,8.0,3,HAM-CHEESE,8.0,2022-11-20 06:57:22,White,Tomato Sauce,,,,,0.0
24040,231,2,0.0,16.2,Toasted Roll,1,Kitchen,8.0,3,BACON-EGG,8.0,2022-08-07 07:44:15,,Tomato Sauce,,,,,0.0
23572,234,2,0.0,16.2,Toasted Roll,1,Kitchen,10.0,2,BACON-EGG-CHEESE,8.0,2022-07-23 07:37:01,,"Tomato Sauce, Hash Brown, Salt and Pepper",,,,,2.0
22518,234,2,0.0,16.2,Toasted Roll,1,Kitchen,10.0,2,BACON-EGG-CHEESE,8.0,2022-06-11 07:41:38,,"Tomato Sauce, Hash Brown, Salt and Pepper",,,,,2.0
22113,234,2,0.0,16.2,Toasted Roll,1,Kitchen,10.0,2,BACON-EGG-CHEESE,8.0,2022-05-27 08:40:12,,"Tomato Sauce, Hash Brown, Salt and Pepper",,,,,2.0
21701,234,2,0.0,16.2,Toasted Roll,1,Kitchen,10.0,2,BACON-EGG-CHEESE,8.0,2022-05-12 08:35:04,,"Tomato Sauce, Hash Brown, Salt and Pepper",,,,,2.0
20100,234,2,0.0,16.2,Toasted Roll,1,Kitchen,10.0,2,BACON-EGG-CHEESE,8.0,2022-03-11 08:26:07,,"Tomato Sauce, Hash Brown, Salt and Pepper",,,,,2.0
19967,234,2,0.0,16.2,Toasted Roll,1,Kitchen,10.0,2,BACON-EGG-CHEESE,8.0,2022-03-06 09:30:29,,"Tomato Sauce, Hash Brown, Salt and Pepper",,,,,2.0
19162,234,2,0.0,16.2,Toasted Roll,1,Kitchen,10.0,2,BACON-EGG-CHEESE,8.0,2022-02-05 07:00:58,,"Tomato Sauce, Hash Brown",,,,,2.0
19145,234,2,0.0,16.2,Toasted Roll,1,Kitchen,10.0,2,BACON-EGG-CHEESE,8.0,2022-02-04 08:41:51,,"Tomato Sauce, Hash Brown, Salt and Pepper",,,,,2.0
18177,234,2,0.0,16.2,Toasted Roll,1,Kitchen,10.0,2,BACON-EGG-CHEESE,8.0,2021-12-11 08:17:55,,"Tomato Sauce, Hash Brown, Salt and Pepper",,,,,2.0
17977,234,2,0.0,16.2,Toasted Roll,1,Kitchen,10.0,2,BACON-EGG-CHEESE,8.0,2021-12-04 08:13:46,,"Tomato Sauce, Hash Brown, Salt and Pepper",,,,,2.0
17606,234,2,0.0,16.2,Toasted Roll,1,Kitchen,10.0,2,BACON-EGG-CHEESE,8.0,2021-11-20 07:17:26,,"Tomato Sauce, Hash Brown, Salt and Pepper",,,,,2.0
17201,234,2,0.0,16.2,Toasted Roll,1,Kitchen,10.0,2,BACON-EGG-CHEESE,8.0,2021-11-06 07:13:37,,"Tomato Sauce, Hash Brown, Salt and Pepper",,,,,2.0
16216,234,2,0.0,16.2,Toasted Roll,1,Kitchen,10.0,2,BACON-EGG-CHEESE,8.0,2021-10-02 08:31:29,,"Tomato Sauce, Hash Brown, Salt and Pepper",,,,,2.0
16092,234,2,0.0,16.2,Toasted Roll,1,Kitchen,10.0,2,BACON-EGG-CHEESE,8.0,2021-09-28 09:22:30,,"Tomato Sauce, Hash Brown",,,,,2.0
16017,234,2,0.0,16.2,Toasted Roll,1,Kitchen,10.0,2,BACON-EGG-CHEESE,8.0,2021-09-26 08:17:47,,"Tomato Sauce, Hash Brown",,,,,2.0
33743,1518,2,0.0,16.2,Toastie,1,Kitchen,11.0,2,BACON-EGG-CHEESE,9.5,2023-07-16 11:18:22,Multigrain,Avocado,,,,,1.5
39677,1289,2,0.0,29.0,Toastie,2,Kitchen,21.0,1,BACON-EGG-CHEESE,10.5,2024-02-04 10:19:36,White,Tomato Sauce,,,,,0.0
39677,1289,2,0.0,29.0,Toastie,1,Kitchen,8.0,2,CHEESE,8.0,2024-02-04 10:19:36,White,Tomato Sauce,,,,,0.0
9766,12,2,0.0,29.0,Toastie,1,Kitchen,9.5,3,HAM-CHEESE-TOMATO,8.0,2020-12-23 12:18:35,Multigrain,"Avocado, Salt and Pepper",,,,,1.5
9766,12,2,0.0,29.0,Toastie,1,Kitchen,9.5,4,HAM-CHEESE-TOMATO,8.0,2020-12-23 12:18:35,Multigrain,"Avocado, Salt and Pepper",,,,,1.5
20153,275,2,0.0,29.0,Toastie,1,Kitchen,6.0,5,BACON,6.0,2022-03-13 09:45:06,White,Tomato Sauce,,,,,0.0
20153,275,2,0.0,29.0,Toasted Roll,1,Kitchen,7.0,4,BACON-EGG,7.0,2022-03-13 09:45:06,,Tomato Sauce,,,,,0.0
10733,44,2,0.0,29.0,Toasted Roll,1,Kitchen,10.0,3,BACON-EGG-CHEESE,8.0,2021-02-19 10:42:26,,"BBQ Sauce, Hash Brown",,,,,2.0
10733,44,2,0.0,29.0,Toastie,1,Kitchen,8.0,4,HAM-CHEESE-TOMATO,8.0,2021-02-19 10:42:26,White,Tomato Sauce,,,,,0.0
10184,316,2,0.0,29.0,Toasted Roll,1,Kitchen,7.0,4,BACON-EGG,7.0,2021-01-23 12:21:13,,Tomato Sauce,,,,,0.0
10184,316,2,0.0,29.0,Toasted Roll,1,Kitchen,7.0,5,BACON-EGG,7.0,2021-01-23 12:21:13,,Tomato Sauce,,,,,0.0
18496,839,2,0.0,29.0,Toasted Roll,1,Kitchen,9.5,4,HAM-CHEESE-TOMATO,8.0,2021-12-24 07:15:00,,"Avocado, Salt and Pepper",,,,,1.5
5974,341,2,0.0,29.0,Toastie,1,Kitchen,7.0,5,BACON-CHEESE,7.0,2020-07-25 11:20:23,White,Tomato Sauce,,,,,0.0
5974,341,2,0.0,29.0,Toasted Roll,1,Kitchen,8.0,4,BACON-EGG-CHEESE,8.0,2020-07-25 11:20:23,,BBQ Sauce,,,,,0.0
14431,651,2,0.0,29.0,Toasted Roll,1,Kitchen,10.0,4,BACON-EGG-CHEESE,8.0,2021-08-01 08:15:00,,"Tomato Sauce, Hash Brown",,,,,2.0
14201,141,2,0.0,29.0,Toastie,1,Kitchen,9.0,3,BACON-EGG,7.0,2021-07-23 06:32:19,Multigrain,"BBQ Sauce, Hash Brown",,,,,2.0
14201,141,2,0.0,29.0,Toastie,1,Kitchen,9.0,4,BACON-EGG,7.0,2021-07-23 06:32:19,Multigrain,"BBQ Sauce, Hash Brown",,,,,2.0
24801,397,2,0.0,29.0,Toasted Roll,1,Kitchen,9.0,3,BACON-EGG-CHEESE,9.0,2022-09-03 10:43:28,,Tomato Sauce,,,,,0.0
24801,397,2,0.0,29.0,Toasted Roll,1,Kitchen,9.0,4,BACON-EGG-CHEESE,9.0,2022-09-03 10:43:28,,Tomato Sauce,,,,,0.0
27441,1171,2,0.0,29.0,Toastie,1,Kitchen,9.0,4,BACON-EGG-CHEESE,9.0,2022-12-05 08:34:56,White,Tomato Sauce,,,,,0.0
27441,1171,2,0.0,29.0,Toastie,1,Kitchen,8.0,5,HAM-CHEESE,8.0,2022-12-05 08:34:56,White,Tomato Sauce,,,,,0.0
5998,185,2,0.0,29.0,Croissant,1,Kitchen,9.0,1,HAM-CHEESE-TOMATO,9.0,2020-07-26 13:00:00,,Salt and Pepper,,,,,0.0
26168,1307,2,0.0,41.8,Toastie,1,Kitchen,8.0,6,HAM-CHEESE,8.0,2022-10-22 12:15:00,White,Tomato Sauce,,,,,0.0
5807,339,2,0.0,41.8,Big Breakfast,1,Kitchen,16.2,1,SCRAMBLED,16.2,2020-07-17 09:54:12,Multigrain,Hollandaise,,,,,0.0
5807,339,2,0.0,41.8,Eggs Benedict,1,Kitchen,16.0,2,BACON,14.0,2020-07-17 09:54:12,,,,Hashbrown,,,2.0
9538,421,2,0.0,41.8,Eggs and Bacon,1,Kitchen,10.4,2,POACHED,10.4,2020-12-13 07:27:30,White,,,,,,0.0
9538,421,2,0.0,41.8,Build Your Own Breakfast,1,Kitchen,15.4,1,POACHED,7.9,2020-12-13 07:27:30,White,"Bacon, Hollandaise, Hash Brown",,,,,7.5
19574,197,2,0.0,41.8,Toastie,1,Kitchen,7.0,4,BACON-EGG,7.0,2022-02-20 10:09:56,White,Tomato Sauce,,,,,0.0
19574,197,2,0.0,41.8,Toastie,1,Kitchen,6.0,5,BACON,6.0,2022-02-20 10:09:56,White,Tomato Sauce,,,,,0.0
25640,1270,2,0.0,41.8,Toastie,1,Kitchen,9.0,7,HAM-CHEESE-TOMATO,9.0,2022-10-03 09:30:00,White,Tomato Sauce,,,,,0.0
12884,738,2,0.0,54.6,Eggs and Bacon,1,Kitchen,10.9,5,SCRAMBLED,10.9,2021-05-30 09:08:38,White,,,,,,0.0
12884,738,2,0.0,54.6,Build Your Own Breakfast,1,Kitchen,18.9,2,SCRAMBLED,7.9,2021-05-30 09:08:38,Sourdough,"Bacon, Hash Brown, Smashed Avo and Feta",,,,,10.999999999999998
20640,1127,2,0.0,67.4,Toasted Roll,1,Kitchen,8.0,6,BACON-EGG-CHEESE,8.0,2022-04-01 10:14:53,,BBQ Sauce,,,,,0.0
20640,1127,2,0.0,67.4,Build Your Own Breakfast,1,Kitchen,8.0,2,SCRAMBLED,8.0,2022-04-01 10:14:53,White,"Bacon, Hollandaise, Sauteed Mushrooms",,,,,0.0
20640,1127,2,0.0,67.4,Big Breakfast,1,Kitchen,17.2,1,SCRAMBLED,17.2,2022-04-01 10:14:53,White,Hollandaise,,,,,0.0
9217,320,2,0.0,11.1,Toasted Roll,1,Kitchen,7.0,2,BACON-EGG,7.0,2020-11-30 07:20:50,,Tomato Sauce,,,,,0.0
9047,320,2,0.0,11.1,Toasted Roll,1,Kitchen,7.0,2,BACON-EGG,7.0,2020-11-23 07:15:52,,Tomato Sauce,,,,,0.0
8273,320,2,0.0,11.1,Toasted Roll,1,Kitchen,7.0,2,BACON-EGG,7.0,2020-10-23 07:40:02,,Tomato Sauce,,,,,0.0
8210,320,2,0.0,11.1,Toasted Roll,1,Kitchen,7.0,2,BACON-EGG,7.0,2020-10-21 07:01:39,,Tomato Sauce,,,,,0.0
7948,320,2,0.0,11.1,Toasted Roll,1,Kitchen,7.0,2,BACON-EGG,7.0,2020-10-13 08:12:05,,Tomato Sauce,,,,,0.0
7909,320,2,0.0,11.1,Toasted Roll,1,Kitchen,7.0,2,BACON-EGG,7.0,2020-10-12 07:03:51,,Tomato Sauce,,,,,0.0
18793,330,2,0.0,11.1,Toastie,1,Kitchen,7.0,2,BACON-EGG,7.0,2022-01-21 08:00:00,White,Tomato Sauce,,,,,0.0
4687,141,2,0.0,11.1,Toasted Roll,1,Kitchen,7.0,2,BACON-EGG,7.0,2020-04-30 05:59:11,,BBQ Sauce,,,,,0.0
4662,141,2,0.0,11.1,Toasted Roll,1,Kitchen,7.0,2,BACON-EGG,7.0,2020-04-28 06:00:56,,Tomato Sauce,,,,,0.0
4651,141,2,0.0,11.1,Toasted Roll,1,Kitchen,7.0,2,BACON-EGG,7.0,2020-04-27 06:03:02,,Tomato Sauce,,,,,0.0
10629,12,2,0.0,23.9,Build Your Own Breakfast,1,Kitchen,13.9,1,SCRAMBLED,7.9,2021-02-15 08:02:58,White,"Hollandaise, Baby Spinach",,,,,6.0
27947,13,2,0.0,23.9,Toasted Roll,1,Kitchen,9.0,4,BACON-EGG-CHEESE,9.0,2022-12-21 08:28:51,,"Tomato Sauce, Salt and Pepper",,,,,0.0
27947,13,2,0.0,23.9,Muffin,1,Kitchen,3.9,3,BLUEBERRY,3.9,2022-12-21 08:28:51,,,No,,,,0.0
25190,826,2,0.0,23.9,Toastie,1,Kitchen,9.0,4,BACON-CHEESE,8.0,2022-09-16 08:21:00,Sourdough,Tomato Sauce,,,,,1.0
15924,69,2,0.0,23.9,Toasted Roll,1,Kitchen,10.5,4,BACON-EGG,7.0,2021-09-23 07:46:49,,"Tomato Sauce, Avocado, Hash Brown",,,,,3.5
4018,78,2,0.0,23.9,Toastie,1,Kitchen,7.0,4,HAM-CHEESE,7.0,2020-01-02 08:28:38,Multigrain,Tomato Sauce,,,,,0.0
40603,1106,2,0.0,23.9,Toastie,1,Kitchen,11.5,3,HAM-CHEESE-TOMATO,10.5,2024-03-05 09:19:47,Sourdough,Salt and Pepper,,,,,1.0
33222,128,2,0.0,23.9,Toasted Roll,1,Kitchen,13.0,3,BACON-EGG-CHEESE,9.5,2023-06-29 10:01:08,,"Avocado, Hash Brown, Salt and Pepper",,,,,3.5
30263,128,2,0.0,23.9,Toasted Roll,1,Kitchen,13.0,3,BACON-EGG-CHEESE,9.5,2023-03-25 09:09:55,,"Avocado, Hash Brown, Salt and Pepper",,,,,3.5
29697,128,2,0.0,23.9,Toasted Roll,1,Kitchen,13.0,3,BACON-EGG-CHEESE,9.5,2023-03-07 07:12:15,,"Avocado, Hash Brown, Salt and Pepper",,,,,3.5
11741,675,2,0.0,23.9,Croissant,1,Kitchen,9.0,2,HAM-CHEESE-TOMATO,9.0,2021-04-11 10:23:22,,Salt and Pepper,,,,,0.0
25745,446,2,0.0,23.9,Toasted Roll,1,Kitchen,9.0,4,BACON-EGG-CHEESE,9.0,2022-10-07 08:49:38,,"BBQ Sauce, Salt and Pepper",,,,,0.0
25745,446,2,0.0,23.9,Muffin,1,Kitchen,3.9,3,RASPBERRY-WHITECHOC,3.9,2022-10-07 08:49:38,,,Yes,,,,0.0
27047,475,2,0.0,23.9,Toasted Roll,1,Kitchen,8.0,3,BACON-EGG,8.0,2022-11-22 13:24:06,,BBQ Sauce,,,,,0.0
27047,475,2,0.0,23.9,Toasted Roll,1,Kitchen,8.0,4,BACON-EGG,8.0,2022-11-22 13:24:06,,BBQ Sauce,,,,,0.0
26746,475,2,0.0,23.9,Toasted Roll,1,Kitchen,8.0,3,BACON-EGG,8.0,2022-11-12 09:31:33,,BBQ Sauce,,,,,0.0
26746,475,2,0.0,23.9,Toasted Roll,1,Kitchen,8.0,4,BACON-EGG,8.0,2022-11-12 09:31:33,,BBQ Sauce,,,,,0.0
11332,248,2,0.0,23.9,Toasted Roll,1,Kitchen,10.0,4,BACON-EGG-CHEESE,8.0,2021-03-22 08:59:18,,"Hash Brown, Salt and Pepper",,,,,2.0
15059,12,2,0.0,36.7,Toastie,1,Kitchen,8.4,3,CHICKEN-SCHNITZEL-CHEESE-LETTUCE,8.4,2021-08-24 12:18:42,White,Tomato Sauce,,,,,0.0
34729,1567,2,0.0,36.7,Toastie,1,Kitchen,12.5,4,BACON-EGG-CHEESE,10.5,2023-08-16 11:15:00,White,"Hash Brown, Salt and Pepper",,,,,2.0
34729,1567,2,0.0,36.7,Toastie,1,Kitchen,10.5,5,BACON-EGG-CHEESE,10.5,2023-08-16 11:15:00,White,Salt and Pepper,,,,,0.0
31474,101,2,0.0,36.7,Toasted Roll,1,Kitchen,13.0,3,BACON-EGG-CHEESE,9.5,2023-05-05 07:18:20,,"Avocado, Hash Brown",,,,,3.5
31474,101,2,0.0,36.7,Toastie,1,Kitchen,9.5,4,HAM-CHEESE-TOMATO,9.5,2023-05-05 07:18:20,White,Tomato Sauce,,,,,0.0
32213,1148,2,0.0,36.7,Toasted Roll,2,Kitchen,23.0,3,BACON-EGG-CHEESE,9.5,2023-05-27 10:43:17,,"Hash Brown, Salt and Pepper",,,,,2.0
15061,684,2,0.0,36.7,Toastie,1,Kitchen,8.0,4,HAM-CHEESE-TOMATO,8.0,2021-08-24 12:36:58,White,Tomato Sauce,,,,,0.0
4569,211,10,0.0,36.7,Toasted Roll,1,Kitchen,7.0,7,BACON-EGG,7.0,2020-04-19 10:12:20,,BBQ Sauce,,,,,0.0
4569,211,10,0.0,36.7,Toastie,1,Kitchen,7.0,8,BACON-EGG,7.0,2020-04-19 10:12:20,White,Tomato Sauce,,,,,0.0
7898,500,2,0.0,36.7,Toasted Roll,1,Kitchen,11.5,3,BACON-EGG-CHEESE,8.0,2020-10-11 11:14:26,,"BBQ Sauce, Avocado, Hash Brown",,,,,3.5
7898,500,2,0.0,36.7,Toasted Roll,1,Kitchen,10.0,4,BACON-EGG-CHEESE,8.0,2020-10-11 11:14:26,,"BBQ Sauce, Hash Brown",,,,,2.0
6757,136,2,0.0,49.5,Big Breakfast,1,Kitchen,25.2,1,POACHED,16.2,2020-08-29 11:09:57,White,"Hash Brown, Halloumi, Baked Beans",,,,,9.0
31085,127,2,0.0,75.1,Toastie,1,Kitchen,8.5,7,HAM-CHEESE,8.5,2023-04-22 10:27:34,White,Tomato Sauce,,,,,0.0
31085,127,2,0.0,75.1,Toastie,1,Kitchen,8.5,8,HAM-CHEESE,8.5,2023-04-22 10:27:34,Multigrain,Tomato Sauce,,,,,0.0
31085,127,2,0.0,75.1,Big Breakfast,1,Kitchen,25.2,1,SCRAMBLED,19.2,2023-04-22 10:27:34,Sourdough,"Hash Brown, Baked Beans",,,,,6.0
17903,632,2,0.0,6.0,Toastie,1,Kitchen,6.0,1,EGG,6.0,2021-12-01 06:24:49,Multigrain,"BBQ Sauce, Salt and Pepper",,,,,0.0
18809,421,2,0.0,6.0,Toastie,1,Kitchen,6.0,1,BACON,6.0,2022-01-22 07:45:00,Dark Rye,BBQ Sauce,,,,,0.0
17029,421,2,0.0,6.0,Toastie,1,Kitchen,6.0,1,BACON,6.0,2021-10-30 07:23:31,Dark Rye,BBQ Sauce,,,,,0.0
39779,260,2,0.0,18.8,Toasted Roll,1,Kitchen,14.0,2,CHICKEN-SCHNITZEL-CHEESE-LETTUCE,12.5,2024-02-07 11:43:19,,Avocado,,,,,1.5
20184,69,2,0.0,18.8,Toasted Roll,1,Kitchen,10.5,3,BACON-EGG,7.0,2022-03-15 06:29:07,,"Tomato Sauce, Avocado, Hash Brown",,,,,3.5
20053,69,2,0.0,18.8,Toasted Roll,1,Kitchen,10.5,3,BACON-EGG,7.0,2022-03-09 09:13:21,,"Tomato Sauce, Avocado, Hash Brown",,,,,3.5
19835,69,2,0.0,18.8,Toasted Roll,1,Kitchen,10.5,3,BACON-EGG,7.0,2022-03-02 07:32:24,,"Tomato Sauce, Avocado, Hash Brown",,,,,3.5
19664,69,2,0.0,18.8,Toasted Roll,1,Kitchen,10.5,3,BACON-EGG,7.0,2022-02-24 07:20:05,,"Tomato Sauce, Avocado, Hash Brown",,,,,3.5
19616,69,2,0.0,18.8,Toasted Roll,1,Kitchen,10.5,3,BACON-EGG,7.0,2022-02-22 07:01:17,,"Tomato Sauce, Avocado, Hash Brown",,,,,3.5
19372,69,2,0.0,18.8,Toasted Roll,1,Kitchen,10.5,3,BACON-EGG,7.0,2022-02-12 09:23:03,,"Tomato Sauce, Avocado, Hash Brown",,,,,3.5
19264,69,2,0.0,18.8,Toasted Roll,1,Kitchen,10.5,3,BACON-EGG,7.0,2022-02-09 06:51:28,,"Tomato Sauce, Avocado, Hash Brown",,,,,3.5
19240,69,2,0.0,18.8,Toasted Roll,1,Kitchen,10.5,3,BACON-EGG,7.0,2022-02-08 06:08:40,,"Tomato Sauce, Avocado, Hash Brown",,,,,3.5
19214,69,2,0.0,18.8,Toasted Roll,1,Kitchen,10.5,3,BACON-EGG,7.0,2022-02-07 07:00:03,,"Tomato Sauce, Avocado, Hash Brown",,,,,3.5
8942,325,2,0.0,18.8,Toastie,1,Kitchen,8.0,3,HAM-CHEESE-TOMATO,8.0,2020-11-18 10:03:40,White,Salt and Pepper,,,,,0.0
21965,585,2,0.0,18.8,Toasted Roll,1,Kitchen,10.0,3,BACON-EGG-CHEESE,8.0,2022-05-22 10:06:09,,"Tomato Sauce, Hash Brown, Salt and Pepper",,,,,2.0
21411,585,2,0.0,18.8,Toasted Roll,1,Kitchen,10.0,3,BACON-EGG-CHEESE,8.0,2022-05-01 10:28:45,,Hash Brown,,,,,2.0
34309,330,2,0.0,18.8,Toastie,1,Kitchen,12.5,2,BACON-EGG-CHEESE,10.5,2023-08-03 08:24:45,White,"Tomato Sauce, Hash Brown",,,,,2.0
34091,330,2,0.0,18.8,Toastie,1,Kitchen,12.5,2,BACON-EGG-CHEESE,10.5,2023-07-27 08:15:02,White,"Tomato Sauce, Hash Brown",,,,,2.0
7856,92,2,0.0,18.8,Toasted Roll,1,Kitchen,9.5,3,BACON-EGG-CHEESE,8.0,2020-10-10 08:11:59,,"Tomato Sauce, Avocado",,,,,1.5
32550,1375,2,0.0,18.8,Toasted Roll,1,Kitchen,10.5,3,BACON-EGG,8.5,2023-06-07 08:32:00,,"BBQ Sauce, Hash Brown",,,,,2.0
30029,620,2,0.0,18.8,Muffin,1,Kitchen,3.9,4,ORANGE-POPPYSEED,3.9,2023-03-17 09:15:00,,,No,,,,0.0
28768,620,2,0.0,18.8,Muffin,1,Kitchen,3.9,4,ORANGE-POPPYSEED,3.9,2023-02-03 09:15:00,,,No,,,,0.0
27312,620,2,0.0,18.8,Muffin,1,Kitchen,3.9,4,ORANGE-POPPYSEED,3.9,2022-12-01 09:15:00,,,No,,,,0.0
31552,1178,2,0.0,18.8,Toasted Roll,1,Kitchen,10.5,3,BACON-EGG,8.5,2023-05-07 08:07:14,,"BBQ Sauce, Hash Brown",,,,,2.0
28769,1178,2,0.0,18.8,Toasted Roll,1,Kitchen,10.5,3,BACON-EGG,8.5,2023-02-03 09:01:39,,"BBQ Sauce, Hash Brown",,,,,2.0
28047,1178,2,0.0,18.8,Toasted Roll,1,Kitchen,10.5,3,BACON-EGG,8.5,2023-01-05 10:00:05,,"BBQ Sauce, Hash Brown",,,,,2.0
16620,421,2,0.0,18.8,Toastie,1,Kitchen,8.0,3,BACON-EGG-CHEESE,8.0,2021-10-16 08:15:59,White,BBQ Sauce,,,,,0.0
27476,175,2,0.0,18.8,Toastie,1,Kitchen,8.0,3,BACON-EGG,8.0,2022-12-06 09:34:31,White,Tomato Sauce,,,,,0.0
23076,1207,2,0.0,18.8,Toasted Roll,1,Kitchen,9.0,3,BACON-EGG,7.0,2022-07-03 08:54:12,,"Tomato Sauce, Hash Brown, Salt and Pepper",,,,,2.0
37288,744,2,0.0,18.8,Toasted Roll,1,Kitchen,9.0,3,BACON-EGG,9.0,2023-11-03 08:07:49,,Salt and Pepper,,,,,0.0
37288,744,2,0.0,18.8,Muffin,1,Kitchen,4.5,2,ORANGE-POPPYSEED,4.5,2023-11-03 08:07:49,,,No,,,,0.0
9529,13,2,0.0,31.6,Toastie,1,Kitchen,8.0,4,BACON-EGG-CHEESE,8.0,2020-12-12 09:39:39,White,"Tomato Sauce, Salt and Pepper",,,,,0.0
9529,13,2,0.0,31.6,Toasted Roll,1,Kitchen,8.0,3,HAM-CHEESE-TOMATO,8.0,2020-12-12 09:39:39,,Salt and Pepper,,,,,0.0
40548,1321,2,0.0,31.6,Toasted Roll,2,Kitchen,22.0,3,BACON-EGG,9.0,2024-03-03 11:18:17,,Hash Brown,,,,,2.0
15380,331,2,0.0,31.6,Big Breakfast,1,Kitchen,18.7,1,POACHED,16.7,2021-09-05 08:02:48,White,Hash Brown,,,,,2.0
36176,1614,9,0.0,31.6,Toastie,2,Kitchen,21.0,3,BACON-EGG-CHEESE,10.5,2023-09-30 08:20:59,White,Tomato Sauce,,,,,0.0
36128,1148,2,0.0,31.6,Croissant,1,Kitchen,8.5,1,CHEESE-TOMATO,8.5,2023-09-28 09:45:39,,Salt and Pepper,,,,,0.0
35831,920,2,0.0,31.6,Toasted Roll,2,Kitchen,22.0,2,BACON-EGG,9.0,2023-09-20 07:09:36,,"BBQ Sauce, Hash Brown, Salt and Pepper",,,,,2.0
21788,936,2,0.0,31.6,Toasted Roll,1,Kitchen,10.0,4,BACON-EGG-CHEESE,8.0,2022-05-15 11:14:49,,"Tomato Sauce, Hash Brown, Salt and Pepper",,,,,2.0
30354,426,2,0.0,31.6,Toasted Roll,1,Kitchen,8.5,3,BACON-EGG,8.5,2023-03-28 09:26:31,,"Tomato Sauce, Salt and Pepper",,,,,0.0
30354,426,2,0.0,31.6,Toasted Roll,1,Kitchen,11.5,4,BACON-EGG-CHEESE,9.5,2023-03-28 09:26:31,,"Hash Brown, Salt and Pepper",,,,,2.0
6964,439,2,0.0,31.6,Toasted Roll,1,Kitchen,9.0,4,BACON-EGG,7.0,2020-09-06 09:00:00,,Hash Brown,,,,,2.0
6964,439,2,0.0,31.6,Eggs and Bacon,1,Kitchen,10.4,2,POACHED,10.4,2020-09-06 09:00:00,White,,,,,,0.0
6964,439,2,0.0,31.6,Kids Pancakes,1,Kitchen,7.9,3,CREAM,5.9,2020-09-06 09:00:00,,,,,,Strawberries,2.0
36664,446,2,0.0,31.6,Toasted Roll,1,Kitchen,10.0,3,BACON-EGG-CHEESE,10.0,2023-10-16 06:41:43,,"BBQ Sauce, Salt and Pepper",,,,,0.0
36664,446,2,0.0,31.6,Toasted Roll,1,Kitchen,10.0,4,BACON-EGG-CHEESE,10.0,2023-10-16 06:41:43,,"BBQ Sauce, Salt and Pepper",,,,,0.0
40311,1730,2,0.0,31.6,Toasted Roll,2,Kitchen,22.0,2,BACON-EGG,9.0,2024-02-24 10:44:46,,"Tomato Sauce, Hash Brown, Salt and Pepper",,,,,2.0
23639,391,2,0.0,44.4,Build Your Own Breakfast,1,Kitchen,14.0,1,SCRAMBLED,8.0,2022-07-24 13:55:59,Multigrain,"Avocado, Baby Spinach",,,,,6.0
23639,391,2,0.0,44.4,Toastie,1,Kitchen,8.5,5,CHICKEN-SCHNITZEL-CHEESE-LETTUCE,8.5,2022-07-24 13:55:59,Multigrain,Salt and Pepper,,,,,0.0
15447,757,2,0.0,44.4,Toastie,1,Kitchen,7.0,7,BACON-EGG,7.0,2021-09-07 08:45:00,White,Tomato Sauce,,,,,0.0
15447,757,2,0.0,44.4,Toasted Roll,1,Kitchen,7.0,5,BACON-EGG,7.0,2021-09-07 08:45:00,,Tomato Sauce,,,,,0.0
15447,757,2,0.0,44.4,Toasted Roll,1,Kitchen,7.0,6,BACON-EGG,7.0,2021-09-07 08:45:00,,Tomato Sauce,,,,,0.0
15610,903,2,0.0,95.6,Eggs Benedict,1,Kitchen,16.5,6,BACON,14.5,2021-09-12 10:46:51,,,,Hashbrown,,,2.0
15610,903,2,0.0,95.6,Kids Pancakes,1,Kitchen,8.0,10,CREAM,6.0,2021-09-12 10:46:51,,,,,,Strawberries,2.0
30563,1288,2,0.0,13.7,Toastie,1,Kitchen,8.5,2,BACON-EGG,8.5,2023-04-04 06:30:37,White,Tomato Sauce,,,,,0.0
30147,12,2,0.0,13.7,Toasted Roll,1,Kitchen,8.5,2,BACON-EGG,8.5,2023-03-21 08:19:13,,Salt and Pepper,,,,,0.0
8838,536,2,0.0,13.7,Toastie,1,Kitchen,8.0,2,BACON-EGG-CHEESE,8.0,2020-11-13 08:45:00,White,Salt and Pepper,,,,,0.0
33391,77,2,0.0,13.7,Toasted Roll,1,Kitchen,8.5,2,BACON-EGG,8.5,2023-07-05 07:51:53,,"Tomato Sauce, Salt and Pepper",,,,,0.0
32872,77,2,0.0,13.7,Toastie,1,Kitchen,8.5,2,HAM-CHEESE,8.5,2023-06-18 08:04:19,White,Tomato Sauce,,,,,0.0
30342,77,2,0.0,13.7,Toastie,1,Kitchen,8.5,2,HAM-CHEESE,8.5,2023-03-28 07:51:38,Multigrain,Tomato Sauce,,,,,0.0
33005,1109,2,0.0,13.7,Toasted Roll,1,Kitchen,8.5,2,BACON-EGG,8.5,2023-06-22 10:44:53,,Tomato Sauce,,,,,0.0
26814,1168,2,0.0,13.7,Muffin,1,Kitchen,3.9,3,APPLE-CINNAMON,3.9,2022-11-15 07:29:29,,,No,,,,0.0
19908,145,2,0.0,13.7,Toasted Roll,1,Kitchen,8.0,2,BACON-EGG-CHEESE,8.0,2022-03-04 09:02:59,,BBQ Sauce,,,,,0.0
16888,145,2,0.0,13.7,Toasted Roll,1,Kitchen,8.0,2,BACON-EGG-CHEESE,8.0,2021-10-25 10:05:07,,BBQ Sauce,,,,,0.0
8282,145,2,0.0,13.7,Toasted Roll,1,Kitchen,8.0,2,BACON-EGG-CHEESE,8.0,2020-10-23 08:51:33,,BBQ Sauce,,,,,0.0
7845,145,2,0.0,13.7,Toastie,1,Kitchen,8.0,2,BACON-EGG-CHEESE,8.0,2020-10-09 10:06:55,Multigrain,BBQ Sauce,,,,,0.0
7749,145,2,0.0,13.7,Toastie,1,Kitchen,8.0,2,BACON-EGG-CHEESE,8.0,2020-10-05 09:27:34,Multigrain,BBQ Sauce,,,,,0.0
7490,145,2,0.0,13.7,Toastie,1,Kitchen,8.0,2,BACON-EGG-CHEESE,8.0,2020-09-25 10:42:23,Multigrain,BBQ Sauce,,,,,0.0
7434,145,2,0.0,13.7,Toastie,1,Kitchen,8.0,2,BACON-EGG-CHEESE,8.0,2020-09-23 11:38:11,Multigrain,BBQ Sauce,,,,,0.0
7400,145,2,0.0,13.7,Toastie,1,Kitchen,8.0,2,BACON-EGG-CHEESE,8.0,2020-09-22 10:06:26,Multigrain,BBQ Sauce,,,,,0.0
7268,145,2,0.0,13.7,Toasted Roll,1,Kitchen,8.0,2,BACON-EGG-CHEESE,8.0,2020-09-17 09:59:25,,BBQ Sauce,,,,,0.0
7031,145,2,0.0,13.7,Toasted Roll,1,Kitchen,8.0,2,BACON-EGG-CHEESE,8.0,2020-09-08 08:42:47,,BBQ Sauce,,,,,0.0
6917,145,2,0.0,13.7,Toasted Roll,1,Kitchen,8.0,2,BACON-EGG-CHEESE,8.0,2020-09-04 09:49:52,,BBQ Sauce,,,,,0.0
6773,145,2,0.0,13.7,Toasted Roll,1,Kitchen,8.0,2,BACON-EGG-CHEESE,8.0,2020-08-30 08:51:13,,BBQ Sauce,,,,,0.0
6741,145,2,0.0,13.7,Toasted Roll,1,Kitchen,8.0,2,BACON-EGG-CHEESE,8.0,2020-08-29 08:43:08,,BBQ Sauce,,,,,0.0
6724,145,2,0.0,13.7,Toasted Roll,1,Kitchen,8.0,2,BACON-EGG-CHEESE,8.0,2020-08-28 09:16:23,,BBQ Sauce,,,,,0.0
6678,145,2,0.0,13.7,Toasted Roll,1,Kitchen,8.0,2,BACON-EGG-CHEESE,8.0,2020-08-26 08:21:47,,BBQ Sauce,,,,,0.0
6597,145,2,0.0,13.7,Toasted Roll,1,Kitchen,8.0,2,BACON-EGG-CHEESE,8.0,2020-08-23 09:01:25,,BBQ Sauce,,,,,0.0
6575,145,2,0.0,13.7,Toasted Roll,1,Kitchen,8.0,2,BACON-EGG-CHEESE,8.0,2020-08-22 09:08:06,,BBQ Sauce,,,,,0.0
8680,171,2,0.0,13.7,Toasted Roll,1,Kitchen,8.0,2,BACON-EGG-CHEESE,8.0,2020-11-07 07:14:51,,BBQ Sauce,,,,,0.0
22477,446,2,0.0,13.7,Toasted Roll,1,Kitchen,7.0,3,BACON-EGG,7.0,2022-06-09 08:59:03,,BBQ Sauce,,,,,0.0
31311,451,2,0.0,13.7,Toasted Roll,1,Kitchen,8.5,2,BACON-EGG,8.5,2023-04-30 08:45:00,,BBQ Sauce,,,,,0.0
31136,451,2,0.0,13.7,Toasted Roll,1,Kitchen,8.5,2,BACON-EGG,8.5,2023-04-24 08:28:46,,BBQ Sauce,,,,,0.0
30603,451,2,0.0,13.7,Toasted Roll,1,Kitchen,8.5,2,BACON-EGG,8.5,2023-04-05 08:30:00,,BBQ Sauce,,,,,0.0
30280,451,2,0.0,13.7,Toasted Roll,1,Kitchen,8.5,2,BACON-EGG,8.5,2023-03-26 09:00:00,,BBQ Sauce,,,,,0.0
30078,451,2,0.0,13.7,Toasted Roll,1,Kitchen,8.5,2,BACON-EGG,8.5,2023-03-19 07:46:20,,BBQ Sauce,,,,,0.0
29780,451,2,0.0,13.7,Toasted Roll,1,Kitchen,8.5,2,BACON-EGG,8.5,2023-03-09 08:30:00,,BBQ Sauce,,,,,0.0
28621,451,2,0.0,13.7,Toasted Roll,1,Kitchen,8.5,2,BACON-EGG,8.5,2023-01-29 08:22:51,,BBQ Sauce,,,,,0.0
20334,9,2,0.0,26.5,Toastie,1,Kitchen,8.0,4,HAM-CHEESE-TOMATO,8.0,2022-03-20 10:37:58,White,Tomato Sauce,,,,,0.0
20334,9,2,0.0,26.5,Toasted Roll,1,Kitchen,8.0,3,BACON-EGG-CHEESE,8.0,2022-03-20 10:37:58,,Tomato Sauce,,,,,0.0
15219,9,2,0.0,26.5,Toasted Roll,1,Kitchen,8.0,3,BACON-EGG-CHEESE,8.0,2021-08-30 09:36:30,,Tomato Sauce,,,,,0.0
15219,9,2,0.0,26.5,Toastie,1,Kitchen,8.0,4,HAM-CHEESE-TOMATO,8.0,2021-08-30 09:36:30,White,Tomato Sauce,,,,,0.0
14077,9,2,0.0,26.5,Toastie,1,Kitchen,8.0,3,HAM-CHEESE-TOMATO,8.0,2021-07-17 12:10:22,White,Tomato Sauce,,,,,0.0
14077,9,2,0.0,26.5,Toastie,1,Kitchen,8.0,4,HAM-CHEESE-TOMATO,8.0,2021-07-17 12:10:22,White,Tomato Sauce,,,,,0.0
14056,9,2,0.0,26.5,Toastie,1,Kitchen,8.0,3,HAM-CHEESE-TOMATO,8.0,2021-07-16 11:53:51,White,Tomato Sauce,,,,,0.0
14056,9,2,0.0,26.5,Toastie,1,Kitchen,8.0,4,HAM-CHEESE-TOMATO,8.0,2021-07-16 11:53:51,White,Tomato Sauce,,,,,0.0
12941,14,1,0.0,26.5,Build Your Own Breakfast,1,Kitchen,17.9,1,POACHED,7.9,2021-06-01 08:45:00,White,"Bacon, Avocado, Halloumi",,,,,9.999999999999998
5410,44,2,0.0,26.5,Toastie,1,Kitchen,8.0,4,HAM-CHEESE-TOMATO,8.0,2020-06-22 10:25:02,White,Tomato Sauce,,,,,0.0
5410,44,2,0.0,26.5,Toasted Roll,1,Kitchen,8.0,3,BACON-EGG-CHEESE,8.0,2020-06-22 10:25:02,,BBQ Sauce,,,,,0.0
24773,1109,2,0.0,26.5,Toasted Roll,1,Kitchen,8.0,3,BACON-EGG,8.0,2022-09-02 11:34:05,,Tomato Sauce,,,,,0.0
24773,1109,2,0.0,26.5,Toastie,1,Kitchen,8.0,4,HAM-CHEESE,8.0,2022-09-02 11:34:05,White,Tomato Sauce,,,,,0.0
8517,91,2,0.0,26.5,Toastie,1,Kitchen,8.0,4,BACON-EGG-CHEESE,8.0,2020-10-31 10:20:41,White,"BBQ Sauce, Salt and Pepper",,,,,0.0
20848,862,2,0.0,26.5,Toastie,1,Kitchen,8.0,3,HAM-CHEESE-TOMATO,8.0,2022-04-09 08:48:23,Multigrain,Tomato Sauce,,,,,0.0
20848,862,2,0.0,26.5,Toastie,1,Kitchen,8.0,4,HAM-CHEESE-TOMATO,8.0,2022-04-09 08:48:23,Multigrain,Tomato Sauce,,,,,0.0
20475,862,2,0.0,26.5,Toastie,1,Kitchen,8.0,3,HAM-CHEESE-TOMATO,8.0,2022-03-26 09:40:53,Multigrain,Tomato Sauce,,,,,0.0
20475,862,2,0.0,26.5,Toastie,1,Kitchen,8.0,4,HAM-CHEESE-TOMATO,8.0,2022-03-26 09:40:53,Multigrain,Tomato Sauce,,,,,0.0
16020,862,2,0.0,26.5,Toastie,1,Kitchen,8.0,3,HAM-CHEESE-TOMATO,8.0,2021-09-26 09:22:08,White,Tomato Sauce,,,,,0.0
16020,862,2,0.0,26.5,Toastie,1,Kitchen,8.0,4,HAM-CHEESE-TOMATO,8.0,2021-09-26 09:22:08,White,Tomato Sauce,,,,,0.0
14952,862,2,0.0,26.5,Toastie,1,Kitchen,8.0,3,HAM-CHEESE-TOMATO,8.0,2021-08-21 08:33:00,Multigrain,Tomato Sauce,,,,,0.0
14952,862,2,0.0,26.5,Toastie,1,Kitchen,8.0,4,HAM-CHEESE-TOMATO,8.0,2021-08-21 08:33:00,Multigrain,Tomato Sauce,,,,,0.0
10618,628,2,0.0,26.5,Toasted Roll,1,Kitchen,8.0,3,BACON-EGG-CHEESE,8.0,2021-02-14 10:38:15,,BBQ Sauce,,,,,0.0
10618,628,2,0.0,26.5,Toastie,1,Kitchen,8.5,4,BACON-CHEESE,7.0,2021-02-14 10:38:15,Multigrain,Avocado,,,,,1.5
27137,1144,2,0.0,26.5,Toasted Roll,1,Kitchen,8.0,3,BACON-EGG,8.0,2022-11-25 08:55:29,,Tomato Sauce,,,,,0.0
27137,1144,2,0.0,26.5,Toastie,1,Kitchen,8.0,4,HAM-CHEESE,8.0,2022-11-25 08:55:29,White,Tomato Sauce,,,,,0.0
12312,128,2,0.0,26.5,Toastie,1,Kitchen,8.0,3,BACON-EGG-CHEESE,8.0,2021-05-06 10:56:13,Multigrain,"BBQ Sauce, Salt and Pepper",,,,,0.0
12312,128,2,0.0,26.5,Toastie,1,Kitchen,8.0,4,BACON-EGG-CHEESE,8.0,2021-05-06 10:56:13,Multigrain,BBQ Sauce,,,,,0.0
19575,675,2,0.0,26.5,Croissant,1,Kitchen,9.0,3,BACON-EGG-CHEESE,9.0,2022-02-20 10:16:34,,Salt and Pepper,,,,,0.0
14435,172,2,0.0,26.5,Toasted Roll,1,Kitchen,7.0,4,BACON-EGG,7.0,2021-08-01 08:14:29,,Tomato Sauce,,,,,0.0
8278,172,2,0.0,26.5,Toasted Roll,1,Kitchen,7.0,4,BACON-EGG,7.0,2020-10-23 08:31:35,,Tomato Sauce,,,,,0.0
24386,451,2,0.0,26.5,Toasted Roll,1,Kitchen,8.0,3,BACON-EGG,8.0,2022-08-20 08:45:00,,BBQ Sauce,,,,,0.0
24386,451,2,0.0,26.5,Toasted Roll,1,Kitchen,8.0,4,BACON-EGG,8.0,2022-08-20 08:45:00,,BBQ Sauce,,,,,0.0
16777,972,0,0.0,26.5,Toastie,1,Kitchen,7.0,5,HAM-CHEESE,7.0,2021-10-21 10:20:13,White,Tomato Sauce,,,,,0.0
18833,976,2,0.0,26.5,Croissant,1,Kitchen,8.0,1,HAM-CHEESE,8.0,2022-01-23 07:39:59,,Salt and Pepper,,,,,0.0
17080,976,2,0.0,26.5,Croissant,1,Kitchen,8.0,1,HAM-CHEESE,8.0,2021-11-01 08:30:51,,Salt and Pepper,,,,,0.0
17080,976,2,0.0,26.5,Toasted Roll,1,Kitchen,8.0,4,BACON-EGG-CHEESE,8.0,2021-11-01 08:30:51,,"Tomato Sauce, Salt and Pepper",,,,,0.0
5992,228,2,0.0,26.5,Toastie,1,Kitchen,7.0,5,BACON-EGG,7.0,2020-07-26 10:35:01,White,Tomato Sauce,,,,,0.0
25671,1253,2,0.0,26.5,Toastie,1,Kitchen,10.0,3,BACON-EGG,8.0,2022-10-04 11:33:42,Multigrain,Hash Brown,,,,,2.0
25671,1253,2,0.0,26.5,Toasted Roll,1,Kitchen,10.0,2,BACON-EGG,8.0,2022-10-04 11:33:42,,Hash Brown,,,,,2.0
31160,128,2,3.34,36.74,Toasted Roll,1,Kitchen,9.5,3,BACON-EGG-CHEESE,9.5,2023-04-25 10:02:49,,Salt and Pepper,,,,,0.0
31160,128,2,3.34,36.74,Toasted Roll,1,Kitchen,13.0,4,BACON-EGG-CHEESE,9.5,2023-04-25 10:02:49,,"Avocado, Hash Brown, Salt and Pepper",,,,,3.5
13283,9,2,0.0,39.3,Toasted Roll,1,Kitchen,8.0,4,BACON-EGG-CHEESE,8.0,2021-06-13 10:51:41,,Tomato Sauce,,,,,0.0
13283,9,2,0.0,39.3,Toastie,1,Kitchen,8.0,5,HAM-CHEESE-TOMATO,8.0,2021-06-13 10:51:41,White,Tomato Sauce,,,,,0.0
13283,9,2,0.0,39.3,Toastie,1,Kitchen,8.0,6,HAM-CHEESE-TOMATO,8.0,2021-06-13 10:51:41,White,Tomato Sauce,,,,,0.0
13185,9,2,0.0,39.3,Toasted Roll,1,Kitchen,8.0,4,BACON-EGG-CHEESE,8.0,2021-06-10 09:25:46,,Tomato Sauce,,,,,0.0
13185,9,2,0.0,39.3,Toastie,1,Kitchen,8.0,5,HAM-CHEESE-TOMATO,8.0,2021-06-10 09:25:46,White,Tomato Sauce,,,,,0.0
13185,9,2,0.0,39.3,Toastie,1,Kitchen,8.0,6,HAM-CHEESE-TOMATO,8.0,2021-06-10 09:25:46,White,Tomato Sauce,,,,,0.0
25616,811,2,0.0,39.3,Big Breakfast,1,Kitchen,24.2,1,SCRAMBLED,18.2,2022-10-02 11:00:50,White,"Avocado, Baby Spinach",,,,,6.0
15848,175,2,0.0,39.3,Toastie,1,Kitchen,7.0,7,BACON-EGG,7.0,2021-09-20 10:42:53,White,Tomato Sauce,,,,,0.0
15848,175,2,0.0,39.3,Toastie,1,Kitchen,7.0,8,BACON-EGG,7.0,2021-09-20 10:42:53,White,Tomato Sauce,,,,,0.0
27053,1223,2,0.0,39.3,Toastie,1,Kitchen,8.0,4,BACON-EGG,8.0,2022-11-23 06:35:51,White,Tomato Sauce,,,,,0.0
27053,1223,2,0.0,39.3,Toastie,1,Kitchen,9.0,5,BACON-EGG,8.0,2022-11-23 06:35:51,Sourdough,Tomato Sauce,,,,,1.0
27053,1223,2,0.0,39.3,Toastie,1,Kitchen,8.0,6,HAM-CHEESE,8.0,2022-11-23 06:35:51,White,Tomato Sauce,,,,,0.0
15498,339,2,0.0,52.1,Eggs Benedict,1,Kitchen,16.5,3,BACON,14.5,2021-09-09 09:00:00,,,,Hashbrown,,,2.0
15498,339,2,0.0,52.1,Big Breakfast,1,Kitchen,18.7,1,SCRAMBLED,16.7,2021-09-09 09:00:00,Multigrain,Hash Brown,,,,,2.0
15498,339,2,0.0,52.1,Build Your Own Breakfast,1,Kitchen,7.9,2,SCRAMBLED,7.9,2021-09-09 09:00:00,White,"Bacon, Hollandaise, Sauteed Mushrooms",,,,,0.0
26103,1290,2,0.0,21.4,Toastie,1,Kitchen,9.0,3,HAM-CHEESE-TOMATO,9.0,2022-10-20 11:45:00,White,Tomato Sauce,,,,,0.0
26103,1290,2,0.0,21.4,Toasted Roll,1,Kitchen,8.0,2,BACON-EGG,8.0,2022-10-20 11:45:00,,Tomato Sauce,,,,,0.0
8814,12,2,0.0,21.4,Build Your Own Breakfast,1,Kitchen,16.4,1,SCRAMBLED,7.9,2020-11-12 08:16:23,White,"Bacon, Hollandaise, Sauteed Mushrooms",,,,,8.499999999999998
8480,12,2,0.0,21.4,Build Your Own Breakfast,1,Kitchen,16.4,1,SCRAMBLED,7.9,2020-10-30 08:19:40,White,"Bacon, Hollandaise, Sauteed Mushrooms",,,,,8.499999999999998
7982,12,2,0.0,21.4,Build Your Own Breakfast,1,Kitchen,16.4,1,SCRAMBLED,7.9,2020-10-14 08:25:18,White,"Bacon, Hollandaise, Sauteed Mushrooms",,,,,8.499999999999998
12480,305,2,0.0,21.4,Toastie,1,Kitchen,8.0,4,CHEESE-TOMATO,7.0,2021-05-13 07:45:00,Sourdough,Salt and Pepper,,,,,1.0
12139,305,2,0.0,21.4,Toastie,1,Kitchen,8.0,4,CHEESE-TOMATO,7.0,2021-04-29 07:45:00,Sourdough,Salt and Pepper,,,,,1.0
18617,67,2,0.0,21.4,Toastie,1,Kitchen,9.0,3,BACON-EGG-CHEESE,8.0,2022-01-12 08:42:01,Sourdough,Tomato Sauce,,,,,1.0
23430,841,2,0.0,21.4,Eggs Florentine,1,Kitchen,16.5,1,REGULAR,14.5,2022-07-17 14:08:46,,,,Hashbrown,,,2.0
27147,1103,2,0.0,21.4,Toastie,1,Kitchen,9.0,2,BACON-EGG-CHEESE,9.0,2022-11-25 10:45:09,White,Salt and Pepper,,,,,0.0
27147,1103,2,0.0,21.4,Toastie,1,Kitchen,8.0,3,BACON-CHEESE,8.0,2022-11-25 10:45:09,Multigrain,BBQ Sauce,,,,,0.0
8530,97,1,0.0,21.4,Toastie,1,Kitchen,8.0,4,CHEESE-TOMATO,7.0,2020-11-01 08:55:06,Sourdough,Tomato Sauce,,,,,1.0
40283,1405,2,0.0,21.4,Toastie,1,Kitchen,9.0,3,HAM-CHEESE,9.0,2024-02-23 10:06:00,White,Tomato Sauce,,,,,0.0
4475,141,10,0.0,21.4,French Toast with Streaky Bacon,1,Kitchen,9.9,1,REGULAR,9.9,2020-03-26 10:08:26,,,,No Mable Syrup,,,0.0
31287,234,2,0.0,21.4,Muffin,1,Kitchen,3.9,4,CHOC-MUD,3.9,2023-04-29 09:40:01,,,Yes,,,,0.0
29870,234,2,0.0,21.4,Muffin,1,Kitchen,3.9,4,CHOC-MUD,3.9,2023-03-12 09:34:38,,,Yes,,,,0.0
29197,234,2,0.0,21.4,Muffin,1,Kitchen,3.9,4,CHOC-MUD,3.9,2023-02-18 09:57:08,,,Yes,,,,0.0
28245,234,2,0.0,21.4,Muffin,1,Kitchen,3.9,4,RASPBERRY-WHITECHOC,3.9,2023-01-13 09:35:18,,,Yes,,,,0.0
17673,251,2,0.0,21.4,Eggs Florentine,1,Kitchen,16.2,1,REGULAR,14.2,2021-11-22 09:07:32,,,,Hashbrown,,,2.0
30986,260,2,0.0,34.2,Toasted Roll,2,Kitchen,23.0,3,BACON-EGG-CHEESE,9.5,2023-04-19 09:38:09,,"Tomato Sauce, Hash Brown",,,,,2.0
18686,351,2,0.0,34.2,Toastie,1,Kitchen,7.0,6,BACON-EGG,7.0,2022-01-15 12:36:03,White,Tomato Sauce,,,,,0.0
20287,97,2,0.0,34.2,Toastie,1,Kitchen,7.0,3,BACON-EGG,7.0,2022-03-19 07:28:14,White,Tomato Sauce,,,,,0.0
20287,97,2,0.0,34.2,Toastie,1,Kitchen,7.0,4,CHEESE-TOMATO,7.0,2022-03-19 07:28:14,White,Tomato Sauce,,,,,0.0
20287,97,2,0.0,34.2,Toastie,1,Kitchen,10.0,5,BACON-EGG,7.0,2022-03-19 07:28:14,Sourdough,"BBQ Sauce, Hash Brown",,,,,3.0
16231,945,2,0.0,34.2,Toastie,1,Kitchen,7.0,4,HAM-CHEESE,7.0,2021-10-02 10:31:44,White,Tomato Sauce,,,,,0.0
16231,945,2,0.0,34.2,Toastie,1,Kitchen,7.0,5,BACON-EGG,7.0,2021-10-02 10:31:44,White,BBQ Sauce,,,,,0.0
16231,945,2,0.0,34.2,Toastie,1,Kitchen,7.0,6,HAM-CHEESE,7.0,2021-10-02 10:31:44,White,Tomato Sauce,,,,,0.0
29012,754,2,0.0,34.2,Toastie,1,Kitchen,8.5,4,BACON-EGG,8.5,2023-02-12 07:39:54,White,Tomato Sauce,,,,,0.0
29012,754,2,0.0,34.2,Toastie,1,Kitchen,9.5,5,BACON-EGG-CHEESE,9.5,2023-02-12 07:39:54,White,BBQ Sauce,,,,,0.0
20155,169,2,0.0,59.8,Big Breakfast,1,Kitchen,19.7,1,POACHED,17.2,2022-03-13 10:03:11,Gluten Free,Hollandaise,,,,,2.5
20155,169,2,0.0,59.8,Big Breakfast,1,Kitchen,19.7,2,POACHED,17.2,2022-03-13 10:03:11,Gluten Free,Hollandaise,,,,,2.5
20155,169,2,0.0,59.8,Build Your Own Breakfast,1,Kitchen,11.0,3,POACHED,8.0,2022-03-13 10:03:11,White,Bacon,,,,,3.0
5230,13,10,0.0,16.3,Toasted Roll,1,Kitchen,7.0,3,BACON-EGG,7.0,2020-06-10 07:09:16,,"Tomato Sauce, Salt and Pepper",,,,,0.0
4734,13,2,0.0,16.3,Toasted Roll,1,Kitchen,7.0,3,BACON-EGG,7.0,2020-05-03 11:14:48,,"Tomato Sauce, Salt and Pepper",,,,,0.0
34838,269,2,0.0,16.3,Toastie,1,Kitchen,10.5,2,BACON-EGG-CHEESE,10.5,2023-08-19 11:02:59,Multigrain,"BBQ Sauce, Salt and Pepper",,,,,0.0
5580,269,2,0.0,16.3,Toastie,1,Kitchen,8.0,3,BACON-EGG-CHEESE,8.0,2020-07-05 10:30:00,White,"BBQ Sauce, Salt and Pepper",,,,,0.0
17553,797,2,0.0,16.3,Toasted Roll,1,Kitchen,11.5,2,BACON-EGG-CHEESE,8.0,2021-11-18 09:32:32,,"Avocado, Hash Brown",,,,,3.5
40553,330,2,0.0,16.3,Toasted Roll,1,Kitchen,10.0,2,BACON-EGG-CHEESE,10.0,2024-03-04 07:00:37,,Tomato Sauce,,,,,0.0
7419,79,2,0.0,16.3,Toasted Roll,1,Kitchen,7.0,3,BACON-EGG,7.0,2020-09-23 07:50:43,,Salt and Pepper,,,,,0.0
26328,613,2,0.0,16.3,Toasted Roll,1,Kitchen,8.0,3,BACON-EGG,8.0,2022-10-29 07:17:34,,Tomato Sauce,,,,,0.0
26328,613,2,0.0,16.3,Muffin,1,Kitchen,3.9,2,APPLE-CINNAMON,3.9,2022-10-29 07:17:34,,,No,,,,0.0
25964,613,2,0.0,16.3,Toasted Roll,1,Kitchen,8.0,3,BACON-EGG,8.0,2022-10-15 12:07:23,,Tomato Sauce,,,,,0.0
25964,613,2,0.0,16.3,Muffin,1,Kitchen,3.9,2,APPLE-CINNAMON,3.9,2022-10-15 12:07:23,,,No,,,,0.0
25869,613,2,0.0,16.3,Toasted Roll,1,Kitchen,8.0,3,BACON-EGG,8.0,2022-10-13 06:01:09,,Tomato Sauce,,,,,0.0
25869,613,2,0.0,16.3,Muffin,1,Kitchen,3.9,2,APPLE-CINNAMON,3.9,2022-10-13 06:01:09,,,No,,,,0.0
25581,613,2,0.0,16.3,Toasted Roll,1,Kitchen,8.0,3,BACON-EGG,8.0,2022-10-01 09:55:24,,Tomato Sauce,,,,,0.0
25581,613,2,0.0,16.3,Muffin,1,Kitchen,3.9,2,APPLE-CINNAMON,3.9,2022-10-01 09:55:24,,,Yes,,,,0.0
25026,613,2,0.0,16.3,Toasted Roll,1,Kitchen,8.0,3,BACON-EGG,8.0,2022-09-10 09:53:57,,Tomato Sauce,,,,,0.0
25026,613,2,0.0,16.3,Muffin,1,Kitchen,3.9,2,APPLE-CINNAMON,3.9,2022-09-10 09:53:57,,,No,,,,0.0
37603,1652,2,0.0,16.3,Toastie,1,Kitchen,10.0,2,HAM-CHEESE,9.0,2023-11-15 06:15:00,Sourdough,Tomato Sauce,,,,,1.0
38519,632,2,0.0,16.3,Toastie,1,Kitchen,11.5,2,EGG,8.0,2023-12-14 07:28:05,White,"Avocado, Hash Brown, Salt and Pepper",,,,,3.5
28364,145,2,0.0,16.3,Toasted Roll,1,Kitchen,11.0,2,BACON-EGG-CHEESE,9.5,2023-01-18 08:49:42,,"BBQ Sauce, Avocado",,,,,1.5
12016,161,2,0.0,16.3,Toasted Roll,1,Kitchen,8.0,3,BACON-EGG-CHEESE,8.0,2021-04-24 08:22:03,,"BBQ Sauce, Salt and Pepper",,,,,0.0
10228,161,2,0.0,16.3,Toasted Roll,1,Kitchen,8.0,3,BACON-EGG-CHEESE,8.0,2021-01-26 11:34:55,,"BBQ Sauce, Salt and Pepper",,,,,0.0
16206,944,2,0.0,16.3,Toasted Roll,1,Kitchen,7.0,3,BACON-EGG,7.0,2021-10-01 12:34:56,,"Tomato Sauce, Salt and Pepper",,,,,0.0
13962,197,2,0.0,16.3,Toastie,1,Kitchen,7.0,3,BACON-EGG,7.0,2021-07-12 08:57:13,White,Tomato Sauce,,,,,0.0
38081,721,2,0.0,16.3,Toasted Roll,1,Kitchen,11.0,2,BACON-EGG,9.0,2023-11-30 07:40:55,,"Tomato Sauce, Hash Brown, Salt and Pepper",,,,,2.0
37048,721,2,0.0,16.3,Toasted Roll,1,Kitchen,11.0,2,BACON-EGG,9.0,2023-10-27 07:51:36,,"BBQ Sauce, Hash Brown, Salt and Pepper",,,,,2.0
35355,721,2,0.0,16.3,Toasted Roll,1,Kitchen,11.0,2,BACON-EGG,9.0,2023-09-05 07:52:06,,"BBQ Sauce, Hash Brown, Salt and Pepper",,,,,2.0
34121,721,2,0.0,16.3,Toasted Roll,1,Kitchen,11.0,2,BACON-EGG,9.0,2023-07-28 07:48:33,,"BBQ Sauce, Hash Brown, Salt and Pepper",,,,,2.0
34083,721,2,0.0,16.3,Toasted Roll,1,Kitchen,11.0,2,BACON-EGG,9.0,2023-07-27 07:24:39,,"Tomato Sauce, BBQ Sauce, Hash Brown, Salt and Pepper",,,,,2.0
25545,1249,2,0.0,16.3,Toastie,1,Kitchen,10.0,2,HAM-CHEESE-TOMATO,9.0,2022-09-30 07:03:11,Sourdough,Tomato Sauce,,,,,1.0
26062,231,2,0.0,16.3,Eggs and Bacon,1,Kitchen,11.9,1,SCRAMBLED,11.9,2022-10-19 06:52:57,White,,,,,,0.0
24606,231,2,0.0,16.3,Eggs and Bacon,1,Kitchen,11.9,1,SCRAMBLED,11.9,2022-08-28 07:04:46,White,,,,,,0.0
31541,744,2,0.0,16.3,Muffin,1,Kitchen,3.9,3,APPLE-CINNAMON,3.9,2023-05-06 11:28:48,,,No,,,,0.0
31541,744,2,0.0,16.3,Muffin,1,Kitchen,3.9,4,ORANGE-POPPYSEED,3.9,2023-05-06 11:28:48,,,No,,,,0.0
28802,744,2,0.0,16.3,Muffin,1,Kitchen,3.9,3,APPLE-CINNAMON,3.9,2023-02-04 11:38:37,,,No,,,,0.0
28802,744,2,0.0,16.3,Muffin,1,Kitchen,3.9,4,ORANGE-POPPYSEED,3.9,2023-02-04 11:38:37,,,No,,,,0.0
9693,13,2,0.0,29.1,Toastie,1,Kitchen,8.0,4,BACON-EGG-CHEESE,8.0,2020-12-20 09:46:55,White,"Tomato Sauce, Salt and Pepper",,,,,0.0
5596,298,2,0.0,29.1,Toastie,1,Kitchen,10.0,7,BACON-EGG-CHEESE,8.0,2020-07-06 07:58:40,White,"BBQ Sauce, Hash Brown",,,,,2.0
4519,72,10,0.0,29.1,Toastie,1,Kitchen,7.0,6,HAM-CHEESE,7.0,2020-04-15 08:30:00,Multigrain,Tomato Sauce,,,,,0.0
14608,88,2,0.0,29.1,Toasted Roll,1,Kitchen,10.0,3,BACON-EGG-CHEESE,8.0,2021-08-08 07:54:06,,"BBQ Sauce, Hash Brown, Salt and Pepper",,,,,2.0
14608,88,2,0.0,29.1,Toasted Roll,1,Kitchen,9.5,4,BACON-EGG-CHEESE,8.0,2021-08-08 07:54:06,,"Tomato Sauce, Avocado",,,,,1.5
14436,88,2,0.0,29.1,Toasted Roll,1,Kitchen,10.0,3,BACON-EGG-CHEESE,8.0,2021-08-01 08:16:08,,"BBQ Sauce, Hash Brown, Salt and Pepper",,,,,2.0
14436,88,2,0.0,29.1,Toasted Roll,1,Kitchen,9.5,4,BACON-EGG-CHEESE,8.0,2021-08-01 08:16:08,,"Tomato Sauce, Avocado",,,,,1.5
14125,88,2,0.0,29.1,Toasted Roll,1,Kitchen,9.5,3,BACON-EGG-CHEESE,8.0,2021-07-19 08:41:31,,"Tomato Sauce, Avocado",,,,,1.5
14125,88,2,0.0,29.1,Toasted Roll,1,Kitchen,10.0,4,BACON-EGG-CHEESE,8.0,2021-07-19 08:41:31,,"BBQ Sauce, Hash Brown, Salt and Pepper",,,,,2.0
10314,88,2,0.0,29.1,Toasted Roll,1,Kitchen,9.5,3,BACON-EGG-CHEESE,8.0,2021-01-30 09:49:57,,"Tomato Sauce, Avocado",,,,,1.5
10314,88,2,0.0,29.1,Toasted Roll,1,Kitchen,9.5,4,BACON-EGG-CHEESE,8.0,2021-01-30 09:49:57,,"Tomato Sauce, Avocado",,,,,1.5
9200,92,2,0.0,29.1,Toasted Roll,1,Kitchen,9.5,3,BACON-EGG-CHEESE,8.0,2020-11-29 09:41:23,,"Tomato Sauce, Avocado",,,,,1.5
9200,92,2,0.0,29.1,Toasted Roll,1,Kitchen,10.0,4,BACON-EGG-CHEESE,8.0,2020-11-29 09:41:23,,"BBQ Sauce, Hash Brown",,,,,2.0
7744,92,2,0.0,29.1,Toasted Roll,1,Kitchen,9.5,4,BACON-EGG-CHEESE,8.0,2020-10-05 08:09:30,,"Tomato Sauce, Avocado",,,,,1.5
7744,92,2,0.0,29.1,Toasted Roll,1,Kitchen,8.0,5,BACON-EGG-CHEESE,8.0,2020-10-05 08:09:30,,BBQ Sauce,,,,,0.0
12695,521,2,0.0,41.9,Croissant,1,Kitchen,9.0,4,BACON-EGG-CHEESE,9.0,2021-05-22 14:15:00,,Salt and Pepper,,,,,0.0
12695,521,2,0.0,41.9,Toastie,1,Kitchen,9.0,6,BACON-EGG-CHEESE,8.0,2021-05-22 14:15:00,Sourdough,BBQ Sauce,,,,,1.0
7594,351,2,0.0,41.9,Big Breakfast,1,Kitchen,18.2,3,SCRAMBLED,16.2,2020-09-29 09:39:34,White,Hash Brown,,,,,2.0
7594,351,2,0.0,41.9,Eggs and Bacon,1,Kitchen,10.4,5,SCRAMBLED,10.4,2020-09-29 09:39:34,White,,,,,,0.0
36620,228,2,0.0,41.9,Muffin,1,Kitchen,4.5,8,RASPBERRY-WHITECHOC,4.5,2023-10-14 10:16:19,,,No,,,,0.0
36620,228,2,0.0,41.9,Muffin,1,Kitchen,4.5,9,APPLE-CINNAMON,4.5,2023-10-14 10:16:19,,,No,,,,0.0
12199,394,2,0.0,54.7,Toastie,1,Kitchen,8.0,5,HAM-CHEESE-TOMATO,8.0,2021-05-02 08:38:11,White,Tomato Sauce,,,,,0.0
12199,394,2,0.0,54.7,Toastie,1,Kitchen,8.0,6,HAM-CHEESE-TOMATO,8.0,2021-05-02 08:38:11,White,Tomato Sauce,,,,,0.0
12199,394,2,0.0,54.7,Toastie,1,Kitchen,8.0,7,HAM-CHEESE-TOMATO,8.0,2021-05-02 08:38:11,White,Tomato Sauce,,,,,0.0
12199,394,2,0.0,54.7,Toastie,1,Kitchen,8.0,8,HAM-CHEESE-TOMATO,8.0,2021-05-02 08:38:11,White,Tomato Sauce,,,,,0.0
15197,197,2,0.0,67.5,Eggs Benedict,1,Kitchen,16.5,3,BACON,14.5,2021-08-29 11:16:43,,,,Hashbrown,,,2.0
15197,197,2,0.0,67.5,Kids Pancakes,1,Kitchen,8.0,5,ICECREAM,6.0,2021-08-29 11:16:43,,,,,,Strawberries,2.0
14602,261,2,0.0,11.2,Toasted Roll,1,Kitchen,7.0,2,BACON-EGG,7.0,2021-08-07 11:40:51,,"Tomato Sauce, Salt and Pepper",,,,,0.0
3792,44,2,0.0,11.2,Toasted Roll,1,Kitchen,7.0,2,BACON-EGG,7.0,2019-11-06 09:33:10,,Tomato Sauce,,,,,0.0
3564,44,2,0.0,11.2,Toasted Roll,1,Kitchen,7.0,2,BACON-EGG,7.0,2019-09-10 08:50:56,,Tomato Sauce,,,,,0.0
3515,44,2,0.0,11.2,Toasted Roll,1,Kitchen,7.0,2,BACON-EGG,7.0,2019-08-26 09:40:53,,Tomato Sauce,,,,,0.0
36428,1342,2,0.0,11.2,Plain Toast,1,Kitchen,7.0,2,SOURDOUGH,6.5,2023-10-09 07:11:49,,Peanut Butter,,,,,0.5
35317,1342,2,0.0,11.2,Plain Toast,1,Kitchen,7.0,2,SOURDOUGH,6.5,2023-09-04 07:15:53,,Peanut Butter,,,,,0.5
35157,1342,2,0.0,11.2,Plain Toast,1,Kitchen,7.0,2,SOURDOUGH,6.5,2023-08-30 07:10:32,,Peanut Butter,,,,,0.5
34873,1342,2,0.0,11.2,Plain Toast,1,Kitchen,7.0,2,SOURDOUGH,6.5,2023-08-21 07:13:55,,Peanut Butter,,,,,0.5
34710,1342,2,0.0,11.2,Plain Toast,1,Kitchen,7.0,2,SOURDOUGH,6.5,2023-08-16 07:10:08,,Peanut Butter,,,,,0.5
34531,1342,2,0.0,11.2,Plain Toast,1,Kitchen,7.0,2,SOURDOUGH,6.5,2023-08-10 07:16:41,,Peanut Butter,,,,,0.5
34246,1342,2,0.0,11.2,Plain Toast,1,Kitchen,7.0,2,SOURDOUGH,6.5,2023-08-01 07:17:55,,Peanut Butter,,,,,0.5
17769,320,2,0.0,11.2,Toasted Roll,1,Kitchen,7.0,2,BACON-EGG,7.0,2021-11-26 08:44:04,,BBQ Sauce,,,,,0.0
17508,233,2,0.0,11.2,Toasted Roll,1,Kitchen,7.0,2,BACON-EGG,7.0,2021-11-16 10:46:02,,Tomato Sauce,,,,,0.0
12177,10,2,0.0,24.0,Toasted Roll,1,Kitchen,7.0,3,BACON-EGG,7.0,2021-05-01 08:00:00,,Tomato Sauce,,,,,0.0
12177,10,2,0.0,24.0,Toasted Roll,1,Kitchen,9.0,4,BACON-EGG,7.0,2021-05-01 08:00:00,,Hash Brown,,,,,2.0
8654,13,2,0.0,24.0,Toasted Roll,1,Kitchen,7.0,3,BACON-EGG,7.0,2020-11-06 06:17:59,,"Tomato Sauce, Salt and Pepper",,,,,0.0
8654,13,2,0.0,24.0,Toasted Roll,1,Kitchen,7.0,4,BACON-EGG,7.0,2020-11-06 06:17:59,,BBQ Sauce,,,,,0.0
3364,13,2,0.0,24.0,Toasted Roll,1,Kitchen,7.0,4,BACON-EGG,7.0,2019-06-29 08:21:06,,"Tomato Sauce, Salt and Pepper",,,,,0.0
25420,14,2,0.0,24.0,Toasted Roll,1,Kitchen,10.0,3,BACON-EGG,8.0,2022-09-25 09:00:00,,Hash Brown,,,,,2.0
35374,1049,2,0.0,24.0,Toasted Roll,2,Kitchen,24.0,1,BACON-EGG-CHEESE,10.0,2023-09-05 11:29:45,,"BBQ Sauce, Hash Brown",,,,,2.0
3914,63,2,0.0,24.0,Toastie,1,Kitchen,7.0,3,HAM-CHEESE,7.0,2019-11-29 11:27:37,White,Tomato Sauce,,,,,0.0
3914,63,2,0.0,24.0,Toastie,1,Kitchen,7.0,4,HAM-CHEESE,7.0,2019-11-29 11:27:37,White,Tomato Sauce,,,,,0.0
14445,575,2,0.0,24.0,Toasted Roll,1,Kitchen,9.0,2,BACON-EGG,7.0,2021-08-01 10:45:54,,"Hash Brown, Salt and Pepper",,,,,2.0
14445,575,2,0.0,24.0,Toasted Roll,1,Kitchen,9.0,3,BACON-EGG,7.0,2021-08-01 10:45:54,,"Tomato Sauce, Hash Brown, Salt and Pepper",,,,,2.0
14192,67,2,0.0,24.0,Toastie,1,Kitchen,9.0,2,BACON-EGG-CHEESE,8.0,2021-07-22 10:10:54,Sourdough,Salt and Pepper,,,,,1.0
14192,67,2,0.0,24.0,Toastie,1,Kitchen,9.0,3,BACON-EGG-CHEESE,8.0,2021-07-22 10:10:54,Sourdough,Salt and Pepper,,,,,1.0
3555,70,10,0.0,24.0,Toastie,1,Kitchen,8.0,1,BACON-CHEESE,7.0,2019-09-07 11:55:52,Sourdough,Tomato Sauce,,,,,1.0
3555,70,10,0.0,24.0,Toastie,1,Kitchen,8.0,2,BACON-CHEESE,7.0,2019-09-07 11:55:52,Sourdough,Tomato Sauce,,,,,1.0
3555,70,10,0.0,24.0,Toastie,1,Kitchen,8.0,3,BACON-CHEESE,7.0,2019-09-07 11:55:52,Sourdough,Tomato Sauce,,,,,1.0
4494,83,10,0.0,24.0,Toasted Roll,1,Kitchen,7.0,3,BACON-EGG,7.0,2020-03-27 07:42:44,,Salt and Pepper,,,,,0.0
4494,83,10,0.0,24.0,Toasted Roll,1,Kitchen,7.0,4,BACON-EGG,7.0,2020-03-27 07:42:44,,Salt and Pepper,,,,,0.0
5210,116,10,0.0,24.0,Toasted Roll,1,Kitchen,7.0,3,BACON-EGG,7.0,2020-06-08 12:40:54,,BBQ Sauce,,,,,0.0
5210,116,10,0.0,24.0,Toasted Roll,1,Kitchen,7.0,4,BACON-EGG,7.0,2020-06-08 12:40:54,,BBQ Sauce,,,,,0.0
28301,1149,2,0.0,24.0,Toastie,1,Kitchen,9.5,2,BACON-EGG-CHEESE,9.5,2023-01-15 12:05:51,White,Tomato Sauce,,,,,0.0
28301,1149,2,0.0,24.0,Toastie,1,Kitchen,9.5,3,BACON-EGG-CHEESE,9.5,2023-01-15 12:05:51,White,Tomato Sauce,,,,,0.0
34031,446,2,0.0,24.0,Muffin,1,Kitchen,4.5,2,RASPBERRY-WHITECHOC,4.5,2023-07-25 09:03:30,,,No,,,,0.0
35068,1524,1,0.0,24.0,Toasted Roll,1,Kitchen,11.0,2,BACON-EGG,9.0,2023-08-26 09:49:26,,"Tomato Sauce, Hash Brown",,,,,2.0
35068,1524,1,0.0,24.0,Toasted Roll,1,Kitchen,9.0,3,BACON-EGG,9.0,2023-08-26 09:49:26,,Tomato Sauce,,,,,0.0
27201,1026,2,0.0,36.8,Toasted Roll,1,Kitchen,11.0,4,BACON-EGG-CHEESE,9.0,2022-11-27 09:15:19,,"Tomato Sauce, Hash Brown",,,,,2.0
27201,1026,2,0.0,36.8,Toastie,1,Kitchen,9.0,5,BACON-EGG,8.0,2022-11-27 09:15:19,Sourdough,Tomato Sauce,,,,,1.0
27207,260,2,0.0,36.8,Toasted Roll,1,Kitchen,11.0,2,BACON-EGG-CHEESE,9.0,2022-11-27 10:08:25,,"Tomato Sauce, Hash Brown",,,,,2.0
27207,260,2,0.0,36.8,Toasted Roll,1,Kitchen,11.0,3,BACON-EGG-CHEESE,9.0,2022-11-27 10:08:25,,"Tomato Sauce, Hash Brown",,,,,2.0
27207,260,2,0.0,36.8,Toasted Roll,1,Kitchen,11.0,4,BACON-EGG-CHEESE,9.0,2022-11-27 10:08:25,,"BBQ Sauce, Hash Brown",,,,,2.0
13464,293,2,0.0,36.8,Big Breakfast,1,Kitchen,17.7,1,SCRAMBLED,16.7,2021-06-20 11:15:00,Sourdough,Hollandaise,,,,,1.0
14074,337,2,0.0,36.8,Toastie,1,Kitchen,7.0,5,BACON-EGG,7.0,2021-07-17 11:34:13,White,Tomato Sauce,,,,,0.0
25244,1148,2,0.0,36.8,Toastie,1,Kitchen,9.0,6,HAM-CHEESE-TOMATO,9.0,2022-09-18 10:00:40,White,Salt and Pepper,,,,,0.0
25244,1148,2,0.0,36.8,Toasted Roll,1,Kitchen,11.0,5,BACON-EGG-CHEESE,9.0,2022-09-18 10:00:40,,"Hash Brown, Salt and Pepper",,,,,2.0
25244,1148,2,0.0,36.8,Muffin,1,Kitchen,3.9,3,RASPBERRY-WHITECHOC,3.9,2022-09-18 10:00:40,,,No,,,,0.0
25244,1148,2,0.0,36.8,Muffin,1,Kitchen,3.9,4,CHOC-MUD,3.9,2022-09-18 10:00:40,,,No,,,,0.0
4135,142,2,0.0,36.8,Toastie,1,Kitchen,8.0,6,HAM-CHEESE-TOMATO,8.0,2020-02-01 12:25:21,White,Tomato Sauce,,,,,0.0
22318,1189,2,0.0,36.8,Toastie,1,Kitchen,7.0,5,HAM-CHEESE,7.0,2022-06-03 09:00:00,White,Tomato Sauce,,,,,0.0
22318,1189,2,0.0,36.8,Toastie,1,Kitchen,7.0,6,HAM-CHEESE,7.0,2022-06-03 09:00:00,White,Tomato Sauce,,,,,0.0
22318,1189,2,0.0,36.8,Toasted Roll,1,Kitchen,7.0,4,BACON-EGG,7.0,2022-06-03 09:00:00,,BBQ Sauce,,,,,0.0
37227,446,2,0.0,36.8,Toastie,1,Kitchen,9.0,6,HAM-CHEESE,9.0,2023-11-01 10:50:21,White,Tomato Sauce,,,,,0.0
4516,197,10,0.0,36.8,Toasted Roll,1,Kitchen,9.0,5,BACON-EGG,7.0,2020-04-14 10:35:02,,"Tomato Sauce, Hash Brown",,,,,2.0
8576,489,2,0.0,36.8,Toastie,1,Kitchen,7.0,6,HAM-CHEESE,7.0,2020-11-02 12:28:20,White,Tomato Sauce,,,,,0.0
19540,975,2,0.0,49.6,Toasted Roll,1,Kitchen,8.0,6,BACON-EGG-CHEESE,8.0,2022-02-19 08:25:02,,"BBQ Sauce, Salt and Pepper",,,,,0.0
19540,975,2,0.0,49.6,Toasted Roll,1,Kitchen,8.0,7,BACON-EGG-CHEESE,8.0,2022-02-19 08:25:02,,BBQ Sauce,,,,,0.0
19540,975,2,0.0,49.6,Toasted Roll,1,Kitchen,8.0,8,BACON-EGG-CHEESE,8.0,2022-02-19 08:25:02,,"BBQ Sauce, Salt and Pepper",,,,,0.0
15161,754,2,0.0,49.6,Toastie,1,Kitchen,8.0,6,HAM-CHEESE-TOMATO,8.0,2021-08-28 10:36:36,White,Tomato Sauce,,,,,0.0
15161,754,2,0.0,49.6,Toastie,1,Kitchen,7.0,7,HAM-CHEESE,7.0,2021-08-28 10:36:36,White,Tomato Sauce,,,,,0.0
15161,754,2,0.0,49.6,Toasted Roll,1,Kitchen,10.0,5,BACON-EGG-CHEESE,8.0,2021-08-28 10:36:36,,"BBQ Sauce, Hash Brown",,,,,2.0
13229,761,0,0.0,62.4,Big Breakfast,1,Kitchen,23.7,1,POACHED,16.7,2021-06-11 09:39:31,Sourdough,"Hollandaise, Avocado",,,,,7.0
13229,761,0,0.0,62.4,Big Breakfast,1,Kitchen,16.7,2,POACHED,16.7,2021-06-11 09:39:31,White,Hollandaise,,,,,0.0
14062,800,2,0.0,88.0,Kids Pancakes,1,Kitchen,8.0,5,ICECREAM,6.0,2021-07-17 08:06:11,,,,,,Strawberries,2.0
14062,800,2,0.0,88.0,Kids Pancakes,1,Kitchen,8.0,6,ICECREAM,6.0,2021-07-17 08:06:11,,,,,,Strawberries,2.0
14062,800,2,0.0,88.0,Big Breakfast,1,Kitchen,28.7,1,SUNNY,16.7,2021-07-17 08:06:11,White,"Hollandaise, Spanish Chorizo, Pulled Pork",,,,,12.0
14062,800,2,0.0,88.0,Big Breakfast,1,Kitchen,22.7,2,POACHED,16.7,2021-07-17 08:06:11,White,"Hollandaise, Avocado",,,,,6.0
28553,1338,2,0.0,88.0,Toasted Roll,1,Kitchen,11.5,1,BACON-EGG-CHEESE,9.5,2023-01-25 08:40:25,,"BBQ Sauce, Hash Brown",,,,,2.0
28553,1338,2,0.0,88.0,Toasted Roll,1,Kitchen,11.5,2,BACON-EGG-CHEESE,9.5,2023-01-25 08:40:25,,"BBQ Sauce, Hash Brown",,,,,2.0
28553,1338,2,0.0,88.0,Toasted Roll,1,Kitchen,11.5,3,BACON-EGG-CHEESE,9.5,2023-01-25 08:40:25,,"BBQ Sauce, Hash Brown",,,,,2.0
28553,1338,2,0.0,88.0,Toasted Roll,1,Kitchen,11.5,4,BACON-EGG-CHEESE,9.5,2023-01-25 08:40:25,,"Tomato Sauce, Hash Brown",,,,,2.0
28553,1338,2,0.0,88.0,Toasted Roll,1,Kitchen,11.5,5,BACON-EGG-CHEESE,9.5,2023-01-25 08:40:25,,"Tomato Sauce, Hash Brown",,,,,2.0
28553,1338,2,0.0,88.0,Toasted Roll,1,Kitchen,11.5,6,BACON-EGG-CHEESE,9.5,2023-01-25 08:40:25,,Hash Brown,,,,,2.0
28553,1338,2,0.0,88.0,Toasted Roll,1,Kitchen,11.5,7,BACON-EGG-CHEESE,9.5,2023-01-25 08:40:25,,Hash Brown,,,,,2.0
28553,1338,2,0.0,88.0,Toastie,1,Kitchen,7.5,8,EGG,7.5,2023-01-25 08:40:25,Dark Rye,Tomato Sauce,,,,,0.0
28242,1338,2,0.0,88.0,Toasted Roll,1,Kitchen,11.5,1,BACON-EGG-CHEESE,9.5,2023-01-13 09:15:00,,Hash Brown,,,,,2.0
28242,1338,2,0.0,88.0,Toasted Roll,1,Kitchen,11.5,2,BACON-EGG-CHEESE,9.5,2023-01-13 09:15:00,,Hash Brown,,,,,2.0
28242,1338,2,0.0,88.0,Toasted Roll,1,Kitchen,11.5,3,BACON-EGG-CHEESE,9.5,2023-01-13 09:15:00,,Hash Brown,,,,,2.0
28242,1338,2,0.0,88.0,Toasted Roll,1,Kitchen,11.5,4,BACON-EGG-CHEESE,9.5,2023-01-13 09:15:00,,"BBQ Sauce, Hash Brown",,,,,2.0
28242,1338,2,0.0,88.0,Toasted Roll,1,Kitchen,11.5,5,BACON-EGG-CHEESE,9.5,2023-01-13 09:15:00,,"BBQ Sauce, Hash Brown",,,,,2.0
28242,1338,2,0.0,88.0,Toasted Roll,1,Kitchen,11.5,6,BACON-EGG-CHEESE,9.5,2023-01-13 09:15:00,,"BBQ Sauce, Hash Brown",,,,,2.0
28242,1338,2,0.0,88.0,Toasted Roll,1,Kitchen,11.5,7,BACON-EGG-CHEESE,9.5,2023-01-13 09:15:00,,"Tomato Sauce, Hash Brown",,,,,2.0
28242,1338,2,0.0,88.0,Toastie,1,Kitchen,7.5,8,EGG,7.5,2023-01-13 09:15:00,Dark Rye,Tomato Sauce,,,,,0.0
29163,1400,2,0.0,88.0,Toasted Roll,1,Kitchen,11.5,1,BACON-EGG-CHEESE,9.5,2023-02-17 08:23:28,,"Tomato Sauce, Hash Brown",,,,,2.0
29163,1400,2,0.0,88.0,Toasted Roll,1,Kitchen,11.5,2,BACON-EGG-CHEESE,9.5,2023-02-17 08:23:28,,Hash Brown,,,,,2.0
29163,1400,2,0.0,88.0,Toasted Roll,1,Kitchen,11.5,3,BACON-EGG-CHEESE,9.5,2023-02-17 08:23:28,,Hash Brown,,,,,2.0
29163,1400,2,0.0,88.0,Toasted Roll,1,Kitchen,11.5,4,BACON-EGG-CHEESE,9.5,2023-02-17 08:23:28,,"BBQ Sauce, Hash Brown",,,,,2.0
29163,1400,2,0.0,88.0,Toasted Roll,1,Kitchen,11.5,5,BACON-EGG-CHEESE,9.5,2023-02-17 08:23:28,,"BBQ Sauce, Hash Brown",,,,,2.0
29163,1400,2,0.0,88.0,Toasted Roll,1,Kitchen,11.5,6,BACON-EGG-CHEESE,9.5,2023-02-17 08:23:28,,"BBQ Sauce, Hash Brown",,,,,2.0
29163,1400,2,0.0,88.0,Toasted Roll,1,Kitchen,11.5,7,BACON-EGG-CHEESE,9.5,2023-02-17 08:23:28,,"BBQ Sauce, Hash Brown",,,,,2.0
29163,1400,2,0.0,88.0,Toastie,1,Kitchen,7.5,8,EGG,7.5,2023-02-17 08:23:28,Dark Rye,Tomato Sauce,,,,,0.0
40341,1536,2,0.0,18.9,Toastie,1,Kitchen,11.5,3,BACON-EGG,9.0,2024-02-26 07:57:56,Gluten Free,Tomato Sauce,,,,,2.5
21053,261,0,0.0,18.9,Toasted Roll,1,Kitchen,7.0,3,BACON-EGG,7.0,2022-04-18 10:39:00,,"Tomato Sauce, Salt and Pepper",,,,,0.0
30026,12,2,0.0,18.9,Toasted Roll,1,Kitchen,8.5,3,BACON-EGG,8.5,2023-03-17 08:20:23,,Salt and Pepper,,,,,0.0
29950,12,2,0.0,18.9,Toasted Roll,1,Kitchen,8.5,2,BACON-EGG,8.5,2023-03-15 08:20:54,,Salt and Pepper,,,,,0.0
10726,12,2,0.0,18.9,Build Your Own Breakfast,1,Kitchen,13.9,1,SCRAMBLED,7.9,2021-02-19 08:34:24,White,"Hollandaise, Baby Spinach",,,,,6.0
15598,79,2,0.0,18.9,Toasted Roll,1,Kitchen,7.0,3,BACON-EGG,7.0,2021-09-12 09:50:11,,Salt and Pepper,,,,,0.0
29180,973,2,0.0,18.9,Muffin,1,Kitchen,3.9,5,ORANGE-POPPYSEED,3.9,2023-02-18 08:10:08,,,Yes,,,,0.0
9572,479,2,0.0,18.9,Build Your Own Breakfast,1,Kitchen,12.4,1,FRIED,7.9,2020-12-14 09:20:52,White,"Bacon, Hash Brown",,,,,4.5
8619,479,2,0.0,18.9,Build Your Own Breakfast,1,Kitchen,12.4,1,FRIED,7.9,2020-11-04 09:18:00,White,"Bacon, Hash Brown",,,,,4.5
36928,1253,2,0.0,18.9,Toasted Roll,1,Kitchen,11.0,2,BACON-EGG,9.0,2023-10-23 08:57:55,,Hash Brown,,,,,2.0
34979,1253,2,0.0,18.9,Toasted Roll,1,Kitchen,11.0,2,BACON-EGG,9.0,2023-08-24 08:25:42,,Hash Brown,,,,,2.0
34547,1253,2,0.0,18.9,Toasted Roll,1,Kitchen,11.0,2,BACON-EGG,9.0,2023-08-10 09:12:45,,Hash Brown,,,,,2.0
34386,1253,2,0.0,18.9,Toasted Roll,1,Kitchen,11.0,2,BACON-EGG,9.0,2023-08-05 10:38:45,,Hash Brown,,,,,2.0
40322,234,2,0.0,18.9,Muffin,1,Kitchen,4.5,5,CHOC-MUD,4.5,2024-02-25 08:51:03,,,Yes,,,,0.0
40105,234,2,0.0,18.9,Muffin,1,Kitchen,4.5,5,CHOC-MUD,4.5,2024-02-18 10:01:27,,,Yes,,,,0.0
39895,234,2,0.0,18.9,Muffin,1,Kitchen,4.5,5,CHOC-MUD,4.5,2024-02-11 09:27:33,,,Yes,,,,0.0
39671,234,2,0.0,18.9,Muffin,1,Kitchen,4.5,5,CHOC-MUD,4.5,2024-02-04 08:52:20,,,Yes,,,,0.0
39649,234,2,0.0,18.9,Muffin,1,Kitchen,4.5,5,CHOC-MUD,4.5,2024-02-03 09:29:12,,,Yes,,,,0.0
39471,234,2,0.0,18.9,Muffin,1,Kitchen,4.5,5,CHOC-MUD,4.5,2024-01-28 08:54:19,,,Yes,,,,0.0
39453,234,2,0.0,18.9,Muffin,1,Kitchen,4.5,5,CHOC-MUD,4.5,2024-01-27 10:24:10,,,Yes,,,,0.0
39277,234,2,0.0,18.9,Muffin,1,Kitchen,4.5,5,CHOC-MUD,4.5,2024-01-21 08:52:07,,,Yes,,,,0.0
38923,234,2,0.0,18.9,Muffin,1,Kitchen,4.5,5,CHOC-MUD,4.5,2024-01-07 10:01:42,,,Yes,,,,0.0
39086,9,2,0.0,31.7,Toastie,2,Kitchen,21.0,3,HAM-CHEESE-TOMATO,10.5,2024-01-13 11:44:14,White,Salt and Pepper,,,,,0.0
37095,1614,2,0.0,31.7,Toastie,1,Kitchen,10.5,4,BACON-EGG-CHEESE,10.5,2023-10-28 09:40:07,White,Tomato Sauce,,,,,0.0
37095,1614,2,0.0,31.7,Toasted Roll,1,Kitchen,10.0,3,BACON-EGG-CHEESE,10.0,2023-10-28 09:40:07,,Tomato Sauce,,,,,0.0
16256,234,2,0.0,31.7,Toasted Roll,1,Kitchen,10.0,3,BACON-EGG-CHEESE,8.0,2021-10-03 10:53:36,,"Tomato Sauce, Hash Brown, Salt and Pepper",,,,,2.0
16256,234,2,0.0,31.7,Toasted Roll,1,Kitchen,10.0,4,BACON-EGG-CHEESE,8.0,2021-10-03 10:53:36,,"Tomato Sauce, Hash Brown, Salt and Pepper",,,,,2.0
5577,55,2,0.0,44.5,Eggs Benedict,1,Kitchen,16.0,3,BACON,14.0,2020-07-05 10:15:00,,,,Hashbrown,,,2.0
5577,55,2,0.0,44.5,Toastie,1,Kitchen,8.0,5,BACON-EGG-CHEESE,8.0,2020-07-05 10:15:00,White,"Tomato Sauce, Salt and Pepper",,,,,0.0
5577,55,2,0.0,44.5,Eggs and Bacon,1,Kitchen,11.4,4,POACHED,10.4,2020-07-05 10:15:00,Sourdough,,,,,,1.0
32573,1171,2,0.0,44.5,Toastie,1,Kitchen,9.5,5,BACON-EGG-CHEESE,9.5,2023-06-08 08:09:06,White,Tomato Sauce,,,,,0.0
32573,1171,2,0.0,44.5,Toastie,2,Kitchen,17.0,6,HAM-CHEESE,8.5,2023-06-08 08:09:06,White,Tomato Sauce,,,,,0.0
12375,706,2,0.0,70.1,Eggs Benedict,1,Kitchen,19.5,6,PULLEDPORK,17.5,2021-05-09 08:28:18,,,,Hashbrown,,,2.0
12375,706,2,0.0,70.1,Big Breakfast,1,Kitchen,17.7,1,POACHED,16.7,2021-05-09 08:28:18,Sourdough,Hollandaise,,,,,1.0
12375,706,2,0.0,70.1,Build Your Own Breakfast,1,Kitchen,10.9,2,SUNNY,7.9,2021-05-09 08:28:18,Sourdough,Hash Brown,,,,,3.0
23335,260,2,0.0,13.8,Toasted Roll,1,Kitchen,10.0,2,BACON-EGG-CHEESE,8.0,2022-07-14 07:55:35,,"Tomato Sauce, Hash Brown",,,,,2.0
25538,1289,2,0.0,13.8,Toastie,1,Kitchen,9.0,2,BACON-EGG-CHEESE,9.0,2022-09-29 12:50:46,White,Tomato Sauce,,,,,0.0
23267,809,2,0.0,13.8,Toastie,1,Kitchen,10.0,2,BACON-EGG-CHEESE,8.0,2022-07-10 10:20:08,White,"BBQ Sauce, Hash Brown",,,,,2.0
9130,556,2,0.0,13.8,Toastie,1,Kitchen,7.0,3,HAM-CHEESE,7.0,2020-11-26 09:15:00,White,Tomato Sauce,,,,,0.0
17947,593,2,0.0,13.8,Toasted Roll,1,Kitchen,9.0,2,BACON-EGG,7.0,2021-12-03 06:22:28,,"Tomato Sauce, Hash Brown",,,,,2.0
40027,83,2,0.0,13.8,Toasted Roll,1,Kitchen,9.0,2,BACON-EGG,9.0,2024-02-16 07:30:48,,Salt and Pepper,,,,,0.0
39197,83,2,0.0,13.8,Toasted Roll,1,Kitchen,9.0,2,BACON-EGG,9.0,2024-01-18 08:02:37,,Salt and Pepper,,,,,0.0
38116,83,2,0.0,13.8,Toasted Roll,1,Kitchen,9.0,2,BACON-EGG,9.0,2023-12-01 08:01:55,,Salt and Pepper,,,,,0.0
37674,83,2,0.0,13.8,Toasted Roll,1,Kitchen,9.0,2,BACON-EGG,9.0,2023-11-17 08:00:52,,Salt and Pepper,,,,,0.0
37054,83,2,0.0,13.8,Toasted Roll,1,Kitchen,9.0,2,BACON-EGG,9.0,2023-10-27 08:06:27,,Salt and Pepper,,,,,0.0
36787,83,2,0.0,13.8,Toasted Roll,1,Kitchen,9.0,2,BACON-EGG,9.0,2023-10-19 08:05:28,,Salt and Pepper,,,,,0.0
36306,83,2,0.0,13.8,Toasted Roll,1,Kitchen,9.0,2,BACON-EGG,9.0,2023-10-05 08:03:00,,Salt and Pepper,,,,,0.0
35877,83,2,0.0,13.8,Toasted Roll,1,Kitchen,9.0,2,BACON-EGG,9.0,2023-09-21 08:06:22,,Salt and Pepper,,,,,0.0
35010,83,2,0.0,13.8,Toasted Roll,1,Kitchen,9.0,2,BACON-EGG,9.0,2023-08-25 07:29:08,,Salt and Pepper,,,,,0.0
34538,83,2,0.0,13.8,Toasted Roll,1,Kitchen,9.0,2,BACON-EGG,9.0,2023-08-10 08:02:49,,Salt and Pepper,,,,,0.0
17320,92,2,0.0,13.8,Toasted Roll,1,Kitchen,9.5,2,BACON-EGG-CHEESE,8.0,2021-11-10 08:13:34,,"Tomato Sauce, Avocado, Salt and Pepper",,,,,1.5
9532,92,2,0.0,13.8,Toasted Roll,1,Kitchen,9.5,2,BACON-EGG-CHEESE,8.0,2020-12-12 11:00:52,,"Tomato Sauce, Avocado",,,,,1.5
9024,92,2,0.0,13.8,Toasted Roll,1,Kitchen,9.5,2,BACON-EGG-CHEESE,8.0,2020-11-22 08:45:36,,"Tomato Sauce, Avocado",,,,,1.5
8854,92,2,0.0,13.8,Toasted Roll,1,Kitchen,9.5,2,BACON-EGG-CHEESE,8.0,2020-11-14 07:10:59,,"Tomato Sauce, Avocado",,,,,1.5
38709,613,2,0.0,13.8,Toasted Roll,1,Kitchen,9.0,2,BACON-EGG,9.0,2023-12-20 06:30:51,,Tomato Sauce,,,,,0.0
38263,613,2,0.0,13.8,Toasted Roll,1,Kitchen,9.0,2,BACON-EGG,9.0,2023-12-06 06:12:30,,Tomato Sauce,,,,,0.0
37496,613,2,0.0,13.8,Toasted Roll,1,Kitchen,9.0,2,BACON-EGG,9.0,2023-11-11 07:22:15,,Tomato Sauce,,,,,0.0
37303,613,0,0.0,13.8,Toasted Roll,1,Kitchen,9.0,2,BACON-EGG,9.0,2023-11-04 07:00:00,,Tomato Sauce,,,,,0.0
36814,613,2,0.0,13.8,Toasted Roll,1,Kitchen,9.0,2,BACON-EGG,9.0,2023-10-20 06:06:41,,Tomato Sauce,,,,,0.0
35867,613,2,0.0,13.8,Toasted Roll,1,Kitchen,9.0,2,BACON-EGG,9.0,2023-09-21 06:22:41,,Tomato Sauce,,,,,0.0
35677,613,2,0.0,13.8,Toasted Roll,1,Kitchen,9.0,2,BACON-EGG,9.0,2023-09-15 06:11:46,,Tomato Sauce,,,,,0.0
35407,613,2,0.0,13.8,Toasted Roll,1,Kitchen,9.0,2,BACON-EGG,9.0,2023-09-07 06:14:12,,Tomato Sauce,,,,,0.0
35186,613,2,0.0,13.8,Toasted Roll,1,Kitchen,9.0,2,BACON-EGG,9.0,2023-08-31 06:34:08,,Tomato Sauce,,,,,0.0
35003,613,2,0.0,13.8,Toasted Roll,1,Kitchen,9.0,2,BACON-EGG,9.0,2023-08-25 06:33:48,,Tomato Sauce,,,,,0.0
38078,632,2,0.0,13.8,Toasted Roll,1,Kitchen,9.0,2,BACON-EGG,9.0,2023-11-30 07:32:42,,BBQ Sauce,,,,,0.0
36940,632,2,0.0,13.8,Toasted Roll,1,Kitchen,9.0,2,BACON-EGG,9.0,2023-10-24 06:01:31,,Salt and Pepper,,,,,0.0
36432,632,2,0.0,13.8,Toasted Roll,1,Kitchen,9.0,2,BACON-EGG,9.0,2023-10-09 07:39:53,,Salt and Pepper,,,,,0.0
36111,632,2,0.0,13.8,Toasted Roll,1,Kitchen,9.0,2,BACON-EGG,9.0,2023-09-28 07:42:16,,Salt and Pepper,,,,,0.0
36002,632,2,0.0,13.8,Toasted Roll,1,Kitchen,9.0,2,BACON-EGG,9.0,2023-09-25 07:29:59,,Salt and Pepper,,,,,0.0
18130,632,2,0.0,13.8,Toastie,1,Kitchen,9.5,2,EGG,6.0,2021-12-10 06:32:46,Multigrain,"Avocado, Hash Brown, Salt and Pepper",,,,,3.5
10739,632,2,0.0,13.8,Toastie,1,Kitchen,9.0,2,EGG-CHEESE,7.0,2021-02-20 08:10:50,Multigrain,"BBQ Sauce, Hash Brown",,,,,2.0
39142,1436,2,0.0,13.8,Toasted Roll,1,Kitchen,9.0,2,BACON-EGG,9.0,2024-01-16 08:01:51,,Tomato Sauce,,,,,0.0
32041,421,2,0.0,13.8,Toasted Roll,1,Kitchen,8.5,2,BACON-EGG,8.5,2023-05-22 11:21:01,,Salt and Pepper,,,,,0.0
40127,1190,2,0.0,13.8,Toasted Roll,1,Kitchen,9.0,2,BACON-EGG,9.0,2024-02-19 07:45:40,,BBQ Sauce,,,,,0.0
39989,1190,2,0.0,13.8,Toasted Roll,1,Kitchen,9.0,2,BACON-EGG,9.0,2024-02-15 07:08:26,,BBQ Sauce,,,,,0.0
37506,1190,2,0.0,13.8,Toasted Roll,1,Kitchen,9.0,2,BACON-EGG,9.0,2023-11-11 08:43:17,,BBQ Sauce,,,,,0.0
36353,1190,2,0.0,13.8,Toasted Roll,1,Kitchen,9.0,2,BACON-EGG,9.0,2023-10-06 10:10:35,,BBQ Sauce,,,,,0.0
35758,1190,2,0.0,13.8,Toasted Roll,1,Kitchen,9.0,2,BACON-EGG,9.0,2023-09-17 09:04:43,,BBQ Sauce,,,,,0.0
16187,936,2,0.0,13.8,Toasted Roll,1,Kitchen,9.0,2,BACON-EGG,7.0,2021-10-01 09:45:00,,"Tomato Sauce, Hash Brown, Salt and Pepper",,,,,2.0
39352,1198,2,0.0,13.8,Toastie,1,Kitchen,9.0,2,BACON-EGG,9.0,2024-01-24 06:52:33,White,BBQ Sauce,,,,,0.0
27041,189,2,0.0,13.8,Muffin,1,Kitchen,3.9,3,RASPBERRY-WHITECHOC,3.9,2022-11-22 09:10:45,,,Yes,,,,0.0
25713,189,2,0.0,13.8,Muffin,1,Kitchen,3.9,3,RASPBERRY-WHITECHOC,3.9,2022-10-06 08:47:55,,,Yes,,,,0.0
19607,714,2,0.0,13.8,Toasted Roll,1,Kitchen,10.0,2,CHICKEN-SCHNITZEL-CHEESE-LETTUCE,8.5,2022-02-21 12:39:01,,"Avocado, Salt and Pepper",,,,,1.5
17757,714,2,0.0,13.8,Toasted Roll,1,Kitchen,9.5,2,BACON-EGG-CHEESE,8.0,2021-11-25 13:27:27,,"Tomato Sauce, Avocado",,,,,1.5
14837,714,2,0.0,13.8,Toasted Roll,1,Kitchen,9.5,2,BACON-EGG-CHEESE,8.0,2021-08-16 11:46:46,,"Tomato Sauce, Avocado",,,,,1.5
27619,973,2,0.0,13.8,Muffin,1,Kitchen,3.9,3,APPLE-CINNAMON,3.9,2022-12-11 09:32:39,,,Yes,,,,0.0
35318,721,2,0.0,13.8,Toasted Roll,1,Kitchen,9.0,2,BACON-EGG,9.0,2023-09-04 07:16:17,,"BBQ Sauce, Salt and Pepper",,,,,0.0
27427,721,2,0.0,13.8,Toasted Roll,1,Kitchen,10.0,2,BACON-EGG,8.0,2022-12-05 06:59:36,,"Tomato Sauce, Hash Brown, Salt and Pepper",,,,,2.0
27308,721,2,0.0,13.8,Toasted Roll,1,Kitchen,10.0,2,BACON-EGG,8.0,2022-12-01 07:33:54,,"Tomato Sauce, Hash Brown, Salt and Pepper",,,,,2.0
27123,721,2,0.0,13.8,Toasted Roll,1,Kitchen,10.0,2,BACON-EGG,8.0,2022-11-25 07:58:22,,"Tomato Sauce, Hash Brown, Salt and Pepper",,,,,2.0
17313,721,2,0.0,13.8,Toasted Roll,1,Kitchen,9.0,2,BACON-EGG,7.0,2021-11-10 07:17:47,,"Tomato Sauce, Hash Brown, Salt and Pepper",,,,,2.0
17179,721,2,0.0,13.8,Toasted Roll,1,Kitchen,9.0,2,BACON-EGG,7.0,2021-11-05 07:55:45,,"Tomato Sauce, Hash Brown, Salt and Pepper",,,,,2.0
16789,721,2,0.0,13.8,Toasted Roll,1,Kitchen,9.0,2,BACON-EGG,7.0,2021-10-22 07:23:24,,"Tomato Sauce, Hash Brown, Salt and Pepper",,,,,2.0
13130,721,2,0.0,13.8,Toasted Roll,1,Kitchen,9.0,2,BACON-EGG,7.0,2021-06-08 08:20:09,,"Tomato Sauce, Hash Brown",,,,,2.0
25662,996,2,0.0,13.8,Toastie,1,Kitchen,9.0,2,BACON-EGG-CHEESE,9.0,2022-10-04 08:11:20,Multigrain,Salt and Pepper,,,,,0.0
24481,996,2,0.0,13.8,Toastie,1,Kitchen,9.0,2,BACON-EGG-CHEESE,9.0,2022-08-23 08:12:54,Multigrain,Salt and Pepper,,,,,0.0
33732,240,2,0.0,13.8,Toasted Roll,1,Kitchen,9.5,2,BACON-EGG-CHEESE,9.5,2023-07-16 09:52:10,,Tomato Sauce,,,,,0.0
38660,1274,2,0.0,13.8,Toasted Roll,1,Kitchen,9.0,2,BACON-EGG,9.0,2023-12-18 09:45:00,,BBQ Sauce,,,,,0.0
20895,255,2,0.0,13.8,Toasted Roll,1,Kitchen,9.0,2,BACON-EGG,7.0,2022-04-10 12:00:00,,Hash Brown,,,,,2.0
6149,298,2,0.0,26.6,Toasted Roll,1,Kitchen,10.0,4,BACON-EGG-CHEESE,8.0,2020-08-03 08:00:00,,"BBQ Sauce, Hash Brown",,,,,2.0
6149,298,2,0.0,26.6,Croissant,1,Kitchen,8.0,1,CHEESE-TOMATO,8.0,2020-08-03 08:00:00,,Salt and Pepper,,,,,0.0
5798,298,2,0.0,26.6,Toastie,1,Kitchen,8.0,3,HAM-CHEESE-TOMATO,8.0,2020-07-17 08:00:00,Multigrain,Tomato Sauce,,,,,0.0
5798,298,2,0.0,26.6,Toastie,1,Kitchen,10.0,4,BACON-EGG-CHEESE,8.0,2020-07-17 08:00:00,Multigrain,"BBQ Sauce, Hash Brown",,,,,2.0
13788,305,2,0.0,26.6,Toasted Roll,1,Kitchen,7.0,4,BACON-EGG,7.0,2021-07-04 13:45:00,,"BBQ Sauce, Salt and Pepper",,,,,0.0
13788,305,2,0.0,26.6,Toasted Roll,1,Kitchen,8.0,5,BACON-EGG-CHEESE,8.0,2021-07-04 13:45:00,,"BBQ Sauce, Salt and Pepper",,,,,0.0
14244,585,2,0.0,26.6,Toasted Roll,1,Kitchen,10.0,3,BACON-EGG-CHEESE,8.0,2021-07-24 09:03:16,,"Tomato Sauce, Hash Brown",,,,,2.0
14244,585,2,0.0,26.6,Toastie,1,Kitchen,8.0,4,BACON-EGG-CHEESE,8.0,2021-07-24 09:03:16,White,Tomato Sauce,,,,,0.0
14065,617,2,0.0,26.6,Toasted Roll,1,Kitchen,10.0,3,BACON-EGG-CHEESE,8.0,2021-07-17 09:03:21,,Hash Brown,,,,,2.0
14065,617,2,0.0,26.6,Toastie,1,Kitchen,8.0,4,BACON-EGG-CHEESE,8.0,2021-07-17 09:03:21,White,Tomato Sauce,,,,,0.0
15376,887,2,0.0,26.6,Toasted Roll,1,Kitchen,10.0,3,BACON-EGG-CHEESE,8.0,2021-09-05 08:00:00,,"BBQ Sauce, Hash Brown, Salt and Pepper",,,,,2.0
15376,887,2,0.0,26.6,Toasted Roll,1,Kitchen,8.0,4,BACON-EGG-CHEESE,8.0,2021-09-05 08:00:00,,"BBQ Sauce, Salt and Pepper",,,,,0.0
17008,435,2,0.0,26.6,Toasted Roll,1,Kitchen,9.0,3,BACON-EGG,7.0,2021-10-29 08:45:55,,"Tomato Sauce, Hash Brown",,,,,2.0
17008,435,2,0.0,26.6,Toasted Roll,1,Kitchen,9.0,4,BACON-EGG,7.0,2021-10-29 08:45:55,,"Tomato Sauce, Hash Brown",,,,,2.0
25425,1148,2,0.0,39.4,Toastie,1,Kitchen,9.0,6,BACON-EGG-CHEESE,9.0,2022-09-25 09:24:59,White,"Tomato Sauce, Salt and Pepper",,,,,0.0
25425,1148,2,0.0,39.4,Toasted Roll,1,Kitchen,9.6,5,CHICKEN-SCHNITZEL-CHEESE-LETTUCE,9.6,2022-09-25 09:24:59,,Salt and Pepper,,,,,0.0
22152,141,2,0.0,39.4,Muffin,1,Kitchen,3.9,5,APPLE-CINNAMON,3.9,2022-05-28 12:20:24,,,No,,,,0.0
31123,175,2,0.0,39.4,Build Your Own Breakfast,1,Kitchen,12.2,1,SUNNY,9.2,2023-04-23 12:48:54,White,Bacon,,,,,3.0
31123,175,2,0.0,39.4,Build Your Own Breakfast,1,Kitchen,17.2,2,SUNNY,9.2,2023-04-23 12:48:54,Sourdough,"Hollandaise, Halloumi",,,,,8.0
31080,175,2,0.0,39.4,Toastie,1,Kitchen,9.5,6,BACON-EGG-CHEESE,9.5,2023-04-22 09:54:29,White,Tomato Sauce,,,,,0.0
31080,175,2,0.0,39.4,Toastie,1,Kitchen,8.5,7,BACON-EGG,8.5,2023-04-22 09:54:29,White,Tomato Sauce,,,,,0.0
11274,180,2,0.0,39.4,Build Your Own Breakfast,1,Kitchen,11.9,1,SCRAMBLED,7.9,2021-03-19 13:43:50,Sourdough,Avocado,,,,,4.0
20669,754,2,0.0,39.4,Toastie,1,Kitchen,7.0,4,BACON-EGG,7.0,2022-04-02 11:31:52,Multigrain,Tomato Sauce,,,,,0.0
20669,754,2,0.0,39.4,Toastie,1,Kitchen,9.0,5,BACON-EGG,7.0,2022-04-02 11:31:52,Multigrain,"BBQ Sauce, Hash Brown, Salt and Pepper",,,,,2.0
20669,754,2,0.0,39.4,Toastie,1,Kitchen,7.0,6,BACON-EGG,7.0,2022-04-02 11:31:52,Dark Rye,"Tomato Sauce, Salt and Pepper",,,,,0.0
34953,1567,2,0.0,52.2,Toastie,1,Kitchen,12.5,5,BACON-EGG-CHEESE,10.5,2023-08-23 11:15:00,White,"Hash Brown, Salt and Pepper",,,,,2.0
34953,1567,2,0.0,52.2,Toastie,1,Kitchen,12.5,6,BACON-EGG-CHEESE,10.5,2023-08-23 11:15:00,White,"Hash Brown, Salt and Pepper",,,,,2.0
15382,77,2,0.0,52.2,Eggs Benedict,1,Kitchen,16.5,2,BACON,14.5,2021-09-05 08:30:00,,,,Hashbrown,,,2.0
15382,77,2,0.0,52.2,Big Breakfast,1,Kitchen,19.7,1,SUNNY,16.7,2021-09-05 08:30:00,Multigrain,Baby Spinach,,,,,3.0
13118,719,0,0.0,52.2,Toastie,1,Kitchen,8.0,6,HAM-CHEESE-TOMATO,8.0,2021-06-07 13:34:36,White,Tomato Sauce,,,,,0.0
13118,719,0,0.0,52.2,Toastie,1,Kitchen,7.0,7,HAM-CHEESE,7.0,2021-06-07 13:34:36,White,Tomato Sauce,,,,,0.0
16843,748,2,0.0,52.2,Eggs Benedict,1,Kitchen,16.5,4,BACON,14.5,2021-10-24 08:35:07,,,,Hashbrown,,,2.0
16843,748,2,0.0,52.2,Big Breakfast,1,Kitchen,24.2,1,POACHED,16.7,2021-10-24 08:35:07,Sourdough,"Hash Brown, Pulled Pork",,,,,7.5
32893,1116,2,0.0,65.0,Big Breakfast,1,Kitchen,27.7,1,FRIED,19.2,2023-06-18 10:50:56,White,"Halloumi, Pulled Pork",,,,,8.5
32893,1116,2,0.0,65.0,Eggs Benedict,1,Kitchen,18.5,3,HAM,16.5,2023-06-18 10:50:56,,,,Hashbrown,,,2.0
26647,1288,2,0.0,21.5,Toasted Roll,1,Kitchen,10.0,3,BACON-EGG,8.0,2022-11-09 09:22:48,,"Tomato Sauce, Hash Brown",,,,,2.0
37714,14,2,0.0,21.5,Toasted Roll,1,Kitchen,12.0,3,BACON-EGG-CHEESE,10.0,2023-11-18 10:15:00,,Hash Brown,,,,,2.0
13941,795,2,0.0,21.5,Big Breakfast,1,Kitchen,16.7,1,POACHED,16.7,2021-07-11 12:13:21,White,Hollandaise,,,,,0.0
29405,48,2,0.0,21.5,Muffin,2,Kitchen,7.8,4,RASPBERRY-WHITECHOC,3.9,2023-02-25 09:47:08,,,No,,,,0.0
26750,1329,2,0.0,21.5,Toastie,1,Kitchen,8.0,3,HAM-CHEESE,8.0,2022-11-12 11:39:00,White,Tomato Sauce,,,,,0.0
9771,598,2,0.0,21.5,Toasted Roll,1,Kitchen,11.5,1,BACON-EGG-CHEESE,8.0,2020-12-24 07:42:27,,"Avocado, Hash Brown",,,,,3.5
9771,598,2,0.0,21.5,Toasted Roll,1,Kitchen,10.0,2,BACON-EGG-CHEESE,8.0,2020-12-24 07:42:27,,"Tomato Sauce, Hash Brown",,,,,2.0
3809,91,2,0.0,21.5,Toastie,1,Kitchen,9.0,3,HAM-CHEESE,7.0,2019-11-09 11:51:35,White,"BBQ Sauce, Hash Brown, Salt and Pepper",,,,,2.0
35478,865,0,0.0,21.5,Eggs Benedict,1,Kitchen,19.5,1,BACON,17.5,2023-09-08 08:49:52,,,,Hashbrown,,,2.0
20531,1124,2,0.0,21.5,Build Your Own Breakfast,1,Kitchen,21.5,1,POACHED,8.0,2022-03-28 12:25:40,Sourdough,"Hash Brown, Sauteed Mushrooms, Baby Spinach, Smoked Salmon",,,,,13.5
13227,105,0,0.0,21.5,Toasted Roll,1,Kitchen,9.5,3,BACON-EGG-CHEESE,8.0,2021-06-11 09:35:56,,Avocado,,,,,1.5
15631,651,2,0.0,21.5,Eggs Benedict,1,Kitchen,16.5,2,BACON,14.5,2021-09-13 09:15:00,,,,Hashbrown,,,2.0
14868,141,2,0.0,21.5,Toasted Roll,1,Kitchen,7.0,2,BACON-EGG,7.0,2021-08-18 06:31:10,,BBQ Sauce,,,,,0.0
14868,141,2,0.0,21.5,Toastie,1,Kitchen,9.0,3,BACON-EGG,7.0,2021-08-18 06:31:10,Multigrain,"BBQ Sauce, Hash Brown",,,,,2.0
23804,1194,0,0.0,21.5,Toastie,1,Kitchen,8.0,3,BACON-EGG,8.0,2022-07-30 10:00:00,White,Salt and Pepper,,,,,0.0
25213,451,2,0.0,21.5,Toasted Roll,1,Kitchen,8.0,4,BACON-EGG,8.0,2022-09-17 08:20:28,,BBQ Sauce,,,,,0.0
26804,973,2,0.0,21.5,Muffin,1,Kitchen,3.9,4,APPLE-CINNAMON,3.9,2022-11-14 11:01:20,,,Yes,,,,0.0
26804,973,2,0.0,21.5,Muffin,1,Kitchen,3.9,5,ORANGE-POPPYSEED,3.9,2022-11-14 11:01:20,,,Yes,,,,0.0
32524,744,2,0.0,21.5,Muffin,1,Kitchen,3.9,4,APPLE-CINNAMON,3.9,2023-06-06 10:47:32,,,No,,,,0.0
32524,744,2,0.0,21.5,Muffin,1,Kitchen,3.9,5,ORANGE-POPPYSEED,3.9,2023-06-06 10:47:32,,,No,,,,0.0
10617,239,2,0.0,21.5,Toasted Roll,1,Kitchen,11.5,1,BACON-EGG-CHEESE,8.0,2021-02-14 10:19:46,,"Avocado, Hash Brown",,,,,3.5
10617,239,2,0.0,21.5,Toasted Roll,1,Kitchen,10.0,2,BACON-EGG-CHEESE,8.0,2021-02-14 10:19:46,,"Tomato Sauce, Hash Brown",,,,,2.0
13066,751,2,0.0,21.5,Toastie,1,Kitchen,8.0,3,HAM-CHEESE-TOMATO,8.0,2021-06-05 13:05:26,White,Tomato Sauce,,,,,0.0
5573,250,2,0.0,21.5,Toasted Roll,1,Kitchen,7.0,2,BACON-EGG,7.0,2020-07-04 12:39:37,,"BBQ Sauce, Salt and Pepper",,,,,0.0
5573,250,2,0.0,21.5,Toastie,1,Kitchen,9.0,3,HAM-CHEESE-TOMATO,8.0,2020-07-04 12:39:37,Sourdough,Salt and Pepper,,,,,1.0
9355,14,2,0.0,34.3,Toasted Roll,1,Kitchen,9.0,4,BACON-EGG,7.0,2020-12-06 08:30:00,,Hash Brown,,,,,2.0
9355,14,2,0.0,34.3,Toasted Roll,1,Kitchen,10.5,5,BACON-EGG,7.0,2020-12-06 08:30:00,,"Avocado, Hash Brown",,,,,3.5
35952,290,2,0.0,34.3,Toastie,1,Kitchen,9.0,5,HAM-CHEESE,9.0,2023-09-23 09:32:58,Multigrain,Tomato Sauce,,,,,0.0
14954,814,2,0.0,34.3,Eggs Florentine,1,Kitchen,16.2,1,REGULAR,14.2,2021-08-21 09:31:23,,,,Hashbrown,,,2.0
22916,341,2,0.0,34.3,Toasted Roll,1,Kitchen,10.0,4,BACON-EGG-CHEESE,8.0,2022-06-26 11:00:24,,"BBQ Sauce, Hash Brown, Salt and Pepper",,,,,2.0
22916,341,2,0.0,34.3,Toastie,1,Kitchen,8.5,5,BACON-CHEESE,7.0,2022-06-26 11:00:24,Multigrain,Avocado,,,,,1.5
13671,88,2,0.0,34.3,Toasted Roll,1,Kitchen,10.0,4,BACON-EGG-CHEESE,8.0,2021-06-29 08:39:57,,"BBQ Sauce, Hash Brown, Salt and Pepper",,,,,2.0
13671,88,2,0.0,34.3,Toasted Roll,1,Kitchen,9.5,5,BACON-EGG-CHEESE,8.0,2021-06-29 08:39:57,,"Tomato Sauce, Avocado",,,,,1.5
3706,91,2,0.0,34.3,Toastie,1,Kitchen,10.0,4,BACON-EGG-CHEESE,8.0,2019-10-17 10:15:00,White,Hash Brown,,,,,2.0
3706,91,2,0.0,34.3,Toastie,1,Kitchen,10.0,5,BACON-EGG-CHEESE,8.0,2019-10-17 10:15:00,White,Hash Brown,,,,,2.0
35557,688,2,0.0,47.1,Toastie,1,Kitchen,10.5,5,BACON-EGG-CHEESE,10.5,2023-09-10 12:03:43,Multigrain,Tomato Sauce,,,,,0.0
35557,688,2,0.0,47.1,Toastie,1,Kitchen,9.0,6,HAM-CHEESE,9.0,2023-09-10 12:03:43,Multigrain,Tomato Sauce,,,,,0.0
3347,14,10,0.0,16.4,Toastie,1,Kitchen,8.0,3,HAM-CHEESE-TOMATO,8.0,2019-06-19 08:58:20,White,Tomato Sauce,,,,,0.0
23640,543,2,0.0,16.4,Toastie,1,Kitchen,7.0,3,BACON-CHEESE,7.0,2022-07-24 15:05:24,Multigrain,Tomato Sauce,,,,,0.0
36604,1314,2,0.0,16.4,Toastie,1,Kitchen,10.5,2,HAM-CHEESE-TOMATO,10.5,2023-10-14 08:34:36,White,Tomato Sauce,,,,,0.0
35945,1314,2,0.0,16.4,Toastie,1,Kitchen,10.5,2,HAM-CHEESE-TOMATO,10.5,2023-09-23 08:36:36,White,Tomato Sauce,,,,,0.0
34370,1314,2,0.0,16.4,Toastie,1,Kitchen,10.5,2,HAM-CHEESE-TOMATO,10.5,2023-08-05 08:38:38,Multigrain,Tomato Sauce,,,,,0.0
3804,67,2,0.0,16.4,Toastie,1,Kitchen,8.0,2,BACON-CHEESE,7.0,2019-11-08 12:00:56,Sourdough,Tomato Sauce,,,,,1.0
40292,862,2,0.0,16.4,Toastie,1,Kitchen,10.5,2,HAM-CHEESE-TOMATO,10.5,2024-02-24 07:47:48,Multigrain,Tomato Sauce,,,,,0.0
38897,862,2,0.0,16.4,Toastie,1,Kitchen,10.5,2,HAM-CHEESE-TOMATO,10.5,2024-01-06 08:36:50,Multigrain,Tomato Sauce,,,,,0.0
37317,862,2,0.0,16.4,Toastie,1,Kitchen,10.5,2,HAM-CHEESE-TOMATO,10.5,2023-11-04 09:59:55,Multigrain,Tomato Sauce,,,,,0.0
34153,862,2,0.0,16.4,Toastie,1,Kitchen,10.5,2,HAM-CHEESE-TOMATO,10.5,2023-07-29 08:38:29,Multigrain,Tomato Sauce,,,,,0.0
34149,862,9,0.0,16.4,Toastie,1,Kitchen,10.5,2,HAM-CHEESE-TOMATO,10.5,2023-07-29 08:27:41,Multigrain,Tomato Sauce,,,,,0.0
10425,615,2,0.0,16.4,Build Your Own Breakfast,1,Kitchen,9.9,1,FRIED,7.9,2021-02-04 09:46:57,White,Hash Brown,,,,,2.0
26802,1127,2,0.0,16.4,Toasted Roll,1,Kitchen,9.0,3,BACON-EGG-CHEESE,9.0,2022-11-14 10:19:31,,BBQ Sauce,,,,,0.0
31894,1148,2,0.0,16.4,Muffin,1,Kitchen,3.9,3,RASPBERRY-WHITECHOC,3.9,2023-05-17 08:56:34,,,No,,,,0.0
31894,1148,2,0.0,16.4,Muffin,1,Kitchen,3.9,4,CHOC-MUD,3.9,2023-05-17 08:56:34,,,No,,,,0.0
19697,721,2,0.0,16.4,Toasted Roll,1,Kitchen,9.0,3,BACON-EGG,7.0,2022-02-25 07:58:36,,"Tomato Sauce, Hash Brown, Salt and Pepper",,,,,2.0
14980,10,2,0.0,29.2,Toasted Roll,1,Kitchen,9.0,4,BACON-EGG,7.0,2021-08-22 09:00:00,,Hash Brown,,,,,2.0
14980,10,2,0.0,29.2,Build Your Own Breakfast,1,Kitchen,7.9,1,SCRAMBLED,7.9,2021-08-22 09:00:00,White,"Bacon, Hollandaise, Sauteed Mushrooms",,,,,0.0
14980,10,2,0.0,29.2,Kids Pancakes,1,Kitchen,8.0,3,CREAM,6.0,2021-08-22 09:00:00,,,,,,Strawberries,2.0
3625,58,2,0.0,29.2,Toasted Roll,1,Kitchen,10.0,3,BACON-EGG-CHEESE,8.0,2019-09-29 12:51:19,,Hash Brown,,,,,2.0
3625,58,2,0.0,29.2,Toasted Roll,1,Kitchen,10.0,4,BACON-EGG-CHEESE,8.0,2019-09-29 12:51:19,,Hash Brown,,,,,2.0
7543,337,2,0.0,29.2,Toastie,1,Kitchen,7.0,6,BACON-EGG,7.0,2020-09-27 10:37:53,White,Tomato Sauce,,,,,0.0
7272,337,2,0.0,29.2,Toastie,1,Kitchen,7.0,6,BACON-EGG,7.0,2020-09-17 11:01:41,White,Tomato Sauce,,,,,0.0
7111,337,2,0.0,29.2,Toastie,1,Kitchen,7.0,6,BACON-EGG,7.0,2020-09-11 10:08:47,White,Tomato Sauce,,,,,0.0
7090,337,2,0.0,29.2,Toastie,1,Kitchen,7.0,6,BACON-EGG,7.0,2020-09-10 10:05:31,White,Tomato Sauce,,,,,0.0
6979,337,2,0.0,29.2,Toastie,1,Kitchen,7.0,6,BACON-EGG,7.0,2020-09-06 10:08:43,White,Tomato Sauce,,,,,0.0
6785,337,2,0.0,29.2,Toastie,1,Kitchen,7.0,6,BACON-EGG,7.0,2020-08-30 10:14:00,White,Tomato Sauce,,,,,0.0
13041,92,2,0.0,29.2,Toasted Roll,1,Kitchen,9.5,3,BACON-EGG-CHEESE,8.0,2021-06-05 07:39:44,,"Tomato Sauce, Avocado",,,,,1.5
13041,92,2,0.0,29.2,Toasted Roll,1,Kitchen,10.0,4,BACON-EGG-CHEESE,8.0,2021-06-05 07:39:44,,"BBQ Sauce, Hash Brown, Salt and Pepper",,,,,2.0
27793,620,1,0.0,29.2,Muffin,1,Kitchen,3.9,6,ORANGE-POPPYSEED,3.9,2022-12-16 09:15:00,,,No,,,,0.0
27792,620,9,0.0,29.2,Muffin,1,Kitchen,3.9,6,ORANGE-POPPYSEED,3.9,2022-12-16 09:15:00,,,No,,,,0.0
22645,620,2,0.0,29.2,Muffin,1,Kitchen,3.9,6,ORANGE-POPPYSEED,3.9,2022-06-16 09:15:00,,,No,,,,0.0
37343,1649,2,0.0,29.2,Muffin,1,Kitchen,4.5,4,APPLE-CINNAMON,4.5,2023-11-05 10:45:25,,,Yes,,,,0.0
32620,127,2,0.0,29.2,Toastie,1,Kitchen,8.5,3,HAM-CHEESE,8.5,2023-06-09 11:17:10,White,Tomato Sauce,,,,,0.0
32620,127,2,0.0,29.2,Toastie,1,Kitchen,8.5,4,HAM-CHEESE,8.5,2023-06-09 11:17:10,Multigrain,Tomato Sauce,,,,,0.0
4042,132,1,0.0,29.2,Toastie,1,Kitchen,7.0,3,BACON-EGG,7.0,2020-01-10 06:30:00,White,Tomato Sauce,,,,,0.0
4042,132,1,0.0,29.2,Toastie,1,Kitchen,7.0,4,BACON-EGG,7.0,2020-01-10 06:30:00,White,Tomato Sauce,,,,,0.0
32659,172,2,0.0,29.2,Toasted Roll,1,Kitchen,8.5,3,BACON-EGG,8.5,2023-06-11 08:42:39,,Tomato Sauce,,,,,0.0
16515,959,2,0.0,29.2,Big Breakfast,1,Kitchen,20.7,2,POACHED,16.7,2021-10-12 10:05:28,Sourdough,Hollandaise,,,,,4.0
21927,975,2,0.0,29.2,Toasted Roll,1,Kitchen,8.0,4,BACON-EGG-CHEESE,8.0,2022-05-21 08:41:39,,BBQ Sauce,,,,,0.0
21927,975,2,0.0,29.2,Toasted Roll,1,Kitchen,8.0,5,BACON-EGG-CHEESE,8.0,2022-05-21 08:41:39,,BBQ Sauce,,,,,0.0
4565,216,10,0.0,29.2,Toasted Roll,1,Kitchen,7.0,4,BACON-EGG,7.0,2020-04-19 08:15:00,,BBQ Sauce,,,,,0.0
4565,216,10,0.0,29.2,Toasted Roll,1,Kitchen,8.0,5,BACON-EGG-CHEESE,8.0,2020-04-19 08:15:00,,Tomato Sauce,,,,,0.0
30675,175,2,3.12,34.32,Muffin,1,Kitchen,3.9,5,BLUEBERRY,3.9,2023-04-07 10:10:13,,,Yes,,,,0.0
30675,175,2,3.12,34.32,Toastie,1,Kitchen,8.5,6,BACON-EGG,8.5,2023-04-07 10:10:13,White,Tomato Sauce,,,,,0.0
13035,521,2,0.0,42.0,(Entree) Pasta,1,Kitchen,9.5,1,SPAGNAPOLI,9.5,2021-06-04 11:53:52,,,,,Gnocchi,,0.0
5194,285,10,0.0,42.0,Eggs Benny,1,Kitchen,16.0,2,BACON,14.0,2020-06-07 08:26:26,,,,Hashbrown,,,2.0
5194,285,10,0.0,42.0,Eggs Benny,1,Kitchen,16.0,3,BACON,14.0,2020-06-07 08:26:26,,,,Hashbrown,,,2.0
6985,32,2,0.0,42.0,Toasted Roll,1,Kitchen,8.4,7,CHICKEN-SCHNITZEL-CHEESE-LETTUCE,8.4,2020-09-06 12:00:00,,"Tomato Sauce, BBQ Sauce",,,,,0.0
26533,1322,2,0.0,42.0,Toastie,1,Kitchen,9.0,4,HAM-CHEESE-TOMATO,9.0,2022-11-05 14:45:00,White,Tomato Sauce,,,,,0.0
14809,853,2,0.0,42.0,Big Breakfast,1,Kitchen,16.7,1,POACHED,16.7,2021-08-15 13:37:22,White,Hollandaise,,,,,0.0
28092,435,2,0.0,42.0,Toasted Roll,1,Kitchen,10.5,1,BACON-EGG,8.5,2023-01-07 10:33:31,,"Tomato Sauce, Hash Brown",,,,,2.0
28092,435,2,0.0,42.0,Toasted Roll,1,Kitchen,10.5,2,BACON-EGG,8.5,2023-01-07 10:33:31,,"Tomato Sauce, Hash Brown",,,,,2.0
28092,435,2,0.0,42.0,Toasted Roll,1,Kitchen,10.5,3,BACON-EGG,8.5,2023-01-07 10:33:31,,"Tomato Sauce, Hash Brown",,,,,2.0
28092,435,2,0.0,42.0,Toasted Roll,1,Kitchen,10.5,4,BACON-EGG,8.5,2023-01-07 10:33:31,,"BBQ Sauce, Hash Brown",,,,,2.0
18818,575,2,0.0,54.8,Toasted Roll,1,Kitchen,9.0,4,BACON-EGG,7.0,2022-01-22 09:05:59,,"Tomato Sauce, Hash Brown, Salt and Pepper",,,,,2.0
18818,575,2,0.0,54.8,Toasted Roll,1,Kitchen,9.0,5,BACON-EGG,7.0,2022-01-22 09:05:59,,"Tomato Sauce, Hash Brown, Salt and Pepper",,,,,2.0
18818,575,2,0.0,54.8,Toasted Roll,1,Kitchen,9.0,6,BACON-EGG,7.0,2022-01-22 09:05:59,,"Hash Brown, Salt and Pepper",,,,,2.0
18818,575,2,0.0,54.8,Toasted Roll,1,Kitchen,9.0,7,BACON-EGG,7.0,2022-01-22 09:05:59,,"Hash Brown, Salt and Pepper",,,,,2.0
14527,775,2,0.0,11.3,Toastie,1,Kitchen,7.0,2,HAM-CHEESE,7.0,2021-08-05 06:27:40,White,Tomato Sauce,,,,,0.0
17831,10,2,0.0,11.3,Toasted Roll,1,Kitchen,7.0,2,BACON-EGG,7.0,2021-11-28 08:45:00,,Tomato Sauce,,,,,0.0
17032,10,2,0.0,11.3,Toasted Roll,1,Kitchen,7.0,2,BACON-EGG,7.0,2021-10-30 08:17:57,,Tomato Sauce,,,,,0.0
5743,269,0,0.0,11.3,Toastie,1,Kitchen,7.0,2,BACON-EGG,7.0,2020-07-15 06:29:50,White,"BBQ Sauce, Salt and Pepper",,,,,0.0
15788,543,2,0.0,11.3,Toastie,1,Kitchen,7.0,2,BACON-CHEESE,7.0,2021-09-18 10:50:39,Multigrain,Tomato Sauce,,,,,0.0
15440,543,0,0.0,11.3,Toastie,1,Kitchen,7.0,2,BACON-CHEESE,7.0,2021-09-07 07:27:26,Multigrain,Tomato Sauce,,,,,0.0
7150,43,2,0.0,11.3,Toasted Roll,1,Kitchen,7.0,2,BACON-EGG,7.0,2020-09-13 08:00:03,,Tomato Sauce,,,,,0.0
6592,43,2,0.0,11.3,Toasted Roll,1,Kitchen,7.0,2,BACON-EGG,7.0,2020-08-23 07:46:12,,Tomato Sauce,,,,,0.0
6358,43,2,0.0,11.3,Toasted Roll,1,Kitchen,7.0,2,BACON-EGG,7.0,2020-08-12 07:47:19,,Tomato Sauce,,,,,0.0
5088,43,2,0.0,11.3,Toasted Roll,1,Kitchen,7.0,2,BACON-EGG,7.0,2020-05-30 09:20:20,,Tomato Sauce,,,,,0.0
5137,44,2,0.0,11.3,Toasted Roll,1,Kitchen,7.0,2,BACON-EGG,7.0,2020-06-03 07:23:19,,Tomato Sauce,,,,,0.0
4950,44,10,0.0,11.3,Toasted Roll,1,Kitchen,7.0,2,BACON-EGG,7.0,2020-05-20 07:30:00,,Tomato Sauce,,,,,0.0
4701,44,2,0.0,11.3,Toasted Roll,1,Kitchen,7.0,2,BACON-EGG,7.0,2020-05-01 09:21:51,,Tomato Sauce,,,,,0.0
4620,44,2,0.0,11.3,Toasted Roll,1,Kitchen,7.0,2,BACON-EGG,7.0,2020-04-24 09:06:11,,Tomato Sauce,,,,,0.0
4610,44,2,0.0,11.3,Toasted Roll,1,Kitchen,7.0,2,BACON-EGG,7.0,2020-04-23 10:00:00,,Tomato Sauce,,,,,0.0
4231,44,2,0.0,11.3,Toasted Roll,1,Kitchen,7.0,2,BACON-EGG,7.0,2020-02-22 09:50:12,,Tomato Sauce,,,,,0.0
4101,44,2,0.0,11.3,Toasted Roll,1,Kitchen,7.0,2,BACON-EGG,7.0,2020-01-23 10:34:35,,Tomato Sauce,,,,,0.0
4050,44,2,0.0,11.3,Toasted Roll,1,Kitchen,7.0,2,BACON-EGG,7.0,2020-01-12 10:20:11,,Tomato Sauce,,,,,0.0
19542,320,2,0.0,11.3,Toasted Roll,1,Kitchen,7.0,2,BACON-EGG,7.0,2022-02-19 08:30:24,,BBQ Sauce,,,,,0.0
18799,320,2,0.0,11.3,Toasted Roll,1,Kitchen,7.0,2,BACON-EGG,7.0,2022-01-21 08:52:34,,BBQ Sauce,,,,,0.0
17929,868,2,0.0,11.3,Toastie,1,Kitchen,7.0,2,BACON-EGG,7.0,2021-12-02 06:55:35,Multigrain,"BBQ Sauce, Salt and Pepper",,,,,0.0
15068,868,2,0.0,11.3,Toastie,1,Kitchen,7.0,2,BACON-EGG,7.0,2021-08-25 08:18:02,Multigrain,BBQ Sauce,,,,,0.0
18283,613,2,0.0,11.3,Toastie,1,Kitchen,7.0,2,HAM-CHEESE,7.0,2021-12-16 06:09:11,White,Tomato Sauce,,,,,0.0
17075,613,2,0.0,11.3,Toastie,1,Kitchen,7.0,2,HAM-CHEESE,7.0,2021-11-01 07:31:07,White,Tomato Sauce,,,,,0.0
13813,613,2,0.0,11.3,Toastie,1,Kitchen,7.0,2,HAM-CHEESE,7.0,2021-07-06 07:11:12,White,Tomato Sauce,,,,,0.0
6819,141,2,0.0,11.3,Toastie,1,Kitchen,7.0,2,BACON-EGG,7.0,2020-09-01 05:59:18,Multigrain,BBQ Sauce,,,,,0.0
5539,141,2,0.0,11.3,Toastie,1,Kitchen,7.0,2,BACON-EGG,7.0,2020-07-02 06:02:14,Multigrain,BBQ Sauce,,,,,0.0
5510,141,2,0.0,11.3,Toastie,1,Kitchen,7.0,2,BACON-EGG,7.0,2020-06-30 06:08:34,Multigrain,BBQ Sauce,,,,,0.0
5447,141,2,0.0,11.3,Toastie,1,Kitchen,7.0,2,BACON-EGG,7.0,2020-06-25 05:53:18,Multigrain,BBQ Sauce,,,,,0.0
5167,141,10,0.0,11.3,Toastie,1,Kitchen,7.0,2,BACON-EGG,7.0,2020-06-05 06:27:43,Multigrain,BBQ Sauce,,,,,0.0
5134,141,2,0.0,11.3,Toastie,1,Kitchen,7.0,2,BACON-EGG,7.0,2020-06-03 05:52:19,Multigrain,BBQ Sauce,,,,,0.0
5121,141,2,0.0,11.3,Toastie,1,Kitchen,7.0,2,BACON-EGG,7.0,2020-06-02 05:54:13,Multigrain,BBQ Sauce,,,,,0.0
5108,141,2,0.0,11.3,Toastie,1,Kitchen,7.0,2,BACON-EGG,7.0,2020-06-01 05:52:01,Multigrain,BBQ Sauce,,,,,0.0
5099,141,2,0.0,11.3,Toastie,1,Kitchen,7.0,2,BACON-EGG,7.0,2020-05-31 07:35:38,Multigrain,BBQ Sauce,,,,,0.0
5069,141,2,0.0,11.3,Toastie,1,Kitchen,7.0,2,BACON-EGG,7.0,2020-05-29 05:58:21,Multigrain,BBQ Sauce,,,,,0.0
5057,141,2,0.0,11.3,Toastie,1,Kitchen,7.0,2,BACON-EGG,7.0,2020-05-28 06:01:16,Multigrain,BBQ Sauce,,,,,0.0
4986,141,10,0.0,11.3,Toastie,1,Kitchen,7.0,2,BACON-EGG,7.0,2020-05-22 05:52:53,Multigrain,BBQ Sauce,,,,,0.0
16625,414,2,0.0,11.3,Toastie,1,Kitchen,7.0,2,HAM-CHEESE,7.0,2021-10-16 09:20:05,White,Tomato Sauce,,,,,0.0
4869,194,2,0.0,11.3,Toasted Roll,1,Kitchen,7.0,2,BACON-EGG,7.0,2020-05-14 09:13:56,,"Tomato Sauce, Salt and Pepper",,,,,0.0
23765,721,2,0.0,11.3,Toasted Roll,1,Kitchen,7.0,2,BACON-EGG,7.0,2022-07-29 07:47:52,,"Tomato Sauce, Salt and Pepper",,,,,0.0
17118,754,2,0.0,11.3,Toastie,1,Kitchen,7.0,2,BACON-EGG,7.0,2021-11-03 06:09:57,White,BBQ Sauce,,,,,0.0
18187,543,2,0.0,24.1,Toasted Roll,1,Kitchen,7.0,3,BACON-EGG,7.0,2021-12-11 10:07:47,,BBQ Sauce,,,,,0.0
18187,543,2,0.0,24.1,Toastie,1,Kitchen,8.5,4,BACON-CHEESE,7.0,2021-12-11 10:07:47,White,Avocado,,,,,1.5
16482,543,2,0.0,24.1,Toasted Roll,1,Kitchen,7.0,3,BACON-EGG,7.0,2021-10-11 09:43:35,,BBQ Sauce,,,,,0.0
16482,543,2,0.0,24.1,Toastie,1,Kitchen,8.5,4,BACON-CHEESE,7.0,2021-10-11 09:43:35,White,Avocado,,,,,1.5
4348,79,10,0.0,24.1,Toasted Roll,1,Kitchen,7.0,3,BACON-EGG,7.0,2020-03-14 08:56:01,,Salt and Pepper,,,,,0.0
4348,79,10,0.0,24.1,Toasted Roll,1,Kitchen,8.5,4,BACON-EGG,7.0,2020-03-14 08:56:01,,"Avocado, Salt and Pepper",,,,,1.5
4112,79,2,0.0,24.1,Toasted Roll,1,Kitchen,7.0,3,BACON-EGG,7.0,2020-01-25 12:38:16,,Salt and Pepper,,,,,0.0
4112,79,2,0.0,24.1,Toastie,1,Kitchen,8.5,4,BACON-EGG,7.0,2020-01-25 12:38:16,White,"Avocado, Salt and Pepper",,,,,1.5
4020,79,2,0.0,24.1,Toasted Roll,1,Kitchen,7.0,3,BACON-EGG,7.0,2020-01-02 09:41:44,,Salt and Pepper,,,,,0.0
4020,79,2,0.0,24.1,Toasted Roll,1,Kitchen,8.5,4,BACON-EGG,7.0,2020-01-02 09:41:44,,"Avocado, Salt and Pepper",,,,,1.5
5372,88,2,0.0,24.1,Toasted Roll,1,Kitchen,7.0,3,BACON-EGG,7.0,2020-06-20 09:17:38,,Tomato Sauce,,,,,0.0
5372,88,2,0.0,24.1,Toasted Roll,1,Kitchen,9.5,4,BACON-EGG-CHEESE,8.0,2020-06-20 09:17:38,,"Tomato Sauce, Avocado",,,,,1.5
37935,618,2,0.0,24.1,Toastie,1,Kitchen,13.5,3,BACON-EGG,9.0,2023-11-25 10:02:04,Gluten Free,Hash Brown,,,,,4.5
6281,359,2,0.0,36.9,Toasted Roll,1,Kitchen,10.0,5,BACON-EGG-CHEESE,8.0,2020-08-09 09:15:00,,Hash Brown,,,,,2.0
18360,391,1,0.0,36.9,Toastie,1,Kitchen,7.0,3,CHEESE-TOMATO,7.0,2021-12-18 13:16:32,Multigrain,Salt and Pepper,,,,,0.0
18360,391,1,0.0,36.9,Toastie,1,Kitchen,7.0,4,CHEESE-TOMATO,7.0,2021-12-18 13:16:32,Multigrain,Salt and Pepper,,,,,0.0
35855,1171,2,0.0,36.9,Toastie,1,Kitchen,8.0,5,CHEESE,8.0,2023-09-20 11:14:28,White,Tomato Sauce,,,,,0.0
35855,1171,2,0.0,36.9,Toastie,1,Kitchen,9.0,6,HAM-CHEESE,9.0,2023-09-20 11:14:28,White,Tomato Sauce,,,,,0.0
4906,175,2,0.0,36.9,Toastie,1,Kitchen,7.0,5,BACON-EGG,7.0,2020-05-16 10:34:46,White,Tomato Sauce,,,,,0.0
16238,947,2,0.0,36.9,Build Your Own Breakfast,1,Kitchen,8.9,1,SCRAMBLED,7.9,2021-10-02 12:36:24,Sourdough,"Bacon, Hollandaise, Sauteed Mushrooms",,,,,1.0
16238,947,2,0.0,36.9,Eggs Benedict,1,Kitchen,16.5,2,BACON,14.5,2021-10-02 12:36:24,,,,Hashbrown,,,2.0
30528,127,2,0.0,49.7,Toastie,1,Kitchen,8.5,6,HAM-CHEESE,8.5,2023-04-02 10:26:46,White,Tomato Sauce,,,,,0.0
30528,127,2,0.0,49.7,Toastie,1,Kitchen,8.5,7,HAM-CHEESE,8.5,2023-04-02 10:26:46,Multigrain,Tomato Sauce,,,,,0.0
21521,127,2,0.0,49.7,Toastie,1,Kitchen,7.0,6,HAM-CHEESE,7.0,2022-05-05 09:38:01,Multigrain,Tomato Sauce,,,,,0.0
21521,127,2,0.0,49.7,Build Your Own Breakfast,1,Kitchen,18.5,1,SCRAMBLED,8.0,2022-05-05 09:38:01,Gluten Free,"Bacon, Smashed Avo and Feta",,,,,10.5
25541,276,2,0.0,19.0,Toasted Roll,1,Kitchen,9.0,3,BACON-EGG-CHEESE,9.0,2022-09-30 06:14:27,,BBQ Sauce,,,,,0.0
5813,331,2,0.0,19.0,Toasted Roll,1,Kitchen,9.5,1,BACON-EGG-CHEESE,8.0,2020-07-17 11:40:21,,"Avocado, Salt and Pepper",,,,,1.5
5813,331,2,0.0,19.0,Toasted Roll,1,Kitchen,9.5,2,BACON-EGG-CHEESE,8.0,2020-07-17 11:40:21,,"Avocado, Salt and Pepper",,,,,1.5
20412,79,2,0.0,19.0,Toasted Roll,1,Kitchen,7.0,4,BACON-EGG,7.0,2022-03-24 07:49:43,,Salt and Pepper,,,,,0.0
7121,92,2,0.0,19.0,Toasted Roll,1,Kitchen,9.5,1,BACON-EGG-CHEESE,8.0,2020-09-12 07:52:02,,"Tomato Sauce, Avocado",,,,,1.5
7121,92,2,0.0,19.0,Toasted Roll,1,Kitchen,9.5,2,BACON-EGG-CHEESE,8.0,2020-09-12 07:52:02,,"Tomato Sauce, Avocado",,,,,1.5
32889,861,2,0.0,19.0,Toasted Roll,2,Kitchen,19.0,1,BACON-EGG-CHEESE,9.5,2023-06-18 10:04:49,,Salt and Pepper,,,,,0.0
30855,862,2,0.0,19.0,Toastie,1,Kitchen,9.5,3,HAM-CHEESE-TOMATO,9.5,2023-04-15 08:33:17,Multigrain,Tomato Sauce,,,,,0.0
25006,862,2,0.0,19.0,Toastie,1,Kitchen,9.0,3,HAM-CHEESE-TOMATO,9.0,2022-09-10 08:13:52,Multigrain,Tomato Sauce,,,,,0.0
28339,1374,2,0.0,19.0,Muffin,1,Kitchen,3.9,3,RASPBERRY-WHITECHOC,3.9,2023-01-17 09:03:49,,,No,,,,0.0
28339,1374,2,0.0,19.0,Muffin,1,Kitchen,3.9,4,CHOC-MUD,3.9,2023-01-17 09:03:49,,,No,,,,0.0
5443,115,2,0.0,19.0,Toasted Roll,1,Kitchen,7.0,2,BACON-EGG,7.0,2020-06-24 10:53:44,,Tomato Sauce,,,,,0.0
5443,115,2,0.0,19.0,Toasted Roll,1,Kitchen,7.0,3,BACON-EGG,7.0,2020-06-24 10:53:44,,Tomato Sauce,,,,,0.0
22576,1148,2,0.0,19.0,Muffin,1,Kitchen,3.9,5,RASPBERRY-WHITECHOC,3.9,2022-06-13 11:23:08,,,No,,,,0.0
25912,651,2,0.0,19.0,Croissant,1,Kitchen,9.0,2,BACON-EGG-CHEESE,9.0,2022-10-14 08:15:00,,Salt and Pepper,,,,,0.0
25526,651,2,0.0,19.0,Croissant,1,Kitchen,9.0,2,HAM-CHEESE-TOMATO,9.0,2022-09-29 08:07:53,,Salt and Pepper,,,,,0.0
25291,651,2,0.0,19.0,Croissant,1,Kitchen,9.0,2,HAM-CHEESE-TOMATO,9.0,2022-09-20 08:00:00,,Salt and Pepper,,,,,0.0
23107,651,2,0.0,19.0,Croissant,1,Kitchen,9.0,2,HAM-CHEESE-TOMATO,9.0,2022-07-04 08:28:47,,Salt and Pepper,,,,,0.0
22637,651,2,0.0,19.0,Croissant,1,Kitchen,9.0,2,HAM-CHEESE-TOMATO,9.0,2022-06-16 07:33:07,,Salt and Pepper,,,,,0.0
16379,651,2,0.0,19.0,Toastie,1,Kitchen,9.0,3,BACON-EGG-CHEESE,8.0,2021-10-08 06:19:14,Sourdough,Tomato Sauce,,,,,1.0
25770,145,2,0.0,19.0,Toasted Roll,1,Kitchen,11.0,2,BACON-EGG-CHEESE,9.0,2022-10-08 08:17:31,,"BBQ Sauce, Hash Brown",,,,,2.0
25414,145,2,0.0,19.0,Toasted Roll,1,Kitchen,11.0,2,BACON-EGG-CHEESE,9.0,2022-09-25 06:48:49,,"BBQ Sauce, Hash Brown",,,,,2.0
25169,145,2,0.0,19.0,Toasted Roll,1,Kitchen,11.0,2,BACON-EGG-CHEESE,9.0,2022-09-15 12:17:18,,"BBQ Sauce, Hash Brown",,,,,2.0
34239,1171,2,0.0,19.0,Toastie,1,Kitchen,9.0,3,HAM-CHEESE,9.0,2023-07-31 11:17:53,Dark Rye,Tomato Sauce,,,,,0.0
21366,451,2,0.0,19.0,Toasted Roll,1,Kitchen,7.0,2,BACON-EGG,7.0,2022-04-30 08:12:38,,BBQ Sauce,,,,,0.0
21366,451,2,0.0,19.0,Toasted Roll,1,Kitchen,7.0,3,BACON-EGG,7.0,2022-04-30 08:12:38,,BBQ Sauce,,,,,0.0
21145,451,2,0.0,19.0,Toasted Roll,1,Kitchen,7.0,2,BACON-EGG,7.0,2022-04-22 08:15:00,,BBQ Sauce,,,,,0.0
21145,451,2,0.0,19.0,Toasted Roll,1,Kitchen,7.0,3,BACON-EGG,7.0,2022-04-22 08:15:00,,BBQ Sauce,,,,,0.0
20612,451,2,0.0,19.0,Toasted Roll,1,Kitchen,7.0,2,BACON-EGG,7.0,2022-03-31 09:35:43,,BBQ Sauce,,,,,0.0
20612,451,2,0.0,19.0,Toasted Roll,1,Kitchen,7.0,3,BACON-EGG,7.0,2022-03-31 09:35:43,,BBQ Sauce,,,,,0.0
19171,451,2,0.0,19.0,Toasted Roll,1,Kitchen,7.0,2,BACON-EGG,7.0,2022-02-05 08:19:49,,BBQ Sauce,,,,,0.0
19171,451,2,0.0,19.0,Toasted Roll,1,Kitchen,7.0,3,BACON-EGG,7.0,2022-02-05 08:19:49,,BBQ Sauce,,,,,0.0
13893,451,2,0.0,19.0,Toasted Roll,1,Kitchen,7.0,2,BACON-EGG,7.0,2021-07-09 08:15:37,,BBQ Sauce,,,,,0.0
13893,451,2,0.0,19.0,Toasted Roll,1,Kitchen,7.0,3,BACON-EGG,7.0,2021-07-09 08:15:37,,BBQ Sauce,,,,,0.0
34182,231,2,0.0,19.0,Toasted Roll,1,Kitchen,10.0,3,BACON-EGG-CHEESE,10.0,2023-07-30 07:15:40,,Tomato Sauce,,,,,0.0
34732,488,2,0.0,19.0,Toastie,1,Kitchen,11.5,2,HAM-CHEESE,9.0,2023-08-16 12:56:45,Sourdough,"Avocado, Salt and Pepper",,,,,2.5
31672,492,2,0.0,19.0,Toastie,1,Kitchen,8.5,3,BACON-EGG,8.5,2023-05-10 09:00:01,Multigrain,Tomato Sauce,,,,,0.0
31640,492,2,0.0,19.0,Toastie,1,Kitchen,8.5,3,HAM-CHEESE,8.5,2023-05-09 09:27:38,Multigrain,Tomato Sauce,,,,,0.0
39920,9,2,0.0,31.8,Toasted Roll,1,Kitchen,10.0,3,BACON-EGG-CHEESE,10.0,2024-02-12 10:12:55,,"Tomato Sauce, Salt and Pepper",,,,,0.0
39920,9,2,0.0,31.8,Toastie,1,Kitchen,10.5,4,HAM-CHEESE-TOMATO,10.5,2024-02-12 10:12:55,White,Tomato Sauce,,,,,0.0
34162,9,2,0.0,31.8,Toastie,1,Kitchen,10.5,4,HAM-CHEESE-TOMATO,10.5,2023-07-29 09:38:33,White,Tomato Sauce,,,,,0.0
34162,9,2,0.0,31.8,Toasted Roll,1,Kitchen,10.0,3,BACON-EGG-CHEESE,10.0,2023-07-29 09:38:33,,Tomato Sauce,,,,,0.0
30056,9,2,0.0,31.8,Toastie,2,Kitchen,19.0,3,HAM-CHEESE-TOMATO,9.5,2023-03-18 08:20:23,White,Tomato Sauce,,,,,0.0
17517,791,2,0.0,31.8,Big Breakfast,1,Kitchen,22.7,1,POACHED,16.7,2021-11-17 07:26:18,Sourdough,Smashed Avo and Feta,,,,,6.0
9521,583,2,0.0,31.8,Toasted Roll,1,Kitchen,9.0,4,BACON-EGG,7.0,2020-12-12 07:59:04,,"Tomato Sauce, Hash Brown, Salt and Pepper",,,,,2.0
9521,583,2,0.0,31.8,Toasted Roll,1,Kitchen,9.0,5,BACON-EGG,7.0,2020-12-12 07:59:04,,"Tomato Sauce, Hash Brown, Salt and Pepper",,,,,2.0
24819,88,2,0.0,31.8,Toasted Roll,1,Kitchen,10.5,3,BACON-EGG-CHEESE,9.0,2022-09-04 09:09:56,,"Tomato Sauce, Avocado",,,,,1.5
24819,88,2,0.0,31.8,Toasted Roll,1,Kitchen,11.0,4,BACON-EGG-CHEESE,9.0,2022-09-04 09:09:56,,"BBQ Sauce, Hash Brown, Salt and Pepper",,,,,2.0
25775,92,2,0.0,31.8,Toasted Roll,1,Kitchen,11.0,3,BACON-EGG-CHEESE,9.0,2022-10-08 09:01:50,,"BBQ Sauce, Hash Brown, Salt and Pepper",,,,,2.0
25775,92,2,0.0,31.8,Toasted Roll,1,Kitchen,10.5,4,BACON-EGG-CHEESE,9.0,2022-10-08 09:01:50,,"Tomato Sauce, Avocado",,,,,1.5
25002,92,2,0.0,31.8,Toasted Roll,1,Kitchen,11.0,3,BACON-EGG-CHEESE,9.0,2022-09-10 07:52:36,,"BBQ Sauce, Hash Brown, Salt and Pepper",,,,,2.0
25002,92,2,0.0,31.8,Toasted Roll,1,Kitchen,10.5,4,BACON-EGG-CHEESE,9.0,2022-09-10 07:52:36,,"Tomato Sauce, Avocado",,,,,1.5
24385,92,2,0.0,31.8,Toasted Roll,1,Kitchen,11.0,3,BACON-EGG-CHEESE,9.0,2022-08-20 08:10:04,,"BBQ Sauce, Hash Brown, Salt and Pepper",,,,,2.0
24385,92,2,0.0,31.8,Toasted Roll,1,Kitchen,10.5,4,BACON-EGG-CHEESE,9.0,2022-08-20 08:10:04,,"Tomato Sauce, Avocado",,,,,1.5
24194,92,2,0.0,31.8,Toasted Roll,1,Kitchen,10.5,3,BACON-EGG-CHEESE,9.0,2022-08-13 07:57:32,,"Tomato Sauce, Avocado",,,,,1.5
24194,92,2,0.0,31.8,Toasted Roll,1,Kitchen,11.0,4,BACON-EGG-CHEESE,9.0,2022-08-13 07:57:32,,"BBQ Sauce, Hash Brown, Salt and Pepper",,,,,2.0
23830,92,2,0.0,31.8,Toasted Roll,1,Kitchen,11.0,3,BACON-EGG-CHEESE,9.0,2022-07-31 08:12:36,,"BBQ Sauce, Hash Brown, Salt and Pepper",,,,,2.0
23830,92,2,0.0,31.8,Toasted Roll,1,Kitchen,10.5,4,BACON-EGG-CHEESE,9.0,2022-07-31 08:12:36,,"Tomato Sauce, Avocado",,,,,1.5
6120,368,2,0.0,31.8,French Toast with Streaky Bacon,1,Kitchen,9.9,2,REGULAR,9.9,2020-08-02 08:45:00,,,,No Mable Syrup,,,0.0
6120,368,2,0.0,31.8,Build Your Own Breakfast,1,Kitchen,15.9,1,SCRAMBLED,7.9,2020-08-02 08:45:00,Sourdough,"Grilled Tomato, Smashed Avo and Feta",,,,,8.0
39089,651,2,0.0,31.8,Croissant,1,Kitchen,11.0,2,HAM-CHEESE-TOMATO,11.0,2024-01-14 07:12:54,,Salt and Pepper,,,,,0.0
26452,145,2,0.0,31.8,Toasted Roll,1,Kitchen,11.0,3,BACON-EGG-CHEESE,9.0,2022-11-03 07:57:53,,"BBQ Sauce, Hash Brown",,,,,2.0
26298,145,9,0.0,31.8,Toasted Roll,1,Kitchen,11.0,3,BACON-EGG-CHEESE,9.0,2022-10-28 07:29:07,,"BBQ Sauce, Hash Brown",,,,,2.0
25940,145,2,0.0,31.8,Toasted Roll,1,Kitchen,11.0,3,BACON-EGG-CHEESE,9.0,2022-10-15 08:09:48,,"BBQ Sauce, Hash Brown",,,,,2.0
36952,228,2,0.0,31.8,Toastie,1,Kitchen,9.0,6,BACON-EGG,9.0,2023-10-24 07:49:18,White,Tomato Sauce,,,,,0.0
22664,1152,2,0.0,44.6,Toastie,1,Kitchen,7.0,7,HAM-CHEESE,7.0,2022-06-17 08:45:00,White,Tomato Sauce,,,,,0.0
22664,1152,2,0.0,44.6,Croissant,1,Kitchen,9.0,4,HAM-CHEESE-TOMATO,9.0,2022-06-17 08:45:00,,Salt and Pepper,,,,,0.0
5820,169,2,0.0,44.6,Big Breakfast,1,Kitchen,18.7,1,POACHED,16.2,2020-07-18 08:22:50,Gluten Free,Hollandaise,,,,,2.5
5820,169,2,0.0,44.6,Build Your Own Breakfast,1,Kitchen,15.9,2,POACHED,7.9,2020-07-18 08:22:50,Gluten Free,"Bacon, Hollandaise",,,,,8.0
16021,804,2,0.0,57.4,Big Breakfast,1,Kitchen,22.7,1,FRIED,16.7,2021-09-26 09:32:29,Sourdough,"Bacon, Hash Brown",,,,,6.0
16021,804,2,0.0,57.4,Big Breakfast,1,Kitchen,23.7,2,SCRAMBLED,16.7,2021-09-26 09:32:29,White,"Extra Egg, Bacon, Hash Brown",,,,,7.0
14149,796,2,0.0,13.9,Build Your Own Breakfast,1,Kitchen,13.9,1,POACHED,7.9,2021-07-20 12:10:39,Sourdough,"Hollandaise, Hash Brown",,,,,6.0
25754,841,2,0.0,13.9,Toasted Roll,1,Kitchen,9.0,2,BACON-EGG-CHEESE,9.0,2022-10-07 11:02:44,,Tomato Sauce,,,,,0.0
22067,847,2,0.0,13.9,Toastie,1,Kitchen,9.5,2,HAM-CHEESE-TOMATO,8.0,2022-05-25 13:53:25,Multigrain,Avocado,,,,,1.5
27813,593,2,0.0,13.9,Toasted Roll,1,Kitchen,9.0,2,BACON-EGG-CHEESE,9.0,2022-12-17 07:19:02,,Tomato Sauce,,,,,0.0
22348,593,2,0.0,13.9,Toasted Roll,1,Kitchen,9.0,2,BACON-EGG,7.0,2022-06-04 09:16:26,,"Tomato Sauce, Hash Brown",,,,,2.0
25491,857,2,0.0,13.9,Muffin,1,Kitchen,3.9,3,APPLE-CINNAMON,3.9,2022-09-28 07:00:00,,,Yes,,,,0.0
24537,857,2,0.0,13.9,Muffin,1,Kitchen,3.9,3,APPLE-CINNAMON,3.9,2022-08-26 07:15:00,,,No,,,,0.0
24495,857,2,0.0,13.9,Muffin,1,Kitchen,3.9,3,APPLE-CINNAMON,3.9,2022-08-24 07:15:00,,,Yes,,,,0.0
24297,857,2,0.0,13.9,Muffin,1,Kitchen,3.9,3,APPLE-CINNAMON,3.9,2022-08-17 07:00:00,,,Yes,,,,0.0
24275,857,2,0.0,13.9,Muffin,1,Kitchen,3.9,3,APPLE-CINNAMON,3.9,2022-08-16 07:00:00,,,Yes,,,,0.0
24123,857,2,0.0,13.9,Muffin,1,Kitchen,3.9,3,RASPBERRY-WHITECHOC,3.9,2022-08-10 07:15:00,,,Yes,,,,0.0
23486,857,2,0.0,13.9,Muffin,1,Kitchen,3.9,3,RASPBERRY-WHITECHOC,3.9,2022-07-20 06:51:10,,,Yes,,,,0.0
22607,857,2,0.0,13.9,Muffin,1,Kitchen,3.9,3,RASPBERRY-WHITECHOC,3.9,2022-06-15 07:15:00,,,No,,,,0.0
22760,632,2,0.0,13.9,Toastie,1,Kitchen,9.5,2,EGG,6.0,2022-06-20 09:54:46,White,"BBQ Sauce, Avocado, Hash Brown, Salt and Pepper",,,,,3.5
21676,632,2,0.0,13.9,Toastie,1,Kitchen,9.5,2,EGG,6.0,2022-05-11 07:55:39,White,"BBQ Sauce, Avocado, Hash Brown, Salt and Pepper",,,,,3.5
21279,632,2,0.0,13.9,Toastie,1,Kitchen,9.5,2,EGG,6.0,2022-04-27 08:26:49,White,"BBQ Sauce, Avocado, Hash Brown, Salt and Pepper",,,,,3.5
22918,1148,2,0.0,13.9,Toastie,1,Kitchen,9.0,2,CHEESE-TOMATO,7.0,2022-06-26 11:32:02,White,Hash Brown,,,,,2.0
23894,642,2,0.0,13.9,Toastie,1,Kitchen,9.0,2,HAM-CHEESE-TOMATO,9.0,2022-08-02 08:52:03,White,Salt and Pepper,,,,,0.0
20811,161,2,0.0,13.9,Toasted Roll,1,Kitchen,9.5,2,BACON-EGG-CHEESE,8.0,2022-04-08 06:44:01,,"BBQ Sauce, Avocado, Salt and Pepper",,,,,1.5
19831,161,2,0.0,13.9,Toasted Roll,1,Kitchen,9.5,2,BACON-EGG-CHEESE,8.0,2022-03-02 07:01:45,,"BBQ Sauce, Avocado, Salt and Pepper",,,,,1.5
19636,161,2,0.0,13.9,Toasted Roll,1,Kitchen,9.5,2,BACON-EGG-CHEESE,8.0,2022-02-23 06:16:05,,"BBQ Sauce, Avocado, Salt and Pepper",,,,,1.5
18727,161,2,0.0,13.9,Toasted Roll,1,Kitchen,9.5,2,BACON-EGG-CHEESE,8.0,2022-01-18 06:04:59,,"BBQ Sauce, Avocado, Salt and Pepper",,,,,1.5
23546,721,2,0.0,13.9,Toasted Roll,1,Kitchen,9.0,2,BACON-EGG,7.0,2022-07-22 07:51:05,,"Tomato Sauce, Hash Brown, Salt and Pepper",,,,,2.0
23522,721,2,0.0,13.9,Toasted Roll,1,Kitchen,9.0,2,BACON-EGG,7.0,2022-07-21 07:38:53,,"Tomato Sauce, Hash Brown, Salt and Pepper",,,,,2.0
22591,721,2,0.0,13.9,Toasted Roll,1,Kitchen,9.0,2,BACON-EGG,7.0,2022-06-14 07:55:12,,"Tomato Sauce, Hash Brown, Salt and Pepper",,,,,2.0
20819,721,2,0.0,13.9,Toasted Roll,1,Kitchen,9.0,2,BACON-EGG,7.0,2022-04-08 07:40:36,,"Tomato Sauce, Hash Brown, Salt and Pepper",,,,,2.0
19329,721,2,0.0,13.9,Toasted Roll,1,Kitchen,9.0,2,BACON-EGG,7.0,2022-02-11 07:40:37,,"Tomato Sauce, Hash Brown, Salt and Pepper",,,,,2.0
31525,275,2,0.0,26.7,Toasted Roll,2,Kitchen,17.0,3,BACON-EGG,8.5,2023-05-06 09:09:09,,Tomato Sauce,,,,,0.0
21235,341,2,0.0,26.7,Toasted Roll,1,Kitchen,8.0,3,BACON-EGG-CHEESE,8.0,2022-04-25 11:54:43,,BBQ Sauce,,,,,0.0
21235,341,2,0.0,26.7,Toastie,1,Kitchen,7.0,4,BACON-CHEESE,7.0,2022-04-25 11:54:43,White,Tomato Sauce,,,,,0.0
32463,862,2,0.0,26.7,Toastie,1,Kitchen,9.5,3,HAM-CHEESE-TOMATO,9.5,2023-06-04 11:11:09,Multigrain,Tomato Sauce,,,,,0.0
26624,1148,2,0.0,26.7,Muffin,1,Kitchen,3.9,5,RASPBERRY-WHITECHOC,3.9,2022-11-08 12:27:07,,,No,,,,0.0
19685,141,2,0.0,26.7,Toastie,1,Kitchen,9.0,4,BACON-EGG,7.0,2022-02-25 06:13:21,Multigrain,"BBQ Sauce, Hash Brown",,,,,2.0
19685,141,2,0.0,26.7,Toasted Roll,1,Kitchen,8.0,3,BACON-EGG-CHEESE,8.0,2022-02-25 06:13:21,,"Tomato Sauce, BBQ Sauce",,,,,0.0
18555,172,2,0.0,26.7,Toasted Roll,1,Kitchen,7.0,3,BACON-EGG,7.0,2022-01-09 10:38:35,,Tomato Sauce,,,,,0.0
33559,475,2,0.0,26.7,Toasted Roll,2,Kitchen,17.0,3,BACON-EGG,8.5,2023-07-10 11:56:01,,BBQ Sauce,,,,,0.0
33461,1255,2,0.0,26.7,Build Your Own Breakfast,1,Kitchen,17.2,1,SCRAMBLED,9.2,2023-07-07 11:14:02,White,"Extra Egg, Bacon, Avocado",,,,,8.0
33461,1255,2,0.0,26.7,Toasted Roll,1,Kitchen,9.5,2,BACON-EGG-CHEESE,9.5,2023-07-07 11:14:02,,BBQ Sauce,,,,,0.0
30651,976,2,2.66,29.26,Muffin,1,Kitchen,3.9,4,APPLE-CINNAMON,3.9,2023-04-07 07:52:16,,,Yes,,,,0.0
30651,976,2,2.66,29.26,Muffin,1,Kitchen,3.9,5,ORANGE-POPPYSEED,3.9,2023-04-07 07:52:16,,,Yes,,,,0.0
9037,12,2,0.0,39.5,Toastie,1,Kitchen,8.0,6,BACON-EGG-CHEESE,8.0,2020-11-22 15:04:12,Multigrain,Salt and Pepper,,,,,0.0
19170,1070,2,0.0,39.5,Toastie,1,Kitchen,7.0,5,BACON-EGG,7.0,2022-02-05 08:45:00,White,Tomato Sauce,,,,,0.0
19170,1070,2,0.0,39.5,Toastie,1,Kitchen,7.5,6,CHEESE,6.0,2022-02-05 08:45:00,White,Avocado,,,,,1.5
4549,212,10,0.0,39.5,Big Breakfast,1,Kitchen,18.7,1,SCRAMBLED,16.2,2020-04-17 14:45:00,Gluten Free,Hollandaise,,,,,2.5
30738,69,2,1.73,19.03,Toasted Roll,1,Kitchen,12.0,2,BACON-EGG,8.5,2023-04-10 09:52:42,,"Tomato Sauce, Avocado, Hash Brown",,,,,3.5
23007,1148,2,0.0,8.8,Muffin,1,Kitchen,3.9,2,RASPBERRY-WHITECHOC,3.9,2022-06-30 10:21:29,,,No,,,,0.0
26447,1168,2,0.0,8.8,Muffin,1,Kitchen,3.9,2,APPLE-CINNAMON,3.9,2022-11-03 07:28:23,,,No,,,,0.0
25655,1168,2,0.0,8.8,Muffin,1,Kitchen,3.9,2,APPLE-CINNAMON,3.9,2022-10-04 07:13:35,,,No,,,,0.0
24971,1168,2,0.0,8.8,Muffin,1,Kitchen,3.9,2,APPLE-CINNAMON,3.9,2022-09-09 07:32:12,,,No,,,,0.0
27762,189,2,0.0,8.8,Muffin,1,Kitchen,3.9,2,RASPBERRY-WHITECHOC,3.9,2022-12-15 09:06:46,,,Yes,,,,0.0
27677,189,2,0.0,8.8,Muffin,1,Kitchen,3.9,2,RASPBERRY-WHITECHOC,3.9,2022-12-13 08:43:56,,,Yes,,,,0.0
27472,189,2,0.0,8.8,Muffin,1,Kitchen,3.9,2,RASPBERRY-WHITECHOC,3.9,2022-12-06 08:46:21,,,Yes,,,,0.0
27316,189,2,0.0,8.8,Muffin,1,Kitchen,3.9,2,RASPBERRY-WHITECHOC,3.9,2022-12-01 08:50:34,,,Yes,,,,0.0
27259,189,2,0.0,8.8,Muffin,1,Kitchen,3.9,2,RASPBERRY-WHITECHOC,3.9,2022-11-29 08:47:05,,,No,,,,0.0
27095,189,0,0.0,8.8,Muffin,1,Kitchen,3.9,2,RASPBERRY-WHITECHOC,3.9,2022-11-24 08:44:52,,,Yes,,,,0.0
26894,189,2,0.0,8.8,Muffin,1,Kitchen,3.9,2,RASPBERRY-WHITECHOC,3.9,2022-11-17 08:49:15,,,Yes,,,,0.0
26457,189,2,0.0,8.8,Muffin,1,Kitchen,3.9,2,RASPBERRY-WHITECHOC,3.9,2022-11-03 08:49:31,,,Yes,,,,0.0
25886,189,2,0.0,8.8,Muffin,1,Kitchen,3.9,2,RASPBERRY-WHITECHOC,3.9,2022-10-13 08:53:26,,,Yes,,,,0.0
25158,189,2,0.0,8.8,Muffin,1,Kitchen,3.9,2,RASPBERRY-WHITECHOC,3.9,2022-09-15 08:46:00,,,Yes,,,,0.0
25101,189,2,0.0,8.8,Muffin,1,Kitchen,3.9,2,RASPBERRY-WHITECHOC,3.9,2022-09-13 08:52:27,,,No,,,,0.0
24673,189,2,0.0,8.8,Muffin,1,Kitchen,3.9,2,RASPBERRY-WHITECHOC,3.9,2022-08-30 08:50:11,,,Yes,,,,0.0
24111,189,2,0.0,8.8,Muffin,1,Kitchen,3.9,2,RASPBERRY-WHITECHOC,3.9,2022-08-09 08:54:32,,,Yes,,,,0.0
23896,189,2,0.0,8.8,Muffin,1,Kitchen,3.9,2,RASPBERRY-WHITECHOC,3.9,2022-08-02 09:22:33,,,No,,,,0.0
23314,189,2,0.0,8.8,Muffin,1,Kitchen,3.9,2,RASPBERRY-WHITECHOC,3.9,2022-07-12 08:34:42,,,No,,,,0.0
24527,197,2,0.0,8.8,Muffin,1,Kitchen,3.9,2,RASPBERRY-WHITECHOC,3.9,2022-08-25 09:01:10,,,Yes,,,,0.0
22499,197,2,0.0,8.8,Muffin,1,Kitchen,3.9,2,RASPBERRY-WHITECHOC,3.9,2022-06-10 09:00:08,,,No,,,,0.0
24555,1257,2,0.0,8.8,Muffin,1,Kitchen,3.9,2,RASPBERRY-WHITECHOC,3.9,2022-08-26 08:57:37,,,Yes,,,,0.0
26183,9,2,0.0,21.6,Toastie,1,Kitchen,9.0,3,HAM-CHEESE-TOMATO,9.0,2022-10-23 09:44:26,White,Tomato Sauce,,,,,0.0
25304,9,2,0.0,21.6,Toastie,1,Kitchen,9.0,3,HAM-CHEESE-TOMATO,9.0,2022-09-20 10:41:48,White,Tomato Sauce,,,,,0.0
24403,9,2,0.0,21.6,Toastie,1,Kitchen,9.0,3,HAM-CHEESE-TOMATO,9.0,2022-08-20 10:52:28,White,Tomato Sauce,,,,,0.0
24030,9,2,0.0,21.6,Toastie,1,Kitchen,9.0,3,HAM-CHEESE-TOMATO,9.0,2022-08-06 10:37:59,White,Tomato Sauce,,,,,0.0
26797,1317,2,0.0,21.6,Toastie,1,Kitchen,10.0,4,BACON-EGG,8.0,2022-11-14 08:31:27,White,Hash Brown,,,,,2.0
26523,1320,2,0.0,21.6,Toastie,1,Kitchen,9.0,3,HAM-CHEESE-TOMATO,9.0,2022-11-05 09:11:19,White,Tomato Sauce,,,,,0.0
12743,305,2,0.0,21.6,Toastie,1,Kitchen,8.0,4,CHEESE-TOMATO,7.0,2021-05-25 07:45:00,Sourdough,Salt and Pepper,,,,,1.0
5550,316,2,0.0,21.6,Toasted Roll,1,Kitchen,7.0,2,BACON-EGG,7.0,2020-07-02 13:06:41,,Tomato Sauce,,,,,0.0
5550,316,2,0.0,21.6,Toasted Roll,1,Kitchen,7.0,3,BACON-EGG,7.0,2020-07-02 13:06:41,,Tomato Sauce,,,,,0.0
29393,83,2,0.0,21.6,Toasted Roll,1,Kitchen,8.5,2,BACON-EGG,8.5,2023-02-25 08:19:09,,BBQ Sauce,,,,,0.0
29393,83,2,0.0,21.6,Toasted Roll,1,Kitchen,8.5,3,BACON-EGG,8.5,2023-02-25 08:19:09,,Salt and Pepper,,,,,0.0
36371,862,2,0.0,21.6,Toastie,1,Kitchen,10.5,3,HAM-CHEESE-TOMATO,10.5,2023-10-07 08:42:00,Multigrain,Tomato Sauce,,,,,0.0
21513,868,2,0.0,21.6,Toastie,1,Kitchen,7.0,3,BACON-EGG,7.0,2022-05-05 08:31:06,White,Tomato Sauce,,,,,0.0
21513,868,2,0.0,21.6,Toastie,1,Kitchen,7.0,4,BACON-EGG,7.0,2022-05-05 08:31:06,Multigrain,BBQ Sauce,,,,,0.0
23012,446,2,0.0,21.6,Muffin,1,Kitchen,3.9,5,RASPBERRY-WHITECHOC,3.9,2022-06-30 11:41:13,,,Yes,,,,0.0
29880,251,2,0.0,21.6,(Entree) Pasta,1,Kitchen,10.9,1,SPAGNAPOLI,10.9,2023-03-12 14:28:25,,,,,Spaghetti,,0.0
14048,795,2,0.0,34.4,Big Breakfast,1,Kitchen,19.7,1,POACHED,16.7,2021-07-16 09:50:46,White,Bacon,,,,,3.0
14048,795,2,0.0,34.4,Toastie,1,Kitchen,6.0,4,BACON,6.0,2021-07-16 09:50:46,White,Tomato Sauce,,,,,0.0
19713,146,2,0.0,34.4,Toastie,1,Kitchen,7.0,4,HAM-CHEESE,7.0,2022-02-25 12:50:12,Multigrain,Tomato Sauce,,,,,0.0
7068,448,2,0.0,34.4,Build Your Own Breakfast,1,Kitchen,29.9,1,SCRAMBLED,7.9,2020-09-09 13:30:00,Sourdough,"Bacon, Hash Brown, Spanish Chorizo, Sauteed Mushrooms, Halloumi, Pulled Pork",,,,,22.0
33523,101,2,0.0,47.2,Toasted Roll,2,Kitchen,26.0,5,BACON-EGG-CHEESE,9.5,2023-07-09 11:10:23,,"Avocado, Hash Brown",,,,,3.5
32337,1148,2,0.0,47.2,Muffin,1,Kitchen,3.9,8,CHOC-MUD,3.9,2023-05-31 12:59:53,,,No,,,,0.0
32337,1148,2,0.0,47.2,French Toast with Streaky Bacon,1,Kitchen,12.5,2,REGULAR,12.5,2023-05-31 12:59:53,,,,No Mable Syrup,,,0.0
32337,1148,2,0.0,47.2,Kids Crepes,1,Kitchen,10.0,4,CREAM,6.0,2023-05-31 12:59:53,,,,,,"Banana, Strawberries",4.0
16035,932,2,0.0,47.2,Big Breakfast,1,Kitchen,16.7,1,POACHED,16.7,2021-09-26 11:55:09,White,Hollandaise,,,,,0.0
35575,446,2,0.0,47.2,Toasted Roll,3,Kitchen,27.0,5,BACON-EGG,9.0,2023-09-11 08:20:38,,"BBQ Sauce, Salt and Pepper",,,,,0.0
33977,228,2,0.0,47.2,Toastie,1,Kitchen,9.5,6,BACON-EGG-CHEESE,9.5,2023-07-23 11:04:08,White,Tomato Sauce,,,,,0.0
33977,228,2,0.0,47.2,Toastie,1,Kitchen,8.5,7,BACON-EGG,8.5,2023-07-23 11:04:08,White,Tomato Sauce,,,,,0.0
4379,5,10,0.0,98.4,Big Breakfast,1,Kitchen,23.2,1,FRIED,16.2,2020-03-20 06:00:00,Gluten Free,Spanish Chorizo,,,,,7.0
8268,526,2,0.0,16.5,(Entree) Pasta,1,Kitchen,10.5,1,SPAGCARB,10.5,2020-10-22 13:00:00,,,,,Spaghetti,,0.0
28298,275,2,0.0,16.5,Toasted Roll,1,Kitchen,10.0,2,BACON-EGG,8.5,2023-01-15 11:02:04,,"Tomato Sauce, Avocado",,,,,1.5
13948,796,2,0.0,16.5,Eggs Benedict,1,Kitchen,16.5,1,BACON,14.5,2021-07-11 14:05:48,,,,Hashbrown,,,2.0
24531,810,2,0.0,16.5,Toastie,1,Kitchen,10.0,2,BACON-EGG-CHEESE,9.0,2022-08-25 10:11:55,Sourdough,Salt and Pepper,,,,,1.0
21728,1081,2,0.0,16.5,Toasted Roll,1,Kitchen,11.5,2,BACON-EGG-CHEESE,8.0,2022-05-13 08:00:40,,"Tomato Sauce, Avocado, Hash Brown, Salt and Pepper",,,,,3.5
4881,69,2,0.0,16.5,Toasted Roll,1,Kitchen,10.5,2,BACON-EGG,7.0,2020-05-15 07:31:18,,"Tomato Sauce, Avocado, Hash Brown",,,,,3.5
4062,69,2,0.0,16.5,Toasted Roll,1,Kitchen,10.5,2,BACON-EGG,7.0,2020-01-15 07:29:57,,"Tomato Sauce, Avocado, Hash Brown",,,,,3.5
4057,69,2,0.0,16.5,Toasted Roll,1,Kitchen,10.5,2,BACON-EGG,7.0,2020-01-14 07:05:22,,"Tomato Sauce, Avocado, Hash Brown",,,,,3.5
3823,69,2,0.0,16.5,Toasted Roll,1,Kitchen,10.5,2,BACON-EGG,7.0,2019-11-12 06:13:33,,"Tomato Sauce, Avocado, Hash Brown",,,,,3.5
26510,593,2,0.0,16.5,Toasted Roll,1,Kitchen,11.0,2,BACON-EGG-CHEESE,9.0,2022-11-05 07:22:45,,"Tomato Sauce, Hash Brown",,,,,2.0
24192,593,2,0.0,16.5,Toasted Roll,1,Kitchen,11.0,2,BACON-EGG-CHEESE,9.0,2022-08-13 07:39:16,,Hash Brown,,,,,2.0
14710,88,2,0.0,16.5,Toasted Roll,1,Kitchen,9.5,2,BACON-EGG-CHEESE,8.0,2021-08-11 12:55:35,,"Tomato Sauce, Avocado",,,,,1.5
28005,89,2,0.0,16.5,Eggs and Bacon,1,Kitchen,11.9,1,POACHED,11.9,2022-12-23 09:27:04,White,,,,,,0.0
10080,611,2,0.0,16.5,Eggs Benedict,1,Kitchen,16.5,1,BACON,14.5,2021-01-17 12:26:39,,,,Hashbrown,,,2.0
29623,1380,2,0.0,16.5,Toasted Roll,1,Kitchen,10.0,2,BACON-EGG,8.5,2023-03-04 10:04:51,,"BBQ Sauce, Avocado",,,,,1.5
28992,1380,2,0.0,16.5,Toasted Roll,1,Kitchen,10.0,2,BACON-EGG,8.5,2023-02-11 08:48:20,,"BBQ Sauce, Avocado",,,,,1.5
29977,1402,9,0.0,16.5,Toastie,1,Kitchen,8.5,3,HAM-CHEESE,8.5,2023-03-16 07:32:49,White,Tomato Sauce,,,,,0.0
29976,1402,9,0.0,16.5,Toastie,1,Kitchen,8.5,3,HAM-CHEESE,8.5,2023-03-16 07:31:23,White,Tomato Sauce,,,,,0.0
29557,1402,2,0.0,16.5,Toastie,1,Kitchen,8.5,3,HAM-CHEESE,8.5,2023-03-02 08:51:32,White,Tomato Sauce,,,,,0.0
28761,1171,2,0.0,16.5,Toastie,1,Kitchen,8.5,3,HAM-CHEESE,8.5,2023-02-03 08:22:46,White,Tomato Sauce,,,,,0.0
9349,161,2,0.0,16.5,Toasted Roll,1,Kitchen,8.0,3,BACON-EGG-CHEESE,8.0,2020-12-05 11:11:12,,"BBQ Sauce, Salt and Pepper",,,,,0.0
13285,674,2,0.0,16.5,Toasted Roll,1,Kitchen,11.5,2,BACON-EGG-CHEESE,8.0,2021-06-13 11:15:50,,"BBQ Sauce, Avocado, Hash Brown",,,,,3.5
7378,422,2,0.0,16.5,Toasted Roll,1,Kitchen,8.0,3,BACON-EGG-CHEESE,8.0,2020-09-21 10:15:00,,"Tomato Sauce, Salt and Pepper",,,,,0.0
7089,422,2,0.0,16.5,Toasted Roll,1,Kitchen,8.0,3,BACON-EGG-CHEESE,8.0,2020-09-10 10:03:58,,"Tomato Sauce, Salt and Pepper",,,,,0.0
7007,422,2,0.0,16.5,Toasted Roll,1,Kitchen,8.0,3,BACON-EGG-CHEESE,8.0,2020-09-07 09:22:02,,"Tomato Sauce, Salt and Pepper",,,,,0.0
25246,1194,2,0.0,16.5,Toasted Roll,1,Kitchen,11.0,2,BACON-EGG-CHEESE,9.0,2022-09-18 10:30:00,,"Tomato Sauce, Hash Brown, Salt and Pepper",,,,,2.0
8334,479,2,0.0,16.5,Toastie,1,Kitchen,10.0,2,BACON-EGG-CHEESE,8.0,2020-10-25 09:27:51,White,"BBQ Sauce, Hash Brown",,,,,2.0
26586,1253,2,0.0,16.5,Toasted Roll,1,Kitchen,10.0,2,BACON-EGG,8.0,2022-11-07 10:24:53,,Hash Brown,,,,,2.0
26138,1253,2,0.0,16.5,Toasted Roll,1,Kitchen,10.0,2,BACON-EGG,8.0,2022-10-21 10:49:29,,Hash Brown,,,,,2.0
25845,1253,2,0.0,16.5,Toasted Roll,1,Kitchen,10.0,2,BACON-EGG,8.0,2022-10-11 10:30:20,,"Hash Brown, Salt and Pepper",,,,,2.0
25721,1253,0,0.0,16.5,Toasted Roll,1,Kitchen,10.0,2,BACON-EGG,8.0,2022-10-06 11:09:22,,"Hash Brown, Salt and Pepper",,,,,2.0
26387,1017,2,0.0,16.5,Muffin,1,Kitchen,3.9,2,BLUEBERRY,3.9,2022-10-31 10:09:02,,,Yes,,,,0.0
18549,251,2,0.0,16.5,Eggs Florentine,1,Kitchen,16.5,1,REGULAR,14.5,2022-01-09 09:41:39,,,,Hashbrown,,,2.0
33716,9,2,0.0,29.3,Toastie,1,Kitchen,9.5,4,HAM-CHEESE-TOMATO,9.5,2023-07-15 10:47:06,White,Tomato Sauce,,,,,0.0
33716,9,2,0.0,29.3,Toasted Roll,1,Kitchen,9.5,3,BACON-EGG-CHEESE,9.5,2023-07-15 10:47:06,,"Tomato Sauce, Salt and Pepper",,,,,0.0
13602,276,2,0.0,29.3,Toastie,1,Kitchen,7.0,5,BACON-CHEESE,7.0,2021-06-26 08:31:50,White,Tomato Sauce,,,,,0.0
13602,276,2,0.0,29.3,Toasted Roll,1,Kitchen,8.0,4,BACON-EGG-CHEESE,8.0,2021-06-26 08:31:50,,BBQ Sauce,,,,,0.0
22685,92,2,0.0,29.3,Toasted Roll,1,Kitchen,9.5,3,BACON-EGG-CHEESE,8.0,2022-06-18 07:07:29,,"Tomato Sauce, Avocado, Salt and Pepper",,,,,1.5
22685,92,2,0.0,29.3,Toasted Roll,1,Kitchen,9.5,4,BACON-EGG-CHEESE,8.0,2022-06-18 07:07:29,,"Tomato Sauce, Avocado",,,,,1.5
30327,871,2,0.0,29.3,Toasted Roll,1,Kitchen,11.0,4,BACON-EGG-CHEESE,9.5,2023-03-27 10:12:38,,"Tomato Sauce, Avocado",,,,,1.5
15246,880,2,0.0,29.3,Build Your Own Breakfast,1,Kitchen,18.9,1,POACHED,7.9,2021-08-31 08:51:23,White,"Bacon, Smashed Avo and Feta, Sauteed Mushrooms",,,,,10.999999999999998
9825,479,2,0.0,29.3,Build Your Own Breakfast,1,Kitchen,12.9,1,SCRAMBLED,7.9,2021-01-04 09:34:45,White,"Bacon, Hash Brown",,,,,5.0
40262,1400,2,0.0,80.5,Toastie,1,Kitchen,8.0,5,EGG,8.0,2024-02-23 07:55:43,Dark Rye,Salt and Pepper,,,,,0.0
40262,1400,2,0.0,80.5,Toasted Roll,1,Kitchen,12.0,2,BACON-EGG-CHEESE,10.0,2024-02-23 07:55:43,,"Tomato Sauce, Hash Brown, Salt and Pepper",,,,,2.0
40262,1400,2,0.0,80.5,Toasted Roll,2,Kitchen,24.0,3,BACON-EGG-CHEESE,10.0,2024-02-23 07:55:43,,"BBQ Sauce, Hash Brown, Salt and Pepper",,,,,2.0
40262,1400,2,0.0,80.5,Toasted Roll,2,Kitchen,24.0,4,BACON-EGG-CHEESE,10.0,2024-02-23 07:55:43,,"Hash Brown, Salt and Pepper",,,,,2.0
40262,1400,2,0.0,80.5,Toastie,1,Kitchen,10.5,6,BACON-EGG-CHEESE,10.5,2024-02-23 07:55:43,Dark Rye,"Tomato Sauce, Salt and Pepper",,,,,0.0
39051,1400,2,0.0,80.5,Toastie,1,Kitchen,8.0,5,EGG,8.0,2024-01-12 08:50:38,Dark Rye,Salt and Pepper,,,,,0.0
39051,1400,2,0.0,80.5,Toastie,1,Kitchen,10.5,6,BACON-EGG-CHEESE,10.5,2024-01-12 08:50:38,Dark Rye,"Tomato Sauce, Salt and Pepper",,,,,0.0
39051,1400,2,0.0,80.5,Toasted Roll,3,Kitchen,36.0,2,BACON-EGG-CHEESE,10.0,2024-01-12 08:50:38,,"BBQ Sauce, Hash Brown, Salt and Pepper",,,,,2.0
39051,1400,2,0.0,80.5,Toasted Roll,1,Kitchen,12.0,3,BACON-EGG-CHEESE,10.0,2024-01-12 08:50:38,,"Tomato Sauce, Hash Brown, Salt and Pepper",,,,,2.0
39051,1400,2,0.0,80.5,Toasted Roll,1,Kitchen,12.0,4,BACON-EGG-CHEESE,10.0,2024-01-12 08:50:38,,"Hash Brown, Salt and Pepper",,,,,2.0
37869,1400,2,0.0,80.5,Toastie,1,Kitchen,8.0,5,EGG,8.0,2023-11-23 08:25:41,Dark Rye,Salt and Pepper,,,,,0.0
37869,1400,2,0.0,80.5,Toastie,1,Kitchen,10.5,6,BACON-EGG-CHEESE,10.5,2023-11-23 08:25:41,Dark Rye,"Tomato Sauce, Salt and Pepper",,,,,0.0
37869,1400,2,0.0,80.5,Toasted Roll,3,Kitchen,36.0,2,BACON-EGG-CHEESE,10.0,2023-11-23 08:25:41,,"BBQ Sauce, Hash Brown, Salt and Pepper",,,,,2.0
37869,1400,2,0.0,80.5,Toasted Roll,1,Kitchen,12.0,3,BACON-EGG-CHEESE,10.0,2023-11-23 08:25:41,,"Hash Brown, Salt and Pepper",,,,,2.0
37869,1400,2,0.0,80.5,Toasted Roll,1,Kitchen,10.0,4,BACON-EGG-CHEESE,10.0,2023-11-23 08:25:41,,"BBQ Sauce, Salt and Pepper",,,,,0.0
37681,1400,2,0.0,80.5,Toasted Roll,1,Kitchen,12.0,3,BACON-EGG-CHEESE,10.0,2023-11-17 08:44:01,,"Hash Brown, Salt and Pepper",,,,,2.0
37681,1400,2,0.0,80.5,Toasted Roll,1,Kitchen,10.0,4,BACON-EGG-CHEESE,10.0,2023-11-17 08:44:01,,"BBQ Sauce, Salt and Pepper",,,,,0.0
37681,1400,2,0.0,80.5,Toasted Roll,1,Kitchen,12.0,5,BACON-EGG-CHEESE,10.0,2023-11-17 08:44:01,,"BBQ Sauce, Hash Brown, Salt and Pepper",,,,,2.0
37681,1400,2,0.0,80.5,Toastie,1,Kitchen,8.0,8,EGG,8.0,2023-11-17 08:44:01,Dark Rye,Salt and Pepper,,,,,0.0
37681,1400,2,0.0,80.5,Toasted Roll,1,Kitchen,12.0,6,BACON-EGG-CHEESE,10.0,2023-11-17 08:44:01,,"Tomato Sauce, Hash Brown, Salt and Pepper",,,,,2.0
37681,1400,2,0.0,80.5,Toasted Roll,1,Kitchen,12.0,7,BACON-EGG-CHEESE,10.0,2023-11-17 08:44:01,,"Tomato Sauce, Hash Brown, Salt and Pepper",,,,,2.0
37681,1400,2,0.0,80.5,Toastie,1,Kitchen,10.5,9,BACON-EGG-CHEESE,10.5,2023-11-17 08:44:01,Dark Rye,"Tomato Sauce, Salt and Pepper",,,,,0.0
37289,1400,2,0.0,80.5,Toasted Roll,3,Kitchen,36.0,2,BACON-EGG-CHEESE,10.0,2023-11-03 08:30:00,,"BBQ Sauce, Hash Brown, Salt and Pepper",,,,,2.0
37289,1400,2,0.0,80.5,Toasted Roll,1,Kitchen,12.0,3,BACON-EGG-CHEESE,10.0,2023-11-03 08:30:00,,"Tomato Sauce, Hash Brown, Salt and Pepper",,,,,2.0
37289,1400,2,0.0,80.5,Toasted Roll,1,Kitchen,12.0,4,BACON-EGG-CHEESE,10.0,2023-11-03 08:30:00,,"Hash Brown, Salt and Pepper",,,,,2.0
37289,1400,2,0.0,80.5,Toastie,1,Kitchen,8.0,5,EGG,8.0,2023-11-03 08:30:00,Dark Rye,Tomato Sauce,,,,,0.0
37289,1400,2,0.0,80.5,Toastie,1,Kitchen,10.5,6,BACON-EGG-CHEESE,10.5,2023-11-03 08:30:00,Dark Rye,"Tomato Sauce, Salt and Pepper",,,,,0.0
40304,1468,2,0.0,80.5,Big Breakfast,1,Kitchen,23.5,1,FRIED,20.5,2024-02-24 09:36:13,White,Bacon,,,,,3.0
40304,1468,2,0.0,80.5,Kids Crepes,1,Kitchen,10.0,4,ICECREAM,6.0,2024-02-24 09:36:13,,,,,,"Banana, Strawberries",4.0
40304,1468,2,0.0,80.5,Big Breakfast,1,Kitchen,27.5,2,SCRAMBLED,20.5,2024-02-24 09:36:13,White,"Hollandaise, Halloumi",,,,,7.0
36891,833,2,0.0,118.9,Big Breakfast,1,Kitchen,24.5,1,SCRAMBLED,20.5,2023-10-22 09:59:26,White,Halloumi,,,,,4.0
36891,833,2,0.0,118.9,Big Breakfast,1,Kitchen,24.5,2,POACHED,20.5,2023-10-22 09:59:26,White,Halloumi,,,,,4.0
36891,833,2,0.0,118.9,Eggs Benedict,1,Kitchen,19.5,3,BACON,17.5,2023-10-22 09:59:26,,,,Hashbrown,,,2.0
20929,775,2,0.0,11.4,Toastie,1,Kitchen,7.0,2,BACON-EGG,7.0,2022-04-12 07:27:11,White,Tomato Sauce,,,,,0.0
20322,14,2,0.0,11.4,Toasted Roll,1,Kitchen,7.0,2,BACON-EGG,7.0,2022-03-20 08:51:28,,Tomato Sauce,,,,,0.0
20071,14,2,0.0,11.4,Toasted Roll,1,Kitchen,7.0,2,BACON-EGG,7.0,2022-03-10 08:17:13,,Tomato Sauce,,,,,0.0
23727,83,2,0.0,11.4,Toasted Roll,1,Kitchen,7.0,2,BACON-EGG,7.0,2022-07-28 07:32:32,,Salt and Pepper,,,,,0.0
23520,83,2,0.0,11.4,Toasted Roll,1,Kitchen,7.0,2,BACON-EGG,7.0,2022-07-21 07:28:08,,Salt and Pepper,,,,,0.0
23146,83,2,0.0,11.4,Toasted Roll,1,Kitchen,7.0,2,BACON-EGG,7.0,2022-07-06 07:29:45,,Salt and Pepper,,,,,0.0
21303,83,2,0.0,11.4,Toasted Roll,1,Kitchen,7.0,2,BACON-EGG,7.0,2022-04-28 07:35:56,,Salt and Pepper,,,,,0.0
23538,613,2,0.0,11.4,Toasted Roll,1,Kitchen,7.0,2,BACON-EGG,7.0,2022-07-22 06:11:47,,Tomato Sauce,,,,,0.0
23200,613,2,0.0,11.4,Toasted Roll,1,Kitchen,7.0,2,BACON-EGG,7.0,2022-07-08 06:40:32,,Tomato Sauce,,,,,0.0
23172,613,2,0.0,11.4,Toasted Roll,1,Kitchen,7.0,2,BACON-EGG,7.0,2022-07-07 06:37:50,,Tomato Sauce,,,,,0.0
23145,613,2,0.0,11.4,Toasted Roll,1,Kitchen,7.0,2,BACON-EGG,7.0,2022-07-06 06:40:24,,Tomato Sauce,,,,,0.0
23097,613,2,0.0,11.4,Toasted Roll,1,Kitchen,7.0,2,BACON-EGG,7.0,2022-07-04 06:30:40,,Tomato Sauce,,,,,0.0
23090,613,2,0.0,11.4,Toasted Roll,1,Kitchen,7.0,2,BACON-EGG,7.0,2022-07-03 10:26:42,,Tomato Sauce,,,,,0.0
23013,613,2,0.0,11.4,Toasted Roll,1,Kitchen,7.0,2,BACON-EGG,7.0,2022-07-01 06:17:45,,Tomato Sauce,,,,,0.0
22972,613,2,0.0,11.4,Toasted Roll,1,Kitchen,7.0,2,BACON-EGG,7.0,2022-06-29 06:40:11,,Tomato Sauce,,,,,0.0
22948,613,2,0.0,11.4,Toasted Roll,1,Kitchen,7.0,2,BACON-EGG,7.0,2022-06-28 06:36:37,,Tomato Sauce,,,,,0.0
22882,613,2,0.0,11.4,Toasted Roll,1,Kitchen,7.0,2,BACON-EGG,7.0,2022-06-25 08:58:44,,Tomato Sauce,,,,,0.0
22819,613,2,0.0,11.4,Toasted Roll,1,Kitchen,7.0,2,BACON-EGG,7.0,2022-06-23 06:42:59,,Tomato Sauce,,,,,0.0
22767,613,2,0.0,11.4,Toasted Roll,1,Kitchen,7.0,2,BACON-EGG,7.0,2022-06-21 06:46:33,,Tomato Sauce,,,,,0.0
22689,613,2,0.0,11.4,Toasted Roll,1,Kitchen,7.0,2,BACON-EGG,7.0,2022-06-18 07:37:38,,Tomato Sauce,,,,,0.0
22606,613,2,0.0,11.4,Toasted Roll,1,Kitchen,7.0,2,BACON-EGG,7.0,2022-06-15 06:27:52,,Tomato Sauce,,,,,0.0
22563,613,2,0.0,11.4,Toasted Roll,1,Kitchen,7.0,2,BACON-EGG,7.0,2022-06-13 09:26:15,,Tomato Sauce,,,,,0.0
22517,613,2,0.0,11.4,Toasted Roll,1,Kitchen,7.0,2,BACON-EGG,7.0,2022-06-11 07:04:31,,Tomato Sauce,,,,,0.0
22472,613,9,0.0,11.4,Toasted Roll,1,Kitchen,7.0,2,BACON-EGG,7.0,2022-06-09 07:27:04,,Tomato Sauce,,,,,0.0
22469,613,9,0.0,11.4,Toasted Roll,1,Kitchen,7.0,2,BACON-EGG,7.0,2022-06-09 07:26:05,,Tomato Sauce,,,,,0.0
22467,613,9,0.0,11.4,Toasted Roll,1,Kitchen,7.0,2,BACON-EGG,7.0,2022-06-09 07:25:01,,Tomato Sauce,,,,,0.0
22397,613,2,0.0,11.4,Toasted Roll,1,Kitchen,7.0,2,BACON-EGG,7.0,2022-06-06 09:01:56,,Tomato Sauce,,,,,0.0
22301,613,2,0.0,11.4,Toasted Roll,1,Kitchen,7.0,2,BACON-EGG,7.0,2022-06-03 06:13:39,,Tomato Sauce,,,,,0.0
22270,613,2,0.0,11.4,Toasted Roll,1,Kitchen,7.0,2,BACON-EGG,7.0,2022-06-01 09:51:53,,Tomato Sauce,,,,,0.0
22229,613,2,0.0,11.4,Toasted Roll,1,Kitchen,7.0,2,BACON-EGG,7.0,2022-05-31 08:08:12,,Tomato Sauce,,,,,0.0
22127,613,2,0.0,11.4,Toasted Roll,1,Kitchen,7.0,2,BACON-EGG,7.0,2022-05-28 07:01:31,,Tomato Sauce,,,,,0.0
21978,613,2,0.0,11.4,Toasted Roll,1,Kitchen,7.0,2,BACON-EGG,7.0,2022-05-23 06:17:18,,Tomato Sauce,,,,,0.0
21834,613,2,0.0,11.4,Toasted Roll,1,Kitchen,7.0,2,BACON-EGG,7.0,2022-05-18 06:08:46,,Tomato Sauce,,,,,0.0
21724,613,2,0.0,11.4,Toasted Roll,1,Kitchen,7.0,2,BACON-EGG,7.0,2022-05-13 07:35:05,,Tomato Sauce,,,,,0.0
21644,613,2,0.0,11.4,Toasted Roll,1,Kitchen,7.0,2,BACON-EGG,7.0,2022-05-10 07:27:08,,Tomato Sauce,,,,,0.0
21528,613,2,0.0,11.4,Toasted Roll,1,Kitchen,7.0,2,BACON-EGG,7.0,2022-05-06 06:08:48,,Tomato Sauce,,,,,0.0
21462,613,2,0.0,11.4,Toasted Roll,1,Kitchen,7.0,2,BACON-EGG,7.0,2022-05-04 06:34:34,,Tomato Sauce,,,,,0.0
21404,613,2,0.0,11.4,Toasted Roll,1,Kitchen,7.0,2,BACON-EGG,7.0,2022-05-01 09:30:29,,Tomato Sauce,,,,,0.0
21328,613,2,0.0,11.4,Toasted Roll,1,Kitchen,7.0,2,BACON-EGG,7.0,2022-04-29 06:29:09,,Tomato Sauce,,,,,0.0
21260,613,2,0.0,11.4,Toasted Roll,1,Kitchen,7.0,2,BACON-EGG,7.0,2022-04-27 06:12:22,,Tomato Sauce,,,,,0.0
21220,613,2,0.0,11.4,Toasted Roll,1,Kitchen,7.0,2,BACON-EGG,7.0,2022-04-25 09:07:27,,Tomato Sauce,,,,,0.0
21134,613,2,0.0,11.4,Toastie,1,Kitchen,7.0,2,BACON-EGG,7.0,2022-04-22 06:31:38,White,Tomato Sauce,,,,,0.0
20815,613,2,0.0,11.4,Toastie,1,Kitchen,7.0,2,BACON-EGG,7.0,2022-04-08 07:26:31,White,Tomato Sauce,,,,,0.0
20649,613,2,0.0,11.4,Toastie,1,Kitchen,7.0,2,BACON-EGG,7.0,2022-04-02 07:18:57,White,Tomato Sauce,,,,,0.0
20564,613,2,0.0,11.4,Toastie,1,Kitchen,7.0,2,BACON-EGG,7.0,2022-03-30 06:16:09,White,Tomato Sauce,,,,,0.0
20211,613,2,0.0,11.4,Toastie,1,Kitchen,7.0,2,BACON-EGG,7.0,2022-03-16 06:24:46,White,Tomato Sauce,,,,,0.0
19862,613,2,0.0,11.4,Toastie,1,Kitchen,7.0,2,HAM-CHEESE,7.0,2022-03-03 07:25:40,White,Tomato Sauce,,,,,0.0
19687,613,2,0.0,11.4,Toastie,1,Kitchen,7.0,2,HAM-CHEESE,7.0,2022-02-25 06:47:46,White,Tomato Sauce,,,,,0.0
19611,613,2,0.0,11.4,Toastie,1,Kitchen,7.0,2,HAM-CHEESE,7.0,2022-02-22 06:22:19,White,Tomato Sauce,,,,,0.0
19577,613,2,0.0,11.4,Toastie,1,Kitchen,7.0,2,HAM-CHEESE,7.0,2022-02-20 10:48:33,White,Tomato Sauce,,,,,0.0
19053,613,2,0.0,11.4,Toastie,1,Kitchen,7.0,2,HAM-CHEESE,7.0,2022-02-01 07:54:48,White,Tomato Sauce,,,,,0.0
20624,1126,2,0.0,11.4,Toasted Roll,1,Kitchen,7.0,2,BACON-EGG,7.0,2022-04-01 07:45:27,,"Tomato Sauce, Salt and Pepper",,,,,0.0
22171,632,2,0.0,11.4,Toastie,1,Kitchen,7.0,2,EGG-CHEESE,7.0,2022-05-29 09:29:36,White,"BBQ Sauce, Salt and Pepper",,,,,0.0
21616,632,2,0.0,11.4,Toastie,1,Kitchen,7.0,2,CHEESE-TOMATO,7.0,2022-05-09 06:39:36,White,Salt and Pepper,,,,,0.0
21300,1154,2,0.0,11.4,Toastie,1,Kitchen,7.0,2,CHEESE-TOMATO,7.0,2022-04-28 07:45:00,Dark Rye,Salt and Pepper,,,,,0.0
23354,1168,2,0.0,11.4,Toasted Roll,1,Kitchen,7.0,2,BACON-EGG,7.0,2022-07-15 07:28:38,,BBQ Sauce,,,,,0.0
23082,1190,2,0.0,11.4,Toasted Roll,1,Kitchen,7.0,2,BACON-EGG,7.0,2022-07-03 09:12:41,,BBQ Sauce,,,,,0.0
22623,1190,2,0.0,11.4,Toasted Roll,1,Kitchen,7.0,2,BACON-EGG,7.0,2022-06-15 08:58:43,,BBQ Sauce,,,,,0.0
22697,1198,2,0.0,11.4,Toastie,1,Kitchen,7.0,2,BACON-EGG,7.0,2022-06-18 08:44:48,Multigrain,"BBQ Sauce, Salt and Pepper",,,,,0.0
18176,711,2,0.0,11.4,Toasted Roll,1,Kitchen,7.0,2,BACON-EGG,7.0,2021-12-11 08:15:17,,Tomato Sauce,,,,,0.0
22440,721,2,0.0,11.4,Toasted Roll,1,Kitchen,7.0,2,BACON-EGG,7.0,2022-06-08 07:46:30,,"Tomato Sauce, Salt and Pepper",,,,,0.0
18856,231,2,0.0,11.4,Toastie,1,Kitchen,7.0,2,CHEESE-TOMATO,7.0,2022-01-24 07:19:48,White,Salt and Pepper,,,,,0.0
22840,754,2,0.0,11.4,Toastie,1,Kitchen,7.0,2,BACON-EGG,7.0,2022-06-24 06:32:25,White,BBQ Sauce,,,,,0.0
19350,754,2,0.0,11.4,Toastie,1,Kitchen,7.0,2,BACON-EGG,7.0,2022-02-11 09:46:51,White,BBQ Sauce,,,,,0.0
30273,9,2,0.0,24.2,Toastie,1,Kitchen,9.5,3,HAM-CHEESE-TOMATO,9.5,2023-03-25 12:18:21,White,Tomato Sauce,,,,,0.0
30273,9,2,0.0,24.2,Toasted Roll,1,Kitchen,9.5,2,BACON-EGG-CHEESE,9.5,2023-03-25 12:18:21,,Tomato Sauce,,,,,0.0
29411,9,2,0.0,24.2,Toastie,1,Kitchen,9.5,3,HAM-CHEESE-TOMATO,9.5,2023-02-25 10:26:05,White,Tomato Sauce,,,,,0.0
29411,9,2,0.0,24.2,Toasted Roll,1,Kitchen,9.5,2,BACON-EGG-CHEESE,9.5,2023-02-25 10:26:05,,"Tomato Sauce, Salt and Pepper",,,,,0.0
21163,10,2,0.0,24.2,Build Your Own Breakfast,1,Kitchen,8.0,1,SCRAMBLED,8.0,2022-04-23 08:33:49,White,"Bacon, Hollandaise, Sauteed Mushrooms",,,,,0.0
3398,13,10,0.0,24.2,Toasted Roll,1,Kitchen,7.0,4,BACON-EGG,7.0,2019-07-20 08:02:16,,"Tomato Sauce, Salt and Pepper",,,,,0.0
28523,1304,0,0.0,24.2,Toasted Roll,1,Kitchen,9.5,2,BACON-EGG-CHEESE,9.5,2023-01-24 09:01:02,,Tomato Sauce,,,,,0.0
28523,1304,0,0.0,24.2,Toasted Roll,1,Kitchen,9.5,3,BACON-EGG-CHEESE,9.5,2023-01-24 09:01:02,,Tomato Sauce,,,,,0.0
18868,810,2,0.0,24.2,Toastie,1,Kitchen,9.0,2,BACON-EGG-CHEESE,8.0,2022-01-24 10:36:48,Sourdough,Salt and Pepper,,,,,1.0
18868,810,2,0.0,24.2,Toastie,1,Kitchen,9.0,3,BACON-EGG-CHEESE,8.0,2022-01-24 10:36:48,Sourdough,Salt and Pepper,,,,,1.0
23373,67,2,0.0,24.2,Toastie,1,Kitchen,9.0,2,BACON-EGG-CHEESE,8.0,2022-07-15 09:57:58,Sourdough,Salt and Pepper,,,,,1.0
23373,67,2,0.0,24.2,Toastie,1,Kitchen,9.0,3,BACON-EGG-CHEESE,8.0,2022-07-15 09:57:58,Sourdough,"Tomato Sauce, Salt and Pepper",,,,,1.0
23684,1150,2,0.0,24.2,Toasted Roll,1,Kitchen,7.0,3,BACON-EGG,7.0,2022-07-26 09:54:27,,Tomato Sauce,,,,,0.0
23684,1150,2,0.0,24.2,Toasted Roll,1,Kitchen,8.0,4,BACON-EGG-CHEESE,8.0,2022-07-26 09:54:27,,Tomato Sauce,,,,,0.0
21227,1150,2,0.0,24.2,Toasted Roll,1,Kitchen,7.0,3,BACON-EGG,7.0,2022-04-25 10:11:32,,Tomato Sauce,,,,,0.0
21227,1150,2,0.0,24.2,Toasted Roll,1,Kitchen,8.0,4,BACON-EGG-CHEESE,8.0,2022-04-25 10:11:32,,"Tomato Sauce, Salt and Pepper",,,,,0.0
26451,409,2,0.0,24.2,Toastie,1,Kitchen,9.0,4,BACON-EGG-CHEESE,9.0,2022-11-03 07:50:46,White,Tomato Sauce,,,,,0.0
8563,12,2,0.0,37.0,Build Your Own Breakfast,1,Kitchen,13.4,1,SCRAMBLED,7.9,2020-11-02 08:03:12,White,"Bacon, Hollandaise",,,,,5.5
20128,651,2,0.0,37.0,Toastie,1,Kitchen,10.0,5,BACON-EGG-CHEESE,8.0,2022-03-12 10:00:00,Dark Rye,"Tomato Sauce, Hash Brown, Salt and Pepper",,,,,2.0
27482,541,2,0.0,19.1,Toasted Roll,1,Kitchen,11.1,2,CHICKEN-SCHNITZEL-CHEESE-LETTUCE,9.6,2022-12-06 10:48:00,,"Avocado, Salt and Pepper",,,,,1.5
31574,841,2,0.0,19.1,Muffin,1,Kitchen,3.9,3,RASPBERRY-WHITECHOC,3.9,2023-05-07 14:16:06,,,Yes,,,,0.0
26516,862,2,0.0,19.1,Toastie,1,Kitchen,9.0,3,HAM-CHEESE-TOMATO,9.0,2022-11-05 08:14:44,Multigrain,Tomato Sauce,,,,,0.0
26150,862,2,0.0,19.1,Toastie,1,Kitchen,9.0,3,HAM-CHEESE-TOMATO,9.0,2022-10-22 08:39:53,Multigrain,Tomato Sauce,,,,,0.0
25941,862,2,0.0,19.1,Toastie,1,Kitchen,9.0,3,HAM-CHEESE-TOMATO,9.0,2022-10-15 08:37:31,Multigrain,Tomato Sauce,,,,,0.0
21587,870,2,0.0,19.1,Toastie,1,Kitchen,8.0,3,BACON-EGG-CHEESE,8.0,2022-05-08 08:15:00,Dark Rye,Tomato Sauce,,,,,0.0
22887,1148,0,0.0,19.1,Muffin,1,Kitchen,3.9,3,RASPBERRY-WHITECHOC,3.9,2022-06-25 09:57:03,,,No,,,,0.0
24967,1249,2,0.0,19.1,Toastie,1,Kitchen,11.5,2,BACON-EGG-CHEESE,9.0,2022-09-09 07:09:59,Sourdough,Avocado,,,,,2.5
24625,1261,2,0.0,19.1,Toasted Roll,1,Kitchen,9.0,3,BACON-EGG-CHEESE,9.0,2022-08-28 11:00:55,,Tomato Sauce,,,,,0.0
18520,1029,2,0.0,31.9,Toastie,1,Kitchen,8.0,2,HAM-CHEESE-TOMATO,8.0,2021-12-24 11:57:47,White,Tomato Sauce,,,,,0.0
18520,1029,2,0.0,31.9,Toastie,1,Kitchen,7.0,3,HAM-CHEESE,7.0,2021-12-24 11:57:47,White,Tomato Sauce,,,,,0.0
18520,1029,2,0.0,31.9,Toastie,1,Kitchen,7.0,4,HAM-CHEESE,7.0,2021-12-24 11:57:47,White,Tomato Sauce,,,,,0.0
28117,811,2,0.0,31.9,Big Breakfast,1,Kitchen,19.2,1,POACHED,19.2,2023-01-08 12:18:40,White,Hollandaise,,,,,0.0
5700,329,0,0.0,31.9,Eggs Benedict,1,Kitchen,16.0,2,BACON,14.0,2020-07-12 09:58:48,,,,Hashbrown,,,2.0
21405,346,2,0.0,31.9,Toasted Roll,1,Kitchen,11.5,3,BACON-EGG-CHEESE,8.0,2022-05-01 09:34:16,,"Tomato Sauce, Avocado, Hash Brown, Salt and Pepper",,,,,3.5
21405,346,2,0.0,31.9,Toastie,1,Kitchen,10.0,4,BACON-EGG-CHEESE,8.0,2022-05-01 09:34:16,White,"Tomato Sauce, Hash Brown",,,,,2.0
26827,620,2,0.0,31.9,Muffin,1,Kitchen,3.9,7,ORANGE-POPPYSEED,3.9,2022-11-15 09:30:00,,,No,,,,0.0
10888,140,2,0.0,31.9,Big Breakfast,1,Kitchen,16.7,1,POACHED,16.7,2021-02-28 09:38:37,Multigrain,Hollandaise,,,,,0.0
26771,238,2,0.0,31.9,Toasted Roll,1,Kitchen,11.0,3,BACON-EGG-CHEESE,9.0,2022-11-13 11:38:44,,"BBQ Sauce, Hash Brown",,,,,2.0
26771,238,2,0.0,31.9,Toastie,1,Kitchen,10.0,4,HAM-CHEESE-TOMATO,9.0,2022-11-13 11:38:44,Sourdough,Tomato Sauce,,,,,1.0
23072,1018,2,0.0,31.9,Toasted Roll,1,Kitchen,10.5,4,CHICKEN-SCHNITZEL-CHEESE-LETTUCE,8.5,2022-07-03 08:21:40,,Hash Brown,,,,,2.0
15971,926,2,0.0,44.7,Eggs Benedict,1,Kitchen,16.5,2,BACON,14.5,2021-09-24 11:56:38,,,,Hashbrown,,,2.0
15971,926,2,0.0,44.7,Build Your Own Breakfast,1,Kitchen,17.9,1,POACHED,7.9,2021-09-24 11:56:38,Sourdough,"Smashed Avo and Feta, Halloumi",,,,,9.999999999999998
28012,9,2,0.0,14.0,Toasted Roll,1,Kitchen,9.0,2,BACON-EGG-CHEESE,9.0,2022-12-24 07:16:24,,Tomato Sauce,,,,,0.0
25462,9,2,0.0,14.0,Toasted Roll,1,Kitchen,9.0,2,BACON-EGG-CHEESE,9.0,2022-09-26 10:45:05,,Tomato Sauce,,,,,0.0
25408,9,2,0.0,14.0,Toasted Roll,1,Kitchen,9.0,2,BACON-EGG-CHEESE,9.0,2022-09-24 09:03:31,,Tomato Sauce,,,,,0.0
25225,9,2,0.0,14.0,Toasted Roll,1,Kitchen,9.0,2,BACON-EGG-CHEESE,9.0,2022-09-17 12:23:55,,Tomato Sauce,,,,,0.0
8722,521,2,0.0,14.0,Croissant,1,Kitchen,9.0,1,BACON-EGG-CHEESE,9.0,2020-11-08 15:30:00,,Salt and Pepper,,,,,0.0
9199,10,1,0.0,14.0,Eggs and Bacon,1,Kitchen,10.4,2,SCRAMBLED,10.4,2020-11-29 09:38:21,White,,,,,,0.0
23539,275,2,0.0,14.0,Toasted Roll,1,Kitchen,8.5,2,BACON-EGG,7.0,2022-07-22 06:35:13,,"Tomato Sauce, Avocado",,,,,1.5
23516,275,2,0.0,14.0,Toasted Roll,1,Kitchen,8.5,2,BACON-EGG,7.0,2022-07-21 06:54:44,,"Tomato Sauce, Avocado",,,,,1.5
27903,276,2,0.0,14.0,Toasted Roll,1,Kitchen,9.0,2,BACON-EGG-CHEESE,9.0,2022-12-20 06:08:58,,BBQ Sauce,,,,,0.0
27870,276,2,0.0,14.0,Toasted Roll,1,Kitchen,9.0,2,BACON-EGG-CHEESE,9.0,2022-12-19 06:20:57,,BBQ Sauce,,,,,0.0
27771,276,2,0.0,14.0,Toasted Roll,1,Kitchen,9.0,2,BACON-EGG-CHEESE,9.0,2022-12-16 06:20:55,,BBQ Sauce,,,,,0.0
27733,276,2,0.0,14.0,Toasted Roll,1,Kitchen,9.0,2,BACON-EGG-CHEESE,9.0,2022-12-15 06:13:13,,BBQ Sauce,,,,,0.0
27662,276,2,0.0,14.0,Toasted Roll,1,Kitchen,9.0,2,BACON-EGG-CHEESE,9.0,2022-12-13 06:20:39,,BBQ Sauce,,,,,0.0
27634,276,2,0.0,14.0,Toasted Roll,1,Kitchen,9.0,2,BACON-EGG-CHEESE,9.0,2022-12-12 06:19:34,,BBQ Sauce,,,,,0.0
27515,276,2,0.0,14.0,Toasted Roll,1,Kitchen,9.0,2,BACON-EGG-CHEESE,9.0,2022-12-08 06:21:37,,BBQ Sauce,,,,,0.0
27488,276,2,0.0,14.0,Toasted Roll,1,Kitchen,9.0,2,BACON-EGG-CHEESE,9.0,2022-12-07 06:21:39,,BBQ Sauce,,,,,0.0
27451,276,2,0.0,14.0,Toasted Roll,1,Kitchen,9.0,2,BACON-EGG-CHEESE,9.0,2022-12-06 06:21:10,,BBQ Sauce,,,,,0.0
27337,276,2,0.0,14.0,Toasted Roll,1,Kitchen,9.0,2,BACON-EGG-CHEESE,9.0,2022-12-02 06:23:25,,BBQ Sauce,,,,,0.0
27267,276,2,0.0,14.0,Toasted Roll,1,Kitchen,9.0,2,BACON-EGG-CHEESE,9.0,2022-11-30 06:17:48,,BBQ Sauce,,,,,0.0
27079,276,2,0.0,14.0,Toasted Roll,1,Kitchen,9.0,2,BACON-EGG-CHEESE,9.0,2022-11-24 06:19:20,,BBQ Sauce,,,,,0.0
27021,276,2,0.0,14.0,Toasted Roll,1,Kitchen,9.0,2,BACON-EGG-CHEESE,9.0,2022-11-22 06:17:37,,BBQ Sauce,,,,,0.0
26911,276,2,0.0,14.0,Toasted Roll,1,Kitchen,9.0,2,BACON-EGG-CHEESE,9.0,2022-11-18 06:20:47,,BBQ Sauce,,,,,0.0
26871,276,2,0.0,14.0,Toasted Roll,1,Kitchen,9.0,2,BACON-EGG-CHEESE,9.0,2022-11-17 06:14:54,,BBQ Sauce,,,,,0.0
26838,276,0,0.0,14.0,Toasted Roll,1,Kitchen,9.0,2,BACON-EGG-CHEESE,9.0,2022-11-16 06:21:07,,BBQ Sauce,,,,,0.0
26806,276,2,0.0,14.0,Toasted Roll,1,Kitchen,9.0,2,BACON-EGG-CHEESE,9.0,2022-11-15 06:18:34,,BBQ Sauce,,,,,0.0
26684,276,2,0.0,14.0,Toasted Roll,1,Kitchen,9.0,2,BACON-EGG-CHEESE,9.0,2022-11-11 06:17:31,,BBQ Sauce,,,,,0.0
26627,276,2,0.0,14.0,Toasted Roll,1,Kitchen,9.0,2,BACON-EGG-CHEESE,9.0,2022-11-09 06:21:15,,BBQ Sauce,,,,,0.0
26593,276,2,0.0,14.0,Toasted Roll,1,Kitchen,9.0,2,BACON-EGG-CHEESE,9.0,2022-11-08 06:19:26,,BBQ Sauce,,,,,0.0
26563,276,2,0.0,14.0,Toasted Roll,1,Kitchen,9.0,2,BACON-EGG-CHEESE,9.0,2022-11-07 06:29:46,,BBQ Sauce,,,,,0.0
26472,276,2,0.0,14.0,Toasted Roll,1,Kitchen,9.0,2,BACON-EGG-CHEESE,9.0,2022-11-04 06:21:43,,BBQ Sauce,,,,,0.0
26439,276,2,0.0,14.0,Toasted Roll,1,Kitchen,9.0,2,BACON-EGG-CHEESE,9.0,2022-11-03 06:20:27,,BBQ Sauce,,,,,0.0
26216,276,1,0.0,14.0,Toasted Roll,1,Kitchen,9.0,2,BACON-EGG-CHEESE,9.0,2022-10-25 06:22:58,,BBQ Sauce,,,,,0.0
26077,276,2,0.0,14.0,Toasted Roll,1,Kitchen,9.0,2,BACON-EGG-CHEESE,9.0,2022-10-20 06:18:55,,BBQ Sauce,,,,,0.0
26056,276,2,0.0,14.0,Toasted Roll,1,Kitchen,9.0,2,BACON-EGG-CHEESE,9.0,2022-10-19 06:17:55,,BBQ Sauce,,,,,0.0
25901,276,2,0.0,14.0,Toasted Roll,1,Kitchen,9.0,2,BACON-EGG-CHEESE,9.0,2022-10-14 06:16:17,,BBQ Sauce,,,,,0.0
25871,276,2,0.0,14.0,Toasted Roll,1,Kitchen,9.0,2,BACON-EGG-CHEESE,9.0,2022-10-13 06:17:51,,BBQ Sauce,,,,,0.0
25847,276,2,0.0,14.0,Toasted Roll,1,Kitchen,9.0,2,BACON-EGG-CHEESE,9.0,2022-10-12 06:16:50,,BBQ Sauce,,,,,0.0
25823,276,2,0.0,14.0,Toasted Roll,1,Kitchen,9.0,2,BACON-EGG-CHEESE,9.0,2022-10-11 06:17:39,,BBQ Sauce,,,,,0.0
25727,276,2,0.0,14.0,Toasted Roll,1,Kitchen,9.0,2,BACON-EGG-CHEESE,9.0,2022-10-07 06:18:16,,BBQ Sauce,,,,,0.0
25698,276,2,0.0,14.0,Toasted Roll,1,Kitchen,9.0,2,BACON-EGG-CHEESE,9.0,2022-10-06 06:17:13,,BBQ Sauce,,,,,0.0
25672,276,2,0.0,14.0,Toasted Roll,1,Kitchen,9.0,2,BACON-EGG-CHEESE,9.0,2022-10-05 06:18:30,,BBQ Sauce,,,,,0.0
25651,276,2,0.0,14.0,Toasted Roll,1,Kitchen,9.0,2,BACON-EGG-CHEESE,9.0,2022-10-04 06:16:45,,BBQ Sauce,,,,,0.0
25515,276,2,0.0,14.0,Toasted Roll,1,Kitchen,9.0,2,BACON-EGG-CHEESE,9.0,2022-09-29 06:18:35,,BBQ Sauce,,,,,0.0
25489,276,2,0.0,14.0,Toasted Roll,1,Kitchen,9.0,2,BACON-EGG-CHEESE,9.0,2022-09-28 06:21:05,,BBQ Sauce,,,,,0.0
25470,276,2,0.0,14.0,Toasted Roll,1,Kitchen,9.0,2,BACON-EGG-CHEESE,9.0,2022-09-27 06:19:37,,BBQ Sauce,,,,,0.0
25309,276,2,0.0,14.0,Toasted Roll,1,Kitchen,9.0,2,BACON-EGG-CHEESE,9.0,2022-09-21 06:09:18,,BBQ Sauce,,,,,0.0
25285,276,2,0.0,14.0,Toasted Roll,1,Kitchen,9.0,2,BACON-EGG-CHEESE,9.0,2022-09-20 06:20:44,,BBQ Sauce,,,,,0.0
25172,276,2,0.0,14.0,Toasted Roll,1,Kitchen,9.0,2,BACON-EGG-CHEESE,9.0,2022-09-16 06:13:44,,BBQ Sauce,,,,,0.0
25144,276,2,0.0,14.0,Toasted Roll,1,Kitchen,9.0,2,BACON-EGG-CHEESE,9.0,2022-09-15 06:19:52,,BBQ Sauce,,,,,0.0
25115,276,2,0.0,14.0,Toasted Roll,1,Kitchen,9.0,2,BACON-EGG-CHEESE,9.0,2022-09-14 06:14:13,,BBQ Sauce,,,,,0.0
24960,276,2,0.0,14.0,Toasted Roll,1,Kitchen,9.0,2,BACON-EGG-CHEESE,9.0,2022-09-09 06:16:58,,BBQ Sauce,,,,,0.0
24928,276,2,0.0,14.0,Toasted Roll,1,Kitchen,9.0,2,BACON-EGG-CHEESE,9.0,2022-09-08 06:14:16,,BBQ Sauce,,,,,0.0
24897,276,2,0.0,14.0,Toasted Roll,1,Kitchen,9.0,2,BACON-EGG-CHEESE,9.0,2022-09-07 06:22:05,,BBQ Sauce,,,,,0.0
24896,276,0,0.0,14.0,Toasted Roll,1,Kitchen,9.0,2,BACON-EGG-CHEESE,9.0,2022-09-07 06:18:26,,BBQ Sauce,,,,,0.0
24869,276,2,0.0,14.0,Toasted Roll,1,Kitchen,9.0,2,BACON-EGG-CHEESE,9.0,2022-09-06 06:16:34,,BBQ Sauce,,,,,0.0
24842,276,2,0.0,14.0,Toasted Roll,1,Kitchen,9.0,2,BACON-EGG-CHEESE,9.0,2022-09-05 06:21:36,,BBQ Sauce,,,,,0.0
24745,276,2,0.0,14.0,Toasted Roll,1,Kitchen,9.0,2,BACON-EGG-CHEESE,9.0,2022-09-02 06:15:03,,BBQ Sauce,,,,,0.0
24716,276,2,0.0,14.0,Toasted Roll,1,Kitchen,9.0,2,BACON-EGG-CHEESE,9.0,2022-09-01 06:14:56,,BBQ Sauce,,,,,0.0
24683,276,2,0.0,14.0,Toasted Roll,1,Kitchen,9.0,2,BACON-EGG-CHEESE,9.0,2022-08-31 06:08:27,,BBQ Sauce,,,,,0.0
24653,276,2,0.0,14.0,Toasted Roll,1,Kitchen,9.0,2,BACON-EGG-CHEESE,9.0,2022-08-30 06:16:14,,BBQ Sauce,,,,,0.0
24632,276,2,0.0,14.0,Toasted Roll,1,Kitchen,9.0,2,BACON-EGG-CHEESE,9.0,2022-08-29 06:15:34,,BBQ Sauce,,,,,0.0
24536,276,2,0.0,14.0,Toasted Roll,1,Kitchen,9.0,2,BACON-EGG-CHEESE,9.0,2022-08-26 06:15:38,,BBQ Sauce,,,,,0.0
24512,276,2,0.0,14.0,Toasted Roll,1,Kitchen,9.0,2,BACON-EGG-CHEESE,9.0,2022-08-25 06:18:37,,BBQ Sauce,,,,,0.0
24493,276,2,0.0,14.0,Toasted Roll,1,Kitchen,9.0,2,BACON-EGG-CHEESE,9.0,2022-08-24 06:13:40,,BBQ Sauce,,,,,0.0
24324,276,0,0.0,14.0,Toasted Roll,1,Kitchen,9.0,2,BACON-EGG-CHEESE,9.0,2022-08-18 06:18:13,,BBQ Sauce,,,,,0.0
24300,276,2,0.0,14.0,Toasted Roll,1,Kitchen,9.0,2,BACON-EGG-CHEESE,9.0,2022-08-17 06:15:18,,BBQ Sauce,,,,,0.0
24273,276,2,0.0,14.0,Toasted Roll,1,Kitchen,9.0,2,BACON-EGG-CHEESE,9.0,2022-08-16 06:17:33,,BBQ Sauce,,,,,0.0
24254,276,2,0.0,14.0,Toasted Roll,1,Kitchen,9.0,2,BACON-EGG-CHEESE,9.0,2022-08-15 06:14:31,,BBQ Sauce,,,,,0.0
24164,276,2,0.0,14.0,Toasted Roll,1,Kitchen,9.0,2,BACON-EGG-CHEESE,9.0,2022-08-12 06:09:16,,BBQ Sauce,,,,,0.0
24138,276,2,0.0,14.0,Toasted Roll,1,Kitchen,9.0,2,BACON-EGG-CHEESE,9.0,2022-08-11 06:13:44,,BBQ Sauce,,,,,0.0
24118,276,2,0.0,14.0,Toasted Roll,1,Kitchen,9.0,2,BACON-EGG-CHEESE,9.0,2022-08-10 06:16:11,,BBQ Sauce,,,,,0.0
24100,276,2,0.0,14.0,Toasted Roll,1,Kitchen,9.0,2,BACON-EGG-CHEESE,9.0,2022-08-09 06:21:07,,BBQ Sauce,,,,,0.0
23967,276,0,0.0,14.0,Toasted Roll,1,Kitchen,9.0,2,BACON-EGG-CHEESE,9.0,2022-08-05 06:16:46,,BBQ Sauce,,,,,0.0
23934,276,2,0.0,14.0,Toasted Roll,1,Kitchen,9.0,2,BACON-EGG-CHEESE,9.0,2022-08-04 06:17:49,,BBQ Sauce,,,,,0.0
23904,276,2,0.0,14.0,Toasted Roll,1,Kitchen,9.0,2,BACON-EGG-CHEESE,9.0,2022-08-03 06:18:07,,BBQ Sauce,,,,,0.0
23875,276,2,0.0,14.0,Toasted Roll,1,Kitchen,9.0,2,BACON-EGG-CHEESE,9.0,2022-08-02 06:18:28,,BBQ Sauce,,,,,0.0
23851,276,2,0.0,14.0,Toasted Roll,1,Kitchen,9.0,2,BACON-EGG-CHEESE,9.0,2022-08-01 06:19:23,,BBQ Sauce,,,,,0.0
5120,281,2,0.0,14.0,Toastie,1,Kitchen,7.0,1,BACON-EGG,7.0,2020-06-01 14:35:01,White,Tomato Sauce,,,,,0.0
5120,281,2,0.0,14.0,Toastie,1,Kitchen,7.0,2,BACON-EGG,7.0,2020-06-01 14:35:01,White,Tomato Sauce,,,,,0.0
27382,1314,2,0.0,14.0,Toastie,1,Kitchen,9.0,2,HAM-CHEESE-TOMATO,9.0,2022-12-03 08:26:23,Multigrain,Tomato Sauce,,,,,0.0
26331,1314,2,0.0,14.0,Toastie,1,Kitchen,9.0,2,HAM-CHEESE-TOMATO,9.0,2022-10-29 08:29:17,Multigrain,Tomato Sauce,,,,,0.0
14925,814,2,0.0,14.0,Toastie,1,Kitchen,8.5,2,BACON-EGG,7.0,2021-08-20 09:49:28,White,Avocado,,,,,1.5
14767,814,2,0.0,14.0,Toasted Roll,1,Kitchen,8.5,2,BACON-EGG,7.0,2021-08-14 08:45:47,,Avocado,,,,,1.5
11925,67,2,0.0,14.0,Toastie,1,Kitchen,9.0,2,BACON-EGG-CHEESE,8.0,2021-04-19 09:42:00,Sourdough,Salt and Pepper,,,,,1.0
3589,69,10,0.0,14.0,Toasted Roll,1,Kitchen,10.5,2,BACON-EGG,7.0,2019-09-17 07:12:19,,"Tomato Sauce, Avocado, Hash Brown",,,,,3.5
3582,69,10,0.0,14.0,Toasted Roll,1,Kitchen,10.5,2,BACON-EGG,7.0,2019-09-15 09:37:25,,"Tomato Sauce, Avocado, Hash Brown",,,,,3.5
27552,77,2,0.0,14.0,Toasted Roll,1,Kitchen,9.0,2,BACON-EGG-CHEESE,9.0,2022-12-09 07:55:27,,"Tomato Sauce, Salt and Pepper",,,,,0.0
26481,77,2,0.0,14.0,Toasted Roll,1,Kitchen,9.0,2,BACON-EGG-CHEESE,9.0,2022-11-04 07:27:36,,"Tomato Sauce, Salt and Pepper",,,,,0.0
25290,77,2,0.0,14.0,Toasted Roll,1,Kitchen,9.0,2,BACON-EGG-CHEESE,9.0,2022-09-20 08:00:00,,Tomato Sauce,,,,,0.0
25088,77,2,0.0,14.0,Toasted Roll,1,Kitchen,9.0,2,BACON-EGG-CHEESE,9.0,2022-09-13 08:00:00,,Tomato Sauce,,,,,0.0
24005,77,2,0.0,14.0,Toasted Roll,1,Kitchen,9.0,2,BACON-EGG-CHEESE,9.0,2022-08-06 07:29:44,,"Tomato Sauce, Salt and Pepper",,,,,0.0
27699,1358,2,0.0,14.0,Toasted Roll,1,Kitchen,9.0,2,BACON-EGG-CHEESE,9.0,2022-12-14 06:24:42,,BBQ Sauce,,,,,0.0
5020,83,10,0.0,14.0,Toasted Roll,1,Kitchen,7.0,1,BACON-EGG,7.0,2020-05-24 10:42:02,,Salt and Pepper,,,,,0.0
5020,83,10,0.0,14.0,Toasted Roll,1,Kitchen,7.0,2,BACON-EGG,7.0,2020-05-24 10:42:02,,Salt and Pepper,,,,,0.0
4166,83,2,0.0,14.0,Toasted Roll,1,Kitchen,7.0,1,BACON-EGG,7.0,2020-02-08 12:03:06,,Salt and Pepper,,,,,0.0
4166,83,2,0.0,14.0,Toasted Roll,1,Kitchen,7.0,2,BACON-EGG,7.0,2020-02-08 12:03:06,,Salt and Pepper,,,,,0.0
28021,862,2,0.0,14.0,Toastie,1,Kitchen,9.0,2,HAM-CHEESE-TOMATO,9.0,2022-12-24 09:11:01,Multigrain,Tomato Sauce,,,,,0.0
26944,862,2,0.0,14.0,Toastie,1,Kitchen,9.0,2,HAM-CHEESE-TOMATO,9.0,2022-11-19 08:06:04,Multigrain,Tomato Sauce,,,,,0.0
25777,862,2,0.0,14.0,Toastie,1,Kitchen,9.0,2,HAM-CHEESE-TOMATO,9.0,2022-10-08 09:11:20,Multigrain,Tomato Sauce,,,,,0.0
25565,862,2,0.0,14.0,Toastie,1,Kitchen,9.0,2,HAM-CHEESE-TOMATO,9.0,2022-10-01 08:15:28,Multigrain,Tomato Sauce,,,,,0.0
25399,862,2,0.0,14.0,Toastie,1,Kitchen,9.0,2,HAM-CHEESE-TOMATO,9.0,2022-09-24 08:11:02,Multigrain,Tomato Sauce,,,,,0.0
24396,862,2,0.0,14.0,Toastie,1,Kitchen,9.0,2,HAM-CHEESE-TOMATO,9.0,2022-08-20 09:11:18,Multigrain,Tomato Sauce,,,,,0.0
24015,862,2,0.0,14.0,Toastie,1,Kitchen,9.0,2,HAM-CHEESE-TOMATO,9.0,2022-08-06 08:59:33,Multigrain,Tomato Sauce,,,,,0.0
6298,383,2,0.0,14.0,Toastie,1,Kitchen,9.0,2,CHEESE-TOMATO,7.0,2020-08-09 11:46:15,Dark Rye,Hash Brown,,,,,2.0
10523,128,2,0.0,14.0,Toastie,1,Kitchen,9.0,2,BACON-CHEESE,7.0,2021-02-10 06:17:20,Multigrain,"Hash Brown, Salt and Pepper",,,,,2.0
25669,1153,2,0.0,14.0,Muffin,1,Kitchen,3.9,3,APPLE-CINNAMON,3.9,2022-10-04 09:30:13,,,No,,,,0.0
21356,391,2,0.0,14.0,Toastie,1,Kitchen,7.0,1,CHEESE-TOMATO,7.0,2022-04-29 14:06:37,Multigrain,Tomato Sauce,,,,,0.0
21356,391,2,0.0,14.0,Toastie,1,Kitchen,7.0,2,CHEESE-TOMATO,7.0,2022-04-29 14:06:37,Multigrain,Tomato Sauce,,,,,0.0
18966,391,2,0.0,14.0,Toastie,1,Kitchen,7.0,1,CHEESE-TOMATO,7.0,2022-01-28 14:39:17,Multigrain,Tomato Sauce,,,,,0.0
18966,391,2,0.0,14.0,Toastie,1,Kitchen,7.0,2,CHEESE-TOMATO,7.0,2022-01-28 14:39:17,Multigrain,Tomato Sauce,,,,,0.0
23231,651,2,0.0,14.0,Croissant,1,Kitchen,9.0,2,BACON-EGG-CHEESE,9.0,2022-07-09 08:41:27,,Salt and Pepper,,,,,0.0
11531,651,0,0.0,14.0,Toastie,1,Kitchen,9.0,2,BACON-EGG-CHEESE,8.0,2021-03-31 08:43:50,Sourdough,Tomato Sauce,,,,,1.0
12315,141,2,0.0,14.0,Toastie,1,Kitchen,9.0,2,BACON-EGG,7.0,2021-05-07 05:46:30,Multigrain,"BBQ Sauce, Hash Brown",,,,,2.0
21384,404,2,0.0,14.0,Toasted Roll,1,Kitchen,7.0,1,BACON-EGG,7.0,2022-04-30 10:25:26,,BBQ Sauce,,,,,0.0
21384,404,2,0.0,14.0,Toasted Roll,1,Kitchen,7.0,2,BACON-EGG,7.0,2022-04-30 10:25:26,,BBQ Sauce,,,,,0.0
21156,404,2,0.0,14.0,Toasted Roll,1,Kitchen,7.0,1,BACON-EGG,7.0,2022-04-22 12:21:12,,BBQ Sauce,,,,,0.0
21156,404,2,0.0,14.0,Toasted Roll,1,Kitchen,7.0,2,BACON-EGG,7.0,2022-04-22 12:21:12,,BBQ Sauce,,,,,0.0
11211,404,2,0.0,14.0,Toasted Roll,1,Kitchen,7.0,1,BACON-EGG,7.0,2021-03-16 12:26:19,,BBQ Sauce,,,,,0.0
11211,404,2,0.0,14.0,Toasted Roll,1,Kitchen,7.0,2,BACON-EGG,7.0,2021-03-16 12:26:19,,BBQ Sauce,,,,,0.0
8919,404,2,0.0,14.0,Toasted Roll,1,Kitchen,7.0,1,BACON-EGG,7.0,2020-11-16 13:47:05,,BBQ Sauce,,,,,0.0
8919,404,2,0.0,14.0,Toasted Roll,1,Kitchen,7.0,2,BACON-EGG,7.0,2020-11-16 13:47:05,,BBQ Sauce,,,,,0.0
7963,404,2,0.0,14.0,Toasted Roll,1,Kitchen,7.0,1,BACON-EGG,7.0,2020-10-13 12:45:00,,BBQ Sauce,,,,,0.0
7963,404,2,0.0,14.0,Toasted Roll,1,Kitchen,7.0,2,BACON-EGG,7.0,2020-10-13 12:45:00,,BBQ Sauce,,,,,0.0
12082,150,2,0.0,14.0,Toasted Roll,1,Kitchen,8.0,2,BACON-EGG-CHEESE,8.0,2021-04-27 06:43:17,,BBQ Sauce,,,,,0.0
11519,150,2,0.0,14.0,Toasted Roll,1,Kitchen,8.0,2,BACON-EGG-CHEESE,8.0,2021-03-31 06:08:05,,BBQ Sauce,,,,,0.0
13700,666,2,0.0,14.0,Toasted Roll,1,Kitchen,7.0,2,BACON-EGG,7.0,2021-06-30 10:17:47,,Tomato Sauce,,,,,0.0
21392,421,2,0.0,14.0,Build Your Own Breakfast,1,Kitchen,14.0,1,POACHED,8.0,2022-05-01 07:20:52,White,"Bacon, Avocado",,,,,6.0
39230,933,2,0.0,14.0,Muffin,1,Kitchen,4.5,3,RASPBERRY-WHITECHOC,4.5,2024-01-19 09:08:07,,,No,,,,0.0
4617,193,2,0.0,14.0,Toasted Roll,1,Kitchen,7.0,1,BACON-EGG,7.0,2020-04-24 07:40:58,,BBQ Sauce,,,,,0.0
4617,193,2,0.0,14.0,Toasted Roll,1,Kitchen,7.0,2,BACON-EGG,7.0,2020-04-24 07:40:58,,BBQ Sauce,,,,,0.0
28107,976,2,0.0,14.0,Muffin,1,Kitchen,3.9,3,ORANGE-POPPYSEED,3.9,2023-01-08 08:37:42,,,Yes,,,,0.0
17742,721,2,0.0,14.0,Toasted Roll,1,Kitchen,9.0,2,BACON-EGG,7.0,2021-11-25 07:04:26,,"Tomato Sauce, BBQ Sauce, Hash Brown",,,,,2.0
17572,721,2,0.0,14.0,Toasted Roll,1,Kitchen,9.0,2,BACON-EGG,7.0,2021-11-19 07:49:32,,"Tomato Sauce, Hash Brown, Salt and Pepper",,,,,2.0
14634,739,2,0.0,14.0,Toasted Roll,1,Kitchen,8.0,2,BACON-EGG-CHEESE,8.0,2021-08-08 13:55:39,,Tomato Sauce,,,,,0.0
17660,231,2,0.0,14.0,Toastie,1,Kitchen,6.0,3,CHEESE,6.0,2021-11-22 06:26:41,White,Tomato Sauce,,,,,0.0
15349,231,2,0.0,14.0,Toastie,1,Kitchen,6.0,3,CHEESE,6.0,2021-09-04 07:35:00,White,Tomato Sauce,,,,,0.0
14942,231,2,0.0,14.0,Toastie,1,Kitchen,6.0,3,CHEESE,6.0,2021-08-21 07:17:46,White,Tomato Sauce,,,,,0.0
14783,231,2,0.0,14.0,Toastie,1,Kitchen,6.0,3,CHEESE,6.0,2021-08-15 07:33:20,White,Tomato Sauce,,,,,0.0
14583,231,2,0.0,14.0,Toastie,1,Kitchen,6.0,3,CHEESE,6.0,2021-08-07 08:41:11,White,Tomato Sauce,,,,,0.0
14263,231,2,0.0,14.0,Toastie,1,Kitchen,6.0,3,CHEESE,6.0,2021-07-25 07:08:34,White,Tomato Sauce,,,,,0.0
14230,231,2,0.0,14.0,Toastie,1,Kitchen,6.0,3,CHEESE,6.0,2021-07-24 07:05:53,White,Tomato Sauce,,,,,0.0
14086,231,2,0.0,14.0,Toastie,1,Kitchen,6.0,3,CHEESE,6.0,2021-07-18 07:32:46,White,Tomato Sauce,,,,,0.0
14061,231,2,0.0,14.0,Toastie,1,Kitchen,6.0,3,CHEESE,6.0,2021-07-17 07:16:24,White,Tomato Sauce,,,,,0.0
5384,231,2,0.0,14.0,Croissant,1,Kitchen,9.0,1,HAM-CHEESE-TOMATO,9.0,2020-06-21 08:41:54,,Salt and Pepper,,,,,0.0
26932,492,2,0.0,14.0,Muffin,1,Kitchen,3.9,3,APPLE-CINNAMON,3.9,2022-11-18 09:03:16,,,Yes,,,,0.0
18517,1047,0,0.0,26.8,Big Breakfast,1,Kitchen,17.7,1,POACHED,16.7,2021-12-24 10:45:36,Sourdough,Hollandaise,,,,,1.0
14165,809,2,0.0,26.8,Toastie,1,Kitchen,6.0,3,BACON,6.0,2021-07-21 09:24:25,White,Tomato Sauce,,,,,0.0
14165,809,2,0.0,26.8,Toastie,1,Kitchen,10.0,4,BACON-EGG-CHEESE,8.0,2021-07-21 09:24:25,White,"BBQ Sauce, Hash Brown",,,,,2.0
14786,814,2,0.0,26.8,Toastie,1,Kitchen,8.4,3,CHICKEN-SCHNITZEL-CHEESE-LETTUCE,8.4,2021-08-15 08:22:14,White,Tomato Sauce,,,,,0.0
8296,88,2,0.0,26.8,Toasted Roll,1,Kitchen,8.0,3,BACON-EGG-CHEESE,8.0,2020-10-23 12:00:00,,BBQ Sauce,,,,,0.0
8296,88,2,0.0,26.8,Toasted Roll,1,Kitchen,9.5,4,BACON-EGG-CHEESE,8.0,2020-10-23 12:00:00,,"Tomato Sauce, Avocado",,,,,1.5
26185,127,2,0.0,26.8,Toastie,1,Kitchen,8.0,3,HAM-CHEESE,8.0,2022-10-23 11:06:09,Multigrain,Tomato Sauce,,,,,0.0
26185,127,2,0.0,26.8,Toastie,1,Kitchen,9.0,4,HAM-CHEESE-TOMATO,9.0,2022-10-23 11:06:09,White,Tomato Sauce,,,,,0.0
9376,404,2,0.0,26.8,Toasted Roll,1,Kitchen,7.0,4,BACON-EGG,7.0,2020-12-06 12:45:00,,BBQ Sauce,,,,,0.0
9376,404,2,0.0,26.8,Toasted Roll,1,Kitchen,7.0,5,BACON-EGG,7.0,2020-12-06 12:45:00,,BBQ Sauce,,,,,0.0
29194,175,2,0.0,26.8,Muffin,1,Kitchen,3.9,6,APPLE-CINNAMON,3.9,2023-02-18 09:51:28,,,No,,,,0.0
7497,255,2,0.0,26.8,Toastie,1,Kitchen,8.0,3,HAM-CHEESE-TOMATO,8.0,2020-09-25 12:45:00,Multigrain,Tomato Sauce,,,,,0.0
15975,515,2,0.0,39.6,Toasted Roll,1,Kitchen,9.9,4,CHICKEN-SCHNITZEL-CHEESE-LETTUCE,8.4,2021-09-24 13:00:00,,Avocado,,,,,1.5
13703,783,0,0.0,39.6,Toastie,1,Kitchen,6.0,7,BACON,6.0,2021-06-30 10:24:11,White,Tomato Sauce,,,,,0.0
22381,890,2,0.0,39.6,Eggs and Bacon,1,Kitchen,12.0,2,SUNNY,11.0,2022-06-05 14:27:48,Sourdough,,,,,,1.0
22381,890,2,0.0,39.6,Build Your Own Breakfast,1,Kitchen,16.0,1,SCRAMBLED,8.0,2022-06-05 14:27:48,White,"Smashed Avo and Feta, Sauteed Mushrooms",,,,,8.0
7616,484,2,0.0,39.6,Build Your Own Breakfast,1,Kitchen,17.4,1,FRIED,7.9,2020-09-30 10:05:08,Gluten Free,"Hash Brown, Smashed Avo and Feta",,,,,9.499999999999998
7616,484,2,0.0,39.6,Build Your Own Breakfast,1,Kitchen,13.9,2,SCRAMBLED,7.9,2020-09-30 10:05:08,White,"Sauteed Mushrooms, Baby Spinach",,,,,6.0
16213,754,2,0.0,39.6,Toastie,1,Kitchen,7.0,4,HAM-CHEESE,7.0,2021-10-02 07:56:56,White,Tomato Sauce,,,,,0.0
16213,754,2,0.0,39.6,Toastie,1,Kitchen,7.0,5,BACON-EGG,7.0,2021-10-02 07:56:56,White,BBQ Sauce,,,,,0.0
16213,754,2,0.0,39.6,Toastie,1,Kitchen,9.0,6,BACON-EGG,7.0,2021-10-02 07:56:56,White,"BBQ Sauce, Hash Brown",,,,,2.0
26025,77,2,0.0,8.9,Muffin,1,Kitchen,3.9,2,APPLE-CINNAMON,3.9,2022-10-17 12:06:47,,,No,,,,0.0
24636,857,2,0.0,8.9,Muffin,1,Kitchen,3.9,2,APPLE-CINNAMON,3.9,2022-08-29 07:07:12,,,Yes,,,,0.0
23125,857,2,0.0,8.9,Muffin,1,Kitchen,3.9,2,RASPBERRY-WHITECHOC,3.9,2022-07-05 07:15:00,,,No,,,,0.0
27305,1224,2,0.0,8.9,Muffin,1,Kitchen,3.9,2,RASPBERRY-WHITECHOC,3.9,2022-12-01 07:18:58,,,No,,,,0.0
27248,1224,2,0.0,8.9,Muffin,1,Kitchen,3.9,2,APPLE-CINNAMON,3.9,2022-11-29 07:40:57,,,No,,,,0.0
27120,1224,2,0.0,8.9,Muffin,1,Kitchen,3.9,2,RASPBERRY-WHITECHOC,3.9,2022-11-25 07:38:16,,,No,,,,0.0
32396,251,2,0.0,8.9,Muffin,1,Kitchen,3.9,2,APPLE-CINNAMON,3.9,2023-06-02 09:24:51,,,No,,,,0.0
19117,14,2,0.0,21.7,Build Your Own Breakfast,1,Kitchen,8.0,1,SCRAMBLED,8.0,2022-02-03 08:49:20,White,"Bacon, Hollandaise, Sauteed Mushrooms",,,,,0.0
19116,14,0,0.0,21.7,Build Your Own Breakfast,1,Kitchen,8.0,1,SCRAMBLED,8.0,2022-02-03 08:45:59,White,"Bacon, Hollandaise, Sauteed Mushrooms",,,,,0.0
13776,787,2,0.0,21.7,Toasted Roll,1,Kitchen,8.0,4,BACON-EGG-CHEESE,8.0,2021-07-04 09:13:40,,"Tomato Sauce, Salt and Pepper",,,,,0.0
9472,589,2,0.0,21.7,Toastie,1,Kitchen,7.0,3,BACON-EGG,7.0,2020-12-10 08:15:00,Dark Rye,Tomato Sauce,,,,,0.0
9472,589,2,0.0,21.7,Croissant,1,Kitchen,8.0,1,CHEESE-TOMATO,8.0,2020-12-10 08:15:00,,Salt and Pepper,,,,,0.0
40502,862,2,0.0,21.7,Toastie,1,Kitchen,10.5,3,HAM-CHEESE-TOMATO,10.5,2024-03-02 08:34:13,Multigrain,Tomato Sauce,,,,,0.0
23732,145,2,0.0,21.7,Toasted Roll,1,Kitchen,8.0,3,BACON-EGG-CHEESE,8.0,2022-07-28 07:56:05,,BBQ Sauce,,,,,0.0
20038,145,2,0.0,21.7,Toasted Roll,1,Kitchen,8.0,3,BACON-EGG-CHEESE,8.0,2022-03-09 08:00:15,,BBQ Sauce,,,,,0.0
20037,145,0,0.0,21.7,Toasted Roll,1,Kitchen,8.0,3,BACON-EGG-CHEESE,8.0,2022-03-09 07:57:43,,BBQ Sauce,,,,,0.0
19750,145,2,0.0,21.7,Toasted Roll,1,Kitchen,8.0,3,BACON-EGG-CHEESE,8.0,2022-02-27 08:31:22,,BBQ Sauce,,,,,0.0
19749,145,0,0.0,21.7,Toasted Roll,1,Kitchen,8.0,3,BACON-EGG-CHEESE,8.0,2022-02-27 08:29:12,,BBQ Sauce,,,,,0.0
18634,145,2,0.0,21.7,Toasted Roll,1,Kitchen,8.0,3,BACON-EGG-CHEESE,8.0,2022-01-13 07:06:50,,BBQ Sauce,,,,,0.0
18632,145,0,0.0,21.7,Toasted Roll,1,Kitchen,8.0,3,BACON-EGG-CHEESE,8.0,2022-01-13 06:59:32,,BBQ Sauce,,,,,0.0
16768,145,2,0.0,21.7,Toasted Roll,1,Kitchen,8.0,3,BACON-EGG-CHEESE,8.0,2021-10-21 08:38:11,,BBQ Sauce,,,,,0.0
16840,421,2,0.0,21.7,Toastie,1,Kitchen,8.0,4,BACON-EGG-CHEESE,8.0,2021-10-24 08:30:00,White,BBQ Sauce,,,,,0.0
32638,172,2,0.0,21.7,Toasted Roll,1,Kitchen,8.5,3,BACON-EGG,8.5,2023-06-10 09:30:19,,Tomato Sauce,,,,,0.0
32380,172,2,0.0,21.7,Toasted Roll,1,Kitchen,8.5,3,BACON-EGG,8.5,2023-06-02 06:43:16,,Tomato Sauce,,,,,0.0
31740,172,2,0.0,21.7,Toasted Roll,1,Kitchen,8.5,3,BACON-EGG,8.5,2023-05-12 08:43:18,,Tomato Sauce,,,,,0.0
31485,172,2,0.0,21.7,Toasted Roll,1,Kitchen,8.5,3,BACON-EGG,8.5,2023-05-05 08:22:10,,Tomato Sauce,,,,,0.0
33246,1509,2,0.0,21.7,Toastie,1,Kitchen,9.5,3,BACON-EGG-CHEESE,9.5,2023-06-30 09:06:42,White,Tomato Sauce,,,,,0.0
25957,496,2,0.0,21.7,Toasted Roll,1,Kitchen,11.5,3,BACON-EGG,8.0,2022-10-15 10:17:05,,"Tomato Sauce, Avocado, Hash Brown",,,,,3.5
19726,9,2,0.0,34.5,Toastie,1,Kitchen,8.0,4,HAM-CHEESE-TOMATO,8.0,2022-02-26 08:33:28,White,Tomato Sauce,,,,,0.0
19726,9,2,0.0,34.5,Toastie,1,Kitchen,8.0,5,HAM-CHEESE-TOMATO,8.0,2022-02-26 08:33:28,White,Tomato Sauce,,,,,0.0
19726,9,2,0.0,34.5,Toasted Roll,1,Kitchen,8.0,3,BACON-EGG-CHEESE,8.0,2022-02-26 08:33:28,,Tomato Sauce,,,,,0.0
16510,9,2,0.0,34.5,Toastie,1,Kitchen,8.0,4,HAM-CHEESE-TOMATO,8.0,2021-10-12 09:29:36,White,Tomato Sauce,,,,,0.0
16510,9,2,0.0,34.5,Toastie,1,Kitchen,8.0,5,HAM-CHEESE-TOMATO,8.0,2021-10-12 09:29:36,White,Tomato Sauce,,,,,0.0
18842,1061,2,0.0,34.5,Build Your Own Breakfast,1,Kitchen,20.0,1,POACHED,8.0,2022-01-23 10:46:39,Sourdough,"Bacon, Hash Brown, Sauteed Mushrooms, Avocado",,,,,12.0
17446,351,2,0.0,34.5,Toasted Roll,1,Kitchen,9.0,5,BACON-EGG,7.0,2021-11-14 10:53:25,,Hash Brown,,,,,2.0
24408,128,2,0.0,34.5,Toasted Roll,1,Kitchen,12.5,4,BACON-EGG-CHEESE,9.0,2022-08-20 12:51:01,,"Avocado, Hash Brown, Salt and Pepper",,,,,3.5
15355,172,2,0.0,34.5,Toastie,1,Kitchen,8.0,5,HAM-CHEESE-TOMATO,8.0,2021-09-04 08:08:10,Multigrain,Tomato Sauce,,,,,0.0
15355,172,2,0.0,34.5,Toasted Roll,1,Kitchen,7.0,4,BACON-EGG,7.0,2021-09-04 08:08:10,,Tomato Sauce,,,,,0.0
32415,435,2,0.0,34.5,Toasted Roll,1,Kitchen,11.5,1,BACON-EGG-CHEESE,9.5,2023-06-03 09:09:38,,"Tomato Sauce, Hash Brown",,,,,2.0
32415,435,2,0.0,34.5,Toasted Roll,1,Kitchen,11.5,2,BACON-EGG-CHEESE,9.5,2023-06-03 09:09:38,,"Tomato Sauce, Hash Brown",,,,,2.0
32415,435,2,0.0,34.5,Toasted Roll,1,Kitchen,11.5,3,BACON-EGG-CHEESE,9.5,2023-06-03 09:09:38,,"Tomato Sauce, Hash Brown",,,,,2.0
30160,744,2,0.0,34.5,Toasted Roll,2,Kitchen,26.0,3,BACON-EGG-CHEESE,9.5,2023-03-21 11:05:24,,"Avocado, Hash Brown, Salt and Pepper",,,,,3.5
33984,1548,0,0.0,16.6,Toastie,1,Kitchen,11.5,2,HAM-CHEESE-TOMATO,9.5,2023-07-24 06:43:21,White,Hash Brown,,,,,2.0
8708,554,2,0.0,16.6,Toasted Roll,1,Kitchen,8.0,3,BACON-EGG-CHEESE,8.0,2020-11-08 09:06:26,,BBQ Sauce,,,,,0.0
14284,823,2,0.0,16.6,Croissant,1,Kitchen,8.0,2,HAM-CHEESE,8.0,2021-07-25 12:43:40,,Salt and Pepper,,,,,0.0
27958,69,2,0.0,16.6,Toasted Roll,1,Kitchen,11.5,2,BACON-EGG,8.0,2022-12-22 06:32:42,,"Tomato Sauce, Avocado, Hash Brown",,,,,3.5
27913,69,2,0.0,16.6,Toasted Roll,1,Kitchen,11.5,2,BACON-EGG,8.0,2022-12-20 07:24:58,,"Tomato Sauce, Avocado, Hash Brown",,,,,3.5
27863,69,2,0.0,16.6,Toasted Roll,1,Kitchen,11.5,2,BACON-EGG,8.0,2022-12-18 11:19:40,,"Tomato Sauce, Avocado, Hash Brown",,,,,3.5
27774,69,2,0.0,16.6,Toasted Roll,1,Kitchen,11.5,2,BACON-EGG,8.0,2022-12-16 07:10:05,,"Tomato Sauce, Avocado, Hash Brown",,,,,3.5
27636,69,2,0.0,16.6,Toasted Roll,1,Kitchen,11.5,2,BACON-EGG,8.0,2022-12-12 06:51:25,,"Tomato Sauce, Avocado, Hash Brown",,,,,3.5
27546,69,2,0.0,16.6,Toasted Roll,1,Kitchen,11.5,2,BACON-EGG,8.0,2022-12-09 06:52:23,,"Tomato Sauce, Avocado, Hash Brown",,,,,3.5
27517,69,2,0.0,16.6,Toasted Roll,1,Kitchen,11.5,2,BACON-EGG,8.0,2022-12-08 07:09:35,,"Tomato Sauce, Avocado, Hash Brown",,,,,3.5
27425,69,2,0.0,16.6,Toasted Roll,1,Kitchen,11.5,2,BACON-EGG,8.0,2022-12-05 06:49:27,,"Tomato Sauce, Avocado, Hash Brown",,,,,3.5
27020,69,2,0.0,16.6,Toasted Roll,1,Kitchen,11.5,2,BACON-EGG,8.0,2022-11-22 06:09:28,,"Tomato Sauce, Avocado, Hash Brown",,,,,3.5
26997,69,2,0.0,16.6,Toasted Roll,1,Kitchen,11.5,2,BACON-EGG,8.0,2022-11-21 07:15:43,,"Tomato Sauce, Avocado, Hash Brown",,,,,3.5
26749,69,2,0.0,16.6,Toasted Roll,1,Kitchen,11.5,2,BACON-EGG,8.0,2022-11-12 10:34:45,,"Tomato Sauce, Avocado, Hash Brown",,,,,3.5
26688,69,2,0.0,16.6,Toasted Roll,1,Kitchen,11.5,2,BACON-EGG,8.0,2022-11-11 07:03:51,,"Tomato Sauce, Avocado, Hash Brown",,,,,3.5
26658,69,2,0.0,16.6,Toasted Roll,1,Kitchen,11.5,2,BACON-EGG,8.0,2022-11-10 06:47:44,,"Tomato Sauce, Avocado, Hash Brown",,,,,3.5
26632,69,2,0.0,16.6,Toasted Roll,1,Kitchen,11.5,2,BACON-EGG,8.0,2022-11-09 07:00:30,,"Tomato Sauce, Avocado, Hash Brown",,,,,3.5
26595,69,2,0.0,16.6,Toasted Roll,1,Kitchen,11.5,2,BACON-EGG,8.0,2022-11-08 06:53:42,,"Tomato Sauce, Avocado, Hash Brown",,,,,3.5
26561,69,2,0.0,16.6,Toasted Roll,1,Kitchen,11.5,2,BACON-EGG,8.0,2022-11-07 06:17:19,,"Tomato Sauce, Avocado, Hash Brown",,,,,3.5
26502,69,2,0.0,16.6,Toasted Roll,1,Kitchen,11.5,2,BACON-EGG,8.0,2022-11-04 10:26:56,,"Tomato Sauce, Avocado, Hash Brown",,,,,3.5
26415,69,2,0.0,16.6,Toasted Roll,1,Kitchen,11.5,2,BACON-EGG,8.0,2022-11-02 06:41:27,,"Tomato Sauce, Avocado, Hash Brown",,,,,3.5
26369,69,2,0.0,16.6,Toasted Roll,1,Kitchen,11.5,2,BACON-EGG,8.0,2022-10-31 06:31:42,,"Tomato Sauce, Avocado, Hash Brown",,,,,3.5
26294,69,2,0.0,16.6,Toasted Roll,1,Kitchen,11.5,2,BACON-EGG,8.0,2022-10-28 06:45:04,,"Tomato Sauce, Avocado, Hash Brown",,,,,3.5
26240,69,0,0.0,16.6,Toasted Roll,1,Kitchen,11.5,2,BACON-EGG,8.0,2022-10-26 06:06:14,,"Tomato Sauce, Avocado, Hash Brown",,,,,3.5
26239,69,9,0.0,16.6,Toasted Roll,1,Kitchen,11.5,2,BACON-EGG,8.0,2022-10-26 06:05:10,,"Tomato Sauce, Avocado, Hash Brown",,,,,3.5
26217,69,2,0.0,16.6,Toasted Roll,1,Kitchen,11.5,2,BACON-EGG,8.0,2022-10-25 06:25:10,,"Tomato Sauce, Avocado, Hash Brown",,,,,3.5
26167,69,2,0.0,16.6,Toasted Roll,1,Kitchen,11.5,2,BACON-EGG,8.0,2022-10-22 11:23:20,,"Tomato Sauce, Avocado, Hash Brown",,,,,3.5
26076,69,2,0.0,16.6,Toasted Roll,1,Kitchen,11.5,2,BACON-EGG,8.0,2022-10-20 06:06:19,,"Tomato Sauce, Avocado, Hash Brown",,,,,3.5
26059,69,2,0.0,16.6,Toasted Roll,1,Kitchen,11.5,2,BACON-EGG,8.0,2022-10-19 06:36:57,,"Tomato Sauce, Avocado, Hash Brown",,,,,3.5
26034,69,2,0.0,16.6,Toasted Roll,1,Kitchen,11.5,2,BACON-EGG,8.0,2022-10-18 07:10:43,,"Tomato Sauce, Avocado, Hash Brown",,,,,3.5
26008,69,2,0.0,16.6,Toasted Roll,1,Kitchen,11.5,2,BACON-EGG,8.0,2022-10-17 07:20:23,,"Tomato Sauce, Avocado, Hash Brown",,,,,3.5
25905,69,2,0.0,16.6,Toasted Roll,1,Kitchen,11.5,2,BACON-EGG,8.0,2022-10-14 06:55:37,,"Tomato Sauce, Avocado, Hash Brown",,,,,3.5
25853,69,2,0.0,16.6,Toasted Roll,1,Kitchen,11.5,2,BACON-EGG,8.0,2022-10-12 07:35:13,,"Tomato Sauce, Avocado, Hash Brown",,,,,3.5
25784,69,2,0.0,16.6,Toasted Roll,1,Kitchen,11.5,2,BACON-EGG,8.0,2022-10-08 10:44:31,,"Tomato Sauce, Avocado, Hash Brown",,,,,3.5
25735,69,2,0.0,16.6,Toasted Roll,1,Kitchen,11.5,2,BACON-EGG,8.0,2022-10-07 07:42:16,,"Tomato Sauce, Avocado, Hash Brown",,,,,3.5
25703,69,2,0.0,16.6,Toasted Roll,1,Kitchen,11.5,2,BACON-EGG,8.0,2022-10-06 07:07:29,,"Tomato Sauce, Avocado, Hash Brown",,,,,3.5
25678,69,2,0.0,16.6,Toasted Roll,1,Kitchen,11.5,2,BACON-EGG,8.0,2022-10-05 07:26:33,,"Tomato Sauce, Avocado, Hash Brown",,,,,3.5
25607,69,2,0.0,16.6,Toasted Roll,1,Kitchen,11.5,2,BACON-EGG,8.0,2022-10-02 09:36:43,,"Tomato Sauce, Avocado, Hash Brown",,,,,3.5
25543,69,2,0.0,16.6,Toasted Roll,1,Kitchen,11.5,2,BACON-EGG,8.0,2022-09-30 06:44:45,,"Tomato Sauce, Avocado, Hash Brown",,,,,3.5
25521,69,2,0.0,16.6,Toasted Roll,1,Kitchen,11.5,2,BACON-EGG,8.0,2022-09-29 07:11:51,,"Tomato Sauce, Avocado, Hash Brown",,,,,3.5
25493,69,2,0.0,16.6,Toasted Roll,1,Kitchen,11.5,2,BACON-EGG,8.0,2022-09-28 06:50:29,,"Tomato Sauce, Avocado, Hash Brown",,,,,3.5
25314,69,2,0.0,16.6,Toasted Roll,1,Kitchen,11.5,2,BACON-EGG,8.0,2022-09-21 06:58:34,,"Tomato Sauce, Avocado, Hash Brown",,,,,3.5
25286,69,2,0.0,16.6,Toasted Roll,1,Kitchen,11.5,2,BACON-EGG,8.0,2022-09-20 07:00:27,,"Tomato Sauce, Avocado, Hash Brown",,,,,3.5
25260,69,2,0.0,16.6,Toasted Roll,1,Kitchen,11.5,2,BACON-EGG,8.0,2022-09-19 06:28:19,,"Tomato Sauce, Avocado, Hash Brown",,,,,3.5
25249,69,2,0.0,16.6,Toasted Roll,1,Kitchen,11.5,2,BACON-EGG,8.0,2022-09-18 11:09:15,,"Tomato Sauce, Avocado, Hash Brown",,,,,3.5
25119,69,2,0.0,16.6,Toasted Roll,1,Kitchen,11.5,2,BACON-EGG,8.0,2022-09-14 07:13:47,,"Tomato Sauce, Avocado, Hash Brown",,,,,3.5
25095,69,2,0.0,16.6,Toasted Roll,1,Kitchen,11.5,2,BACON-EGG,8.0,2022-09-13 08:08:25,,"Tomato Sauce, Avocado, Hash Brown",,,,,3.5
25007,69,2,0.0,16.6,Toasted Roll,1,Kitchen,11.5,2,BACON-EGG,8.0,2022-09-10 08:15:40,,"Tomato Sauce, Avocado, Hash Brown",,,,,3.5
24964,69,2,0.0,16.6,Toasted Roll,1,Kitchen,11.5,2,BACON-EGG,8.0,2022-09-09 06:46:34,,"Tomato Sauce, Avocado, Hash Brown",,,,,3.5
24914,69,2,0.0,16.6,Toasted Roll,1,Kitchen,11.5,2,BACON-EGG,8.0,2022-09-07 08:35:46,,"Tomato Sauce, Avocado, Hash Brown",,,,,3.5
24868,69,2,0.0,16.6,Toasted Roll,1,Kitchen,11.5,2,BACON-EGG,8.0,2022-09-06 06:15:29,,"Tomato Sauce, Avocado, Hash Brown",,,,,3.5
24845,69,2,0.0,16.6,Toasted Roll,1,Kitchen,11.5,2,BACON-EGG,8.0,2022-09-05 06:42:20,,"Tomato Sauce, Avocado, Hash Brown",,,,,3.5
24805,69,2,0.0,16.6,Toasted Roll,1,Kitchen,11.5,2,BACON-EGG,8.0,2022-09-03 11:31:36,,"Tomato Sauce, Avocado, Hash Brown",,,,,3.5
24728,69,2,0.0,16.6,Toasted Roll,1,Kitchen,11.5,2,BACON-EGG,8.0,2022-09-01 07:28:30,,"Tomato Sauce, Avocado, Hash Brown",,,,,3.5
24659,69,2,0.0,16.6,Toasted Roll,1,Kitchen,11.5,2,BACON-EGG,8.0,2022-08-30 06:56:15,,"Tomato Sauce, Avocado, Hash Brown",,,,,3.5
24638,69,2,0.0,16.6,Toasted Roll,1,Kitchen,11.5,2,BACON-EGG,8.0,2022-08-29 07:29:12,,"Tomato Sauce, Avocado, Hash Brown",,,,,3.5
24559,69,2,0.0,16.6,Toasted Roll,1,Kitchen,11.5,2,BACON-EGG,8.0,2022-08-26 09:42:21,,"Tomato Sauce, Avocado, Hash Brown",,,,,3.5
24402,69,2,0.0,16.6,Toasted Roll,1,Kitchen,11.5,2,BACON-EGG,8.0,2022-08-20 10:48:31,,"Tomato Sauce, Avocado, Hash Brown",,,,,3.5
24374,69,2,0.0,16.6,Toasted Roll,1,Kitchen,11.5,2,BACON-EGG,8.0,2022-08-19 10:14:32,,"Tomato Sauce, Avocado, Hash Brown",,,,,3.5
24336,69,2,0.0,16.6,Toasted Roll,1,Kitchen,11.5,2,BACON-EGG,8.0,2022-08-18 07:23:43,,"Tomato Sauce, Avocado, Hash Brown",,,,,3.5
24086,69,2,0.0,16.6,Toasted Roll,1,Kitchen,11.5,2,BACON-EGG,8.0,2022-08-08 08:03:23,,"Tomato Sauce, Avocado, Hash Brown",,,,,3.5
24035,69,2,0.0,16.6,Toasted Roll,1,Kitchen,11.5,2,BACON-EGG,8.0,2022-08-06 12:06:48,,"Tomato Sauce, Avocado, Hash Brown",,,,,3.5
29381,593,2,0.0,16.6,Toasted Roll,1,Kitchen,11.5,2,BACON-EGG-CHEESE,9.5,2023-02-25 07:00:00,,"Tomato Sauce, Hash Brown",,,,,2.0
28249,100,2,0.0,16.6,Muffin,1,Kitchen,3.9,2,RASPBERRY-WHITECHOC,3.9,2023-01-13 09:45:31,,,No,,,,0.0
24373,1150,2,0.0,16.6,Toasted Roll,1,Kitchen,8.0,3,BACON-EGG,8.0,2022-08-19 10:10:36,,Tomato Sauce,,,,,0.0
14543,127,2,0.0,16.6,Toastie,1,Kitchen,7.0,3,HAM-CHEESE,7.0,2021-08-05 08:48:52,Multigrain,Tomato Sauce,,,,,0.0
14401,127,2,0.0,16.6,Toastie,1,Kitchen,7.0,3,HAM-CHEESE,7.0,2021-07-30 08:51:09,Multigrain,Tomato Sauce,,,,,0.0
9484,127,2,0.0,16.6,Toastie,1,Kitchen,7.0,3,HAM-CHEESE,7.0,2020-12-10 09:12:43,White,Tomato Sauce,,,,,0.0
9304,127,2,0.0,16.6,Toastie,1,Kitchen,7.0,3,HAM-CHEESE,7.0,2020-12-03 09:24:51,Multigrain,Tomato Sauce,,,,,0.0
8646,127,2,0.0,16.6,Toastie,1,Kitchen,7.0,3,HAM-CHEESE,7.0,2020-11-05 09:11:56,Multigrain,Tomato Sauce,,,,,0.0
32922,446,2,0.0,16.6,Toastie,1,Kitchen,11.0,2,HAM-CHEESE-TOMATO,9.5,2023-06-19 11:22:53,Multigrain,Avocado,,,,,1.5
18123,729,2,0.0,16.6,Toasted Roll,1,Kitchen,9.0,2,BACON-EGG,7.0,2021-12-09 12:32:59,,Hash Brown,,,,,2.0
5196,231,10,0.0,16.6,Toastie,1,Kitchen,8.0,3,BACON-EGG-CHEESE,8.0,2020-06-07 09:01:08,White,"Tomato Sauce, Salt and Pepper",,,,,0.0
24201,496,2,0.0,16.6,Toasted Roll,1,Kitchen,11.5,2,BACON-EGG,8.0,2022-08-13 09:11:16,,"Tomato Sauce, Avocado, Hash Brown",,,,,3.5
28748,276,0,0.0,29.4,Toasted Roll,1,Kitchen,9.5,3,BACON-EGG-CHEESE,9.5,2023-02-03 06:20:52,,BBQ Sauce,,,,,0.0
28748,276,0,0.0,29.4,Toasted Roll,1,Kitchen,9.5,4,BACON-EGG-CHEESE,9.5,2023-02-03 06:20:52,,BBQ Sauce,,,,,0.0
33250,290,2,0.0,29.4,Croissant,1,Kitchen,9.5,2,HAM-CHEESE-TOMATO,9.5,2023-06-30 09:30:48,,Salt and Pepper,,,,,0.0
11118,44,2,0.0,29.4,Toasted Roll,1,Kitchen,9.0,4,BACON-EGG,7.0,2021-03-12 08:24:44,,"BBQ Sauce, Hash Brown",,,,,2.0
9695,45,2,0.0,29.4,Toasted Roll,1,Kitchen,9.0,4,BACON-EGG,7.0,2020-12-20 10:01:49,,"Tomato Sauce, Hash Brown",,,,,2.0
30889,304,2,0.0,29.4,Toasted Roll,2,Kitchen,19.0,3,BACON-EGG-CHEESE,9.5,2023-04-16 10:09:52,,Tomato Sauce,,,,,0.0
33565,77,2,0.0,29.4,Toasted Roll,2,Kitchen,19.0,2,BACON-EGG-CHEESE,9.5,2023-07-11 06:40:25,,"Tomato Sauce, Salt and Pepper",,,,,0.0
33018,77,2,0.0,29.4,Toasted Roll,2,Kitchen,19.0,2,BACON-EGG-CHEESE,9.5,2023-06-23 07:52:27,,"Tomato Sauce, Salt and Pepper",,,,,0.0
30775,77,2,0.0,29.4,Toasted Roll,1,Kitchen,9.5,3,BACON-EGG-CHEESE,9.5,2023-04-12 08:17:26,,"Tomato Sauce, Salt and Pepper",,,,,0.0
30775,77,2,0.0,29.4,Toasted Roll,1,Kitchen,9.5,4,BACON-EGG-CHEESE,9.5,2023-04-12 08:17:26,,"Tomato Sauce, Salt and Pepper",,,,,0.0
30018,77,2,0.0,29.4,Toasted Roll,1,Kitchen,9.5,3,BACON-EGG-CHEESE,9.5,2023-03-17 07:45:55,,"Tomato Sauce, Salt and Pepper",,,,,0.0
30018,77,2,0.0,29.4,Toasted Roll,1,Kitchen,9.5,4,BACON-EGG-CHEESE,9.5,2023-03-17 07:45:55,,"Tomato Sauce, Salt and Pepper",,,,,0.0
29264,77,2,0.0,29.4,Toasted Roll,1,Kitchen,9.5,3,BACON-EGG-CHEESE,9.5,2023-02-21 07:38:54,,"Tomato Sauce, Salt and Pepper",,,,,0.0
29264,77,2,0.0,29.4,Toasted Roll,1,Kitchen,9.5,4,BACON-EGG-CHEESE,9.5,2023-02-21 07:38:54,,"Tomato Sauce, Salt and Pepper",,,,,0.0
28787,77,2,0.0,29.4,Toasted Roll,1,Kitchen,9.5,3,BACON-EGG-CHEESE,9.5,2023-02-04 08:50:57,,"Tomato Sauce, Salt and Pepper",,,,,0.0
28787,77,2,0.0,29.4,Toasted Roll,1,Kitchen,9.5,4,BACON-EGG-CHEESE,9.5,2023-02-04 08:50:57,,"Tomato Sauce, Salt and Pepper",,,,,0.0
10312,337,2,0.0,29.4,Toastie,1,Kitchen,7.0,6,BACON-EGG,7.0,2021-01-30 09:39:12,White,Tomato Sauce,,,,,0.0
29427,596,2,0.0,29.4,Toasted Roll,1,Kitchen,10.0,4,BACON-EGG,8.5,2023-02-26 09:12:58,,"BBQ Sauce, Avocado",,,,,1.5
29427,596,2,0.0,29.4,Croissant,1,Kitchen,9.5,2,BACON-EGG-CHEESE,9.5,2023-02-26 09:12:58,,Salt and Pepper,,,,,0.0
38093,920,2,0.0,29.4,Toastie,2,Kitchen,21.0,2,BACON-EGG-CHEESE,10.5,2023-11-30 08:59:00,Multigrain,BBQ Sauce,,,,,0.0
32837,1511,2,0.0,29.4,Toasted Roll,2,Kitchen,19.0,2,BACON-EGG-CHEESE,9.5,2023-06-17 08:02:02,,"Tomato Sauce, Salt and Pepper",,,,,0.0
13085,753,2,0.0,29.4,Toastie,1,Kitchen,9.0,4,HAM-CHEESE-TOMATO,8.0,2021-06-06 10:10:04,Sourdough,Tomato Sauce,,,,,1.0
7879,403,2,0.0,55.0,Build Your Own Breakfast,1,Kitchen,10.4,1,SCRAMBLED,7.9,2020-10-10 13:51:39,White,Bacon,,,,,2.5
7879,403,2,0.0,55.0,Build Your Own Breakfast,1,Kitchen,18.4,2,POACHED,7.9,2020-10-10 13:51:39,Dark Rye,"Bacon, Hollandaise, Smashed Avo and Feta",,,,,10.499999999999998
35600,1596,2,0.0,11.5,Toasted Roll,1,Kitchen,11.5,1,BACON-EGG-CHEESE,10.0,2023-09-12 08:15:52,,"BBQ Sauce, Avocado",,,,,1.5
27197,69,2,0.0,11.5,Toasted Roll,1,Kitchen,11.5,1,BACON-EGG,8.0,2022-11-27 08:53:11,,"Tomato Sauce, Avocado, Hash Brown",,,,,3.5
9872,92,2,0.0,11.5,Toasted Roll,1,Kitchen,11.5,1,BACON-EGG-CHEESE,8.0,2021-01-06 10:50:31,,"BBQ Sauce, Avocado, Hash Brown",,,,,3.5
28333,145,2,0.0,11.5,Toasted Roll,1,Kitchen,11.5,1,BACON-EGG-CHEESE,9.5,2023-01-17 07:59:27,,"BBQ Sauce, Hash Brown",,,,,2.0
7875,412,2,0.0,11.5,Toasted Roll,1,Kitchen,11.5,1,BACON-EGG-CHEESE,8.0,2020-10-10 12:06:55,,"Avocado, Hash Brown",,,,,3.5
29173,670,2,0.0,11.5,Toasted Roll,1,Kitchen,11.5,1,BACON-EGG-CHEESE,9.5,2023-02-17 09:38:29,,"Tomato Sauce, Hash Brown",,,,,2.0
12265,695,0,0.0,11.5,Toasted Roll,1,Kitchen,11.5,1,BACON-EGG-CHEESE,8.0,2021-05-05 07:42:43,,"Avocado, Hash Brown",,,,,3.5
23994,197,2,0.0,11.5,Muffin,1,Kitchen,3.9,3,RASPBERRY-WHITECHOC,3.9,2022-08-05 09:14:40,,,Yes,,,,0.0
13999,725,2,0.0,11.5,Toasted Roll,1,Kitchen,7.0,2,BACON-EGG,7.0,2021-07-14 07:54:51,,Tomato Sauce,,,,,0.0
13960,725,2,0.0,11.5,Toasted Roll,1,Kitchen,7.0,2,BACON-EGG,7.0,2021-07-12 08:25:13,,Tomato Sauce,,,,,0.0
13672,725,2,0.0,11.5,Toasted Roll,1,Kitchen,7.0,2,BACON-EGG,7.0,2021-06-29 08:47:30,,Tomato Sauce,,,,,0.0
10380,476,2,0.0,11.5,Toasted Roll,1,Kitchen,11.5,1,BACON-EGG-CHEESE,8.0,2021-02-02 12:31:51,,"Tomato Sauce, Avocado, Hash Brown, Salt and Pepper",,,,,3.5
24170,1249,2,0.0,11.5,Toastie,1,Kitchen,11.5,1,BACON-EGG-CHEESE,9.0,2022-08-12 06:57:14,Sourdough,Avocado,,,,,2.5
18366,275,2,0.0,24.3,Toasted Roll,1,Kitchen,7.0,3,BACON-EGG,7.0,2021-12-19 08:02:35,,Tomato Sauce,,,,,0.0
18366,275,2,0.0,24.3,Toasted Roll,1,Kitchen,7.0,4,BACON-EGG,7.0,2021-12-19 08:02:35,,BBQ Sauce,,,,,0.0
21050,543,2,0.0,24.3,Toasted Roll,1,Kitchen,7.0,3,BACON-EGG,7.0,2022-04-18 09:24:43,,BBQ Sauce,,,,,0.0
21050,543,2,0.0,24.3,Toastie,1,Kitchen,8.5,4,BACON-CHEESE,7.0,2022-04-18 09:24:43,Multigrain,Avocado,,,,,1.5
5303,44,2,0.0,24.3,Toastie,1,Kitchen,8.0,4,HAM-CHEESE-TOMATO,8.0,2020-06-16 07:45:00,White,Tomato Sauce,,,,,0.0
5303,44,2,0.0,24.3,Toasted Roll,1,Kitchen,7.0,3,BACON-EGG,7.0,2020-06-16 07:45:00,,Tomato Sauce,,,,,0.0
21034,88,2,0.0,24.3,Toasted Roll,1,Kitchen,9.5,3,BACON-EGG-CHEESE,8.0,2022-04-16 12:30:07,,"Tomato Sauce, Avocado",,,,,1.5
18170,92,2,0.0,24.3,Toasted Roll,1,Kitchen,10.0,2,BACON-EGG-CHEESE,8.0,2021-12-11 07:51:08,,"BBQ Sauce, Hash Brown, Salt and Pepper",,,,,2.0
18170,92,2,0.0,24.3,Toasted Roll,1,Kitchen,9.5,3,BACON-EGG-CHEESE,8.0,2021-12-11 07:51:08,,"Tomato Sauce, Avocado",,,,,1.5
6614,92,2,0.0,24.3,Toasted Roll,1,Kitchen,10.0,2,BACON-EGG-CHEESE,8.0,2020-08-23 12:00:00,,"BBQ Sauce, Hash Brown",,,,,2.0
6614,92,2,0.0,24.3,Toasted Roll,1,Kitchen,9.5,3,BACON-EGG-CHEESE,8.0,2020-08-23 12:00:00,,"Tomato Sauce, Avocado",,,,,1.5
5561,92,2,0.0,24.3,Toasted Roll,1,Kitchen,9.5,2,BACON-EGG-CHEESE,8.0,2020-07-04 07:47:22,,"Tomato Sauce, Avocado",,,,,1.5
5561,92,2,0.0,24.3,Toasted Roll,1,Kitchen,10.0,3,BACON-EGG-CHEESE,8.0,2020-07-04 07:47:22,,"BBQ Sauce, Hash Brown",,,,,2.0
5985,360,2,0.0,24.3,Toastie,1,Kitchen,7.0,3,HAM-CHEESE,7.0,2020-07-26 09:49:06,White,Tomato Sauce,,,,,0.0
5985,360,2,0.0,24.3,Toastie,1,Kitchen,8.0,4,BACON-EGG-CHEESE,8.0,2020-07-26 09:49:06,White,Tomato Sauce,,,,,0.0
12874,629,2,0.0,24.3,Toastie,1,Kitchen,8.4,3,CHICKEN-SCHNITZEL-CHEESE-LETTUCE,8.4,2021-05-29 13:30:00,Multigrain,Tomato Sauce,,,,,0.0
35912,670,2,0.0,24.3,Toastie,1,Kitchen,10.5,2,BACON-EGG-CHEESE,10.5,2023-09-22 08:33:36,White,Tomato Sauce,,,,,0.0
35912,670,2,0.0,24.3,Toastie,1,Kitchen,9.0,3,HAM-CHEESE,9.0,2023-09-22 08:33:36,White,Tomato Sauce,,,,,0.0
16005,674,2,0.0,24.3,Toasted Roll,1,Kitchen,10.0,2,BACON-EGG-CHEESE,8.0,2021-09-25 11:50:15,,"BBQ Sauce, Hash Brown",,,,,2.0
16005,674,2,0.0,24.3,Toasted Roll,1,Kitchen,10.0,3,BACON-EGG-CHEESE,8.0,2021-09-25 11:50:15,,"BBQ Sauce, Hash Brown",,,,,2.0
30993,175,2,0.0,24.3,Toastie,1,Kitchen,8.5,5,BACON-EGG,8.5,2023-04-19 12:14:08,White,Tomato Sauce,,,,,0.0
13236,762,2,0.0,24.3,Eggs Benedict,1,Kitchen,19.5,1,SALMON,17.5,2021-06-11 11:30:00,,,,Hashbrown,,,2.0
5791,337,2,0.0,37.1,Toastie,1,Kitchen,7.0,6,BACON-EGG,7.0,2020-07-16 12:28:41,White,Tomato Sauce,,,,,0.0
5791,337,2,0.0,37.1,Toastie,1,Kitchen,7.0,7,BACON-EGG,7.0,2020-07-16 12:28:41,White,Tomato Sauce,,,,,0.0
11640,351,2,0.0,37.1,Big Breakfast,1,Kitchen,19.7,3,SCRAMBLED,16.7,2021-04-06 09:18:05,White,Baby Spinach,,,,,3.0
15606,874,2,0.0,37.1,Big Breakfast,1,Kitchen,16.7,1,SCRAMBLED,16.7,2021-09-12 10:32:40,White,Hollandaise,,,,,0.0
15606,874,2,0.0,37.1,Eggs Benedict,1,Kitchen,16.5,2,BACON,14.5,2021-09-12 10:32:40,,,,Hashbrown,,,2.0
17242,115,2,0.0,49.9,Big Breakfast,1,Kitchen,16.7,1,SCRAMBLED,16.7,2021-11-07 11:38:54,White,Hollandaise,,,,,0.0
17242,115,2,0.0,49.9,Big Breakfast,1,Kitchen,16.7,2,SCRAMBLED,16.7,2021-11-07 11:38:54,White,Hollandaise,,,,,0.0
17242,115,2,0.0,49.9,Eggs Benedict,1,Kitchen,16.5,3,BACON,14.5,2021-11-07 11:38:54,,,,Hashbrown,,,2.0
13471,645,2,0.0,62.7,Big Breakfast,1,Kitchen,20.7,1,POACHED,16.7,2021-06-20 12:27:49,Sourdough,Avocado,,,,,4.0
34708,12,2,0.0,88.3,Toasted Roll,3,Kitchen,30.0,5,BACON-EGG-CHEESE,10.0,2023-08-16 06:50:01,,Salt and Pepper,,,,,0.0
34708,12,2,0.0,88.3,Toastie,1,Kitchen,8.0,7,CHEESE,8.0,2023-08-16 06:50:01,White,Tomato Sauce,,,,,0.0
3558,44,10,0.0,19.2,Toasted Roll,1,Kitchen,7.0,4,BACON-EGG,7.0,2019-09-08 09:00:00,,Tomato Sauce,,,,,0.0
37413,67,2,0.0,19.2,Toastie,1,Kitchen,11.5,2,BACON-EGG-CHEESE,10.5,2023-11-08 13:16:59,Sourdough,"Tomato Sauce, Salt and Pepper",,,,,1.0
16623,69,2,0.0,19.2,Toasted Roll,1,Kitchen,10.5,3,BACON-EGG,7.0,2021-10-16 08:59:39,,"Tomato Sauce, Avocado, Hash Brown",,,,,3.5
30230,620,2,0.0,19.2,Muffin,1,Kitchen,3.9,4,ORANGE-POPPYSEED,3.9,2023-03-24 08:45:00,,,No,,,,0.0
13469,394,2,0.0,19.2,Toastie,1,Kitchen,9.0,3,HAM-CHEESE-TOMATO,8.0,2021-06-20 11:48:05,Sourdough,Tomato Sauce,,,,,1.0
13765,674,2,0.0,19.2,Toasted Roll,1,Kitchen,10.0,3,BACON-EGG-CHEESE,8.0,2021-07-03 12:17:06,,"BBQ Sauce, Hash Brown",,,,,2.0
15019,684,2,0.0,19.2,Build Your Own Breakfast,1,Kitchen,14.9,1,POACHED,7.9,2021-08-23 10:12:44,White,"Grilled Tomato, Hash Brown, Sauteed Mushrooms",,,,,7.0
39918,231,2,0.0,19.2,Toastie,1,Kitchen,10.5,3,HAM-CHEESE-TOMATO,10.5,2024-02-12 09:20:22,White,Tomato Sauce,,,,,0.0
33356,1255,2,0.0,19.2,Build Your Own Breakfast,1,Kitchen,19.2,1,SCRAMBLED,9.2,2023-07-03 11:00:42,White,"Extra Egg, Bacon, Smashed Avo and Feta",,,,,10.0
9785,12,2,0.0,32.0,Toastie,1,Kitchen,9.5,4,HAM-CHEESE-TOMATO,8.0,2020-12-24 12:40:06,White,"Avocado, Salt and Pepper",,,,,1.5
9785,12,2,0.0,32.0,Toastie,1,Kitchen,9.5,5,HAM-CHEESE-TOMATO,8.0,2020-12-24 12:40:06,White,"Avocado, Salt and Pepper",,,,,1.5
7887,290,2,0.0,32.0,Croissant,1,Kitchen,9.0,2,HAM-CHEESE-TOMATO,9.0,2020-10-11 08:35:00,,Salt and Pepper,,,,,0.0
7887,290,2,0.0,32.0,Croissant,1,Kitchen,9.0,3,HAM-CHEESE-TOMATO,9.0,2020-10-11 08:35:00,,Salt and Pepper,,,,,0.0
3495,57,10,0.0,32.0,Toasted Roll,1,Kitchen,11.5,3,BACON-EGG-CHEESE,8.0,2019-08-21 09:43:36,,"Avocado, Hash Brown, Salt and Pepper",,,,,3.5
3495,57,10,0.0,32.0,Toasted Roll,1,Kitchen,11.5,4,BACON-EGG-CHEESE,8.0,2019-08-21 09:43:36,,"Avocado, Hash Brown, Salt and Pepper",,,,,3.5
6397,394,2,0.0,32.0,Eggs Benedict,1,Kitchen,16.0,1,HAM,14.0,2020-08-13 13:04:26,,,,Hashbrown,,,2.0
35889,1453,2,0.0,32.0,Toastie,1,Kitchen,10.0,3,HAM-CHEESE,9.0,2023-09-21 10:42:17,Sourdough,Tomato Sauce,,,,,1.0
35889,1453,2,0.0,32.0,Toastie,1,Kitchen,11.5,4,HAM-CHEESE-TOMATO,10.5,2023-09-21 10:42:17,Sourdough,Tomato Sauce,,,,,1.0
25621,446,2,0.0,32.0,Toasted Roll,1,Kitchen,8.0,4,BACON-EGG,8.0,2022-10-03 07:00:00,,BBQ Sauce,,,,,0.0
25621,446,2,0.0,32.0,Toasted Roll,1,Kitchen,8.0,5,BACON-EGG,8.0,2022-10-03 07:00:00,,BBQ Sauce,,,,,0.0
6099,252,2,0.0,32.0,Toastie,1,Kitchen,8.0,4,HAM-CHEESE-TOMATO,8.0,2020-07-31 13:38:00,Multigrain,Tomato Sauce,,,,,0.0
6579,255,2,0.0,32.0,Toasted Roll,1,Kitchen,10.0,3,BACON-EGG-CHEESE,8.0,2020-08-22 10:00:00,,Hash Brown,,,,,2.0
6579,255,2,0.0,32.0,Toasted Roll,1,Kitchen,9.0,4,BACON-EGG,7.0,2020-08-22 10:00:00,,Hash Brown,,,,,2.0
12895,290,2,0.0,44.8,(Main) Pasta,1,Kitchen,13.9,1,SPAGCARB,13.9,2021-05-30 12:25:51,,,,,Spaghetti,,0.0
21973,719,2,0.0,57.6,Toastie,1,Kitchen,8.0,7,HAM-CHEESE-TOMATO,8.0,2022-05-22 12:09:23,White,Tomato Sauce,,,,,0.0
21973,719,2,0.0,57.6,Toastie,1,Kitchen,8.0,8,HAM-CHEESE-TOMATO,8.0,2022-05-22 12:09:23,White,Tomato Sauce,,,,,0.0
15400,799,2,0.0,70.4,Toastie,1,Kitchen,6.0,8,CHEESE,6.0,2021-09-05 10:17:51,White,Tomato Sauce,,,,,0.0
15400,799,2,0.0,70.4,Toastie,1,Kitchen,6.0,9,CHEESE,6.0,2021-09-05 10:17:51,White,Tomato Sauce,,,,,0.0
15400,799,2,0.0,70.4,Toastie,1,Kitchen,8.0,10,BACON-EGG-CHEESE,8.0,2021-09-05 10:17:51,White,Tomato Sauce,,,,,0.0
15400,799,2,0.0,70.4,Big Breakfast,1,Kitchen,16.7,1,SCRAMBLED,16.7,2021-09-05 10:17:51,White,Hollandaise,,,,,0.0
35692,1400,2,0.0,96.0,Toasted Roll,1,Kitchen,10.0,2,BACON-EGG-CHEESE,10.0,2023-09-15 08:15:00,,Salt and Pepper,,,,,0.0
35692,1400,2,0.0,96.0,Toasted Roll,3,Kitchen,36.0,3,BACON-EGG-CHEESE,10.0,2023-09-15 08:15:00,,"BBQ Sauce, Hash Brown, Salt and Pepper",,,,,2.0
35692,1400,2,0.0,96.0,Toasted Roll,1,Kitchen,12.0,4,BACON-EGG-CHEESE,10.0,2023-09-15 08:15:00,,"BBQ Sauce, Hash Brown, Salt and Pepper",,,,,2.0
35692,1400,2,0.0,96.0,Toasted Roll,1,Kitchen,12.0,5,BACON-EGG-CHEESE,10.0,2023-09-15 08:15:00,,"Hash Brown, Salt and Pepper",,,,,2.0
35692,1400,2,0.0,96.0,Toasted Roll,1,Kitchen,12.0,6,BACON-EGG-CHEESE,10.0,2023-09-15 08:15:00,,"Tomato Sauce, Hash Brown, Salt and Pepper",,,,,2.0
35692,1400,2,0.0,96.0,Toasted Roll,1,Kitchen,10.0,7,BACON-EGG-CHEESE,10.0,2023-09-15 08:15:00,,"Tomato Sauce, Salt and Pepper",,,,,0.0
30615,1290,2,0.0,14.1,Toastie,1,Kitchen,9.5,2,HAM-CHEESE-TOMATO,9.5,2023-04-05 11:07:58,White,Tomato Sauce,,,,,0.0
30375,1290,2,0.0,14.1,Toastie,1,Kitchen,9.5,2,HAM-CHEESE-TOMATO,9.5,2023-03-29 07:21:14,White,Tomato Sauce,,,,,0.0
29545,1290,2,0.0,14.1,Toastie,1,Kitchen,9.5,2,HAM-CHEESE-TOMATO,9.5,2023-03-02 07:40:06,White,Tomato Sauce,,,,,0.0
29468,1290,2,0.0,14.1,Toastie,1,Kitchen,9.5,2,HAM-CHEESE-TOMATO,9.5,2023-02-27 09:23:42,White,Tomato Sauce,,,,,0.0
20832,1069,2,0.0,14.1,Toasted Roll,1,Kitchen,9.0,2,BACON-EGG,7.0,2022-04-08 09:55:08,,Hash Brown,,,,,2.0
4074,69,2,0.0,14.1,Toasted Roll,1,Kitchen,10.5,2,BACON-EGG,7.0,2020-01-17 07:11:07,,"Tomato Sauce, Avocado, Hash Brown",,,,,3.5
35805,77,2,0.0,14.1,Muffin,1,Kitchen,4.5,2,ORANGE-POPPYSEED,4.5,2023-09-19 06:44:14,,,No,,,,0.0
33913,613,2,0.0,14.1,Toasted Roll,1,Kitchen,9.5,2,BACON-EGG-CHEESE,9.5,2023-07-22 07:34:50,,Tomato Sauce,,,,,0.0
27089,107,2,0.0,14.1,Toasted Roll,1,Kitchen,8.0,2,BACON-EGG,8.0,2022-11-24 08:30:47,,"Tomato Sauce, Salt and Pepper",,,,,0.0
24286,107,2,0.0,14.1,Toasted Roll,1,Kitchen,8.0,2,BACON-EGG,8.0,2022-08-16 09:03:09,,"Tomato Sauce, Salt and Pepper",,,,,0.0
29171,1171,2,0.0,14.1,Toastie,1,Kitchen,8.5,2,HAM-CHEESE,8.5,2023-02-17 09:19:44,White,Tomato Sauce,,,,,0.0
27229,1171,2,0.0,14.1,Toastie,1,Kitchen,8.0,2,HAM-CHEESE,8.0,2022-11-28 08:38:07,White,Tomato Sauce,,,,,0.0
33673,670,2,0.0,14.1,Toastie,1,Kitchen,9.5,2,BACON-EGG-CHEESE,9.5,2023-07-14 09:02:00,White,Tomato Sauce,,,,,0.0
32610,670,2,0.0,14.1,Toastie,1,Kitchen,9.5,2,BACON-EGG-CHEESE,9.5,2023-06-09 08:37:49,White,Tomato Sauce,,,,,0.0
31247,670,2,0.0,14.1,Toastie,1,Kitchen,9.5,2,BACON-EGG-CHEESE,9.5,2023-04-28 07:32:45,White,Tomato Sauce,,,,,0.0
29591,670,2,0.0,14.1,Toastie,1,Kitchen,9.5,2,BACON-EGG-CHEESE,9.5,2023-03-03 09:04:02,White,Tomato Sauce,,,,,0.0
31293,1471,0,0.0,14.1,Toasted Roll,1,Kitchen,9.5,2,BACON-EGG-CHEESE,9.5,2023-04-29 10:22:01,,BBQ Sauce,,,,,0.0
33137,1270,2,0.0,14.1,Toastie,1,Kitchen,9.5,2,BACON-EGG-CHEESE,9.5,2023-06-27 07:07:47,White,Tomato Sauce,,,,,0.0
33004,1270,2,0.0,14.1,Toastie,1,Kitchen,9.5,2,BACON-EGG-CHEESE,9.5,2023-06-22 09:09:19,White,Tomato Sauce,,,,,0.0
17723,12,9,0.0,26.9,Build Your Own Breakfast,1,Kitchen,16.9,1,SCRAMBLED,7.9,2021-11-24 08:51:21,Multigrain,"Bacon, Hollandaise, Sauteed Mushrooms",,,,,8.999999999999998
14409,13,2,0.0,26.9,Toastie,1,Kitchen,8.0,5,BACON-EGG-CHEESE,8.0,2021-07-31 07:27:58,White,"Tomato Sauce, Salt and Pepper",,,,,0.0
14231,13,2,0.0,26.9,Toasted Roll,1,Kitchen,8.0,5,BACON-EGG-CHEESE,8.0,2021-07-24 07:23:35,,"Tomato Sauce, Salt and Pepper",,,,,0.0
8695,551,1,0.0,26.9,Build Your Own Breakfast,1,Kitchen,12.4,1,SCRAMBLED,7.9,2020-11-07 11:24:04,Multigrain,"Bacon, Hash Brown",,,,,4.5
3556,71,0,0.0,26.9,Toastie,1,Kitchen,10.9,3,CHICKEN-SCHNITZEL-CHEESE-LETTUCE,8.4,2019-09-07 12:13:24,Sourdough,Avocado,,,,,2.5
4536,79,10,0.0,26.9,Toasted Roll,1,Kitchen,7.0,4,BACON-EGG,7.0,2020-04-16 08:59:46,,Salt and Pepper,,,,,0.0
4536,79,10,0.0,26.9,Toasted Roll,1,Kitchen,7.0,5,BACON-EGG,7.0,2020-04-16 08:59:46,,Salt and Pepper,,,,,0.0
27834,127,2,0.0,26.9,Toastie,1,Kitchen,8.0,3,HAM-CHEESE,8.0,2022-12-17 10:24:34,White,Tomato Sauce,,,,,0.0
27834,127,2,0.0,26.9,Toastie,1,Kitchen,8.0,4,HAM-CHEESE,8.0,2022-12-17 10:24:34,Multigrain,Tomato Sauce,,,,,0.0
27154,651,2,0.0,26.9,Toasted Roll,1,Kitchen,9.0,3,BACON-EGG-CHEESE,9.0,2022-11-26 07:39:39,,Tomato Sauce,,,,,0.0
31043,1171,2,0.0,26.9,Toastie,1,Kitchen,8.5,5,HAM-CHEESE,8.5,2023-04-21 08:40:37,White,Tomato Sauce,,,,,0.0
36194,409,2,0.0,26.9,Toastie,1,Kitchen,10.5,4,BACON-EGG-CHEESE,10.5,2023-10-01 07:54:20,White,Tomato Sauce,,,,,0.0
23501,172,2,0.0,26.9,Toasted Roll,1,Kitchen,7.0,4,BACON-EGG,7.0,2022-07-20 08:55:52,,Tomato Sauce,,,,,0.0
22474,172,2,0.0,26.9,Toasted Roll,1,Kitchen,7.0,4,BACON-EGG,7.0,2022-06-09 08:38:50,,Tomato Sauce,,,,,0.0
39260,175,2,0.0,26.9,Toastie,1,Kitchen,9.0,4,BACON-EGG,9.0,2024-01-20 10:59:43,White,Tomato Sauce,,,,,0.0
16367,955,2,0.0,26.9,Toastie,1,Kitchen,8.0,4,HAM-CHEESE-TOMATO,8.0,2021-10-07 10:57:08,White,Tomato Sauce,,,,,0.0
33354,1253,2,0.0,26.9,Toasted Roll,1,Kitchen,10.5,2,BACON-EGG,8.5,2023-07-03 10:17:29,,Hash Brown,,,,,2.0
33354,1253,2,0.0,26.9,Toasted Roll,1,Kitchen,9.5,3,BACON-EGG-CHEESE,9.5,2023-07-03 10:17:29,,Tomato Sauce,,,,,0.0
33107,1253,2,0.0,26.9,Toasted Roll,1,Kitchen,10.5,2,BACON-EGG,8.5,2023-06-25 14:41:11,,Hash Brown,,,,,2.0
33107,1253,2,0.0,26.9,Toasted Roll,1,Kitchen,9.5,3,BACON-EGG-CHEESE,9.5,2023-06-25 14:41:11,,Tomato Sauce,,,,,0.0
33037,1253,2,0.0,26.9,Toasted Roll,1,Kitchen,10.5,2,BACON-EGG,8.5,2023-06-23 10:07:12,,Hash Brown,,,,,2.0
33037,1253,2,0.0,26.9,Toasted Roll,1,Kitchen,9.5,3,BACON-EGG-CHEESE,9.5,2023-06-23 10:07:12,,Tomato Sauce,,,,,0.0
32942,1253,2,0.0,26.9,Toasted Roll,1,Kitchen,10.5,2,BACON-EGG,8.5,2023-06-20 09:55:20,,Hash Brown,,,,,2.0
32942,1253,2,0.0,26.9,Toasted Roll,1,Kitchen,9.5,3,BACON-EGG-CHEESE,9.5,2023-06-20 09:55:20,,Tomato Sauce,,,,,0.0
31989,231,2,0.0,26.9,Build Your Own Breakfast,1,Kitchen,17.7,1,SCRAMBLED,9.2,2023-05-21 07:40:53,Multigrain,"Bacon, Sauteed Mushrooms, Sausage",,,,,8.5
8131,521,2,0.0,39.7,French Toast with Streaky Bacon,1,Kitchen,11.9,5,REGULAR,9.9,2020-10-18 12:33:13,,,,Hashbrown,,,2.0
27409,1347,2,0.0,39.7,Toastie,1,Kitchen,9.0,5,HAM-CHEESE-TOMATO,9.0,2022-12-04 08:57:02,White,Tomato Sauce,,,,,0.0
27409,1347,2,0.0,39.7,Toastie,1,Kitchen,8.0,6,HAM-CHEESE,8.0,2022-12-04 08:57:02,White,Tomato Sauce,,,,,0.0
13638,141,2,0.0,39.7,Toastie,1,Kitchen,9.0,6,BACON-EGG,7.0,2021-06-27 12:20:26,Multigrain,"BBQ Sauce, Hash Brown",,,,,2.0
37834,1171,2,0.0,39.7,Toastie,1,Kitchen,9.0,5,HAM-CHEESE,9.0,2023-11-22 08:17:13,White,Tomato Sauce,,,,,0.0
32669,1508,2,0.0,39.7,Big Breakfast,1,Kitchen,25.2,1,POACHED,19.2,2023-06-11 10:13:34,White,"Hollandaise, Baked Beans",,,,,6.0
10580,521,2,0.0,52.5,Eggs Benedict,1,Kitchen,16.5,4,BACON,14.5,2021-02-12 11:09:51,,,,Hashbrown,,,2.0
27350,9,2,0.0,9.0,Toastie,1,Kitchen,9.0,1,HAM-CHEESE-TOMATO,9.0,2022-12-02 08:12:32,White,Tomato Sauce,,,,,0.0
20996,810,2,0.0,9.0,Toastie,1,Kitchen,9.0,1,BACON-EGG-CHEESE,8.0,2022-04-14 09:39:01,Sourdough,Salt and Pepper,,,,,1.0
22894,575,2,0.0,9.0,Toasted Roll,1,Kitchen,9.0,1,BACON-EGG,7.0,2022-06-25 11:33:17,,"Hash Brown, Salt and Pepper",,,,,2.0
17209,575,2,0.0,9.0,Toasted Roll,1,Kitchen,9.0,1,BACON-EGG,7.0,2021-11-06 07:46:38,,"Tomato Sauce, Hash Brown, Salt and Pepper",,,,,2.0
15260,575,2,0.0,9.0,Toasted Roll,1,Kitchen,9.0,1,BACON-EGG,7.0,2021-08-31 12:33:49,,"Tomato Sauce, Hash Brown, Salt and Pepper",,,,,2.0
13798,575,2,0.0,9.0,Toasted Roll,1,Kitchen,9.0,1,BACON-EGG,7.0,2021-07-05 08:45:00,,"Tomato Sauce, Hash Brown, Salt and Pepper",,,,,2.0
14571,838,2,0.0,9.0,Toastie,1,Kitchen,9.0,1,HAM-CHEESE-TOMATO,8.0,2021-08-06 12:30:00,Sourdough,Tomato Sauce,,,,,1.0
27652,1127,2,0.0,9.0,Toasted Roll,1,Kitchen,9.0,1,BACON-EGG-CHEESE,9.0,2022-12-12 09:27:49,,Salt and Pepper,,,,,0.0
27480,1127,2,0.0,9.0,Toasted Roll,1,Kitchen,9.0,1,BACON-EGG-CHEESE,9.0,2022-12-06 10:34:04,,"BBQ Sauce, Salt and Pepper",,,,,0.0
27292,1127,2,0.0,9.0,Toasted Roll,1,Kitchen,9.0,1,BACON-EGG-CHEESE,9.0,2022-11-30 10:26:23,,BBQ Sauce,,,,,0.0
26465,1127,2,0.0,9.0,Toasted Roll,1,Kitchen,9.0,1,BACON-EGG-CHEESE,9.0,2022-11-03 10:04:38,,BBQ Sauce,,,,,0.0
26388,1127,2,0.0,9.0,Toasted Roll,1,Kitchen,9.0,1,BACON-EGG-CHEESE,9.0,2022-10-31 10:19:05,,BBQ Sauce,,,,,0.0
26073,1127,2,0.0,9.0,Toasted Roll,1,Kitchen,9.0,1,BACON-EGG-CHEESE,9.0,2022-10-19 09:43:31,,BBQ Sauce,,,,,0.0
26024,1127,2,0.0,9.0,Toasted Roll,1,Kitchen,9.0,1,BACON-EGG-CHEESE,9.0,2022-10-17 11:05:20,,BBQ Sauce,,,,,0.0
35798,107,2,0.0,9.0,Toasted Roll,1,Kitchen,9.0,1,BACON-EGG,9.0,2023-09-18 12:23:32,,"Tomato Sauce, Salt and Pepper",,,,,0.0
28923,374,2,0.0,9.0,Muffin,1,Kitchen,3.9,2,RASPBERRY-WHITECHOC,3.9,2023-02-09 08:10:35,,,No,,,,0.0
9065,123,2,0.0,9.0,Toastie,1,Kitchen,9.0,1,BACON-EGG-CHEESE,8.0,2020-11-23 12:17:30,Sourdough,"Tomato Sauce, Salt and Pepper",,,,,1.0
3976,123,10,0.0,9.0,Toastie,1,Kitchen,9.0,1,BACON-EGG-CHEESE,8.0,2019-12-12 12:14:53,Sourdough,Tomato Sauce,,,,,1.0
37273,1405,2,0.0,9.0,Toastie,1,Kitchen,9.0,1,HAM-CHEESE,9.0,2023-11-02 13:03:22,White,Tomato Sauce,,,,,0.0
36494,1405,2,0.0,9.0,Toastie,1,Kitchen,9.0,1,HAM-CHEESE,9.0,2023-10-10 13:30:16,White,Tomato Sauce,,,,,0.0
38310,1676,2,0.0,9.0,Muffin,1,Kitchen,4.5,2,RASPBERRY-WHITECHOC,4.5,2023-12-07 08:48:36,,,Yes,,,,0.0
16465,141,2,0.0,9.0,Toastie,1,Kitchen,9.0,1,BACON-EGG,7.0,2021-10-11 06:22:42,Multigrain,"BBQ Sauce, Hash Brown",,,,,2.0
16138,141,2,0.0,9.0,Toastie,1,Kitchen,9.0,1,BACON-EGG,7.0,2021-09-30 06:01:26,Multigrain,"BBQ Sauce, Hash Brown",,,,,2.0
15088,141,2,0.0,9.0,Toastie,1,Kitchen,9.0,1,BACON-EGG,7.0,2021-08-26 06:38:57,Multigrain,"BBQ Sauce, Hash Brown",,,,,2.0
11988,141,2,0.0,9.0,Toastie,1,Kitchen,9.0,1,BACON-EGG,7.0,2021-04-23 05:47:34,Multigrain,"BBQ Sauce, Hash Brown",,,,,2.0
8209,141,2,0.0,9.0,Toastie,1,Kitchen,9.0,1,BACON-EGG,7.0,2020-10-21 06:13:45,Multigrain,"BBQ Sauce, Hash Brown",,,,,2.0
31941,1168,2,0.0,9.0,Muffin,1,Kitchen,3.9,2,APPLE-CINNAMON,3.9,2023-05-19 07:34:30,,,No,,,,0.0
31213,1168,2,0.0,9.0,Muffin,1,Kitchen,3.9,2,APPLE-CINNAMON,3.9,2023-04-27 07:35:48,,,No,,,,0.0
39157,1699,2,0.0,9.0,Toasted Roll,1,Kitchen,9.0,1,BACON-EGG,9.0,2024-01-16 12:09:39,,Tomato Sauce,,,,,0.0
36349,173,2,0.0,9.0,Toastie,1,Kitchen,9.0,1,HAM-CHEESE,9.0,2023-10-06 09:16:16,White,Tomato Sauce,,,,,0.0
22065,947,0,0.0,9.0,Croissant,1,Kitchen,9.0,1,HAM-CHEESE-TOMATO,9.0,2022-05-25 12:41:54,,Salt and Pepper,,,,,0.0
16335,698,2,0.0,9.0,Toastie,1,Kitchen,9.0,1,BACON-EGG-CHEESE,8.0,2021-10-06 10:08:06,Sourdough,Salt and Pepper,,,,,1.0
38091,189,2,0.0,9.0,Muffin,1,Kitchen,4.5,2,RASPBERRY-WHITECHOC,4.5,2023-11-30 08:54:35,,,Yes,,,,0.0
37875,189,2,0.0,9.0,Muffin,1,Kitchen,4.5,2,RASPBERRY-WHITECHOC,4.5,2023-11-23 08:48:05,,,Yes,,,,0.0
37258,189,2,0.0,9.0,Muffin,1,Kitchen,4.5,2,RASPBERRY-WHITECHOC,4.5,2023-11-02 08:54:17,,,Yes,,,,0.0
36718,189,2,0.0,9.0,Muffin,1,Kitchen,4.5,2,RASPBERRY-WHITECHOC,4.5,2023-10-17 08:50:50,,,Yes,,,,0.0
33580,189,2,0.0,9.0,Muffin,1,Kitchen,3.9,2,RASPBERRY-WHITECHOC,3.9,2023-07-11 08:46:41,,,Yes,,,,0.0
33000,189,2,0.0,9.0,Muffin,1,Kitchen,3.9,2,RASPBERRY-WHITECHOC,3.9,2023-06-22 08:59:12,,,Yes,,,,0.0
32786,189,2,0.0,9.0,Muffin,1,Kitchen,3.9,2,RASPBERRY-WHITECHOC,3.9,2023-06-15 08:51:50,,,Yes,,,,0.0
32513,189,2,0.0,9.0,Muffin,1,Kitchen,3.9,2,RASPBERRY-WHITECHOC,3.9,2023-06-06 08:46:23,,,Yes,,,,0.0
32298,189,2,0.0,9.0,Muffin,1,Kitchen,3.9,2,RASPBERRY-WHITECHOC,3.9,2023-05-30 08:52:25,,,Yes,,,,0.0
32137,189,2,0.0,9.0,Muffin,1,Kitchen,3.9,2,RASPBERRY-WHITECHOC,3.9,2023-05-25 08:53:20,,,No,,,,0.0
32059,189,2,0.0,9.0,Muffin,1,Kitchen,3.9,2,RASPBERRY-WHITECHOC,3.9,2023-05-23 08:47:10,,,Yes,,,,0.0
31925,189,2,0.0,9.0,Muffin,1,Kitchen,3.9,2,RASPBERRY-WHITECHOC,3.9,2023-05-18 08:49:42,,,Yes,,,,0.0
31455,189,2,0.0,9.0,Muffin,1,Kitchen,3.9,2,RASPBERRY-WHITECHOC,3.9,2023-05-04 08:44:50,,,Yes,,,,0.0
31228,189,2,0.0,9.0,Muffin,1,Kitchen,3.9,2,RASPBERRY-WHITECHOC,3.9,2023-04-27 08:57:44,,,Yes,,,,0.0
30578,189,2,0.0,9.0,Muffin,1,Kitchen,3.9,2,RASPBERRY-WHITECHOC,3.9,2023-04-04 08:46:28,,,Yes,,,,0.0
29988,189,2,0.0,9.0,Muffin,1,Kitchen,3.9,2,RASPBERRY-WHITECHOC,3.9,2023-03-16 08:47:28,,,Yes,,,,0.0
28932,189,2,0.0,9.0,Muffin,1,Kitchen,3.9,2,RASPBERRY-WHITECHOC,3.9,2023-02-09 08:48:39,,,Yes,,,,0.0
22395,446,2,0.0,9.0,Muffin,1,Kitchen,3.9,2,RASPBERRY-WHITECHOC,3.9,2022-06-06 08:54:06,,,Yes,,,,0.0
31497,197,2,0.0,9.0,Muffin,1,Kitchen,3.9,2,RASPBERRY-WHITECHOC,3.9,2023-05-05 09:00:19,,,Yes,,,,0.0
19818,197,2,0.0,9.0,Croissant,1,Kitchen,9.0,1,HAM-CHEESE-TOMATO,9.0,2022-03-01 08:58:25,,Salt and Pepper,,,,,0.0
37883,1536,2,0.0,21.8,Hot Potatoes,1,Kitchen,15.9,1,COLESLAW,12.9,2023-11-23 13:31:01,,Bacon,,,,,3.0
14079,521,2,0.0,21.8,Toasted Roll,1,Kitchen,10.0,3,BACON-EGG-CHEESE,8.0,2021-07-17 12:18:46,,Hash Brown,,,,,2.0
4970,12,10,0.0,21.8,Toastie,1,Kitchen,7.0,4,EGG-CHEESE,7.0,2020-05-21 07:47:38,Multigrain,Salt and Pepper,,,,,0.0
34856,1044,2,0.0,21.8,Toastie,1,Kitchen,10.5,3,HAM-CHEESE-TOMATO,10.5,2023-08-20 09:59:21,White,Tomato Sauce,,,,,0.0
25600,92,2,0.0,21.8,Toasted Roll,1,Kitchen,11.0,3,BACON-EGG-CHEESE,9.0,2022-10-02 08:53:22,,"BBQ Sauce, Hash Brown, Salt and Pepper",,,,,2.0
23094,92,2,0.0,21.8,Toasted Roll,1,Kitchen,9.5,2,BACON-EGG-CHEESE,8.0,2022-07-03 11:39:20,,"Tomato Sauce, Avocado",,,,,1.5
23094,92,2,0.0,21.8,Toastie,1,Kitchen,8.0,3,HAM-CHEESE-TOMATO,8.0,2022-07-03 11:39:20,Dark Rye,Tomato Sauce,,,,,0.0
26237,128,2,0.0,21.8,Toasted Roll,1,Kitchen,12.5,3,BACON-EGG-CHEESE,9.0,2022-10-25 10:17:39,,"Avocado, Hash Brown, Salt and Pepper",,,,,3.5
23271,175,2,0.0,21.8,Muffin,1,Kitchen,3.9,6,RASPBERRY-WHITECHOC,3.9,2022-07-10 10:56:48,,,No,,,,0.0
18096,971,2,0.0,21.8,Eggs Benedict,1,Kitchen,16.5,2,BACON,14.5,2021-12-08 12:10:51,,,,Hashbrown,,,2.0
26486,744,0,0.0,21.8,Muffin,1,Kitchen,3.9,3,ORANGE-POPPYSEED,3.9,2022-11-04 08:05:25,,,No,,,,0.0
12423,255,2,0.0,21.8,Toasted Roll,1,Kitchen,10.0,3,BACON-EGG-CHEESE,8.0,2021-05-10 13:00:00,,Hash Brown,,,,,2.0
14102,799,2,0.0,34.6,Toastie,1,Kitchen,6.0,5,CHEESE,6.0,2021-07-18 10:38:47,White,Tomato Sauce,,,,,0.0
14102,799,2,0.0,34.6,Toastie,1,Kitchen,6.0,6,CHEESE,6.0,2021-07-18 10:38:47,White,Tomato Sauce,,,,,0.0
14102,799,2,0.0,34.6,Toasted Roll,1,Kitchen,8.0,4,BACON-EGG-CHEESE,8.0,2021-07-18 10:38:47,,Tomato Sauce,,,,,0.0
11008,88,2,0.0,34.6,Toasted Roll,1,Kitchen,10.0,4,BACON-EGG-CHEESE,8.0,2021-03-07 10:13:45,,"BBQ Sauce, Hash Brown",,,,,2.0
11008,88,2,0.0,34.6,Toasted Roll,1,Kitchen,9.5,5,BACON-EGG-CHEESE,8.0,2021-03-07 10:13:45,,"Tomato Sauce, Avocado",,,,,1.5
24210,949,2,0.0,34.6,Big Breakfast,1,Kitchen,29.7,1,POACHED,18.2,2022-08-13 10:04:01,Gluten Free,"Hash Brown, Sauteed Mushrooms, Halloumi",,,,,11.5
4010,127,2,0.0,47.4,Toastie,1,Kitchen,7.0,5,HAM-CHEESE,7.0,2019-12-21 09:47:48,White,Tomato Sauce,,,,,0.0
4010,127,2,0.0,47.4,Toastie,1,Kitchen,7.0,6,HAM-CHEESE,7.0,2019-12-21 09:47:48,White,Tomato Sauce,,,,,0.0
4010,127,2,0.0,47.4,Toastie,1,Kitchen,7.0,7,HAM-CHEESE,7.0,2019-12-21 09:47:48,White,Tomato Sauce,,,,,0.0
4010,127,2,0.0,47.4,Toastie,1,Kitchen,7.0,8,BACON-EGG,7.0,2019-12-21 09:47:48,White,Tomato Sauce,,,,,0.0
10192,189,2,0.0,47.4,Toastie,1,Kitchen,8.0,5,BACON-EGG-CHEESE,8.0,2021-01-24 09:09:06,Multigrain,Tomato Sauce,,,,,0.0
10192,189,2,0.0,47.4,Toastie,1,Kitchen,9.0,6,BACON-EGG-CHEESE,8.0,2021-01-24 09:09:06,Sourdough,Tomato Sauce,,,,,1.0
10192,189,2,0.0,47.4,Toastie,1,Kitchen,9.0,7,BACON-EGG-CHEESE,8.0,2021-01-24 09:09:06,Sourdough,Tomato Sauce,,,,,1.0
19566,172,2,0.0,85.8,Toasted Roll,1,Kitchen,7.0,13,BACON-EGG,7.0,2022-02-20 09:15:00,,Tomato Sauce,,,,,0.0
19566,172,2,0.0,85.8,Toasted Roll,1,Kitchen,7.0,14,BACON-EGG,7.0,2022-02-20 09:15:00,,Tomato Sauce,,,,,0.0
30704,744,2,4.31,47.41,Toasted Roll,2,Kitchen,26.0,4,BACON-EGG-CHEESE,9.5,2023-04-08 10:41:58,,"Avocado, Hash Brown, Salt and Pepper",,,,,3.5
27100,446,2,0.0,3.9,Muffin,1,Kitchen,3.9,1,RASPBERRY-WHITECHOC,3.9,2022-11-24 09:05:51,,,Yes,,,,0.0
15389,795,2,0.0,16.7,Big Breakfast,1,Kitchen,16.7,1,POACHED,16.7,2021-09-05 09:07:40,White,Hollandaise,,,,,0.0
20697,305,2,0.0,16.7,Croissant,1,Kitchen,8.0,3,CHEESE-TOMATO,8.0,2022-04-04 07:45:00,,Salt and Pepper,,,,,0.0
29511,69,2,0.0,16.7,Toasted Roll,1,Kitchen,12.0,2,BACON-EGG,8.5,2023-03-01 06:40:12,,"Tomato Sauce, Avocado, Hash Brown",,,,,3.5
28722,69,2,0.0,16.7,Toasted Roll,1,Kitchen,12.0,2,BACON-EGG,8.5,2023-02-02 06:43:20,,"Tomato Sauce, Avocado, Hash Brown",,,,,3.5
18288,69,2,0.0,16.7,Toasted Roll,1,Kitchen,8.5,3,BACON-EGG,7.0,2021-12-16 06:58:48,,"Tomato Sauce, Avocado",,,,,1.5
32166,670,2,0.0,16.7,Toasted Roll,1,Kitchen,11.5,2,BACON-EGG-CHEESE,9.5,2023-05-26 08:53:41,,"Tomato Sauce, Hash Brown",,,,,2.0
38042,172,1,0.0,16.7,Toasted Roll,1,Kitchen,9.0,2,BACON-EGG,9.0,2023-11-29 07:57:43,,Tomato Sauce,,,,,0.0
31313,1472,0,0.0,16.7,Build Your Own Breakfast,1,Kitchen,16.7,1,SCRAMBLED,9.2,2023-04-30 08:17:30,White,"Bacon, Hash Brown, Sausage",,,,,7.5
33915,451,2,0.0,16.7,Toasted Roll,1,Kitchen,8.5,3,BACON-EGG,8.5,2023-07-22 07:53:12,,BBQ Sauce,,,,,0.0
32836,451,2,0.0,16.7,Toasted Roll,1,Kitchen,8.5,3,BACON-EGG,8.5,2023-06-17 08:00:28,,BBQ Sauce,,,,,0.0
29202,451,2,0.0,16.7,Toasted Roll,1,Kitchen,8.5,3,BACON-EGG,8.5,2023-02-18 11:25:47,,BBQ Sauce,,,,,0.0
29201,451,9,0.0,16.7,Toasted Roll,1,Kitchen,8.5,3,BACON-EGG,8.5,2023-02-18 11:24:05,,BBQ Sauce,,,,,0.0
28984,451,2,0.0,16.7,Toasted Roll,1,Kitchen,8.5,3,BACON-EGG,8.5,2023-02-11 08:00:00,,BBQ Sauce,,,,,0.0
32239,1224,2,0.0,16.7,Toasted Roll,1,Kitchen,11.5,2,BACON-EGG-CHEESE,9.5,2023-05-28 11:09:13,,"Tomato Sauce, Hash Brown",,,,,2.0
32214,1224,2,0.0,16.7,Toasted Roll,1,Kitchen,11.5,2,BACON-EGG-CHEESE,9.5,2023-05-27 10:47:27,,"Tomato Sauce, Hash Brown, Salt and Pepper",,,,,2.0
37833,721,2,0.0,16.7,Toasted Roll,1,Kitchen,11.0,2,BACON-EGG,9.0,2023-11-22 08:02:03,,"Tomato Sauce, Hash Brown, Salt and Pepper",,,,,2.0
29933,1255,2,0.0,16.7,Build Your Own Breakfast,1,Kitchen,16.7,1,SCRAMBLED,9.2,2023-03-14 13:06:42,White,"Extra Egg, Avocado, Sausage",,,,,7.5
27142,240,2,0.0,16.7,Toasted Roll,1,Kitchen,10.5,2,BACON-EGG-CHEESE,9.0,2022-11-25 10:02:39,,"Tomato Sauce, Avocado",,,,,1.5
26254,240,2,0.0,16.7,Toasted Roll,1,Kitchen,10.5,2,BACON-EGG-CHEESE,9.0,2022-10-26 08:08:45,,"Tomato Sauce, Avocado",,,,,1.5
26121,240,2,0.0,16.7,Toasted Roll,1,Kitchen,10.5,2,BACON-EGG-CHEESE,9.0,2022-10-21 07:47:26,,"Tomato Sauce, Avocado",,,,,1.5
25911,240,2,0.0,16.7,Toasted Roll,1,Kitchen,10.5,2,BACON-EGG-CHEESE,9.0,2022-10-14 07:46:53,,"Tomato Sauce, Avocado",,,,,1.5
25184,240,2,0.0,16.7,Toasted Roll,1,Kitchen,10.5,2,BACON-EGG-CHEESE,9.0,2022-09-16 07:47:01,,"Tomato Sauce, Avocado",,,,,1.5
24365,240,2,0.0,16.7,Toasted Roll,1,Kitchen,10.5,2,BACON-EGG-CHEESE,9.0,2022-08-19 07:38:01,,"Tomato Sauce, Avocado",,,,,1.5
24049,240,2,0.0,16.7,Toasted Roll,1,Kitchen,10.5,2,BACON-EGG-CHEESE,9.0,2022-08-07 09:03:25,,"Tomato Sauce, Avocado",,,,,1.5
23914,240,2,0.0,16.7,Toasted Roll,1,Kitchen,10.5,2,BACON-EGG-CHEESE,9.0,2022-08-03 07:47:46,,"Tomato Sauce, Avocado",,,,,1.5
14484,12,0,0.0,29.5,Build Your Own Breakfast,1,Kitchen,16.9,1,SCRAMBLED,7.9,2021-08-03 08:46:22,Multigrain,"Bacon, Hollandaise, Sauteed Mushrooms",,,,,8.999999999999998
7545,333,2,0.0,29.5,Toastie,1,Kitchen,8.0,5,BACON-EGG-CHEESE,8.0,2020-09-27 10:43:56,White,Tomato Sauce,,,,,0.0
6566,341,2,0.0,29.5,Toastie,1,Kitchen,7.0,5,BACON-CHEESE,7.0,2020-08-21 12:20:13,White,Tomato Sauce,,,,,0.0
6566,341,2,0.0,29.5,Toasted Roll,1,Kitchen,7.0,4,BACON-EGG,7.0,2020-08-21 12:20:13,,BBQ Sauce,,,,,0.0
19206,92,2,0.0,29.5,Toasted Roll,1,Kitchen,8.0,3,BACON-EGG-CHEESE,8.0,2022-02-06 11:32:08,,"BBQ Sauce, Salt and Pepper",,,,,0.0
19206,92,2,0.0,29.5,Toasted Roll,1,Kitchen,9.5,4,BACON-EGG-CHEESE,8.0,2022-02-06 11:32:08,,"Tomato Sauce, Avocado, Salt and Pepper",,,,,1.5
15973,92,1,0.0,29.5,Toasted Roll,1,Kitchen,9.5,4,BACON-EGG-CHEESE,8.0,2021-09-24 12:19:36,,"Tomato Sauce, Avocado",,,,,1.5
26621,1144,2,0.0,29.5,Toasted Roll,1,Kitchen,8.0,3,BACON-EGG,8.0,2022-11-08 10:39:04,,Tomato Sauce,,,,,0.0
26621,1144,2,0.0,29.5,Toasted Roll,1,Kitchen,11.0,4,BACON-EGG-CHEESE,9.0,2022-11-08 10:39:04,,"Tomato Sauce, Hash Brown",,,,,2.0
33178,1148,2,0.0,29.5,Muffin,2,Kitchen,7.8,6,CHOC-MUD,3.9,2023-06-28 08:39:56,,,No,,,,0.0
33178,1148,2,0.0,29.5,Croissant,1,Kitchen,8.5,2,CHEESE-TOMATO,8.5,2023-06-28 08:39:56,,Salt and Pepper,,,,,0.0
15547,896,2,0.0,29.5,Toasted Roll,1,Kitchen,10.0,4,BACON-EGG-CHEESE,8.0,2021-09-10 11:45:00,,"BBQ Sauce, Hash Brown",,,,,2.0
12033,651,2,0.0,29.5,Toasted Roll,1,Kitchen,9.5,3,BACON-EGG-CHEESE,8.0,2021-04-25 07:08:31,,Avocado,,,,,1.5
12033,651,2,0.0,29.5,Toasted Roll,1,Kitchen,10.0,4,BACON-EGG-CHEESE,8.0,2021-04-25 07:08:31,,"Tomato Sauce, Hash Brown",,,,,2.0
14091,141,2,0.0,29.5,Toastie,1,Kitchen,9.0,4,BACON-EGG,7.0,2021-07-18 08:39:53,Multigrain,"BBQ Sauce, Hash Brown",,,,,2.0
26672,1171,2,0.0,29.5,Toastie,1,Kitchen,9.0,4,BACON-EGG-CHEESE,9.0,2022-11-10 08:33:41,White,Salt and Pepper,,,,,0.0
26672,1171,2,0.0,29.5,Toastie,1,Kitchen,8.0,5,HAM-CHEESE,8.0,2022-11-10 08:33:41,White,Tomato Sauce,,,,,0.0
38603,435,2,0.0,29.5,Toasted Roll,2,Kitchen,22.0,2,BACON-EGG,9.0,2023-12-16 10:32:15,,"Tomato Sauce, Hash Brown",,,,,2.0
35753,1481,2,0.0,29.5,Toastie,1,Kitchen,9.0,3,HAM-CHEESE,9.0,2023-09-17 07:37:11,Multigrain,"BBQ Sauce, Salt and Pepper",,,,,0.0
35753,1481,2,0.0,29.5,Toastie,1,Kitchen,9.0,4,BACON-CHEESE,9.0,2023-09-17 07:37:11,Multigrain,Salt and Pepper,,,,,0.0
16841,976,2,0.0,29.5,Croissant,1,Kitchen,8.0,2,HAM-CHEESE,8.0,2021-10-24 08:08:25,,Salt and Pepper,,,,,0.0
16841,976,2,0.0,29.5,Toasted Roll,1,Kitchen,7.0,5,BACON-EGG,7.0,2021-10-24 08:08:25,,Tomato Sauce,,,,,0.0
17235,754,2,0.0,29.5,Toastie,1,Kitchen,7.0,4,BACON-EGG,7.0,2021-11-07 09:32:22,White,Tomato Sauce,,,,,0.0
17235,754,2,0.0,29.5,Toastie,1,Kitchen,10.0,5,BACON-EGG-CHEESE,8.0,2021-11-07 09:32:22,White,"BBQ Sauce, Hash Brown",,,,,2.0
33033,1522,2,0.0,29.5,Toasted Roll,1,Kitchen,9.5,2,BACON-EGG-CHEESE,9.5,2023-06-23 09:34:55,,BBQ Sauce,,,,,0.0
33033,1522,2,0.0,29.5,Toasted Roll,1,Kitchen,9.5,3,BACON-EGG-CHEESE,9.5,2023-06-23 09:34:55,,BBQ Sauce,,,,,0.0
10609,14,2,0.0,42.3,Eggs and Bacon,1,Kitchen,10.9,3,SCRAMBLED,10.9,2021-02-14 09:15:00,White,,,,,,0.0
10609,14,2,0.0,42.3,Toasted Roll,1,Kitchen,9.0,5,BACON-EGG,7.0,2021-02-14 09:15:00,,Hash Brown,,,,,2.0
10609,14,2,0.0,42.3,Toasted Roll,1,Kitchen,9.0,6,BACON-EGG,7.0,2021-02-14 09:15:00,,Hash Brown,,,,,2.0
15152,276,2,0.0,42.3,Toasted Roll,1,Kitchen,8.0,5,BACON-EGG-CHEESE,8.0,2021-08-28 08:49:40,,BBQ Sauce,,,,,0.0
15152,276,2,0.0,42.3,Toasted Roll,1,Kitchen,8.0,6,BACON-EGG-CHEESE,8.0,2021-08-28 08:49:40,,BBQ Sauce,,,,,0.0
15152,276,2,0.0,42.3,Toastie,1,Kitchen,7.0,7,BACON-CHEESE,7.0,2021-08-28 08:49:40,White,Tomato Sauce,,,,,0.0
14978,276,2,0.0,42.3,Toasted Roll,1,Kitchen,8.0,5,BACON-EGG-CHEESE,8.0,2021-08-22 08:31:29,,BBQ Sauce,,,,,0.0
14978,276,2,0.0,42.3,Toasted Roll,1,Kitchen,8.0,6,BACON-EGG-CHEESE,8.0,2021-08-22 08:31:29,,BBQ Sauce,,,,,0.0
14978,276,2,0.0,42.3,Toastie,1,Kitchen,7.0,7,BACON-CHEESE,7.0,2021-08-22 08:31:29,White,Tomato Sauce,,,,,0.0
14791,276,2,0.0,42.3,Toasted Roll,1,Kitchen,8.0,5,BACON-EGG-CHEESE,8.0,2021-08-15 08:56:38,,BBQ Sauce,,,,,0.0
14791,276,2,0.0,42.3,Toastie,1,Kitchen,7.0,7,BACON-CHEESE,7.0,2021-08-15 08:56:38,White,Tomato Sauce,,,,,0.0
3434,24,10,0.0,42.3,Toastie,1,Kitchen,9.5,5,CHEESE-TOMATO,7.0,2019-07-28 11:00:00,Sourdough,Avocado,,,,,2.5
3434,24,10,0.0,42.3,Toastie,1,Kitchen,9.5,6,CHEESE-TOMATO,7.0,2019-07-28 11:00:00,Sourdough,Avocado,,,,,2.5
5276,285,2,0.0,42.3,Eggs Benedict,1,Kitchen,19.0,2,PULLEDPORK,17.0,2020-06-13 08:52:14,,,,Hashbrown,,,2.0
15187,341,2,0.0,42.3,Toasted Roll,1,Kitchen,8.0,5,BACON-EGG-CHEESE,8.0,2021-08-29 09:49:17,,BBQ Sauce,,,,,0.0
15187,341,2,0.0,42.3,Toasted Roll,1,Kitchen,8.0,6,BACON-EGG-CHEESE,8.0,2021-08-29 09:49:17,,BBQ Sauce,,,,,0.0
15187,341,2,0.0,42.3,Toastie,1,Kitchen,7.0,7,BACON-CHEESE,7.0,2021-08-29 09:49:17,White,Tomato Sauce,,,,,0.0
14590,341,2,0.0,42.3,Toasted Roll,1,Kitchen,8.0,5,BACON-EGG-CHEESE,8.0,2021-08-07 09:30:58,,BBQ Sauce,,,,,0.0
14590,341,2,0.0,42.3,Toasted Roll,1,Kitchen,8.0,6,BACON-EGG-CHEESE,8.0,2021-08-07 09:30:58,,BBQ Sauce,,,,,0.0
14590,341,2,0.0,42.3,Toastie,1,Kitchen,7.0,7,BACON-CHEESE,7.0,2021-08-07 09:30:58,White,Tomato Sauce,,,,,0.0
14096,341,2,0.0,42.3,Toastie,1,Kitchen,7.0,7,HAM-CHEESE,7.0,2021-07-18 10:03:09,White,Tomato Sauce,,,,,0.0
6123,369,2,0.0,42.3,Eggs Florentine,1,Kitchen,16.0,3,REGULAR,14.0,2020-08-02 08:45:00,,,,Hashbrown,,,2.0
6123,369,2,0.0,42.3,Eggs Florentine,1,Kitchen,16.0,4,REGULAR,14.0,2020-08-02 08:45:00,,,,Hashbrown,,,2.0
12053,391,2,0.0,42.3,Toastie,1,Kitchen,8.0,5,BACON-EGG-CHEESE,8.0,2021-04-25 12:12:35,White,Tomato Sauce,,,,,0.0
12053,391,2,0.0,42.3,Toastie,1,Kitchen,7.0,6,CHEESE-TOMATO,7.0,2021-04-25 12:12:35,White,Tomato Sauce,,,,,0.0
12053,391,2,0.0,42.3,Toastie,1,Kitchen,7.0,7,CHEESE-TOMATO,7.0,2021-04-25 12:12:35,Multigrain,Tomato Sauce,,,,,0.0
6415,175,2,0.0,42.3,Toastie,1,Kitchen,7.0,6,BACON-EGG,7.0,2020-08-14 12:01:58,White,Tomato Sauce,,,,,0.0
29931,744,2,0.0,42.3,Toasted Roll,2,Kitchen,26.0,5,BACON-EGG-CHEESE,9.5,2023-03-14 10:42:22,,"Avocado, Hash Brown, Salt and Pepper",,,,,3.5
29931,744,2,0.0,42.3,Muffin,1,Kitchen,3.9,3,APPLE-CINNAMON,3.9,2023-03-14 10:42:22,,,No,,,,0.0
29931,744,2,0.0,42.3,Muffin,1,Kitchen,3.9,4,ORANGE-POPPYSEED,3.9,2023-03-14 10:42:22,,,No,,,,0.0
5090,277,2,0.0,67.9,Eggs Benny,1,Kitchen,16.0,1,HAM,14.0,2020-05-30 10:45:00,,,,Hashbrown,,,2.0
5090,277,2,0.0,67.9,Eggs Benny,1,Kitchen,19.0,2,SALMON,17.0,2020-05-30 10:45:00,,,,Hashbrown,,,2.0
5090,277,2,0.0,67.9,French Toast with Streaky Bacon,1,Kitchen,11.9,5,REGULAR,9.9,2020-05-30 10:45:00,,,,Hashbrown,,,2.0
5090,277,2,0.0,67.9,Eggs Benny,1,Kitchen,16.0,3,HAM,14.0,2020-05-30 10:45:00,,,,Hashbrown,,,2.0
8199,524,0,0.0,11.6,Toastie,1,Kitchen,8.0,2,BACON-EGG,7.0,2020-10-20 10:01:38,Sourdough,Tomato Sauce,,,,,1.0
9618,13,2,0.0,11.6,Toastie,1,Kitchen,8.0,2,BACON-EGG-CHEESE,8.0,2020-12-17 06:00:15,White,"Tomato Sauce, Salt and Pepper",,,,,0.0
19827,782,2,0.0,11.6,Toasted Roll,1,Kitchen,7.0,2,BACON-EGG,7.0,2022-03-02 06:27:26,,Tomato Sauce,,,,,0.0
17680,89,2,0.0,11.6,Build Your Own Breakfast,1,Kitchen,7.9,1,POACHED,7.9,2021-11-23 06:31:49,Multigrain,"Bacon, Hollandaise, Sauteed Mushrooms",,,,,0.0
33227,1395,2,0.0,11.6,Toasted Roll,1,Kitchen,11.6,1,CHICKEN-SCHNITZEL-CHEESE-LETTUCE,10.1,2023-06-29 13:57:52,,Avocado,,,,,1.5
31302,1395,2,0.0,11.6,Toasted Roll,1,Kitchen,11.6,1,CHICKEN-SCHNITZEL-CHEESE-LETTUCE,10.1,2023-04-29 13:02:36,,Avocado,,,,,1.5
32434,1420,2,0.0,11.6,Toasted Roll,1,Kitchen,11.6,1,CHICKEN-SCHNITZEL-CHEESE-LETTUCE,10.1,2023-06-03 13:01:49,,Avocado,,,,,1.5
4614,141,2,0.0,11.6,Toastie,1,Kitchen,7.0,2,BACON-EGG,7.0,2020-04-24 06:09:33,White,Tomato Sauce,,,,,0.0
4605,141,2,0.0,11.6,Toastie,1,Kitchen,7.0,2,BACON-EGG,7.0,2020-04-23 05:59:50,White,BBQ Sauce,,,,,0.0
4582,141,10,0.0,11.6,Toastie,1,Kitchen,7.0,2,BACON-EGG,7.0,2020-04-21 06:04:19,White,Tomato Sauce,,,,,0.0
22750,721,2,0.0,11.6,Toasted Roll,1,Kitchen,7.0,2,BACON-EGG,7.0,2022-06-20 07:45:52,,"Tomato Sauce, Salt and Pepper",,,,,0.0
29032,1027,2,0.0,24.4,Croissant,1,Kitchen,9.5,2,BACON-EGG-CHEESE,9.5,2023-02-12 11:44:18,,Salt and Pepper,,,,,0.0
20366,782,2,0.0,24.4,Toastie,1,Kitchen,7.0,3,BACON-EGG,7.0,2022-03-22 06:33:41,Multigrain,BBQ Sauce,,,,,0.0
20366,782,2,0.0,24.4,Toastie,1,Kitchen,8.0,4,BACON-EGG-CHEESE,8.0,2022-03-22 06:33:41,Multigrain,"Tomato Sauce, Salt and Pepper",,,,,0.0
3512,44,2,0.0,24.4,Toasted Roll,1,Kitchen,7.0,4,BACON-EGG,7.0,2019-08-25 08:55:04,,Tomato Sauce,,,,,0.0
10247,615,2,0.0,24.4,Build Your Own Breakfast,1,Kitchen,9.9,1,FRIED,7.9,2021-01-27 10:32:06,White,Hash Brown,,,,,2.0
10247,615,2,0.0,24.4,Toasted Roll,1,Kitchen,8.0,3,BACON-EGG-CHEESE,8.0,2021-01-27 10:32:06,,Tomato Sauce,,,,,0.0
29987,620,0,0.0,24.4,Muffin,1,Kitchen,3.9,5,ORANGE-POPPYSEED,3.9,2023-03-16 09:15:00,,,No,,,,0.0
29986,620,9,0.0,24.4,Muffin,1,Kitchen,3.9,5,ORANGE-POPPYSEED,3.9,2023-03-16 09:15:00,,,No,,,,0.0
17730,128,2,0.0,24.4,Toastie,1,Kitchen,10.0,4,BACON-EGG-CHEESE,8.0,2021-11-24 10:02:25,Multigrain,"Hash Brown, Salt and Pepper",,,,,2.0
13642,141,2,0.0,24.4,Toastie,1,Kitchen,7.0,3,BACON-EGG,7.0,2021-06-28 06:27:13,Multigrain,BBQ Sauce,,,,,0.0
13642,141,2,0.0,24.4,Toastie,1,Kitchen,7.0,4,BACON-EGG,7.0,2021-06-28 06:27:13,Multigrain,BBQ Sauce,,,,,0.0
21126,674,2,0.0,24.4,Toasted Roll,1,Kitchen,10.0,2,BACON-EGG-CHEESE,8.0,2022-04-21 11:12:01,,"BBQ Sauce, Hash Brown",,,,,2.0
21126,674,2,0.0,24.4,Toasted Roll,1,Kitchen,10.0,3,BACON-EGG-CHEESE,8.0,2022-04-21 11:12:01,,"BBQ Sauce, Hash Brown",,,,,2.0
24878,421,2,0.0,24.4,Build Your Own Breakfast,1,Kitchen,16.9,1,POACHED,8.9,2022-09-06 07:31:24,White,"Bacon, Hash Brown, Avocado",,,,,7.999999999999998
13141,755,2,0.0,24.4,Toastie,1,Kitchen,8.4,3,CHICKEN-SCHNITZEL-CHEESE-LETTUCE,8.4,2021-06-08 10:55:13,White,Tomato Sauce,,,,,0.0
13141,755,2,0.0,24.4,Toastie,1,Kitchen,8.0,4,BACON-EGG-CHEESE,8.0,2021-06-08 10:55:13,White,Tomato Sauce,,,,,0.0
39481,1302,2,0.0,37.2,Toastie,1,Kitchen,8.0,5,CHEESE,8.0,2024-01-28 10:46:27,White,Tomato Sauce,,,,,0.0
9214,375,2,0.0,37.2,Toasted Roll,1,Kitchen,9.0,4,BACON-EGG,7.0,2020-11-30 07:14:36,,Hash Brown,,,,,2.0
9214,375,2,0.0,37.2,Toasted Roll,1,Kitchen,9.0,5,BACON-EGG,7.0,2020-11-30 07:14:36,,Hash Brown,,,,,2.0
19018,391,2,0.0,37.2,Build Your Own Breakfast,1,Kitchen,11.0,1,SCRAMBLED,8.0,2022-01-30 14:30:28,Multigrain,Baby Spinach,,,,,3.0
19018,391,2,0.0,37.2,Toastie,1,Kitchen,7.0,5,CHEESE-TOMATO,7.0,2022-01-30 14:30:28,Multigrain,Tomato Sauce,,,,,0.0
33103,175,2,0.0,37.2,Muffin,1,Kitchen,3.9,5,RASPBERRY-WHITECHOC,3.9,2023-06-25 11:03:55,,,Yes,,,,0.0
33103,175,2,0.0,37.2,Muffin,1,Kitchen,3.9,6,APPLE-CINNAMON,3.9,2023-06-25 11:03:55,,,Yes,,,,0.0
33104,1526,2,0.0,37.2,Toasted Roll,1,Kitchen,8.5,2,BACON-EGG,8.5,2023-06-25 11:20:26,,Salt and Pepper,,,,,0.0
33104,1526,2,0.0,37.2,Toasted Roll,1,Kitchen,10.5,3,BACON-EGG,8.5,2023-06-25 11:20:26,,"Hash Brown, Salt and Pepper",,,,,2.0
33104,1526,2,0.0,37.2,Toasted Roll,1,Kitchen,8.5,4,BACON-EGG,8.5,2023-06-25 11:20:26,,Salt and Pepper,,,,,0.0
4550,213,0,0.0,62.8,Eggs and Bacon,1,Kitchen,10.4,4,SCRAMBLED,10.4,2020-04-18 08:00:00,White,,,,,,0.0
4550,213,0,0.0,62.8,Eggs and Bacon,1,Kitchen,10.4,5,SCRAMBLED,10.4,2020-04-18 08:00:00,White,,,,,,0.0
38948,1590,2,0.0,75.6,Eggs Benedict,2,Kitchen,39.0,2,BACON,17.5,2024-01-08 10:13:50,,,,Hashbrown,,,2.0
16042,248,2,0.0,75.6,Eggs and Bacon,1,Kitchen,10.9,4,SUNNY,10.9,2021-09-26 13:55:58,White,,,,,,0.0
5056,12,2,0.0,19.3,Toastie,1,Kitchen,10.9,1,CHICKEN-SCHNITZEL-CHEESE-LETTUCE,8.4,2020-05-27 14:07:27,Sourdough,"Avocado, Salt and Pepper",,,,,2.5
5056,12,2,0.0,19.3,Toastie,1,Kitchen,8.4,2,CHICKEN-SCHNITZEL-CHEESE-LETTUCE,8.4,2020-05-27 14:07:27,Multigrain,Salt and Pepper,,,,,0.0
12906,20,2,0.0,19.3,Toasted Roll,1,Kitchen,8.5,3,BACON-EGG,7.0,2021-05-31 07:53:44,,Avocado,,,,,1.5
33091,276,2,0.0,19.3,Toasted Roll,1,Kitchen,9.5,3,BACON-EGG-CHEESE,9.5,2023-06-25 09:20:42,,BBQ Sauce,,,,,0.0
30514,276,2,0.0,19.3,Toasted Roll,1,Kitchen,9.5,3,BACON-EGG-CHEESE,9.5,2023-04-02 08:13:26,,BBQ Sauce,,,,,0.0
30259,276,2,0.0,19.3,Toasted Roll,1,Kitchen,9.5,3,BACON-EGG-CHEESE,9.5,2023-03-25 08:26:18,,BBQ Sauce,,,,,0.0
29024,276,2,0.0,19.3,Toasted Roll,1,Kitchen,9.5,3,BACON-EGG-CHEESE,9.5,2023-02-12 10:05:51,,BBQ Sauce,,,,,0.0
5675,276,2,0.0,19.3,Toasted Roll,1,Kitchen,7.0,4,BACON-EGG,7.0,2020-07-11 08:45:28,,BBQ Sauce,,,,,0.0
5493,276,2,0.0,19.3,Toastie,1,Kitchen,7.0,4,BACON-EGG,7.0,2020-06-28 09:57:23,White,BBQ Sauce,,,,,0.0
15793,25,2,0.0,19.3,Toastie,1,Kitchen,7.0,4,BACON-EGG,7.0,2021-09-18 12:37:45,White,Tomato Sauce,,,,,0.0
27768,312,2,0.0,19.3,Toasted Roll,1,Kitchen,10.0,3,BACON-EGG,8.0,2022-12-15 12:35:23,,"BBQ Sauce, Hash Brown",,,,,2.0
25763,598,2,0.0,19.3,Toasted Roll,1,Kitchen,10.5,3,BACON-EGG-CHEESE,9.0,2022-10-08 07:45:00,,Avocado,,,,,1.5
18179,351,2,0.0,19.3,Toasted Roll,1,Kitchen,9.0,3,BACON-EGG,7.0,2021-12-11 08:29:35,,Hash Brown,,,,,2.0
13015,136,2,0.0,19.3,Toasted Roll,1,Kitchen,9.0,3,BACON-EGG,7.0,2021-06-04 08:02:54,,Hash Brown,,,,,2.0
15943,193,2,0.0,19.3,Toasted Roll,1,Kitchen,7.0,2,BACON-EGG,7.0,2021-09-24 07:30:00,,BBQ Sauce,,,,,0.0
15943,193,2,0.0,19.3,Toasted Roll,1,Kitchen,7.0,3,BACON-EGG,7.0,2021-09-24 07:30:00,,BBQ Sauce,,,,,0.0
24029,1240,2,0.0,19.3,Hot Potatoes,1,Kitchen,14.9,2,COLESLAW,11.9,2022-08-06 10:45:00,,Bacon,,,,,3.0
25781,1295,2,0.0,32.1,Kids Crepes,1,Kitchen,8.0,3,CREAM,6.0,2022-10-08 09:57:17,,,,,,Strawberries,2.0
25781,1295,2,0.0,32.1,Toastie,1,Kitchen,8.0,4,BACON-EGG,8.0,2022-10-08 09:57:17,White,Tomato Sauce,,,,,0.0
24601,290,2,0.0,32.1,Toastie,1,Kitchen,9.0,4,BACON-EGG-CHEESE,9.0,2022-08-27 12:25:54,White,Tomato Sauce,,,,,0.0
39087,585,2,0.0,32.1,Toasted Roll,1,Kitchen,10.0,3,BACON-EGG-CHEESE,10.0,2024-01-13 12:10:49,,"Tomato Sauce, BBQ Sauce, Salt and Pepper",,,,,0.0
39087,585,2,0.0,32.1,Toastie,1,Kitchen,10.5,4,HAM-CHEESE-TOMATO,10.5,2024-01-13 12:10:49,White,Salt and Pepper,,,,,0.0
33491,127,2,0.0,32.1,Toastie,1,Kitchen,8.5,3,HAM-CHEESE,8.5,2023-07-08 10:33:45,Multigrain,Tomato Sauce,,,,,0.0
33491,127,2,0.0,32.1,Toastie,1,Kitchen,8.5,4,HAM-CHEESE,8.5,2023-07-08 10:33:45,White,Tomato Sauce,,,,,0.0
24283,651,2,0.0,32.1,Toasted Roll,1,Kitchen,9.0,3,BACON-EGG-CHEESE,9.0,2022-08-16 08:15:00,,Tomato Sauce,,,,,0.0
24283,651,2,0.0,32.1,Toasted Roll,1,Kitchen,9.0,4,BACON-EGG-CHEESE,9.0,2022-08-16 08:15:00,,Tomato Sauce,,,,,0.0
15579,901,2,0.0,44.9,(Main) Pasta,1,Kitchen,12.9,1,SPAGNAPOLI,12.9,2021-09-11 12:25:11,,,,,Fettuccini,,0.0
19503,782,2,0.0,14.2,Toasted Roll,1,Kitchen,8.0,2,BACON-EGG-CHEESE,8.0,2022-02-18 06:29:50,,Tomato Sauce,,,,,0.0
13834,782,2,0.0,14.2,Toasted Roll,1,Kitchen,8.0,2,BACON-EGG-CHEESE,8.0,2021-07-07 06:17:49,,BBQ Sauce,,,,,0.0
3490,20,10,0.0,14.2,Toasted Roll,1,Kitchen,8.5,3,BACON-EGG,7.0,2019-08-20 08:59:47,,"Tomato Sauce, Avocado, Salt and Pepper",,,,,1.5
15841,797,2,0.0,14.2,Toasted Roll,1,Kitchen,10.0,2,BACON-EGG-CHEESE,8.0,2021-09-20 09:40:41,,"Tomato Sauce, Hash Brown",,,,,2.0
9370,587,2,0.0,14.2,Toastie,1,Kitchen,8.5,2,HAM-CHEESE,7.0,2020-12-06 10:05:10,Dark Rye,Avocado,,,,,1.5
9253,337,0,0.0,14.2,Toastie,1,Kitchen,7.0,3,BACON-EGG,7.0,2020-12-01 10:17:37,White,Tomato Sauce,,,,,0.0
7299,337,2,0.0,14.2,Toastie,1,Kitchen,7.0,3,BACON-EGG,7.0,2020-09-18 10:53:07,White,Tomato Sauce,,,,,0.0
31823,620,2,0.0,14.2,Muffin,1,Kitchen,3.9,3,ORANGE-POPPYSEED,3.9,2023-05-15 08:15:00,,,No,,,,0.0
10887,109,2,0.0,14.2,Toastie,1,Kitchen,8.5,2,EGG-CHEESE,7.0,2021-02-28 09:26:27,Dark Rye,Avocado,,,,,1.5
10748,109,2,0.0,14.2,Toastie,1,Kitchen,8.5,2,EGG-CHEESE,7.0,2021-02-20 09:30:21,Dark Rye,Avocado,,,,,1.5
10703,109,2,0.0,14.2,Toastie,1,Kitchen,8.5,2,EGG-CHEESE,7.0,2021-02-18 07:34:59,Dark Rye,Avocado,,,,,1.5
10677,109,2,0.0,14.2,Toastie,1,Kitchen,8.5,2,EGG-CHEESE,7.0,2021-02-17 07:33:23,Dark Rye,Avocado,,,,,1.5
10639,109,2,0.0,14.2,Toastie,1,Kitchen,8.5,2,EGG-CHEESE,7.0,2021-02-15 09:57:19,Dark Rye,Avocado,,,,,1.5
10571,109,2,0.0,14.2,Toastie,1,Kitchen,8.5,2,EGG-CHEESE,7.0,2021-02-12 07:38:22,Dark Rye,Avocado,,,,,1.5
10552,109,2,0.0,14.2,Toastie,1,Kitchen,8.5,2,EGG-CHEESE,7.0,2021-02-11 07:40:58,Dark Rye,Avocado,,,,,1.5
10505,109,2,0.0,14.2,Toastie,1,Kitchen,8.5,2,EGG-CHEESE,7.0,2021-02-09 07:42:07,Dark Rye,Avocado,,,,,1.5
10439,109,2,0.0,14.2,Toastie,1,Kitchen,8.5,2,EGG-CHEESE,7.0,2021-02-05 09:10:54,Dark Rye,Avocado,,,,,1.5
10234,109,2,0.0,14.2,Toastie,1,Kitchen,8.5,2,EGG-CHEESE,7.0,2021-01-27 07:27:02,Dark Rye,Avocado,,,,,1.5
10208,109,2,0.0,14.2,Toastie,1,Kitchen,8.5,2,EGG-CHEESE,7.0,2021-01-25 10:06:37,Dark Rye,Avocado,,,,,1.5
10197,109,2,0.0,14.2,Toastie,1,Kitchen,8.5,2,EGG-CHEESE,7.0,2021-01-24 10:22:32,Dark Rye,Avocado,,,,,1.5
10166,109,2,0.0,14.2,Toastie,1,Kitchen,8.5,2,EGG-CHEESE,7.0,2021-01-22 07:40:12,Dark Rye,Avocado,,,,,1.5
10147,109,2,0.0,14.2,Toastie,1,Kitchen,8.5,2,EGG-CHEESE,7.0,2021-01-21 07:31:27,Dark Rye,Avocado,,,,,1.5
10110,109,2,0.0,14.2,Toastie,1,Kitchen,8.5,2,EGG-CHEESE,7.0,2021-01-19 07:40:56,Dark Rye,Avocado,,,,,1.5
10088,109,2,0.0,14.2,Toastie,1,Kitchen,8.5,2,EGG-CHEESE,7.0,2021-01-18 07:44:07,Dark Rye,Avocado,,,,,1.5
10064,109,2,0.0,14.2,Toastie,1,Kitchen,8.5,2,EGG-CHEESE,7.0,2021-01-17 09:31:52,Dark Rye,Avocado,,,,,1.5
10021,109,2,0.0,14.2,Toastie,1,Kitchen,8.5,2,EGG-CHEESE,7.0,2021-01-15 07:35:59,Dark Rye,Avocado,,,,,1.5
10001,109,2,0.0,14.2,Toastie,1,Kitchen,8.5,2,EGG-CHEESE,7.0,2021-01-14 07:13:35,Dark Rye,Avocado,,,,,1.5
9982,109,2,0.0,14.2,Toastie,1,Kitchen,8.5,2,EGG-CHEESE,7.0,2021-01-13 07:37:50,Dark Rye,Avocado,,,,,1.5
9960,109,2,0.0,14.2,Toastie,1,Kitchen,8.5,2,EGG-CHEESE,7.0,2021-01-12 07:42:08,Dark Rye,Avocado,,,,,1.5
9939,109,2,0.0,14.2,Toastie,1,Kitchen,8.5,2,EGG-CHEESE,7.0,2021-01-10 10:38:46,Dark Rye,Avocado,,,,,1.5
9923,109,2,0.0,14.2,Toastie,1,Kitchen,8.5,2,EGG-CHEESE,7.0,2021-01-09 10:09:33,Dark Rye,Avocado,,,,,1.5
9908,109,2,0.0,14.2,Toastie,1,Kitchen,8.5,2,HAM-CHEESE,7.0,2021-01-08 09:49:36,Dark Rye,Avocado,,,,,1.5
9890,109,2,0.0,14.2,Toastie,1,Kitchen,8.5,2,EGG-CHEESE,7.0,2021-01-07 10:06:30,Dark Rye,Avocado,,,,,1.5
9869,109,2,0.0,14.2,Toastie,1,Kitchen,8.5,2,EGG-CHEESE,7.0,2021-01-06 10:05:51,Dark Rye,Avocado,,,,,1.5
9854,109,2,0.0,14.2,Toastie,1,Kitchen,8.5,2,EGG-CHEESE,7.0,2021-01-05 11:11:23,Dark Rye,Avocado,,,,,1.5
9724,109,2,0.0,14.2,Toastie,1,Kitchen,8.5,2,EGG-CHEESE,7.0,2020-12-21 10:08:51,Dark Rye,Avocado,,,,,1.5
9689,109,2,0.0,14.2,Toastie,1,Kitchen,8.5,2,EGG-CHEESE,7.0,2020-12-20 08:30:10,Dark Rye,Avocado,,,,,1.5
9625,109,2,0.0,14.2,Toastie,1,Kitchen,8.5,2,EGG-CHEESE,7.0,2020-12-17 07:36:04,Dark Rye,Avocado,,,,,1.5
9562,109,2,0.0,14.2,Toastie,1,Kitchen,8.5,2,EGG-CHEESE,7.0,2020-12-14 07:45:40,Dark Rye,Avocado,,,,,1.5
9494,109,2,0.0,14.2,Toastie,1,Kitchen,8.5,2,EGG-CHEESE,7.0,2020-12-11 07:39:46,Dark Rye,Avocado,,,,,1.5
9470,109,2,0.0,14.2,Toastie,1,Kitchen,8.5,2,EGG-CHEESE,7.0,2020-12-10 07:39:05,Dark Rye,Avocado,,,,,1.5
9445,109,2,0.0,14.2,Toastie,1,Kitchen,8.5,2,EGG-CHEESE,7.0,2020-12-09 07:42:35,Dark Rye,Avocado,,,,,1.5
9415,109,2,0.0,14.2,Toastie,1,Kitchen,8.5,2,EGG-CHEESE,7.0,2020-12-08 07:40:35,Dark Rye,Avocado,,,,,1.5
9391,109,2,0.0,14.2,Toastie,1,Kitchen,8.5,2,EGG-CHEESE,7.0,2020-12-07 07:40:33,Dark Rye,Avocado,,,,,1.5
9347,109,2,0.0,14.2,Toastie,1,Kitchen,8.5,2,EGG-CHEESE,7.0,2020-12-05 10:34:51,Dark Rye,Avocado,,,,,1.5
9293,109,2,0.0,14.2,Toastie,1,Kitchen,8.5,2,EGG-CHEESE,7.0,2020-12-03 07:39:41,Dark Rye,Avocado,,,,,1.5
9270,109,2,0.0,14.2,Toastie,1,Kitchen,8.5,2,EGG-CHEESE,7.0,2020-12-02 07:42:59,Dark Rye,Avocado,,,,,1.5
9241,109,2,0.0,14.2,Toastie,1,Kitchen,8.5,2,EGG-CHEESE,7.0,2020-12-01 07:40:20,Dark Rye,Avocado,,,,,1.5
9221,109,2,0.0,14.2,Toastie,1,Kitchen,8.5,2,EGG-CHEESE,7.0,2020-11-30 07:40:43,Dark Rye,Avocado,,,,,1.5
9149,109,2,0.0,14.2,Toastie,1,Kitchen,8.5,2,EGG-CHEESE,7.0,2020-11-27 07:37:14,Dark Rye,Avocado,,,,,1.5
9125,109,2,0.0,14.2,Toastie,1,Kitchen,8.5,2,EGG-CHEESE,7.0,2020-11-26 07:36:14,Dark Rye,Avocado,,,,,1.5
9102,109,2,0.0,14.2,Toastie,1,Kitchen,8.5,2,EGG-CHEESE,7.0,2020-11-25 07:39:37,Dark Rye,Avocado,,,,,1.5
9073,109,2,0.0,14.2,Toastie,1,Kitchen,8.5,2,EGG-CHEESE,7.0,2020-11-24 07:42:58,Dark Rye,Avocado,,,,,1.5
9005,109,2,0.0,14.2,Toastie,1,Kitchen,8.5,2,EGG-CHEESE,7.0,2020-11-21 09:42:02,Dark Rye,Avocado,,,,,1.5
8979,109,2,0.0,14.2,Toastie,1,Kitchen,8.5,2,EGG-CHEESE,7.0,2020-11-20 07:39:48,Dark Rye,Avocado,,,,,1.5
8956,109,2,0.0,14.2,Toastie,1,Kitchen,8.5,2,EGG-CHEESE,7.0,2020-11-19 07:43:18,Dark Rye,Avocado,,,,,1.5
8930,109,2,0.0,14.2,Toastie,1,Kitchen,8.5,2,EGG-CHEESE,7.0,2020-11-18 07:39:47,Dark Rye,Avocado,,,,,1.5
8900,109,2,0.0,14.2,Toastie,1,Kitchen,8.5,2,EGG-CHEESE,7.0,2020-11-16 07:37:23,Dark Rye,Avocado,,,,,1.5
8887,109,2,0.0,14.2,Toastie,1,Kitchen,8.5,2,EGG-CHEESE,7.0,2020-11-15 09:21:12,Dark Rye,Avocado,,,,,1.5
8861,109,2,0.0,14.2,Toastie,1,Kitchen,8.5,2,EGG-CHEESE,7.0,2020-11-14 09:11:03,Dark Rye,Avocado,,,,,1.5
8716,109,2,0.0,14.2,Toastie,1,Kitchen,8.5,2,EGG-CHEESE,7.0,2020-11-08 10:40:21,Dark Rye,Avocado,,,,,1.5
8660,109,2,0.0,14.2,Toastie,1,Kitchen,8.5,2,EGG-CHEESE,7.0,2020-11-06 07:29:29,Dark Rye,Avocado,,,,,1.5
8607,109,2,0.0,14.2,Toastie,1,Kitchen,8.5,2,EGG-CHEESE,7.0,2020-11-04 07:36:37,Dark Rye,Avocado,,,,,1.5
8567,109,2,0.0,14.2,Toastie,1,Kitchen,8.5,2,EGG-CHEESE,7.0,2020-11-02 09:48:03,Dark Rye,Avocado,,,,,1.5
8512,109,2,0.0,14.2,Toastie,1,Kitchen,8.5,2,EGG-CHEESE,7.0,2020-10-31 09:33:35,Dark Rye,Avocado,,,,,1.5
8472,109,2,0.0,14.2,Toastie,1,Kitchen,8.5,2,EGG-CHEESE,7.0,2020-10-30 07:31:03,Dark Rye,Avocado,,,,,1.5
8442,109,2,0.0,14.2,Toastie,1,Kitchen,8.5,2,EGG-CHEESE,7.0,2020-10-29 07:34:18,Dark Rye,Avocado,,,,,1.5
8411,109,2,0.0,14.2,Toastie,1,Kitchen,8.5,2,EGG-CHEESE,7.0,2020-10-28 07:43:22,Dark Rye,Avocado,,,,,1.5
8397,109,2,0.0,14.2,Toastie,1,Kitchen,8.5,2,EGG-CHEESE,7.0,2020-10-27 10:38:51,Dark Rye,Avocado,,,,,1.5
8369,109,2,0.0,14.2,Toastie,1,Kitchen,8.5,2,EGG-CHEESE,7.0,2020-10-26 10:35:33,Dark Rye,Avocado,,,,,1.5
8342,109,2,0.0,14.2,Toastie,1,Kitchen,8.5,2,EGG-CHEESE,7.0,2020-10-25 10:32:32,Dark Rye,Avocado,,,,,1.5
8214,109,2,0.0,14.2,Toastie,1,Kitchen,8.5,2,EGG-CHEESE,7.0,2020-10-21 07:39:48,Dark Rye,Avocado,,,,,1.5
8175,109,2,0.0,14.2,Toastie,1,Kitchen,8.5,2,EGG-CHEESE,7.0,2020-10-20 07:39:31,Dark Rye,Avocado,,,,,1.5
8042,109,2,0.0,14.2,Toastie,1,Kitchen,8.5,2,EGG-CHEESE,7.0,2020-10-16 07:28:58,Dark Rye,Avocado,,,,,1.5
8010,109,2,0.0,14.2,Toastie,1,Kitchen,8.5,2,EGG-CHEESE,7.0,2020-10-15 07:30:37,Dark Rye,Avocado,,,,,1.5
7972,109,2,0.0,14.2,Toastie,1,Kitchen,8.5,2,EGG-CHEESE,7.0,2020-10-14 07:32:00,Dark Rye,Avocado,,,,,1.5
7941,109,2,0.0,14.2,Toastie,1,Kitchen,8.5,2,EGG-CHEESE,7.0,2020-10-13 07:32:46,Dark Rye,Avocado,,,,,1.5
7912,109,2,0.0,14.2,Toastie,1,Kitchen,8.5,2,EGG-CHEESE,7.0,2020-10-12 07:36:03,Dark Rye,Avocado,,,,,1.5
7848,109,2,0.0,14.2,Toastie,1,Kitchen,8.5,2,EGG-CHEESE,7.0,2020-10-09 10:50:34,Dark Rye,Avocado,,,,,1.5
7817,109,2,0.0,14.2,Toastie,1,Kitchen,8.5,2,EGG-CHEESE,7.0,2020-10-08 07:32:57,Dark Rye,Avocado,,,,,1.5
7786,109,2,0.0,14.2,Toastie,1,Kitchen,8.5,2,EGG-CHEESE,7.0,2020-10-07 07:34:01,Dark Rye,Avocado,,,,,1.5
7758,109,2,0.0,14.2,Toastie,1,Kitchen,8.5,2,EGG-CHEESE,7.0,2020-10-06 07:33:07,Dark Rye,Avocado,,,,,1.5
7741,109,2,0.0,14.2,Toastie,1,Kitchen,8.5,2,EGG-CHEESE,7.0,2020-10-05 07:34:13,Dark Rye,Avocado,,,,,1.5
31760,638,2,0.0,14.2,Toasted Roll,1,Kitchen,8.5,2,BACON-EGG,8.5,2023-05-13 08:41:53,,BBQ Sauce,,,,,0.0
18538,936,2,0.0,14.2,Toasted Roll,1,Kitchen,10.0,2,BACON-EGG-CHEESE,8.0,2022-01-08 10:41:54,,"Tomato Sauce, Hash Brown, Salt and Pepper",,,,,2.0
37849,175,2,0.0,14.2,Toastie,1,Kitchen,9.0,2,BACON-EGG,9.0,2023-11-22 09:12:02,White,Tomato Sauce,,,,,0.0
37626,175,2,0.0,14.2,Toastie,1,Kitchen,9.0,2,BACON-EGG,9.0,2023-11-15 09:07:45,White,Tomato Sauce,,,,,0.0
37408,175,1,0.0,14.2,Toastie,1,Kitchen,9.0,2,BACON-EGG,9.0,2023-11-08 09:23:03,White,Tomato Sauce,,,,,0.0
35635,175,2,0.0,14.2,Toastie,1,Kitchen,9.0,2,BACON-EGG,9.0,2023-09-13 09:12:45,White,Tomato Sauce,,,,,0.0
34950,175,2,0.0,14.2,Toastie,1,Kitchen,9.0,2,BACON-EGG,9.0,2023-08-23 09:15:38,White,Tomato Sauce,,,,,0.0
17307,714,2,0.0,14.2,Toasted Roll,1,Kitchen,9.9,2,CHICKEN-SCHNITZEL-CHEESE-LETTUCE,8.4,2021-11-09 12:31:55,,"Avocado, Salt and Pepper",,,,,1.5
15643,714,2,0.0,14.2,Toasted Roll,1,Kitchen,9.9,2,CHICKEN-SCHNITZEL-CHEESE-LETTUCE,8.4,2021-09-13 12:17:58,,Avocado,,,,,1.5
15026,714,2,0.0,14.2,Toasted Roll,1,Kitchen,9.9,2,CHICKEN-SCHNITZEL-CHEESE-LETTUCE,8.4,2021-08-23 11:53:26,,"Avocado, Salt and Pepper",,,,,1.5
14862,714,2,0.0,14.2,Toasted Roll,1,Kitchen,9.9,2,CHICKEN-SCHNITZEL-CHEESE-LETTUCE,8.4,2021-08-17 12:12:07,,"Avocado, Salt and Pepper",,,,,1.5
13521,714,2,0.0,14.2,Toasted Roll,1,Kitchen,9.9,2,CHICKEN-SCHNITZEL-CHEESE-LETTUCE,8.4,2021-06-22 13:15:00,,"Avocado, Salt and Pepper",,,,,1.5
16890,240,2,0.0,14.2,Toasted Roll,1,Kitchen,8.0,2,BACON-EGG-CHEESE,8.0,2021-10-25 10:15:37,,Tomato Sauce,,,,,0.0
14929,240,2,0.0,14.2,Toasted Roll,1,Kitchen,8.0,2,BACON-EGG-CHEESE,8.0,2021-08-20 10:17:04,,Tomato Sauce,,,,,0.0
9804,240,2,0.0,14.2,Toasted Roll,1,Kitchen,8.0,2,BACON-EGG-CHEESE,8.0,2021-01-03 09:24:56,,Tomato Sauce,,,,,0.0
7480,240,2,0.0,14.2,Toasted Roll,1,Kitchen,8.0,2,BACON-EGG-CHEESE,8.0,2020-09-25 08:01:58,,Tomato Sauce,,,,,0.0
6910,240,2,0.0,14.2,Toasted Roll,1,Kitchen,8.0,2,BACON-EGG-CHEESE,8.0,2020-09-04 08:19:32,,Tomato Sauce,,,,,0.0
6389,240,2,0.0,14.2,Toasted Roll,1,Kitchen,8.0,2,BACON-EGG-CHEESE,8.0,2020-08-13 08:22:29,,Tomato Sauce,,,,,0.0
19929,13,2,0.0,27.0,Toasted Roll,1,Kitchen,8.0,3,BACON-EGG-CHEESE,8.0,2022-03-05 07:54:19,,"Tomato Sauce, Salt and Pepper",,,,,0.0
19929,13,2,0.0,27.0,Toasted Roll,1,Kitchen,9.0,4,BACON-EGG,7.0,2022-03-05 07:54:19,,"BBQ Sauce, Hash Brown",,,,,2.0
10030,13,2,0.0,27.0,Toasted Roll,1,Kitchen,8.0,4,BACON-EGG-CHEESE,8.0,2021-01-15 09:00:14,,"Tomato Sauce, Salt and Pepper",,,,,0.0
8304,531,2,0.0,27.0,Toasted Roll,1,Kitchen,8.0,3,BACON-EGG-CHEESE,8.0,2020-10-24 08:02:10,,"BBQ Sauce, Salt and Pepper",,,,,0.0
8304,531,2,0.0,27.0,Toasted Roll,1,Kitchen,8.0,4,BACON-EGG-CHEESE,8.0,2020-10-24 08:02:10,,"BBQ Sauce, Salt and Pepper",,,,,0.0
5786,44,2,0.0,27.0,Toasted Roll,1,Kitchen,8.0,4,BACON-EGG-CHEESE,8.0,2020-07-16 11:04:31,,BBQ Sauce,,,,,0.0
15948,304,2,0.0,27.0,Toastie,1,Kitchen,8.0,4,BACON-EGG-CHEESE,8.0,2021-09-24 08:38:33,Multigrain,Tomato Sauce,,,,,0.0
19382,1079,2,0.0,27.0,Big Breakfast,1,Kitchen,18.2,1,SCRAMBLED,17.2,2022-02-12 12:18:34,Sourdough,Hollandaise,,,,,1.0
27323,67,2,0.0,27.0,Toastie,1,Kitchen,10.0,2,BACON-EGG-CHEESE,9.0,2022-12-01 10:07:39,Sourdough,Salt and Pepper,,,,,1.0
27323,67,2,0.0,27.0,Toastie,1,Kitchen,10.0,3,BACON-EGG-CHEESE,9.0,2022-12-01 10:07:39,Sourdough,"Tomato Sauce, Salt and Pepper",,,,,1.0
20690,79,2,0.0,27.0,Toasted Roll,1,Kitchen,7.0,2,BACON-EGG,7.0,2022-04-03 11:22:30,,Salt and Pepper,,,,,0.0
20690,79,2,0.0,27.0,Toasted Roll,1,Kitchen,7.0,3,BACON-EGG,7.0,2022-04-03 11:22:30,,Salt and Pepper,,,,,0.0
20690,79,2,0.0,27.0,Toastie,1,Kitchen,7.0,4,HAM-CHEESE,7.0,2022-04-03 11:22:30,White,Tomato Sauce,,,,,0.0
27538,1103,2,0.0,27.0,Toastie,1,Kitchen,9.0,3,HAM-CHEESE-TOMATO,9.0,2022-12-08 10:26:13,White,Salt and Pepper,,,,,0.0
27538,1103,2,0.0,27.0,Toastie,1,Kitchen,8.0,4,BACON-CHEESE,8.0,2022-12-08 10:26:13,Multigrain,"BBQ Sauce, Salt and Pepper",,,,,0.0
13234,92,2,0.0,27.0,(Entree) Pasta,1,Kitchen,9.9,1,SPAGBOLG,9.9,2021-06-11 10:43:35,,,,,Gnocchi,,0.0
13234,92,2,0.0,27.0,Toasted Roll,1,Kitchen,9.5,3,BACON-EGG-CHEESE,8.0,2021-06-11 10:43:35,,"Tomato Sauce, Avocado, Salt and Pepper",,,,,1.5
23052,862,2,0.0,27.0,Toastie,1,Kitchen,8.0,3,HAM-CHEESE-TOMATO,8.0,2022-07-02 08:59:58,Multigrain,Tomato Sauce,,,,,0.0
23052,862,2,0.0,27.0,Toastie,1,Kitchen,8.5,4,HAM-CHEESE,7.0,2022-07-02 08:59:58,Dark Rye,Avocado,,,,,1.5
22565,862,2,0.0,27.0,Toastie,1,Kitchen,8.0,3,HAM-CHEESE-TOMATO,8.0,2022-06-13 09:43:21,Multigrain,Tomato Sauce,,,,,0.0
22565,862,2,0.0,27.0,Toastie,1,Kitchen,8.5,4,HAM-CHEESE,7.0,2022-06-13 09:43:21,Multigrain,Avocado,,,,,1.5
22275,123,2,0.0,27.0,Toastie,1,Kitchen,9.0,1,BACON-EGG-CHEESE,8.0,2022-06-01 11:54:07,Sourdough,"Tomato Sauce, Salt and Pepper",,,,,1.0
22275,123,2,0.0,27.0,Toastie,1,Kitchen,9.0,2,BACON-EGG-CHEESE,8.0,2022-06-01 11:54:07,Sourdough,"Tomato Sauce, Salt and Pepper",,,,,1.0
22275,123,2,0.0,27.0,Toastie,1,Kitchen,9.0,3,BACON-EGG-CHEESE,8.0,2022-06-01 11:54:07,Sourdough,Salt and Pepper,,,,,1.0
26637,651,2,0.0,27.0,Croissant,1,Kitchen,9.0,3,BACON-EGG-CHEESE,9.0,2022-11-09 08:15:00,,Salt and Pepper,,,,,0.0
25661,651,2,0.0,27.0,Croissant,1,Kitchen,9.0,3,BACON-EGG-CHEESE,9.0,2022-10-04 08:15:00,,Salt and Pepper,,,,,0.0
18788,651,2,0.0,27.0,Toastie,1,Kitchen,9.0,4,BACON-EGG-CHEESE,8.0,2022-01-21 06:31:48,Sourdough,Tomato Sauce,,,,,1.0
14114,141,2,0.0,27.0,Toastie,1,Kitchen,9.0,3,BACON-EGG,7.0,2021-07-19 06:02:59,Multigrain,"BBQ Sauce, Hash Brown",,,,,2.0
14114,141,2,0.0,27.0,Toastie,1,Kitchen,7.0,4,BACON-EGG,7.0,2021-07-19 06:02:59,Multigrain,BBQ Sauce,,,,,0.0
8324,408,2,0.0,27.0,Toasted Roll,1,Kitchen,8.0,3,BACON-EGG-CHEESE,8.0,2020-10-25 08:15:00,,"Tomato Sauce, Salt and Pepper",,,,,0.0
8324,408,2,0.0,27.0,Toastie,1,Kitchen,8.0,4,BACON-EGG-CHEESE,8.0,2020-10-25 08:15:00,White,Tomato Sauce,,,,,0.0
21949,161,2,0.0,27.0,Toasted Roll,1,Kitchen,8.0,3,BACON-EGG-CHEESE,8.0,2022-05-21 11:05:41,,"BBQ Sauce, Salt and Pepper",,,,,0.0
17404,929,2,0.0,27.0,Toasted Roll,1,Kitchen,9.0,1,BACON-EGG,7.0,2021-11-12 11:06:22,,"BBQ Sauce, Hash Brown",,,,,2.0
17404,929,2,0.0,27.0,Toasted Roll,1,Kitchen,9.0,2,BACON-EGG,7.0,2021-11-12 11:06:22,,"BBQ Sauce, Hash Brown",,,,,2.0
17404,929,2,0.0,27.0,Toasted Roll,1,Kitchen,9.0,3,BACON-EGG,7.0,2021-11-12 11:06:22,,"BBQ Sauce, Hash Brown",,,,,2.0
6715,421,0,0.0,27.0,Build Your Own Breakfast,1,Kitchen,14.4,1,POACHED,7.9,2020-08-28 07:16:07,Sourdough,"Bacon, Sauteed Mushrooms",,,,,6.5
6715,421,0,0.0,27.0,Kids Pancakes,1,Kitchen,7.9,2,CREAM,5.9,2020-08-28 07:16:07,,,,,,Strawberries,2.0
14163,426,2,0.0,27.0,Toasted Roll,1,Kitchen,8.0,3,BACON-EGG-CHEESE,8.0,2021-07-21 09:08:27,,Salt and Pepper,,,,,0.0
14163,426,2,0.0,27.0,Toastie,1,Kitchen,7.0,4,BACON-CHEESE,7.0,2021-07-21 09:08:27,White,Tomato Sauce,,,,,0.0
32266,1471,2,0.0,27.0,Toasted Roll,2,Kitchen,19.0,2,BACON-EGG-CHEESE,9.5,2023-05-29 08:39:21,,BBQ Sauce,,,,,0.0
24280,1223,2,0.0,27.0,Toastie,1,Kitchen,8.0,3,HAM-CHEESE,8.0,2022-08-16 07:20:38,White,Tomato Sauce,,,,,0.0
24280,1223,2,0.0,27.0,Toastie,1,Kitchen,8.0,4,BACON-EGG,8.0,2022-08-16 07:20:38,White,Tomato Sauce,,,,,0.0
9425,248,2,0.0,27.0,Toasted Roll,1,Kitchen,10.0,3,BACON-EGG-CHEESE,8.0,2020-12-08 09:03:36,,"Hash Brown, Salt and Pepper",,,,,2.0
9425,248,2,0.0,27.0,Toastie,1,Kitchen,7.0,4,EGG-CHEESE,7.0,2020-12-08 09:03:36,White,Tomato Sauce,,,,,0.0
9400,248,2,0.0,27.0,Toasted Roll,1,Kitchen,10.0,3,BACON-EGG-CHEESE,8.0,2020-12-07 08:59:32,,"Hash Brown, Salt and Pepper",,,,,2.0
9400,248,2,0.0,27.0,Toastie,1,Kitchen,7.0,4,EGG-CHEESE,7.0,2020-12-07 08:59:32,White,"Tomato Sauce, Salt and Pepper",,,,,0.0
32461,1018,2,0.0,27.0,Toasted Roll,1,Kitchen,11.5,3,BACON-EGG-CHEESE,9.5,2023-06-04 10:48:35,,Hash Brown,,,,,2.0
35883,77,2,0.0,39.8,Toasted Roll,2,Kitchen,20.0,3,BACON-EGG-CHEESE,10.0,2023-09-21 08:46:51,,"Tomato Sauce, Salt and Pepper",,,,,0.0
35883,77,2,0.0,39.8,Build Your Own Breakfast,1,Kitchen,10.2,1,SCRAMBLED,10.2,2023-09-21 08:46:51,White,"Bacon, Hollandaise, Sauteed Mushrooms",,,,,0.0
14836,856,2,0.0,39.8,Deep Fryer,1,Kitchen,8.0,3,WEDGES,7.5,2021-08-16 11:15:00,,,,Sweet and sour sauce,,,0.5
14836,856,2,0.0,39.8,(Main) Pasta,1,Kitchen,13.0,1,SPAGBOLG,13.0,2021-08-16 11:15:00,,,,,Gnocchi,,0.0
14836,856,2,0.0,39.8,Kids Pancakes,1,Kitchen,8.0,4,ICECREAM,6.0,2021-08-16 11:15:00,,,,,,Strawberries,2.0
40014,1149,2,0.0,39.8,Toastie,1,Kitchen,12.5,4,BACON-EGG-CHEESE,10.5,2024-02-15 10:04:35,White,"Tomato Sauce, Hash Brown",,,,,2.0
28687,231,2,0.0,39.8,Toastie,1,Kitchen,9.5,4,HAM-CHEESE-TOMATO,9.5,2023-01-31 12:17:31,White,Tomato Sauce,,,,,0.0
36830,1400,2,0.0,91.0,Toastie,1,Kitchen,10.5,5,BACON-EGG-CHEESE,10.5,2023-10-20 08:45:00,Dark Rye,"Tomato Sauce, Salt and Pepper",,,,,0.0
36830,1400,2,0.0,91.0,Toastie,1,Kitchen,8.0,6,EGG,8.0,2023-10-20 08:45:00,Dark Rye,Salt and Pepper,,,,,0.0
36830,1400,2,0.0,91.0,Toastie,1,Kitchen,10.5,7,HAM-CHEESE-TOMATO,10.5,2023-10-20 08:45:00,White,Salt and Pepper,,,,,0.0
36830,1400,2,0.0,91.0,Toasted Roll,3,Kitchen,36.0,2,BACON-EGG-CHEESE,10.0,2023-10-20 08:45:00,,"BBQ Sauce, Hash Brown, Salt and Pepper",,,,,2.0
36830,1400,2,0.0,91.0,Toasted Roll,1,Kitchen,10.0,3,BACON-EGG-CHEESE,10.0,2023-10-20 08:45:00,,"BBQ Sauce, Salt and Pepper",,,,,0.0
36830,1400,2,0.0,91.0,Toasted Roll,1,Kitchen,12.0,4,BACON-EGG-CHEESE,10.0,2023-10-20 08:45:00,,"Tomato Sauce, Hash Brown, Salt and Pepper",,,,,2.0
31865,1027,2,0.0,9.1,Muffin,1,Kitchen,3.9,2,RASPBERRY-WHITECHOC,3.9,2023-05-16 09:16:01,,,Yes,,,,0.0
29137,77,2,0.0,9.1,Muffin,1,Kitchen,3.9,2,ORANGE-POPPYSEED,3.9,2023-02-16 09:04:36,,,No,,,,0.0
30391,1433,2,0.0,9.1,Muffin,1,Kitchen,3.9,2,APPLE-CINNAMON,3.9,2023-03-29 08:46:28,,,Yes,,,,0.0
32743,1224,2,0.0,9.1,Muffin,1,Kitchen,3.9,2,APPLE-CINNAMON,3.9,2023-06-14 07:42:50,,,No,,,,0.0
32601,1224,2,0.0,9.1,Muffin,1,Kitchen,3.9,2,BLUEBERRY,3.9,2023-06-09 07:42:20,,,No,,,,0.0
32387,1224,2,0.0,9.1,Muffin,1,Kitchen,3.9,2,APPLE-CINNAMON,3.9,2023-06-02 07:42:32,,,No,,,,0.0
30379,1224,2,0.0,9.1,Muffin,1,Kitchen,3.9,2,APPLE-CINNAMON,3.9,2023-03-29 07:35:27,,,No,,,,0.0
30311,1224,2,0.0,9.1,Muffin,1,Kitchen,3.9,2,APPLE-CINNAMON,3.9,2023-03-27 07:47:35,,,No,,,,0.0
30226,1224,0,0.0,9.1,Muffin,1,Kitchen,3.9,2,APPLE-CINNAMON,3.9,2023-03-24 07:31:28,,,No,,,,0.0
30195,1224,2,0.0,9.1,Muffin,1,Kitchen,3.9,2,APPLE-CINNAMON,3.9,2023-03-23 07:32:44,,,No,,,,0.0
29294,1224,2,0.0,9.1,Muffin,1,Kitchen,3.9,2,APPLE-CINNAMON,3.9,2023-02-22 07:38:16,,,No,,,,0.0
29238,1224,2,0.0,9.1,Muffin,1,Kitchen,3.9,2,APPLE-CINNAMON,3.9,2023-02-20 07:27:12,,,No,,,,0.0
29126,1224,2,0.0,9.1,Muffin,1,Kitchen,3.9,2,APPLE-CINNAMON,3.9,2023-02-16 07:32:38,,,No,,,,0.0
14438,10,2,0.0,21.9,Build Your Own Breakfast,1,Kitchen,13.9,1,SCRAMBLED,7.9,2021-08-01 09:15:00,White,"Bacon, Avocado",,,,,6.0
13982,12,2,0.0,21.9,Build Your Own Breakfast,1,Kitchen,16.9,1,SCRAMBLED,7.9,2021-07-13 08:27:55,White,"Bacon, Hollandaise, Sauteed Mushrooms",,,,,8.999999999999998
13485,12,2,0.0,21.9,Build Your Own Breakfast,1,Kitchen,16.9,1,SCRAMBLED,7.9,2021-06-21 08:12:22,White,"Bacon, Hollandaise, Sauteed Mushrooms",,,,,8.999999999999998
13326,12,2,0.0,21.9,Build Your Own Breakfast,1,Kitchen,16.9,1,SCRAMBLED,7.9,2021-06-15 08:40:21,White,"Bacon, Hollandaise, Sauteed Mushrooms",,,,,8.999999999999998
12119,12,2,0.0,21.9,Build Your Own Breakfast,1,Kitchen,16.9,1,SCRAMBLED,7.9,2021-04-28 08:25:00,White,"Bacon, Hollandaise, Sauteed Mushrooms",,,,,8.999999999999998
11382,12,2,0.0,21.9,Build Your Own Breakfast,1,Kitchen,16.9,1,SCRAMBLED,7.9,2021-03-25 08:28:25,White,"Bacon, Hollandaise, Sauteed Mushrooms",,,,,8.999999999999998
15942,13,2,0.0,21.9,Toasted Roll,1,Kitchen,8.0,4,BACON-EGG-CHEESE,8.0,2021-09-24 07:01:01,,"Tomato Sauce, Salt and Pepper",,,,,0.0
19150,797,2,0.0,21.9,Toasted Roll,1,Kitchen,10.0,5,BACON-EGG-CHEESE,8.0,2022-02-04 09:14:31,,"Tomato Sauce, Hash Brown",,,,,2.0
14875,324,2,0.0,21.9,Toastie,1,Kitchen,10.9,3,CHICKEN-SCHNITZEL-CHEESE-LETTUCE,8.4,2021-08-18 09:28:51,Sourdough,Avocado,,,,,2.5
6619,324,2,0.0,21.9,Toastie,1,Kitchen,7.0,2,HAM-CHEESE,7.0,2020-08-23 14:23:44,White,Tomato Sauce,,,,,0.0
6619,324,2,0.0,21.9,Toastie,1,Kitchen,9.9,3,CHICKEN-SCHNITZEL-CHEESE-LETTUCE,8.4,2020-08-23 14:23:44,White,Avocado,,,,,1.5
37412,330,2,0.0,21.9,Toastie,1,Kitchen,10.5,3,BACON-EGG-CHEESE,10.5,2023-11-08 09:56:49,White,Tomato Sauce,,,,,0.0
20984,77,2,0.0,21.9,Eggs Benedict,1,Kitchen,16.9,1,BACON,14.9,2022-04-14 08:30:00,,,,Hashbrown,,,1.9999999999999982
15404,337,2,0.0,21.9,Toastie,1,Kitchen,7.0,4,BACON-EGG,7.0,2021-09-05 10:31:49,White,Tomato Sauce,,,,,0.0
34599,862,2,0.0,21.9,Toastie,1,Kitchen,10.5,3,HAM-CHEESE-TOMATO,10.5,2023-08-12 08:42:29,Multigrain,Tomato Sauce,,,,,0.0
9186,351,2,0.0,21.9,Toastie,1,Kitchen,7.0,4,CHEESE-TOMATO,7.0,2020-11-28 12:41:19,White,Tomato Sauce,,,,,0.0
9186,351,2,0.0,21.9,Toastie,1,Kitchen,6.0,5,CHEESE,6.0,2020-11-28 12:41:19,White,Tomato Sauce,,,,,0.0
12392,404,2,0.0,21.9,Toastie,1,Kitchen,7.0,2,BACON-EGG,7.0,2021-05-09 14:06:06,Multigrain,BBQ Sauce,,,,,0.0
12392,404,2,0.0,21.9,Toastie,1,Kitchen,9.9,3,CHICKEN-SCHNITZEL-CHEESE-LETTUCE,8.4,2021-05-09 14:06:06,White,Avocado,,,,,1.5
28518,421,2,0.0,21.9,Kids Crepes,1,Kitchen,8.0,1,ICECREAM,6.0,2023-01-24 07:32:00,,,,,,Strawberries,2.0
28518,421,2,0.0,21.9,Toastie,1,Kitchen,10.5,3,BACON-EGG,8.5,2023-01-24 07:32:00,White,Hash Brown,,,,,2.0
23502,446,2,0.0,21.9,Muffin,1,Kitchen,3.9,4,CHOC-MUD,3.9,2022-07-20 08:57:56,,,Yes,,,,0.0
23502,446,2,0.0,21.9,Muffin,1,Kitchen,3.9,5,RASPBERRY-WHITECHOC,3.9,2022-07-20 08:57:56,,,Yes,,,,0.0
34866,234,2,0.0,21.9,Muffin,1,Kitchen,4.5,4,CHOC-MUD,4.5,2023-08-20 12:25:27,,,Yes,,,,0.0
6731,252,2,0.0,21.9,Toastie,1,Kitchen,8.4,3,CHICKEN-SCHNITZEL-CHEESE-LETTUCE,8.4,2020-08-28 13:42:17,Multigrain,Tomato Sauce,,,,,0.0
6731,252,2,0.0,21.9,Deep Fryer,1,Kitchen,6.5,1,CHIPS,6.0,2020-08-28 13:42:17,,,,Sweet and sour sauce,,,0.5
31522,375,2,0.0,34.7,Toasted Roll,1,Kitchen,10.5,4,BACON-EGG,8.5,2023-05-06 09:00:00,,Hash Brown,,,,,2.0
34036,1148,2,0.0,34.7,Muffin,1,Kitchen,4.5,4,RASPBERRY-WHITECHOC,4.5,2023-07-25 09:52:53,,,No,,,,0.0
34036,1148,2,0.0,34.7,Muffin,1,Kitchen,4.5,5,CHOC-MUD,4.5,2023-07-25 09:52:53,,,No,,,,0.0
34036,1148,2,0.0,34.7,Toastie,1,Kitchen,9.0,6,CHEESE-TOMATO,9.0,2023-07-25 09:52:53,White,Tomato Sauce,,,,,0.0
32234,228,2,0.0,34.7,Muffin,1,Kitchen,3.9,7,RASPBERRY-WHITECHOC,3.9,2023-05-28 10:22:35,,,Yes,,,,0.0
32234,228,2,0.0,34.7,Muffin,1,Kitchen,3.9,8,APPLE-CINNAMON,3.9,2023-05-28 10:22:35,,,Yes,,,,0.0
21605,228,2,0.0,34.7,Build Your Own Breakfast,1,Kitchen,12.0,2,FRIED,8.0,2022-05-08 10:28:15,Sourdough,Hollandaise,,,,,4.0
21605,228,2,0.0,34.7,Toastie,1,Kitchen,8.0,6,BACON-EGG-CHEESE,8.0,2022-05-08 10:28:15,White,Tomato Sauce,,,,,0.0
30249,1255,2,0.0,34.7,Build Your Own Breakfast,1,Kitchen,18.2,1,SCRAMBLED,9.2,2023-03-24 11:29:51,White,"Extra Egg, Avocado, Halloumi",,,,,9.0
38859,1027,0,0.0,16.8,Muffin,1,Kitchen,4.5,2,RASPBERRY-WHITECHOC,4.5,2024-01-04 09:05:22,,,Yes,,,,0.0
29030,261,2,0.0,16.8,Toasted Roll,1,Kitchen,8.5,3,BACON-EGG,8.5,2023-02-12 11:32:46,,"Tomato Sauce, Salt and Pepper",,,,,0.0
9859,517,2,0.0,16.8,Toastie,1,Kitchen,11.5,2,BACON-EGG-CHEESE,8.0,2021-01-06 08:45:00,Multigrain,"Avocado, Hash Brown",,,,,3.5
40569,1035,2,0.0,16.8,Toasted Roll,1,Kitchen,12.0,2,BACON-EGG-CHEESE,10.0,2024-03-04 09:30:25,,"Tomato Sauce, Hash Brown",,,,,2.0
38502,1035,2,0.0,16.8,Toasted Roll,1,Kitchen,12.0,2,BACON-EGG-CHEESE,10.0,2023-12-13 09:07:33,,"Tomato Sauce, Hash Brown",,,,,2.0
37590,1035,2,0.0,16.8,Toasted Roll,1,Kitchen,12.0,2,BACON-EGG-CHEESE,10.0,2023-11-14 08:59:12,,"Tomato Sauce, Hash Brown, Salt and Pepper",,,,,2.0
36724,1035,2,0.0,16.8,Toasted Roll,1,Kitchen,12.0,2,BACON-EGG-CHEESE,10.0,2023-10-17 09:29:59,,"Tomato Sauce, Hash Brown, Salt and Pepper",,,,,2.0
36347,1035,2,0.0,16.8,Toasted Roll,1,Kitchen,12.0,2,BACON-EGG-CHEESE,10.0,2023-10-06 09:07:58,,"Tomato Sauce, Hash Brown, Salt and Pepper",,,,,2.0
35706,1035,2,0.0,16.8,Toasted Roll,1,Kitchen,12.0,2,BACON-EGG-CHEESE,10.0,2023-09-15 09:12:02,,"Tomato Sauce, Hash Brown",,,,,2.0
34135,1035,2,0.0,16.8,Toasted Roll,1,Kitchen,12.0,2,BACON-EGG-CHEESE,10.0,2023-07-28 10:15:07,,"Tomato Sauce, Hash Brown",,,,,2.0
18914,269,2,0.0,16.8,Toastie,1,Kitchen,8.0,3,BACON-EGG-CHEESE,8.0,2022-01-26 10:46:13,White,"BBQ Sauce, Salt and Pepper",,,,,0.0
21746,14,2,0.0,16.8,Toasted Roll,1,Kitchen,7.0,3,BACON-EGG,7.0,2022-05-14 07:47:46,,Tomato Sauce,,,,,0.0
20149,276,2,0.0,16.8,Toasted Roll,1,Kitchen,8.0,3,BACON-EGG-CHEESE,8.0,2022-03-13 08:46:28,,BBQ Sauce,,,,,0.0
8817,556,2,0.0,16.8,Toasted Roll,1,Kitchen,10.0,3,BACON-EGG-CHEESE,8.0,2020-11-12 09:15:00,,Hash Brown,,,,,2.0
38439,57,2,0.0,16.8,Toastie,1,Kitchen,11.5,2,BACON-EGG-CHEESE,10.5,2023-12-11 10:42:28,Sourdough,Tomato Sauce,,,,,1.0
19550,585,2,0.0,16.8,Toasted Roll,1,Kitchen,8.0,3,BACON-EGG-CHEESE,8.0,2022-02-19 09:42:21,,Tomato Sauce,,,,,0.0
38754,330,2,0.0,16.8,Toastie,1,Kitchen,10.5,2,BACON-EGG-CHEESE,10.5,2023-12-21 08:10:15,White,Tomato Sauce,,,,,0.0
32354,330,2,0.0,16.8,Toasted Roll,1,Kitchen,11.5,2,BACON-EGG-CHEESE,9.5,2023-06-01 08:09:02,,"Tomato Sauce, Hash Brown",,,,,2.0
24198,613,2,0.0,16.8,Toasted Roll,1,Kitchen,8.0,3,BACON-EGG,8.0,2022-08-13 08:31:14,,Tomato Sauce,,,,,0.0
20406,887,2,0.0,16.8,Croissant,1,Kitchen,8.0,2,HAM-CHEESE,8.0,2022-03-24 06:39:05,,Salt and Pepper,,,,,0.0
12813,642,2,0.0,16.8,Toastie,1,Kitchen,8.4,1,CHICKEN-SCHNITZEL-CHEESE-LETTUCE,8.4,2021-05-27 13:30:00,Multigrain,Tomato Sauce,,,,,0.0
12813,642,2,0.0,16.8,Toastie,1,Kitchen,8.4,2,CHICKEN-SCHNITZEL-CHEESE-LETTUCE,8.4,2021-05-27 13:30:00,Multigrain,Tomato Sauce,,,,,0.0
4061,136,2,0.0,16.8,Toastie,1,Kitchen,7.0,3,BACON-EGG,7.0,2020-01-15 07:22:32,White,Tomato Sauce,,,,,0.0
28290,1178,2,0.0,16.8,Toasted Roll,1,Kitchen,8.5,3,BACON-EGG,8.5,2023-01-15 09:48:41,,BBQ Sauce,,,,,0.0
40467,670,2,0.0,16.8,Toasted Roll,1,Kitchen,12.0,2,BACON-EGG-CHEESE,10.0,2024-03-01 07:41:39,,"Tomato Sauce, Hash Brown",,,,,2.0
40265,670,2,0.0,16.8,Toasted Roll,1,Kitchen,12.0,2,BACON-EGG-CHEESE,10.0,2024-02-23 08:03:33,,"Tomato Sauce, Hash Brown",,,,,2.0
40026,670,2,0.0,16.8,Toasted Roll,1,Kitchen,12.0,2,BACON-EGG-CHEESE,10.0,2024-02-16 07:30:33,,"Tomato Sauce, Hash Brown",,,,,2.0
39830,670,2,0.0,16.8,Toasted Roll,1,Kitchen,12.0,2,BACON-EGG-CHEESE,10.0,2024-02-09 07:44:28,,"Tomato Sauce, Hash Brown",,,,,2.0
39224,670,2,0.0,16.8,Toasted Roll,1,Kitchen,12.0,2,BACON-EGG-CHEESE,10.0,2024-01-19 08:06:52,,"Tomato Sauce, Hash Brown",,,,,2.0
39049,670,2,0.0,16.8,Toasted Roll,1,Kitchen,12.0,2,BACON-EGG-CHEESE,10.0,2024-01-12 08:03:47,,"Tomato Sauce, Hash Brown",,,,,2.0
38871,670,2,0.0,16.8,Toasted Roll,1,Kitchen,12.0,2,BACON-EGG-CHEESE,10.0,2024-01-05 07:51:30,,"Tomato Sauce, Hash Brown",,,,,2.0
38775,670,2,0.0,16.8,Toasted Roll,1,Kitchen,12.0,2,BACON-EGG-CHEESE,10.0,2023-12-22 07:47:33,,"Tomato Sauce, Hash Brown",,,,,2.0
38336,670,2,0.0,16.8,Toasted Roll,1,Kitchen,12.0,2,BACON-EGG-CHEESE,10.0,2023-12-08 08:06:16,,"Tomato Sauce, Hash Brown",,,,,2.0
38118,670,2,0.0,16.8,Toasted Roll,1,Kitchen,12.0,2,BACON-EGG-CHEESE,10.0,2023-12-01 08:07:56,,"Tomato Sauce, Hash Brown",,,,,2.0
37891,670,2,0.0,16.8,Toasted Roll,1,Kitchen,12.0,2,BACON-EGG-CHEESE,10.0,2023-11-24 07:25:26,,"Tomato Sauce, Hash Brown",,,,,2.0
37675,670,2,0.0,16.8,Toasted Roll,1,Kitchen,12.0,2,BACON-EGG-CHEESE,10.0,2023-11-17 08:01:44,,"Tomato Sauce, Hash Brown",,,,,2.0
37469,670,2,0.0,16.8,Toasted Roll,1,Kitchen,12.0,2,BACON-EGG-CHEESE,10.0,2023-11-10 07:54:18,,"Tomato Sauce, Hash Brown",,,,,2.0
37283,670,2,0.0,16.8,Toasted Roll,1,Kitchen,12.0,2,BACON-EGG-CHEESE,10.0,2023-11-03 07:51:39,,"Tomato Sauce, Hash Brown",,,,,2.0
37046,670,2,0.0,16.8,Toasted Roll,1,Kitchen,12.0,2,BACON-EGG-CHEESE,10.0,2023-10-27 07:34:09,,"Tomato Sauce, Hash Brown",,,,,2.0
36819,670,2,0.0,16.8,Toasted Roll,1,Kitchen,12.0,2,BACON-EGG-CHEESE,10.0,2023-10-20 07:19:52,,"Tomato Sauce, Hash Brown",,,,,2.0
36569,670,2,0.0,16.8,Toasted Roll,1,Kitchen,12.0,2,BACON-EGG-CHEESE,10.0,2023-10-13 08:11:09,,"Tomato Sauce, Hash Brown",,,,,2.0
36337,670,2,0.0,16.8,Toasted Roll,1,Kitchen,12.0,2,BACON-EGG-CHEESE,10.0,2023-10-06 08:07:12,,"Tomato Sauce, Hash Brown",,,,,2.0
35691,670,2,0.0,16.8,Toasted Roll,1,Kitchen,12.0,2,BACON-EGG-CHEESE,10.0,2023-09-15 07:39:15,,"Tomato Sauce, Hash Brown",,,,,2.0
35465,670,0,0.0,16.8,Toasted Roll,1,Kitchen,12.0,2,BACON-EGG-CHEESE,10.0,2023-09-08 08:06:58,,"Tomato Sauce, Hash Brown",,,,,2.0
35463,670,0,0.0,16.8,Toasted Roll,1,Kitchen,12.0,2,BACON-EGG-CHEESE,10.0,2023-09-08 08:03:01,,"Tomato Sauce, Hash Brown",,,,,2.0
35013,670,2,0.0,16.8,Toasted Roll,1,Kitchen,12.0,2,BACON-EGG-CHEESE,10.0,2023-08-25 07:46:19,,"Tomato Sauce, Hash Brown",,,,,2.0
34562,670,2,0.0,16.8,Toasted Roll,1,Kitchen,12.0,2,BACON-EGG-CHEESE,10.0,2023-08-11 07:43:50,,"Tomato Sauce, Hash Brown",,,,,2.0
34133,670,2,0.0,16.8,Toasted Roll,1,Kitchen,12.0,2,BACON-EGG-CHEESE,10.0,2023-07-28 09:16:51,,"Tomato Sauce, Hash Brown",,,,,2.0
19907,173,2,0.0,16.8,Toastie,1,Kitchen,8.0,3,BACON-EGG-CHEESE,8.0,2022-03-04 08:56:58,White,Tomato Sauce,,,,,0.0
22241,175,2,0.0,16.8,Build Your Own Breakfast,1,Kitchen,12.0,1,SUNNY,8.0,2022-05-31 10:09:52,Sourdough,Hollandaise,,,,,4.0
22390,721,2,0.0,16.8,Toasted Roll,1,Kitchen,7.0,3,BACON-EGG,7.0,2022-06-06 07:45:50,,"Tomato Sauce, Salt and Pepper",,,,,0.0
17980,1030,2,0.0,29.6,Toasted Roll,1,Kitchen,10.0,3,BACON-EGG-CHEESE,8.0,2021-12-04 08:32:10,,Hash Brown,,,,,2.0
17980,1030,2,0.0,29.6,Toasted Roll,1,Kitchen,10.0,4,BACON-EGG-CHEESE,8.0,2021-12-04 08:32:10,,"Tomato Sauce, Hash Brown",,,,,2.0
10724,14,2,0.0,29.6,Eggs and Bacon,1,Kitchen,10.9,2,SCRAMBLED,10.9,2021-02-19 08:32:28,White,,,,,,0.0
10724,14,2,0.0,29.6,Toasted Roll,1,Kitchen,9.0,4,BACON-EGG,7.0,2021-02-19 08:32:28,,Hash Brown,,,,,2.0
15772,276,2,0.0,29.6,Toasted Roll,1,Kitchen,8.0,4,BACON-EGG-CHEESE,8.0,2021-09-18 08:54:37,,BBQ Sauce,,,,,0.0
15772,276,2,0.0,29.6,Toasted Roll,1,Kitchen,8.0,5,BACON-EGG-CHEESE,8.0,2021-09-18 08:54:37,,BBQ Sauce,,,,,0.0
36829,77,2,0.0,29.6,Toasted Roll,2,Kitchen,20.0,2,BACON-EGG-CHEESE,10.0,2023-10-20 09:00:00,,"Tomato Sauce, Salt and Pepper",,,,,0.0
14619,845,2,0.0,29.6,Toastie,1,Kitchen,6.0,5,CHEESE,6.0,2021-08-08 09:37:22,White,Tomato Sauce,,,,,0.0
17616,88,2,0.0,29.6,Toasted Roll,1,Kitchen,9.5,3,BACON-EGG-CHEESE,8.0,2021-11-20 08:45:42,,"Tomato Sauce, Avocado",,,,,1.5
17616,88,2,0.0,29.6,Toasted Roll,1,Kitchen,10.0,4,BACON-EGG-CHEESE,8.0,2021-11-20 08:45:42,,"BBQ Sauce, Hash Brown, Salt and Pepper",,,,,2.0
17034,88,2,0.0,29.6,Toasted Roll,1,Kitchen,10.0,3,BACON-EGG-CHEESE,8.0,2021-10-30 08:43:40,,"BBQ Sauce, Hash Brown, Salt and Pepper",,,,,2.0
17034,88,2,0.0,29.6,Toasted Roll,1,Kitchen,9.5,4,BACON-EGG-CHEESE,8.0,2021-10-30 08:43:40,,"Tomato Sauce, Avocado",,,,,1.5
15811,88,2,0.0,29.6,Toasted Roll,1,Kitchen,10.0,3,BACON-EGG-CHEESE,8.0,2021-09-19 09:41:15,,"BBQ Sauce, Hash Brown, Salt and Pepper",,,,,2.0
15811,88,2,0.0,29.6,Toasted Roll,1,Kitchen,9.5,4,BACON-EGG-CHEESE,8.0,2021-09-19 09:41:15,,"Tomato Sauce, Avocado",,,,,1.5
16814,92,2,0.0,29.6,Toasted Roll,1,Kitchen,10.0,3,BACON-EGG-CHEESE,8.0,2021-10-23 07:43:48,,"BBQ Sauce, Hash Brown, Salt and Pepper",,,,,2.0
16814,92,2,0.0,29.6,Toasted Roll,1,Kitchen,9.5,4,BACON-EGG-CHEESE,8.0,2021-10-23 07:43:48,,"Tomato Sauce, Avocado",,,,,1.5
16618,92,2,0.0,29.6,Toasted Roll,1,Kitchen,10.0,3,BACON-EGG-CHEESE,8.0,2021-10-16 08:09:59,,"BBQ Sauce, Hash Brown, Salt and Pepper",,,,,2.0
16618,92,2,0.0,29.6,Toasted Roll,1,Kitchen,9.5,4,BACON-EGG-CHEESE,8.0,2021-10-16 08:09:59,,"Tomato Sauce, Avocado",,,,,1.5
15555,92,2,0.0,29.6,Toasted Roll,1,Kitchen,9.5,3,BACON-EGG-CHEESE,8.0,2021-09-11 07:44:19,,"Tomato Sauce, Avocado",,,,,1.5
15555,92,2,0.0,29.6,Toasted Roll,1,Kitchen,10.0,4,BACON-EGG-CHEESE,8.0,2021-09-11 07:44:19,,"BBQ Sauce, Hash Brown, Salt and Pepper",,,,,2.0
13455,92,2,0.0,29.6,Toasted Roll,1,Kitchen,9.5,3,BACON-EGG-CHEESE,8.0,2021-06-20 08:16:47,,"Tomato Sauce, Avocado",,,,,1.5
13455,92,2,0.0,29.6,Toasted Roll,1,Kitchen,10.0,4,BACON-EGG-CHEESE,8.0,2021-06-20 08:16:47,,"BBQ Sauce, Hash Brown, Salt and Pepper",,,,,2.0
33894,620,2,0.0,29.6,Muffin,1,Kitchen,3.9,6,ORANGE-POPPYSEED,3.9,2023-07-21 09:15:00,,,No,,,,0.0
31262,620,2,0.0,29.6,Muffin,1,Kitchen,3.9,6,ORANGE-POPPYSEED,3.9,2023-04-28 09:15:00,,,No,,,,0.0
15281,882,2,0.0,42.4,Toastie,1,Kitchen,6.0,5,BACON,6.0,2021-09-01 12:45:00,White,Tomato Sauce,,,,,0.0
23564,954,2,0.0,42.4,Toasted Roll,1,Kitchen,10.0,4,BACON-EGG-CHEESE,8.0,2022-07-22 09:07:41,,"Tomato Sauce, Hash Brown",,,,,2.0
23564,954,2,0.0,42.4,Toasted Roll,1,Kitchen,10.0,5,BACON-EGG-CHEESE,8.0,2022-07-22 09:07:41,,"Tomato Sauce, Hash Brown",,,,,2.0
23564,954,2,0.0,42.4,Toasted Roll,1,Kitchen,10.0,6,BACON-EGG-CHEESE,8.0,2022-07-22 09:07:41,,"Tomato Sauce, Hash Brown",,,,,2.0
18296,620,2,0.0,68.0,Toasted Roll,1,Kitchen,7.0,8,BACON-EGG,7.0,2021-12-16 09:15:00,,BBQ Sauce,,,,,0.0
18296,620,2,0.0,68.0,Toasted Roll,1,Kitchen,7.0,12,BACON-EGG,7.0,2021-12-16 09:15:00,,BBQ Sauce,,,,,0.0
3592,44,10,0.0,11.7,Toasted Roll,1,Kitchen,7.0,2,BACON-EGG,7.0,2019-09-17 10:13:55,,Tomato Sauce,,,,,0.0
15920,920,2,0.0,11.7,Toasted Roll,1,Kitchen,8.0,2,BACON-EGG-CHEESE,8.0,2021-09-23 06:14:55,,BBQ Sauce,,,,,0.0
13407,409,2,0.0,11.7,Toastie,1,Kitchen,8.0,2,BACON-EGG-CHEESE,8.0,2021-06-18 08:00:53,White,Tomato Sauce,,,,,0.0
17955,670,2,0.0,11.7,Toastie,1,Kitchen,8.0,2,BACON-EGG-CHEESE,8.0,2021-12-03 07:42:34,White,Tomato Sauce,,,,,0.0
15802,161,2,0.0,11.7,Toasted Roll,1,Kitchen,8.0,2,BACON-EGG-CHEESE,8.0,2021-09-19 09:00:44,,"BBQ Sauce, Salt and Pepper",,,,,0.0
14618,161,2,0.0,11.7,Toasted Roll,1,Kitchen,8.0,2,BACON-EGG-CHEESE,8.0,2021-08-08 09:25:54,,"BBQ Sauce, Salt and Pepper",,,,,0.0
11289,161,2,0.0,11.7,Toasted Roll,1,Kitchen,8.0,2,BACON-EGG-CHEESE,8.0,2021-03-20 10:39:15,,"BBQ Sauce, Salt and Pepper",,,,,0.0
10541,161,2,0.0,11.7,Toasted Roll,1,Kitchen,8.0,2,BACON-EGG-CHEESE,8.0,2021-02-10 09:17:16,,"BBQ Sauce, Salt and Pepper",,,,,0.0
10484,161,2,0.0,11.7,Toasted Roll,1,Kitchen,8.0,2,BACON-EGG-CHEESE,8.0,2021-02-08 06:58:49,,BBQ Sauce,,,,,0.0
10413,161,2,0.0,11.7,Toasted Roll,1,Kitchen,8.0,2,BACON-EGG-CHEESE,8.0,2021-02-04 07:05:05,,"BBQ Sauce, Salt and Pepper",,,,,0.0
10042,161,2,0.0,11.7,Toasted Roll,1,Kitchen,8.0,2,BACON-EGG-CHEESE,8.0,2021-01-16 08:23:23,,"BBQ Sauce, Salt and Pepper",,,,,0.0
40486,1749,2,0.0,11.7,Muffin,1,Kitchen,4.5,3,ORANGE-POPPYSEED,4.5,2024-03-01 11:00:40,,,Yes,,,,0.0
18415,771,2,0.0,24.5,Toastie,1,Kitchen,7.0,3,BACON-EGG,7.0,2021-12-20 10:50:10,White,Tomato Sauce,,,,,0.0
18415,771,2,0.0,24.5,Toastie,1,Kitchen,7.0,4,HAM-CHEESE,7.0,2021-12-20 10:50:10,White,Tomato Sauce,,,,,0.0
11308,276,2,0.0,24.5,Toasted Roll,1,Kitchen,8.0,5,BACON-EGG-CHEESE,8.0,2021-03-21 10:08:24,,BBQ Sauce,,,,,0.0
11312,551,2,0.0,24.5,Toasted Roll,1,Kitchen,10.0,2,BACON-EGG-CHEESE,8.0,2021-03-21 11:45:00,,"Tomato Sauce, Hash Brown",,,,,2.0
13461,42,2,0.0,24.5,Toastie,1,Kitchen,8.0,4,BACON-EGG-CHEESE,8.0,2021-06-20 09:44:15,White,"Tomato Sauce, Salt and Pepper",,,,,0.0
10060,44,0,0.0,24.5,Toasted Roll,1,Kitchen,10.0,2,BACON-EGG-CHEESE,8.0,2021-01-17 09:04:50,,"BBQ Sauce, Hash Brown",,,,,2.0
9511,45,2,0.0,24.5,Toasted Roll,1,Kitchen,7.0,4,BACON-EGG,7.0,2020-12-11 09:15:13,,Tomato Sauce,,,,,0.0
13092,305,2,0.0,24.5,Toasted Roll,1,Kitchen,7.0,4,BACON-EGG,7.0,2021-06-06 13:00:00,,Salt and Pepper,,,,,0.0
13092,305,2,0.0,24.5,Croissant,1,Kitchen,9.0,2,HAM-CHEESE-TOMATO,9.0,2021-06-06 13:00:00,,Salt and Pepper,,,,,0.0
23008,69,2,0.0,24.5,Toasted Roll,1,Kitchen,10.5,2,BACON-EGG,7.0,2022-06-30 10:42:17,,"Tomato Sauce, Avocado, Hash Brown",,,,,3.5
23008,69,2,0.0,24.5,Toasted Roll,1,Kitchen,9.0,3,BACON-EGG,7.0,2022-06-30 10:42:17,,"Tomato Sauce, Hash Brown",,,,,2.0
9206,369,2,0.0,24.5,Toasted Roll,1,Kitchen,10.0,2,BACON-EGG-CHEESE,8.0,2020-11-29 12:07:40,,"BBQ Sauce, Hash Brown, Salt and Pepper",,,,,2.0
20533,141,2,0.0,24.5,Toastie,1,Kitchen,7.0,4,BACON-EGG,7.0,2022-03-29 06:04:11,Multigrain,BBQ Sauce,,,,,0.0
20533,141,2,0.0,24.5,Toasted Roll,1,Kitchen,8.0,3,BACON-EGG-CHEESE,8.0,2022-03-29 06:04:11,,Tomato Sauce,,,,,0.0
13077,409,2,0.0,24.5,Toastie,1,Kitchen,8.0,4,BACON-EGG-CHEESE,8.0,2021-06-06 09:12:40,White,Tomato Sauce,,,,,0.0
15805,675,2,0.0,24.5,Toasted Roll,1,Kitchen,10.0,4,BACON-EGG-CHEESE,8.0,2021-09-19 09:45:00,,"Tomato Sauce, Hash Brown",,,,,2.0
14770,675,2,0.0,24.5,Toastie,1,Kitchen,10.0,4,BACON-EGG-CHEESE,8.0,2021-08-14 09:09:16,White,Hash Brown,,,,,2.0
23610,451,2,0.0,24.5,Toasted Roll,1,Kitchen,7.0,3,BACON-EGG,7.0,2022-07-24 08:18:15,,BBQ Sauce,,,,,0.0
23610,451,2,0.0,24.5,Toasted Roll,1,Kitchen,7.0,4,BACON-EGG,7.0,2022-07-24 08:18:15,,BBQ Sauce,,,,,0.0
23579,451,2,0.0,24.5,Toasted Roll,1,Kitchen,7.0,3,BACON-EGG,7.0,2022-07-23 08:30:00,,BBQ Sauce,,,,,0.0
23579,451,2,0.0,24.5,Toasted Roll,1,Kitchen,7.0,4,BACON-EGG,7.0,2022-07-23 08:30:00,,BBQ Sauce,,,,,0.0
22505,451,2,0.0,24.5,Toasted Roll,1,Kitchen,7.0,3,BACON-EGG,7.0,2022-06-10 09:08:18,,BBQ Sauce,,,,,0.0
22505,451,2,0.0,24.5,Toasted Roll,1,Kitchen,7.0,4,BACON-EGG,7.0,2022-06-10 09:08:18,,BBQ Sauce,,,,,0.0
22340,451,2,0.0,24.5,Toasted Roll,1,Kitchen,7.0,3,BACON-EGG,7.0,2022-06-04 08:33:29,,BBQ Sauce,,,,,0.0
22340,451,2,0.0,24.5,Toasted Roll,1,Kitchen,7.0,4,BACON-EGG,7.0,2022-06-04 08:33:29,,BBQ Sauce,,,,,0.0
22008,451,2,0.0,24.5,Toasted Roll,1,Kitchen,7.0,3,BACON-EGG,7.0,2022-05-24 08:45:00,,BBQ Sauce,,,,,0.0
22008,451,2,0.0,24.5,Toasted Roll,1,Kitchen,7.0,4,BACON-EGG,7.0,2022-05-24 08:45:00,,BBQ Sauce,,,,,0.0
20000,451,2,0.0,24.5,Toasted Roll,1,Kitchen,7.0,3,BACON-EGG,7.0,2022-03-07 10:30:00,,BBQ Sauce,,,,,0.0
20000,451,2,0.0,24.5,Toasted Roll,1,Kitchen,7.0,4,BACON-EGG,7.0,2022-03-07 10:30:00,,BBQ Sauce,,,,,0.0
13799,451,2,0.0,24.5,Toasted Roll,1,Kitchen,7.0,3,BACON-EGG,7.0,2021-07-05 08:52:51,,BBQ Sauce,,,,,0.0
13799,451,2,0.0,24.5,Toasted Roll,1,Kitchen,7.0,4,BACON-EGG,7.0,2021-07-05 08:52:51,,BBQ Sauce,,,,,0.0
21187,465,2,0.0,24.5,Toasted Roll,1,Kitchen,9.0,4,BACON-EGG,7.0,2022-04-23 12:26:23,,"BBQ Sauce, Hash Brown",,,,,2.0
26074,1253,2,0.0,24.5,Toasted Roll,1,Kitchen,8.0,2,BACON-EGG,8.0,2022-10-19 09:51:14,,"Tomato Sauce, Salt and Pepper",,,,,0.0
26074,1253,2,0.0,24.5,Toasted Roll,1,Kitchen,10.0,3,BACON-EGG,8.0,2022-10-19 09:51:14,,"Hash Brown, Salt and Pepper",,,,,2.0
26022,1253,2,0.0,24.5,Toasted Roll,1,Kitchen,10.0,2,BACON-EGG,8.0,2022-10-17 10:36:46,,"Hash Brown, Salt and Pepper",,,,,2.0
26022,1253,2,0.0,24.5,Toastie,1,Kitchen,8.0,3,HAM-CHEESE,8.0,2022-10-17 10:36:46,Multigrain,Tomato Sauce,,,,,0.0
25893,1253,2,0.0,24.5,Toasted Roll,1,Kitchen,10.0,2,BACON-EGG,8.0,2022-10-13 11:38:00,,"Hash Brown, Salt and Pepper",,,,,2.0
25893,1253,2,0.0,24.5,Toasted Roll,1,Kitchen,8.0,3,BACON-EGG,8.0,2022-10-13 11:38:00,,Tomato Sauce,,,,,0.0
13620,231,2,0.0,24.5,Eggs Benedict,1,Kitchen,16.5,2,BACON,14.5,2021-06-27 07:36:18,,,,Hashbrown,,,2.0
30517,1018,2,0.0,24.5,Toasted Roll,1,Kitchen,13.0,1,BACON-EGG-CHEESE,9.5,2023-04-02 08:43:56,,"Avocado, Hash Brown",,,,,3.5
30517,1018,2,0.0,24.5,Toasted Roll,1,Kitchen,11.5,2,BACON-EGG-CHEESE,9.5,2023-04-02 08:43:56,,Hash Brown,,,,,2.0
13752,276,2,0.0,37.3,Toastie,1,Kitchen,7.0,5,BACON-CHEESE,7.0,2021-07-03 08:55:04,White,Tomato Sauce,,,,,0.0
13752,276,2,0.0,37.3,Toastie,1,Kitchen,8.0,6,HAM-CHEESE-TOMATO,8.0,2021-07-03 08:55:04,White,Tomato Sauce,,,,,0.0
13752,276,2,0.0,37.3,Toasted Roll,1,Kitchen,8.0,4,BACON-EGG-CHEESE,8.0,2021-07-03 08:55:04,,BBQ Sauce,,,,,0.0
37074,811,2,0.0,37.3,Hot Potatoes,1,Kitchen,15.9,2,COLESLAW,12.9,2023-10-27 13:04:28,,Bacon,,,,,3.0
8108,479,2,0.0,37.3,Build Your Own Breakfast,1,Kitchen,12.4,1,FRIED,7.9,2020-10-18 08:49:54,White,"Bacon, Hash Brown",,,,,4.5
8108,479,2,0.0,37.3,Build Your Own Breakfast,1,Kitchen,12.4,2,FRIED,7.9,2020-10-18 08:49:54,White,"Bacon, Hash Brown",,,,,4.5
8203,351,2,0.0,50.1,Toastie,1,Kitchen,6.0,9,CHEESE,6.0,2020-10-20 11:48:07,White,Tomato Sauce,,,,,0.0
8203,351,2,0.0,50.1,Toastie,1,Kitchen,7.0,10,CHEESE-TOMATO,7.0,2020-10-20 11:48:07,White,Tomato Sauce,,,,,0.0
24422,1196,2,0.0,50.1,Big Breakfast,1,Kitchen,18.2,1,SUNNY,18.2,2022-08-21 09:46:21,White,Hollandaise,,,,,0.0
15994,197,2,0.0,62.9,Eggs and Bacon,1,Kitchen,10.9,2,POACHED,10.9,2021-09-25 09:53:56,White,,,,,,0.0
15994,197,2,0.0,62.9,Eggs Benedict,1,Kitchen,16.5,1,BACON,14.5,2021-09-25 09:53:56,,,,Hashbrown,,,2.0
15994,197,2,0.0,62.9,Eggs and Bacon,1,Kitchen,10.9,3,POACHED,10.9,2021-09-25 09:53:56,White,,,,,,0.0
19565,1083,2,0.0,88.5,Build Your Own Breakfast,1,Kitchen,27.5,4,POACHED,8.0,2022-02-20 08:06:29,Sourdough,"Bacon, Grilled Tomato, Hollandaise, Hash Brown, Spanish Chorizo, Avocado",,,,,19.5
19565,1083,2,0.0,88.5,Build Your Own Breakfast,1,Kitchen,28.5,5,POACHED,8.0,2022-02-20 08:06:29,Multigrain,"Bacon, Grilled Tomato, Hash Brown, Spanish Chorizo, Smashed Avo and Feta, Baked Beans",,,,,20.5
19565,1083,2,0.0,88.5,Build Your Own Breakfast,1,Kitchen,14.0,6,POACHED,8.0,2022-02-20 08:06:29,White,"Bacon, Sauteed Mushrooms",,,,,6.0
7752,8,2,0.0,19.4,Toastie,1,Kitchen,9.4,3,CHICKEN-SCHNITZEL-CHEESE-LETTUCE,8.4,2020-10-05 13:47:27,Sourdough,Tomato Sauce,,,,,1.0
27802,42,2,0.0,19.4,Toasted Roll,1,Kitchen,9.0,3,BACON-EGG-CHEESE,9.0,2022-12-16 10:03:53,,"Tomato Sauce, Salt and Pepper",,,,,0.0
27944,1329,2,0.0,19.4,Toastie,1,Kitchen,8.0,3,HAM-CHEESE,8.0,2022-12-21 08:02:05,Multigrain,Tomato Sauce,,,,,0.0
27347,1329,2,0.0,19.4,Toastie,1,Kitchen,8.0,3,HAM-CHEESE,8.0,2022-12-02 07:49:56,Multigrain,Tomato Sauce,,,,,0.0
21894,826,2,0.0,19.4,Toastie,1,Kitchen,8.0,4,BACON-CHEESE,7.0,2022-05-20 07:20:51,Sourdough,Tomato Sauce,,,,,1.0
3563,67,10,0.0,19.4,Toastie,1,Kitchen,8.0,1,BACON-EGG,7.0,2019-09-09 12:04:10,Sourdough,Tomato Sauce,,,,,1.0
3563,67,10,0.0,19.4,Toastie,1,Kitchen,11.4,2,CHICKEN-SCHNITZEL-CHEESE-LETTUCE,8.4,2019-09-09 12:04:10,Sourdough,Hash Brown,,,,,3.0
33863,620,2,0.0,19.4,Muffin,1,Kitchen,3.9,4,ORANGE-POPPYSEED,3.9,2023-07-20 09:15:00,,,No,,,,0.0
33640,620,2,0.0,19.4,Muffin,1,Kitchen,3.9,4,ORANGE-POPPYSEED,3.9,2023-07-13 09:15:00,,,No,,,,0.0
31454,620,2,0.0,19.4,Muffin,1,Kitchen,3.9,4,ORANGE-POPPYSEED,3.9,2023-05-04 09:15:00,,,No,,,,0.0
29781,620,2,0.0,19.4,Muffin,1,Kitchen,3.9,4,ORANGE-POPPYSEED,3.9,2023-03-09 09:00:00,,,No,,,,0.0
25441,887,2,0.0,19.4,Toasted Roll,1,Kitchen,9.0,4,BACON-EGG-CHEESE,9.0,2022-09-26 06:38:22,,"BBQ Sauce, Salt and Pepper",,,,,0.0
34817,638,2,0.0,19.4,Toasted Roll,1,Kitchen,9.0,3,BACON-EGG,9.0,2023-08-19 08:05:21,,BBQ Sauce,,,,,0.0
37597,128,2,0.0,19.4,Toasted Roll,1,Kitchen,13.5,2,BACON-EGG-CHEESE,10.0,2023-11-14 11:16:16,,"Avocado, Hash Brown, Salt and Pepper",,,,,3.5
36903,128,2,0.0,19.4,Toasted Roll,1,Kitchen,13.5,2,BACON-EGG-CHEESE,10.0,2023-10-23 06:06:02,,"Avocado, Hash Brown, Salt and Pepper",,,,,3.5
39509,175,2,0.0,19.4,Toastie,1,Kitchen,9.0,3,BACON-EGG,9.0,2024-01-29 09:56:01,White,Tomato Sauce,,,,,0.0
38057,175,2,0.0,19.4,Toastie,1,Kitchen,9.0,3,BACON-EGG,9.0,2023-11-29 09:09:12,White,Tomato Sauce,,,,,0.0
36993,175,2,0.0,19.4,Toastie,1,Kitchen,9.0,3,BACON-EGG,9.0,2023-10-25 09:03:14,White,Tomato Sauce,,,,,0.0
36515,175,2,0.0,19.4,Toastie,1,Kitchen,9.0,3,BACON-EGG,9.0,2023-10-11 09:05:19,White,Tomato Sauce,,,,,0.0
34069,175,2,0.0,19.4,Toastie,1,Kitchen,9.0,3,BACON-EGG,9.0,2023-07-26 09:16:37,White,Tomato Sauce,,,,,0.0
35039,695,2,0.0,19.4,Toastie,1,Kitchen,12.5,2,EGG-CHEESE,9.0,2023-08-25 10:21:06,Multigrain,"Tomato Sauce, Avocado, Hash Brown",,,,,3.5
36800,189,2,0.0,19.4,Muffin,1,Kitchen,4.5,3,RASPBERRY-WHITECHOC,4.5,2023-10-19 08:55:49,,,Yes,,,,0.0
36800,189,2,0.0,19.4,Muffin,1,Kitchen,4.5,4,RASPBERRY-WHITECHOC,4.5,2023-10-19 08:55:49,,,Yes,,,,0.0
18823,961,2,0.0,19.4,Toasted Roll,1,Kitchen,7.0,4,BACON-EGG,7.0,2022-01-22 09:24:16,,BBQ Sauce,,,,,0.0
36204,1224,2,0.0,19.4,Toasted Roll,1,Kitchen,12.0,3,BACON-EGG-CHEESE,10.0,2023-10-01 12:19:05,,"Tomato Sauce, Hash Brown",,,,,2.0
35026,976,2,0.0,19.4,Muffin,1,Kitchen,4.5,4,APPLE-CINNAMON,4.5,2023-08-25 08:46:56,,,Yes,,,,0.0
9810,479,2,0.0,19.4,Build Your Own Breakfast,1,Kitchen,12.9,1,FRIED,7.9,2021-01-03 12:23:31,White,"Bacon, Hash Brown",,,,,5.0
27933,1255,2,0.0,19.4,Build Your Own Breakfast,1,Kitchen,19.4,1,SCRAMBLED,8.9,2022-12-20 13:09:28,White,"Bacon, Spanish Chorizo, Avocado",,,,,10.499999999999998
33785,1541,0,0.0,32.2,Toasted Roll,1,Kitchen,10.5,4,BACON-EGG,8.5,2023-07-18 07:41:17,,"Tomato Sauce, Hash Brown, Salt and Pepper",,,,,2.0
34103,1553,2,0.0,32.2,Eggs and Bacon,1,Kitchen,13.5,1,SCRAMBLED,13.5,2023-07-27 09:45:00,White,,,,,,0.0
34103,1553,2,0.0,32.2,Kids Crepes,1,Kitchen,8.0,2,CREAM,6.0,2023-07-27 09:45:00,,,,,,Strawberries,2.0
24036,802,2,0.0,32.2,Toastie,1,Kitchen,8.0,4,HAM-CHEESE,8.0,2022-08-06 12:21:15,Multigrain,Tomato Sauce,,,,,0.0
24036,802,2,0.0,32.2,Muffin,1,Kitchen,3.9,3,CHOC-MUD,3.9,2022-08-06 12:21:15,,,No,,,,0.0
37243,1614,2,0.0,32.2,Toastie,2,Kitchen,21.0,3,BACON-EGG-CHEESE,10.5,2023-11-02 07:35:12,White,Tomato Sauce,,,,,0.0
16244,873,2,0.0,32.2,Big Breakfast,1,Kitchen,17.7,1,POACHED,16.7,2021-10-03 08:49:58,Sourdough,Hollandaise,,,,,1.0
15814,912,2,0.0,32.2,Big Breakfast,1,Kitchen,17.7,1,POACHED,16.7,2021-09-19 09:57:26,Sourdough,Hollandaise,,,,,1.0
27129,1171,2,0.0,32.2,Toastie,1,Kitchen,8.0,5,HAM-CHEESE,8.0,2022-11-25 08:22:53,White,Tomato Sauce,,,,,0.0
27129,1171,2,0.0,32.2,Toastie,1,Kitchen,9.0,6,HAM-CHEESE-TOMATO,9.0,2022-11-25 08:22:53,White,Tomato Sauce,,,,,0.0
13242,172,2,0.0,32.2,Toasted Roll,1,Kitchen,7.0,4,BACON-EGG,7.0,2021-06-12 07:41:20,,Tomato Sauce,,,,,0.0
26777,446,2,0.0,32.2,Toasted Roll,1,Kitchen,9.0,4,BACON-EGG-CHEESE,9.0,2022-11-14 07:15:00,,BBQ Sauce,,,,,0.0
26777,446,2,0.0,32.2,Toasted Roll,1,Kitchen,9.0,5,BACON-EGG-CHEESE,9.0,2022-11-14 07:15:00,,BBQ Sauce,,,,,0.0
35827,1253,2,0.0,32.2,Toasted Roll,1,Kitchen,11.0,3,BACON-EGG,9.0,2023-09-19 10:36:31,,Hash Brown,,,,,2.0
35827,1253,2,0.0,32.2,Toasted Roll,1,Kitchen,10.0,4,BACON-EGG-CHEESE,10.0,2023-09-19 10:36:31,,Tomato Sauce,,,,,0.0
32644,1507,2,0.0,45.0,Toastie,3,Kitchen,28.5,4,HAM-CHEESE-TOMATO,9.5,2023-06-10 10:16:43,White,Tomato Sauce,,,,,0.0
29897,9,2,2.23,24.53,Toastie,1,Kitchen,9.5,3,HAM-CHEESE-TOMATO,9.5,2023-03-13 10:31:43,White,Tomato Sauce,,,,,0.0
28574,9,2,2.23,24.53,Toastie,1,Kitchen,9.5,3,HAM-CHEESE-TOMATO,9.5,2023-01-26 09:48:12,White,Tomato Sauce,,,,,0.0
35517,275,2,0.0,14.3,Toasted Roll,1,Kitchen,9.0,2,BACON-EGG,9.0,2023-09-09 09:08:05,,Tomato Sauce,,,,,0.0
13018,298,2,0.0,14.3,Toasted Roll,1,Kitchen,10.0,2,BACON-EGG-CHEESE,8.0,2021-06-04 08:31:30,,"BBQ Sauce, Hash Brown",,,,,2.0
34608,559,2,0.0,14.3,Toasted Roll,1,Kitchen,9.0,2,BACON-EGG,9.0,2023-08-12 09:21:46,,"Tomato Sauce, Salt and Pepper",,,,,0.0
15526,829,2,0.0,14.3,Toasted Roll,1,Kitchen,10.0,2,BACON-EGG-CHEESE,8.0,2021-09-10 07:45:00,,"Tomato Sauce, BBQ Sauce, Hash Brown, Salt and Pepper",,,,,2.0
18521,847,2,0.0,14.3,Toasted Roll,1,Kitchen,10.0,2,BACON-EGG-CHEESE,8.0,2021-12-25 12:44:53,,"Tomato Sauce, Hash Brown",,,,,2.0
18211,847,2,0.0,14.3,Toasted Roll,1,Kitchen,10.0,2,BACON-EGG-CHEESE,8.0,2021-12-12 14:00:26,,"Tomato Sauce, Hash Brown",,,,,2.0
18097,847,2,0.0,14.3,Toasted Roll,1,Kitchen,10.0,2,BACON-EGG-CHEESE,8.0,2021-12-08 12:59:32,,"Tomato Sauce, Hash Brown",,,,,2.0
18011,847,2,0.0,14.3,Toasted Roll,1,Kitchen,10.0,2,BACON-EGG-CHEESE,8.0,2021-12-05 12:24:45,,"Tomato Sauce, Hash Brown",,,,,2.0
17895,847,2,0.0,14.3,Toasted Roll,1,Kitchen,10.0,2,BACON-EGG-CHEESE,8.0,2021-11-30 12:22:48,,"Tomato Sauce, Hash Brown",,,,,2.0
17758,847,2,0.0,14.3,Toasted Roll,1,Kitchen,10.0,2,BACON-EGG-CHEESE,8.0,2021-11-25 13:50:16,,"Tomato Sauce, Hash Brown",,,,,2.0
17648,847,2,0.0,14.3,Toasted Roll,1,Kitchen,10.0,2,BACON-EGG-CHEESE,8.0,2021-11-21 11:30:47,,"Tomato Sauce, Hash Brown",,,,,2.0
17452,847,2,0.0,14.3,Toasted Roll,1,Kitchen,10.0,2,BACON-EGG-CHEESE,8.0,2021-11-14 14:16:22,,"Tomato Sauce, Hash Brown",,,,,2.0
17332,847,2,0.0,14.3,Toasted Roll,1,Kitchen,10.0,2,BACON-EGG-CHEESE,8.0,2021-11-10 12:13:33,,"Tomato Sauce, Hash Brown",,,,,2.0
17222,847,2,0.0,14.3,Toasted Roll,1,Kitchen,10.0,2,BACON-EGG-CHEESE,8.0,2021-11-06 11:25:54,,"Tomato Sauce, Hash Brown",,,,,2.0
17115,847,2,0.0,14.3,Toasted Roll,1,Kitchen,10.0,2,BACON-EGG-CHEESE,8.0,2021-11-02 12:42:56,,"Tomato Sauce, Hash Brown",,,,,2.0
17063,847,2,0.0,14.3,Toasted Roll,1,Kitchen,10.0,2,BACON-EGG-CHEESE,8.0,2021-10-31 11:50:41,,"Tomato Sauce, Hash Brown",,,,,2.0
16921,847,2,0.0,14.3,Toasted Roll,1,Kitchen,10.0,2,BACON-EGG-CHEESE,8.0,2021-10-26 11:55:20,,"Tomato Sauce, Hash Brown",,,,,2.0
16831,847,2,0.0,14.3,Toasted Roll,1,Kitchen,10.0,2,BACON-EGG-CHEESE,8.0,2021-10-23 12:00:35,,"Tomato Sauce, Hash Brown",,,,,2.0
16671,847,2,0.0,14.3,Toasted Roll,1,Kitchen,10.0,2,BACON-EGG-CHEESE,8.0,2021-10-17 11:49:55,,"Tomato Sauce, Hash Brown",,,,,2.0
16545,847,2,0.0,14.3,Toasted Roll,1,Kitchen,10.0,2,BACON-EGG-CHEESE,8.0,2021-10-13 12:21:47,,"BBQ Sauce, Hash Brown",,,,,2.0
16371,847,2,0.0,14.3,Toasted Roll,1,Kitchen,10.0,2,BACON-EGG-CHEESE,8.0,2021-10-07 12:11:19,,"Tomato Sauce, Hash Brown",,,,,2.0
16266,847,2,0.0,14.3,Toasted Roll,1,Kitchen,10.0,2,BACON-EGG-CHEESE,8.0,2021-10-03 11:47:01,,"Tomato Sauce, Hash Brown",,,,,2.0
16161,847,2,0.0,14.3,Toasted Roll,1,Kitchen,10.0,2,BACON-EGG-CHEESE,8.0,2021-09-30 11:43:55,,"Tomato Sauce, Hash Brown",,,,,2.0
15940,847,2,0.0,14.3,Toasted Roll,1,Kitchen,10.0,2,BACON-EGG-CHEESE,8.0,2021-09-23 13:10:16,,"Tomato Sauce, Hash Brown",,,,,2.0
15884,847,2,0.0,14.3,Toasted Roll,1,Kitchen,10.0,2,BACON-EGG-CHEESE,8.0,2021-09-21 13:12:44,,"Tomato Sauce, Hash Brown",,,,,2.0
15795,847,2,0.0,14.3,Toasted Roll,1,Kitchen,10.0,2,BACON-EGG-CHEESE,8.0,2021-09-18 12:45:38,,"Tomato Sauce, Hash Brown",,,,,2.0
15674,847,2,0.0,14.3,Toasted Roll,1,Kitchen,10.0,2,BACON-EGG-CHEESE,8.0,2021-09-14 11:37:16,,"BBQ Sauce, Hash Brown",,,,,2.0
15413,847,2,0.0,14.3,Toasted Roll,1,Kitchen,10.0,2,BACON-EGG-CHEESE,8.0,2021-09-05 13:09:10,,"Tomato Sauce, Hash Brown",,,,,2.0
15344,847,2,0.0,14.3,Toasted Roll,1,Kitchen,10.0,2,BACON-EGG-CHEESE,8.0,2021-09-03 12:43:34,,"Tomato Sauce, Hash Brown",,,,,2.0
15109,847,2,0.0,14.3,Toasted Roll,1,Kitchen,10.0,2,BACON-EGG-CHEESE,8.0,2021-08-26 11:35:59,,"Tomato Sauce, Hash Brown",,,,,2.0
14997,847,2,0.0,14.3,Toasted Roll,1,Kitchen,10.0,2,BACON-EGG-CHEESE,8.0,2021-08-22 11:52:12,,"Tomato Sauce, Hash Brown",,,,,2.0
14707,847,2,0.0,14.3,Toasted Roll,1,Kitchen,10.0,2,BACON-EGG-CHEESE,8.0,2021-08-11 12:00:28,,"Tomato Sauce, Hash Brown",,,,,2.0
13199,593,2,0.0,14.3,Toasted Roll,1,Kitchen,10.0,2,BACON-EGG-CHEESE,8.0,2021-06-11 07:00:00,,"Tomato Sauce, Hash Brown",,,,,2.0
10353,345,0,0.0,14.3,Toasted Roll,1,Kitchen,10.0,2,BACON-EGG-CHEESE,8.0,2021-02-01 10:10:04,,"Hash Brown, Salt and Pepper",,,,,2.0
20626,92,2,0.0,14.3,Toasted Roll,1,Kitchen,10.0,2,BACON-EGG-CHEESE,8.0,2022-04-01 07:51:40,,"BBQ Sauce, Hash Brown, Salt and Pepper",,,,,2.0
18536,92,1,0.0,14.3,Toasted Roll,1,Kitchen,10.0,2,BACON-EGG-CHEESE,8.0,2022-01-08 10:21:06,,"BBQ Sauce, Hash Brown, Salt and Pepper",,,,,2.0
14975,92,2,0.0,14.3,Toasted Roll,1,Kitchen,9.5,2,BACON-EGG-CHEESE,8.0,2021-08-22 07:33:29,,"Tomato Sauce, Avocado, Salt and Pepper",,,,,1.5
14238,92,2,0.0,14.3,Toasted Roll,1,Kitchen,10.0,2,BACON-EGG-CHEESE,8.0,2021-07-24 08:34:31,,"BBQ Sauce, Hash Brown, Salt and Pepper",,,,,2.0
6722,92,2,0.0,14.3,Toasted Roll,1,Kitchen,10.0,2,BACON-EGG-CHEESE,8.0,2020-08-28 08:50:49,,"BBQ Sauce, Hash Brown",,,,,2.0
5158,92,10,0.0,14.3,Toasted Roll,1,Kitchen,10.0,2,BACON-EGG-CHEESE,8.0,2020-06-04 10:32:57,,"BBQ Sauce, Hash Brown",,,,,2.0
37238,632,2,0.0,14.3,Toastie,1,Kitchen,9.5,2,EGG,8.0,2023-11-02 07:29:05,White,"BBQ Sauce, Avocado",,,,,1.5
29109,1148,2,0.0,14.3,Muffin,1,Kitchen,3.9,4,RASPBERRY-WHITECHOC,3.9,2023-02-15 09:48:11,,,No,,,,0.0
35128,638,2,0.0,14.3,Toasted Roll,1,Kitchen,9.0,2,BACON-EGG,9.0,2023-08-28 10:04:16,,BBQ Sauce,,,,,0.0
29031,141,2,0.0,14.3,Toastie,1,Kitchen,8.5,2,BACON-EGG,8.5,2023-02-12 11:39:49,Multigrain,BBQ Sauce,,,,,0.0
16928,141,2,0.0,14.3,Toastie,1,Kitchen,9.0,2,BACON-EGG,7.0,2021-10-27 06:30:49,Multigrain,"BBQ Sauce, Hash Brown",,,,,2.0
9194,141,2,0.0,14.3,Toastie,1,Kitchen,9.0,2,BACON-EGG,7.0,2020-11-29 08:23:31,Multigrain,"BBQ Sauce, Hash Brown",,,,,2.0
8140,141,2,0.0,14.3,Toastie,1,Kitchen,9.0,2,BACON-EGG,7.0,2020-10-19 06:17:17,Multigrain,"BBQ Sauce, Hash Brown",,,,,2.0
18507,670,2,0.0,14.3,Toasted Roll,1,Kitchen,10.0,2,BACON-EGG-CHEESE,8.0,2021-12-24 08:50:21,,"Tomato Sauce, Hash Brown",,,,,2.0
18328,670,2,0.0,14.3,Toasted Roll,1,Kitchen,10.0,2,BACON-EGG-CHEESE,8.0,2021-12-17 08:57:30,,"Tomato Sauce, Hash Brown",,,,,2.0
18150,670,2,0.0,14.3,Toasted Roll,1,Kitchen,10.0,2,BACON-EGG-CHEESE,8.0,2021-12-10 08:48:05,,"Tomato Sauce, Hash Brown",,,,,2.0
17770,670,2,0.0,14.3,Toasted Roll,1,Kitchen,10.0,2,BACON-EGG-CHEESE,8.0,2021-11-26 08:45:23,,"Tomato Sauce, Hash Brown",,,,,2.0
17592,670,2,0.0,14.3,Toasted Roll,1,Kitchen,10.0,2,BACON-EGG-CHEESE,8.0,2021-11-19 09:09:41,,"Tomato Sauce, Hash Brown",,,,,2.0
17187,670,2,0.0,14.3,Toasted Roll,1,Kitchen,10.0,2,BACON-EGG-CHEESE,8.0,2021-11-05 08:39:26,,Hash Brown,,,,,2.0
16788,670,2,0.0,14.3,Toasted Roll,1,Kitchen,10.0,2,BACON-EGG-CHEESE,8.0,2021-10-22 07:14:59,,Hash Brown,,,,,2.0
16589,670,2,0.0,14.3,Toasted Roll,1,Kitchen,10.0,2,BACON-EGG-CHEESE,8.0,2021-10-15 08:02:50,,Hash Brown,,,,,2.0
16392,670,2,0.0,14.3,Toasted Roll,1,Kitchen,10.0,2,BACON-EGG-CHEESE,8.0,2021-10-08 07:49:46,,"Tomato Sauce, Hash Brown",,,,,2.0
15955,670,2,0.0,14.3,Toasted Roll,1,Kitchen,10.0,2,BACON-EGG-CHEESE,8.0,2021-09-24 09:10:59,,"Tomato Sauce, Hash Brown",,,,,2.0
15537,670,2,0.0,14.3,Toasted Roll,1,Kitchen,10.0,2,BACON-EGG-CHEESE,8.0,2021-09-10 09:06:48,,"Tomato Sauce, Hash Brown",,,,,2.0
15126,670,2,0.0,14.3,Toasted Roll,1,Kitchen,10.0,2,BACON-EGG-CHEESE,8.0,2021-08-27 08:12:05,,"Tomato Sauce, Hash Brown",,,,,2.0
14916,670,2,0.0,14.3,Toasted Roll,1,Kitchen,10.0,2,BACON-EGG-CHEESE,8.0,2021-08-20 08:12:08,,"Tomato Sauce, Hash Brown",,,,,2.0
11566,670,2,0.0,14.3,Toasted Roll,1,Kitchen,10.0,2,BACON-EGG-CHEESE,8.0,2021-04-01 09:45:00,,"Tomato Sauce, Hash Brown, Salt and Pepper",,,,,2.0
21759,161,2,0.0,14.3,Toasted Roll,1,Kitchen,9.5,2,BACON-EGG-CHEESE,8.0,2022-05-14 09:32:23,,"BBQ Sauce, Avocado, Salt and Pepper",,,,,1.5
18945,161,2,0.0,14.3,Toasted Roll,1,Kitchen,9.5,2,BACON-EGG-CHEESE,8.0,2022-01-28 06:02:06,,"BBQ Sauce, Avocado, Salt and Pepper",,,,,1.5
18852,161,2,0.0,14.3,Toasted Roll,1,Kitchen,9.5,2,BACON-EGG-CHEESE,8.0,2022-01-24 06:11:59,,"BBQ Sauce, Avocado",,,,,1.5
17945,161,2,0.0,14.3,Toasted Roll,1,Kitchen,9.5,2,BACON-EGG-CHEESE,8.0,2021-12-03 06:08:34,,"BBQ Sauce, Avocado, Salt and Pepper",,,,,1.5
17926,161,2,0.0,14.3,Toasted Roll,1,Kitchen,9.5,2,BACON-EGG-CHEESE,8.0,2021-12-02 06:05:48,,"BBQ Sauce, Avocado, Salt and Pepper",,,,,1.5
12732,674,2,0.0,14.3,Toasted Roll,1,Kitchen,10.0,2,BACON-EGG-CHEESE,8.0,2021-05-24 09:45:59,,"BBQ Sauce, Hash Brown, Salt and Pepper",,,,,2.0
21378,936,2,0.0,14.3,Toasted Roll,1,Kitchen,10.0,2,BACON-EGG-CHEESE,8.0,2022-04-30 09:54:24,,"Tomato Sauce, Hash Brown, Salt and Pepper",,,,,2.0
20428,936,2,0.0,14.3,Toasted Roll,1,Kitchen,10.0,2,BACON-EGG-CHEESE,8.0,2022-03-24 10:15:00,,"Tomato Sauce, Hash Brown, Salt and Pepper",,,,,2.0
37066,173,2,0.0,14.3,Toastie,1,Kitchen,9.0,2,HAM-CHEESE,9.0,2023-10-27 09:13:05,White,Tomato Sauce,,,,,0.0
14933,714,2,0.0,14.3,Toasted Roll,1,Kitchen,10.0,2,BACON-EGG-CHEESE,8.0,2021-08-20 12:04:32,,"Tomato Sauce, Hash Brown",,,,,2.0
25627,721,2,0.0,14.3,Toasted Roll,1,Kitchen,10.0,2,BACON-EGG,8.0,2022-10-03 07:07:47,,"Tomato Sauce, Hash Brown, Salt and Pepper",,,,,2.0
23883,721,2,0.0,14.3,Toasted Roll,1,Kitchen,10.0,2,BACON-EGG,8.0,2022-08-02 07:24:28,,"Tomato Sauce, Hash Brown, Salt and Pepper",,,,,2.0
15037,721,2,0.0,14.3,Toasted Roll,1,Kitchen,10.0,2,BACON-EGG-CHEESE,8.0,2021-08-24 07:59:28,,"Tomato Sauce, Hash Brown, Salt and Pepper",,,,,2.0
12827,721,2,0.0,14.3,Toasted Roll,1,Kitchen,10.0,2,BACON-EGG-CHEESE,8.0,2021-05-28 08:25:23,,"Tomato Sauce, Hash Brown, Salt and Pepper",,,,,2.0
12653,721,2,0.0,14.3,Toasted Roll,1,Kitchen,10.0,2,BACON-EGG-CHEESE,8.0,2021-05-21 07:49:13,,Hash Brown,,,,,2.0
9912,489,2,0.0,14.3,Toasted Roll,1,Kitchen,9.0,2,BACON-EGG,7.0,2021-01-08 10:47:52,,Hash Brown,,,,,2.0
8527,285,2,0.0,27.1,Toasted Roll,1,Kitchen,9.0,3,BACON-EGG,7.0,2020-11-01 08:12:28,,Hash Brown,,,,,2.0
8527,285,2,0.0,27.1,Toasted Roll,1,Kitchen,9.0,4,BACON-EGG,7.0,2020-11-01 08:12:28,,"BBQ Sauce, Hash Brown",,,,,2.0
5931,298,2,0.0,27.1,Toastie,1,Kitchen,10.0,3,BACON-EGG-CHEESE,8.0,2020-07-24 08:00:00,White,"BBQ Sauce, Hash Brown, Salt and Pepper",,,,,2.0
5931,298,2,0.0,27.1,Toastie,1,Kitchen,8.5,4,CHEESE-TOMATO,7.0,2020-07-24 08:00:00,White,"Avocado, Salt and Pepper",,,,,1.5
4351,88,10,0.0,27.1,Toasted Roll,1,Kitchen,10.0,3,BACON-EGG-CHEESE,8.0,2020-03-14 09:30:00,,"Tomato Sauce, Hash Brown",,,,,2.0
4351,88,10,0.0,27.1,Toasted Roll,1,Kitchen,9.5,4,BACON-EGG-CHEESE,8.0,2020-03-14 09:30:00,,"Tomato Sauce, Avocado",,,,,1.5
7975,92,2,0.0,27.1,Toasted Roll,1,Kitchen,9.5,3,BACON-EGG-CHEESE,8.0,2020-10-14 07:47:17,,Avocado,,,,,1.5
7975,92,2,0.0,27.1,Toasted Roll,1,Kitchen,10.0,4,BACON-EGG-CHEESE,8.0,2020-10-14 07:47:17,,"BBQ Sauce, Hash Brown",,,,,2.0
5283,92,1,0.0,27.1,Toasted Roll,1,Kitchen,10.0,3,BACON-EGG-CHEESE,8.0,2020-06-13 11:17:38,,"BBQ Sauce, Hash Brown",,,,,2.0
5283,92,1,0.0,27.1,Toasted Roll,1,Kitchen,9.5,4,BACON-EGG-CHEESE,8.0,2020-06-13 11:17:38,,"Tomato Sauce, Avocado",,,,,1.5
5087,92,2,0.0,27.1,Toasted Roll,1,Kitchen,10.0,3,BACON-EGG-CHEESE,8.0,2020-05-30 09:11:13,,"BBQ Sauce, Hash Brown",,,,,2.0
5087,92,2,0.0,27.1,Toasted Roll,1,Kitchen,9.5,4,BACON-EGG-CHEESE,8.0,2020-05-30 09:11:13,,"Tomato Sauce, Avocado",,,,,1.5
16002,929,2,0.0,27.1,Toasted Roll,1,Kitchen,9.0,3,BACON-EGG,7.0,2021-09-25 10:36:08,,Hash Brown,,,,,2.0
16002,929,2,0.0,27.1,Toasted Roll,1,Kitchen,9.0,4,BACON-EGG,7.0,2021-09-25 10:36:08,,Hash Brown,,,,,2.0
35130,446,2,0.0,27.1,Muffin,1,Kitchen,4.5,4,RASPBERRY-WHITECHOC,4.5,2023-08-28 11:36:34,,,No,,,,0.0
35130,446,2,0.0,27.1,Muffin,1,Kitchen,4.5,5,RASPBERRY-WHITECHOC,4.5,2023-08-28 11:36:34,,,No,,,,0.0
35130,446,2,0.0,27.1,Muffin,1,Kitchen,4.5,6,CHOC-MUD,4.5,2023-08-28 11:36:34,,,No,,,,0.0
16454,958,2,0.0,27.1,Toasted Roll,1,Kitchen,10.0,3,BACON-EGG-CHEESE,8.0,2021-10-10 10:31:45,,"Tomato Sauce, Hash Brown, Salt and Pepper",,,,,2.0
16454,958,2,0.0,27.1,Toasted Roll,1,Kitchen,8.0,4,BACON-EGG-CHEESE,8.0,2021-10-10 10:31:45,,"Tomato Sauce, BBQ Sauce, Salt and Pepper",,,,,0.0
31077,234,2,0.0,27.1,Muffin,1,Kitchen,3.9,5,RASPBERRY-WHITECHOC,3.9,2023-04-22 09:42:16,,,Yes,,,,0.0
4876,250,2,0.0,27.1,Toasted Roll,1,Kitchen,7.0,5,BACON-EGG,7.0,2020-05-14 12:30:00,,"BBQ Sauce, Salt and Pepper",,,,,0.0
15173,867,2,0.0,39.9,Toasted Roll,1,Kitchen,9.9,4,CHICKEN-SCHNITZEL-CHEESE-LETTUCE,8.4,2021-08-28 13:04:48,,Avocado,,,,,1.5
15173,867,2,0.0,39.9,Toasted Roll,1,Kitchen,10.0,5,BACON-EGG-CHEESE,8.0,2021-08-28 13:04:48,,"BBQ Sauce, Hash Brown",,,,,2.0
32865,435,2,0.0,39.9,Toasted Roll,1,Kitchen,11.5,4,BACON-EGG-CHEESE,9.5,2023-06-17 12:49:21,,"Tomato Sauce, Hash Brown",,,,,2.0
19151,698,2,0.0,39.9,Toastie,1,Kitchen,9.0,3,BACON-EGG-CHEESE,8.0,2022-02-04 09:44:20,Sourdough,Salt and Pepper,,,,,1.0
19151,698,2,0.0,39.9,Toastie,1,Kitchen,9.0,4,BACON-EGG-CHEESE,8.0,2022-02-04 09:44:20,Sourdough,Salt and Pepper,,,,,1.0
19151,698,2,0.0,39.9,Toastie,1,Kitchen,9.0,5,BACON-EGG-CHEESE,8.0,2022-02-04 09:44:20,Sourdough,Salt and Pepper,,,,,1.0
7015,443,2,0.0,39.9,Toastie,1,Kitchen,7.0,6,CHEESE-TOMATO,7.0,2020-09-07 11:36:58,White,Tomato Sauce,,,,,0.0
7517,480,2,0.0,39.9,Big Breakfast,1,Kitchen,18.2,1,SCRAMBLED,16.2,2020-09-26 11:45:00,White,Hash Brown,,,,,2.0
7517,480,2,0.0,39.9,Build Your Own Breakfast,1,Kitchen,13.4,2,POACHED,7.9,2020-09-26 11:45:00,Sourdough,"Bacon, Hash Brown",,,,,5.5
39546,757,2,0.0,39.9,Muffin,1,Kitchen,4.5,4,CHOC-MUD,4.5,2024-01-30 13:00:00,,,No,,,,0.0
25467,1148,2,0.0,52.7,Muffin,1,Kitchen,3.9,6,RASPBERRY-WHITECHOC,3.9,2022-09-26 13:18:39,,,No,,,,0.0
25467,1148,2,0.0,52.7,Muffin,1,Kitchen,3.9,7,CHOC-MUD,3.9,2022-09-26 13:18:39,,,No,,,,0.0
25467,1148,2,0.0,52.7,Toastie,1,Kitchen,7.0,8,CHEESE,7.0,2022-09-26 13:18:39,White,Tomato Sauce,,,,,0.0
25467,1148,2,0.0,52.7,Toastie,1,Kitchen,8.0,9,HAM-CHEESE,8.0,2022-09-26 13:18:39,White,Tomato Sauce,,,,,0.0
4575,219,0,0.0,52.7,Toasted Roll,1,Kitchen,10.0,7,BACON-EGG-CHEESE,8.0,2020-04-19 13:01:09,,"BBQ Sauce, Hash Brown",,,,,2.0
4575,219,0,0.0,52.7,Toasted Roll,1,Kitchen,10.0,8,BACON-EGG-CHEESE,8.0,2020-04-19 13:01:09,,"BBQ Sauce, Hash Brown",,,,,2.0
25349,215,2,2.93,32.23,Toasted Roll,1,Kitchen,10.0,3,BACON-EGG,8.0,2022-09-22 08:45:00,,Hash Brown,,,,,2.0
25349,215,2,2.93,32.23,Toasted Roll,1,Kitchen,10.0,4,BACON-EGG,8.0,2022-09-22 08:45:00,,Hash Brown,,,,,2.0
11661,521,2,0.0,22.0,Croissant,1,Kitchen,9.0,3,BACON-EGG-CHEESE,9.0,2021-04-07 11:34:37,,Salt and Pepper,,,,,0.0
9430,521,2,0.0,22.0,Croissant,1,Kitchen,9.0,3,BACON-EGG-CHEESE,9.0,2020-12-08 11:00:00,,Salt and Pepper,,,,,0.0
21971,791,2,0.0,22.0,Big Breakfast,1,Kitchen,18.2,1,FRIED,17.2,2022-05-22 11:34:47,Sourdough,Hollandaise,,,,,1.0
14271,543,2,0.0,22.0,Toasted Roll,1,Kitchen,7.0,3,BACON-EGG,7.0,2021-07-25 09:59:06,,BBQ Sauce,,,,,0.0
14271,543,2,0.0,22.0,Toastie,1,Kitchen,7.0,4,BACON-CHEESE,7.0,2021-07-25 09:59:06,White,Tomato Sauce,,,,,0.0
9328,582,2,0.0,22.0,Toasted Roll,1,Kitchen,8.0,4,BACON-EGG-CHEESE,8.0,2020-12-04 09:15:57,,"BBQ Sauce, Salt and Pepper",,,,,0.0
29634,337,2,0.0,22.0,Toastie,1,Kitchen,8.5,3,BACON-EGG,8.5,2023-03-04 12:07:09,Multigrain,Tomato Sauce,,,,,0.0
27671,128,2,0.0,22.0,Toasted Roll,1,Kitchen,11.5,3,HAM-CHEESE,8.0,2022-12-13 07:59:24,,"Avocado, Hash Brown, Salt and Pepper",,,,,3.5
23048,128,2,0.0,22.0,Toasted Roll,1,Kitchen,11.5,3,BACON-EGG-CHEESE,8.0,2022-07-02 08:38:09,,"Avocado, Hash Brown, Salt and Pepper",,,,,3.5
27465,1153,2,0.0,22.0,Toasted Roll,1,Kitchen,8.0,4,BACON-EGG,8.0,2022-12-06 08:09:14,,BBQ Sauce,,,,,0.0
27465,1153,2,0.0,22.0,Muffin,1,Kitchen,3.9,3,APPLE-CINNAMON,3.9,2022-12-06 08:09:14,,,Yes,,,,0.0
20903,136,2,0.0,22.0,Toasted Roll,1,Kitchen,10.0,3,BACON-EGG-CHEESE,8.0,2022-04-11 07:33:31,,"BBQ Sauce, Hash Brown",,,,,2.0
33445,651,2,0.0,22.0,Toasted Roll,1,Kitchen,11.6,3,CHICKEN-SCHNITZEL-CHEESE-LETTUCE,10.1,2023-07-07 08:58:57,,"Avocado, Salt and Pepper",,,,,1.5
24368,651,2,0.0,22.0,Toastie,1,Kitchen,12.0,3,BACON-EGG-CHEESE,9.0,2022-08-19 08:21:57,Sourdough,"Tomato Sauce, Hash Brown",,,,,3.0
17414,911,2,0.0,22.0,Toasted Roll,1,Kitchen,7.0,3,BACON-EGG,7.0,2021-11-13 07:33:54,,Tomato Sauce,,,,,0.0
17414,911,2,0.0,22.0,Toasted Roll,1,Kitchen,7.0,4,BACON-EGG,7.0,2021-11-13 07:33:54,,Tomato Sauce,,,,,0.0
35030,1171,2,0.0,22.0,Toastie,1,Kitchen,9.0,4,HAM-CHEESE,9.0,2023-08-25 09:02:48,White,Tomato Sauce,,,,,0.0
40519,951,2,0.0,22.0,Toasted Roll,2,Kitchen,22.0,1,BACON-EGG,9.0,2024-03-02 12:45:00,,"Hash Brown, Salt and Pepper",,,,,2.0
40525,1481,2,0.0,22.0,Toastie,1,Kitchen,10.5,3,BACON-EGG-CHEESE,10.5,2024-03-03 08:16:19,Multigrain,Salt and Pepper,,,,,0.0
36412,1481,2,0.0,22.0,Toastie,1,Kitchen,10.5,3,BACON-EGG-CHEESE,10.5,2023-10-08 09:09:53,Multigrain,Salt and Pepper,,,,,0.0
4822,214,10,0.0,22.0,Croissant,1,Kitchen,9.0,2,HAM-CHEESE-TOMATO,9.0,2020-05-10 11:15:00,,Salt and Pepper,,,,,0.0
29220,228,2,0.0,22.0,Toastie,1,Kitchen,8.5,4,BACON-EGG,8.5,2023-02-19 11:11:37,White,Tomato Sauce,,,,,0.0
30297,260,2,0.0,34.8,Toasted Roll,2,Kitchen,23.0,3,BACON-EGG-CHEESE,9.5,2023-03-26 10:51:46,,"Tomato Sauce, Hash Brown",,,,,2.0
18931,14,2,0.0,34.8,Build Your Own Breakfast,1,Kitchen,8.0,1,SCRAMBLED,8.0,2022-01-27 08:46:51,White,"Bacon, Hollandaise, Sauteed Mushrooms",,,,,0.0
18931,14,2,0.0,34.8,Build Your Own Breakfast,1,Kitchen,10.0,2,SCRAMBLED,8.0,2022-01-27 08:46:51,White,Hash Brown,,,,,2.0
24816,531,2,0.0,34.8,Toasted Roll,1,Kitchen,9.0,4,BACON-EGG-CHEESE,9.0,2022-09-04 09:30:00,,BBQ Sauce,,,,,0.0
24925,1144,2,0.0,34.8,Toasted Roll,1,Kitchen,8.0,4,BACON-EGG,8.0,2022-09-07 12:33:07,,Tomato Sauce,,,,,0.0
27138,189,2,0.0,34.8,Toastie,1,Kitchen,9.0,5,HAM-CHEESE,8.0,2022-11-25 09:05:04,Sourdough,Tomato Sauce,,,,,1.0
27138,189,2,0.0,34.8,Toastie,1,Kitchen,9.0,6,HAM-CHEESE,8.0,2022-11-25 09:05:04,Sourdough,Tomato Sauce,,,,,1.0
18336,255,2,0.0,47.6,Toastie,1,Kitchen,7.0,6,HAM-CHEESE,7.0,2021-12-17 12:45:00,Multigrain,Tomato Sauce,,,,,0.0
18554,1049,2,0.0,60.4,Toasted Roll,1,Kitchen,9.0,4,BACON-EGG,7.0,2022-01-09 10:34:51,,"Tomato Sauce, BBQ Sauce, Hash Brown, Salt and Pepper",,,,,2.0
18554,1049,2,0.0,60.4,Toasted Roll,1,Kitchen,9.0,5,BACON-EGG,7.0,2022-01-09 10:34:51,,"Tomato Sauce, BBQ Sauce, Hash Brown, Salt and Pepper",,,,,2.0
18554,1049,2,0.0,60.4,Big Breakfast,1,Kitchen,20.2,1,POACHED,17.2,2022-01-09 10:34:51,White,Sauteed Mushrooms,,,,,3.0
18554,1049,2,0.0,60.4,Eggs Benedict,1,Kitchen,16.9,2,BACON,14.9,2022-01-09 10:34:51,,,,Hashbrown,,,1.9999999999999982
36842,1342,2,0.0,16.9,Toastie,1,Kitchen,10.0,2,EGG-CHEESE,9.0,2023-10-20 11:04:39,Sourdough,Tomato Sauce,,,,,1.0
17241,890,2,0.0,16.9,(Main) Pasta,1,Kitchen,16.9,1,MONALISA,16.9,2021-11-07 12:00:00,,,,,Gnocchi,,0.0
6845,409,0,0.0,16.9,Toastie,1,Kitchen,9.9,2,CHICKEN-SCHNITZEL-CHEESE-LETTUCE,8.4,2020-09-01 13:01:41,White,"Avocado, Salt and Pepper",,,,,1.5
6664,415,0,0.0,16.9,Toastie,1,Kitchen,8.0,3,BACON-EGG-CHEESE,8.0,2020-08-25 11:30:00,White,Tomato Sauce,,,,,0.0
4741,175,2,0.0,16.9,Toastie,1,Kitchen,7.0,4,BACON-EGG,7.0,2020-05-04 09:15:44,White,Tomato Sauce,,,,,0.0
20789,721,2,0.0,16.9,Toasted Roll,1,Kitchen,9.0,3,BACON-EGG,7.0,2022-04-07 07:43:52,,"Tomato Sauce, Hash Brown, Salt and Pepper",,,,,2.0
19450,721,2,0.0,16.9,Toasted Roll,1,Kitchen,9.0,3,BACON-EGG,7.0,2022-02-16 06:55:22,,"Tomato Sauce, Hash Brown, Salt and Pepper",,,,,2.0
7438,473,2,0.0,16.9,Toastie,1,Kitchen,7.0,2,HAM-CHEESE,7.0,2020-09-23 13:15:00,Multigrain,Salt and Pepper,,,,,0.0
27983,231,2,0.0,16.9,Eggs and Bacon,1,Kitchen,11.9,1,SCRAMBLED,11.9,2022-12-23 05:54:06,White,,,,,,0.0
14225,811,2,0.0,29.7,Big Breakfast,1,Kitchen,21.7,1,SCRAMBLED,16.7,2021-07-23 11:32:19,White,Smashed Avo and Feta,,,,,5.0
14256,818,2,0.0,29.7,Toastie,1,Kitchen,11.5,4,BACON-EGG-CHEESE,8.0,2021-07-24 11:30:00,Multigrain,"BBQ Sauce, Avocado, Hash Brown",,,,,3.5
14256,818,2,0.0,29.7,Croissant,1,Kitchen,9.0,1,BACON-EGG-CHEESE,9.0,2021-07-24 11:30:00,,Salt and Pepper,,,,,0.0
26756,1330,2,0.0,29.7,Toasted Roll,1,Kitchen,10.0,3,BACON-EGG,8.0,2022-11-13 07:37:36,,"Tomato Sauce, Hash Brown",,,,,2.0
26756,1330,2,0.0,29.7,Toasted Roll,1,Kitchen,11.5,4,BACON-EGG,8.0,2022-11-13 07:37:36,,"Tomato Sauce, Avocado, Hash Brown",,,,,3.5
30159,1144,2,0.0,29.7,Toasted Roll,1,Kitchen,8.5,3,BACON-EGG,8.5,2023-03-21 10:25:35,,Tomato Sauce,,,,,0.0
30159,1144,2,0.0,29.7,Toasted Roll,1,Kitchen,10.5,4,BACON-EGG,8.5,2023-03-21 10:25:35,,"Tomato Sauce, Hash Brown",,,,,2.0
24377,465,2,0.0,29.7,Eggs and Bacon,1,Kitchen,12.9,2,POACHED,11.9,2022-08-19 12:56:01,Sourdough,,,,,,1.0
15168,239,2,0.0,29.7,Big Breakfast,1,Kitchen,19.7,1,FRIED,16.7,2021-08-28 11:15:04,White,Hollandaise,,,,,3.0
15168,239,2,0.0,29.7,Toasted Roll,1,Kitchen,10.0,2,BACON-EGG-CHEESE,8.0,2021-08-28 11:15:04,,Hash Brown,,,,,2.0
12823,240,2,0.0,29.7,Toasted Roll,1,Kitchen,11.5,3,BACON-EGG-CHEESE,8.0,2021-05-28 08:03:48,,"Tomato Sauce, Avocado, Hash Brown",,,,,3.5
12823,240,2,0.0,29.7,Toastie,1,Kitchen,8.0,4,HAM-CHEESE-TOMATO,8.0,2021-05-28 08:03:48,White,Tomato Sauce,,,,,0.0
18209,261,2,0.0,11.8,Toasted Roll,1,Kitchen,7.0,2,BACON-EGG,7.0,2021-12-12 10:22:17,,"Tomato Sauce, Salt and Pepper",,,,,0.0
15042,275,2,0.0,11.8,Toasted Roll,1,Kitchen,7.0,2,BACON-EGG,7.0,2021-08-24 08:16:24,,Tomato Sauce,,,,,0.0
14820,275,2,0.0,11.8,Toasted Roll,1,Kitchen,7.0,2,BACON-EGG,7.0,2021-08-16 08:00:14,,Tomato Sauce,,,,,0.0
14782,275,2,0.0,11.8,Toastie,1,Kitchen,7.0,2,BACON-EGG,7.0,2021-08-15 07:21:18,Multigrain,Tomato Sauce,,,,,0.0
14718,275,2,0.0,11.8,Toastie,1,Kitchen,7.0,2,BACON-EGG,7.0,2021-08-12 07:41:56,Multigrain,Tomato Sauce,,,,,0.0
14299,275,2,0.0,11.8,Toastie,1,Kitchen,7.0,2,BACON-EGG,7.0,2021-07-26 08:37:14,Multigrain,Tomato Sauce,,,,,0.0
14161,275,2,0.0,11.8,Toasted Roll,1,Kitchen,7.0,2,BACON-EGG,7.0,2021-07-21 08:14:58,,Tomato Sauce,,,,,0.0
13975,275,2,0.0,11.8,Toastie,1,Kitchen,7.0,2,BACON-EGG,7.0,2021-07-13 06:58:34,Multigrain,Tomato Sauce,,,,,0.0
13916,275,2,0.0,11.8,Toasted Roll,1,Kitchen,7.0,2,BACON-EGG,7.0,2021-07-10 08:54:18,,Tomato Sauce,,,,,0.0
13832,275,2,0.0,11.8,Toastie,1,Kitchen,7.0,2,BACON-EGG,7.0,2021-07-07 06:01:35,Multigrain,Tomato Sauce,,,,,0.0
13749,275,2,0.0,11.8,Toastie,1,Kitchen,7.0,2,BACON-EGG,7.0,2021-07-03 08:18:13,Multigrain,Tomato Sauce,,,,,0.0
13715,275,2,0.0,11.8,Toastie,1,Kitchen,7.0,2,BACON-EGG,7.0,2021-07-01 07:55:42,Multigrain,Tomato Sauce,,,,,0.0
13661,275,2,0.0,11.8,Toasted Roll,1,Kitchen,7.0,2,BACON-EGG,7.0,2021-06-29 06:41:09,,Tomato Sauce,,,,,0.0
13172,275,2,0.0,11.8,Toastie,1,Kitchen,7.0,2,BACON-EGG,7.0,2021-06-10 07:44:47,Multigrain,Tomato Sauce,,,,,0.0
13124,275,2,0.0,11.8,Toasted Roll,1,Kitchen,7.0,2,BACON-EGG,7.0,2021-06-08 07:46:59,,Tomato Sauce,,,,,0.0
12824,275,2,0.0,11.8,Toastie,1,Kitchen,7.0,2,BACON-EGG,7.0,2021-05-28 08:03:57,Multigrain,Tomato Sauce,,,,,0.0
12453,275,2,0.0,11.8,Toasted Roll,1,Kitchen,7.0,2,BACON-EGG,7.0,2021-05-12 06:07:16,,Tomato Sauce,,,,,0.0
11839,275,2,0.0,11.8,Toasted Roll,1,Kitchen,7.0,2,BACON-EGG,7.0,2021-04-16 06:33:41,,Tomato Sauce,,,,,0.0
6801,275,2,0.0,11.8,Toasted Roll,1,Kitchen,7.0,2,BACON-EGG,7.0,2020-08-31 07:24:32,,Tomato Sauce,,,,,0.0
6703,275,2,0.0,11.8,Toasted Roll,1,Kitchen,7.0,2,BACON-EGG,7.0,2020-08-27 08:48:59,,Tomato Sauce,,,,,0.0
6424,275,2,0.0,11.8,Toasted Roll,1,Kitchen,7.0,2,BACON-EGG,7.0,2020-08-15 08:17:04,,Tomato Sauce,,,,,0.0
6406,275,2,0.0,11.8,Toasted Roll,1,Kitchen,7.0,2,BACON-EGG,7.0,2020-08-14 08:07:06,,Tomato Sauce,,,,,0.0
6362,275,2,0.0,11.8,Toasted Roll,1,Kitchen,7.0,2,BACON-EGG,7.0,2020-08-12 09:05:24,,Tomato Sauce,,,,,0.0
6305,275,2,0.0,11.8,Toastie,1,Kitchen,7.0,2,BACON-EGG,7.0,2020-08-10 06:09:52,White,Tomato Sauce,,,,,0.0
6171,275,2,0.0,11.8,Toasted Roll,1,Kitchen,7.0,2,BACON-EGG,7.0,2020-08-04 07:04:44,,Tomato Sauce,,,,,0.0
6081,275,2,0.0,11.8,Toasted Roll,1,Kitchen,7.0,2,BACON-EGG,7.0,2020-07-31 07:03:23,,Tomato Sauce,,,,,0.0
6061,275,2,0.0,11.8,Toasted Roll,1,Kitchen,7.0,2,BACON-EGG,7.0,2020-07-30 07:27:03,,Tomato Sauce,,,,,0.0
5885,275,2,0.0,11.8,Toasted Roll,1,Kitchen,7.0,2,BACON-EGG,7.0,2020-07-21 10:14:48,,Tomato Sauce,,,,,0.0
5756,275,2,0.0,11.8,Toasted Roll,1,Kitchen,7.0,2,BACON-EGG,7.0,2020-07-15 08:54:13,,Tomato Sauce,,,,,0.0
5353,275,2,0.0,11.8,Toasted Roll,1,Kitchen,7.0,2,BACON-EGG,7.0,2020-06-19 08:09:32,,Tomato Sauce,,,,,0.0
8041,44,2,0.0,11.8,Toasted Roll,1,Kitchen,7.0,2,BACON-EGG,7.0,2020-10-16 07:22:03,,Tomato Sauce,,,,,0.0
7969,44,2,0.0,11.8,Toasted Roll,1,Kitchen,7.0,2,BACON-EGG,7.0,2020-10-14 07:30:00,,Tomato Sauce,,,,,0.0
7910,44,2,0.0,11.8,Toasted Roll,1,Kitchen,7.0,2,BACON-EGG,7.0,2020-10-12 07:13:08,,Tomato Sauce,,,,,0.0
7785,44,2,0.0,11.8,Toasted Roll,1,Kitchen,7.0,2,BACON-EGG,7.0,2020-10-07 07:16:27,,Tomato Sauce,,,,,0.0
26648,1324,2,0.0,11.8,Toastie,1,Kitchen,8.0,2,BACON-EGG,8.0,2022-11-09 09:33:00,White,BBQ Sauce,,,,,0.0
9972,570,2,0.0,11.8,Toastie,1,Kitchen,7.0,2,CHEESE-TOMATO,7.0,2021-01-12 10:20:42,White,Tomato Sauce,,,,,0.0
16996,593,2,0.0,11.8,Toastie,1,Kitchen,7.0,2,BACON-EGG,7.0,2021-10-29 06:38:49,White,Tomato Sauce,,,,,0.0
20088,89,2,0.0,11.8,Build Your Own Breakfast,1,Kitchen,8.0,1,POACHED,8.0,2022-03-11 07:26:43,Multigrain,"Bacon, Hollandaise, Sauteed Mushrooms",,,,,0.0
22630,872,0,0.0,11.8,Muffin,1,Kitchen,3.9,1,ORANGE-POPPYSEED,3.9,2022-06-15 13:48:02,,,Yes,,,,0.0
21135,632,2,0.0,11.8,Toastie,1,Kitchen,8.0,2,EGG,6.0,2022-04-22 06:35:05,White,"BBQ Sauce, Hash Brown",,,,,2.0
21105,632,2,0.0,11.8,Toastie,1,Kitchen,8.0,2,EGG,6.0,2022-04-21 06:33:42,White,"BBQ Sauce, Hash Brown",,,,,2.0
17850,632,2,0.0,11.8,Toastie,1,Kitchen,7.5,2,EGG,6.0,2021-11-29 06:16:06,Multigrain,"BBQ Sauce, Avocado",,,,,1.5
11125,127,2,0.0,11.8,Toastie,1,Kitchen,7.0,2,HAM-CHEESE,7.0,2021-03-12 09:07:56,Multigrain,Tomato Sauce,,,,,0.0
11094,127,2,0.0,11.8,Toastie,1,Kitchen,7.0,2,HAM-CHEESE,7.0,2021-03-11 09:07:12,Multigrain,Tomato Sauce,,,,,0.0
7499,130,2,0.0,11.8,Toastie,1,Kitchen,8.0,2,HAM-CHEESE-TOMATO,8.0,2020-09-25 13:39:14,White,Tomato Sauce,,,,,0.0
20059,391,2,0.0,11.8,Toastie,1,Kitchen,7.0,2,CHEESE-TOMATO,7.0,2022-03-09 14:09:12,Multigrain,Salt and Pepper,,,,,0.0
17849,141,2,0.0,11.8,Toastie,1,Kitchen,7.0,2,BACON-EGG,7.0,2021-11-29 06:14:35,Multigrain,BBQ Sauce,,,,,0.0
7444,141,2,0.0,11.8,Toastie,1,Kitchen,7.0,2,BACON-EGG,7.0,2020-09-24 06:01:49,Multigrain,BBQ Sauce,,,,,0.0
5711,141,2,0.0,11.8,Toastie,1,Kitchen,7.0,2,BACON-EGG,7.0,2020-07-13 06:09:54,Multigrain,BBQ Sauce,,,,,0.0
4222,141,2,0.0,11.8,Toastie,1,Kitchen,7.0,2,BACON-EGG,7.0,2020-02-21 06:05:10,Multigrain,Tomato Sauce,,,,,0.0
15737,421,2,0.0,11.8,Toastie,1,Kitchen,7.0,2,BACON-EGG,7.0,2021-09-17 07:24:26,White,BBQ Sauce,,,,,0.0
26636,721,2,0.0,11.8,Toasted Roll,1,Kitchen,8.0,2,BACON-EGG,8.0,2022-11-09 07:52:06,,"Tomato Sauce, Salt and Pepper",,,,,0.0
10547,255,2,0.0,11.8,Toastie,1,Kitchen,9.0,2,HAM-CHEESE-TOMATO,8.0,2021-02-10 12:45:00,Sourdough,Tomato Sauce,,,,,1.0
3322,5,2,0.0,24.6,Toasted Roll,1,Kitchen,11.9,3,CHICKEN-SCHNITZEL-CHEESE-LETTUCE,8.4,2019-05-27 15:58:03,,"Tomato Sauce, BBQ Sauce, Avocado, Hash Brown, Salt and Pepper",,,,,3.5
6277,10,2,0.0,24.6,Eggs and Bacon,1,Kitchen,10.4,2,SCRAMBLED,10.4,2020-08-09 09:00:00,White,,,,,,0.0
19294,275,2,0.0,24.6,Toasted Roll,1,Kitchen,7.0,3,BACON-EGG,7.0,2022-02-10 07:55:23,,Tomato Sauce,,,,,0.0
19294,275,2,0.0,24.6,Toasted Roll,1,Kitchen,7.0,4,BACON-EGG,7.0,2022-02-10 07:55:23,,Tomato Sauce,,,,,0.0
11447,585,2,0.0,24.6,Toasted Roll,1,Kitchen,8.0,3,BACON-EGG-CHEESE,8.0,2021-03-28 09:25:06,,"Tomato Sauce, Salt and Pepper",,,,,0.0
11447,585,2,0.0,24.6,Toastie,1,Kitchen,8.0,4,BACON-EGG-CHEESE,8.0,2021-03-28 09:25:06,White,"Tomato Sauce, Salt and Pepper",,,,,0.0
12702,617,2,0.0,24.6,Toasted Roll,1,Kitchen,8.0,3,BACON-EGG-CHEESE,8.0,2021-05-23 08:56:00,,"Tomato Sauce, Salt and Pepper",,,,,0.0
12702,617,2,0.0,24.6,Toastie,1,Kitchen,8.0,4,BACON-EGG-CHEESE,8.0,2021-05-23 08:56:00,White,"Tomato Sauce, Salt and Pepper",,,,,0.0
12382,617,2,0.0,24.6,Toastie,1,Kitchen,8.0,3,BACON-EGG-CHEESE,8.0,2021-05-09 09:13:58,White,Tomato Sauce,,,,,0.0
12382,617,2,0.0,24.6,Toastie,1,Kitchen,8.0,4,BACON-EGG-CHEESE,8.0,2021-05-09 09:13:58,White,Tomato Sauce,,,,,0.0
34439,1171,2,0.0,24.6,Toastie,1,Kitchen,10.5,4,BACON-EGG-CHEESE,10.5,2023-08-07 07:43:23,White,Tomato Sauce,,,,,0.0
23427,675,2,0.0,24.6,Croissant,1,Kitchen,9.0,2,BACON-EGG-CHEESE,9.0,2022-07-17 12:25:21,,Salt and Pepper,,,,,0.0
10303,215,2,0.0,24.6,Toastie,1,Kitchen,8.0,4,BACON-EGG-CHEESE,8.0,2021-01-30 08:28:59,White,Tomato Sauce,,,,,0.0
17027,986,2,0.0,24.6,Toasted Roll,1,Kitchen,8.0,3,BACON-EGG-CHEESE,8.0,2021-10-30 07:05:36,,Tomato Sauce,,,,,0.0
17027,986,2,0.0,24.6,Toasted Roll,1,Kitchen,8.0,4,BACON-EGG-CHEESE,8.0,2021-10-30 07:05:36,,Tomato Sauce,,,,,0.0
8292,529,0,0.0,37.4,French Toast with Streaky Bacon,1,Kitchen,11.9,1,REGULAR,9.9,2020-10-23 10:45:00,,,,Hashbrown,,,2.0
6452,298,2,0.0,37.4,Deep Fryer,1,Kitchen,8.0,2,WEDGES,7.5,2020-08-16 10:13:22,,,,Sweet and sour sauce,,,0.5
9309,351,2,0.0,37.4,Toastie,1,Kitchen,7.0,7,CHEESE-TOMATO,7.0,2020-12-03 13:38:49,White,Tomato Sauce,,,,,0.0
9309,351,2,0.0,37.4,Toastie,1,Kitchen,7.0,8,HAM-CHEESE,7.0,2020-12-03 13:38:49,White,Tomato Sauce,,,,,0.0
26662,1223,2,0.0,37.4,Eggs Benedict,1,Kitchen,17.9,1,BACON,15.9,2022-11-10 07:09:33,,,,Hashbrown,,,1.9999999999999982
26662,1223,2,0.0,37.4,Toastie,1,Kitchen,8.0,4,BACON-EGG,8.0,2022-11-10 07:09:33,White,Tomato Sauce,,,,,0.0
25597,409,2,0.0,50.2,Big Breakfast,1,Kitchen,22.2,1,SCRAMBLED,18.2,2022-10-02 08:34:39,Multigrain,Halloumi,,,,,4.0
25597,409,2,0.0,50.2,Build Your Own Breakfast,1,Kitchen,19.9,2,SUNNY,8.9,2022-10-02 08:34:39,Multigrain,"Grilled Tomato, Smashed Avo and Feta, Baby Spinach",,,,,10.999999999999998
24820,1267,2,0.0,50.2,Build Your Own Breakfast,1,Kitchen,18.4,1,POACHED,8.9,2022-09-04 09:30:00,Multigrain,"Bacon, Hash Brown, Pulled Pork",,,,,9.499999999999998
24820,1267,2,0.0,50.2,French Toast with Streaky Bacon,1,Kitchen,13.8,3,REGULAR,11.8,2022-09-04 09:30:00,,,,Hashbrown,,,2.0
16836,645,1,0.0,63.0,Eggs Florentine,1,Kitchen,16.2,3,REGULAR,14.2,2021-10-23 13:32:03,,,,Hashbrown,,,2.0
37380,9,2,1.54,16.94,Toasted Roll,1,Kitchen,10.0,2,BACON-EGG-CHEESE,10.0,2023-11-07 09:37:41,,"Tomato Sauce, Salt and Pepper",,,,,0.0
25380,670,2,1.54,16.94,Toasted Roll,1,Kitchen,11.0,2,BACON-EGG-CHEESE,9.0,2022-09-23 09:35:28,,"Tomato Sauce, Hash Brown",,,,,2.0
3328,5,10,0.0,19.5,Toastie,1,Kitchen,12.5,3,HAM-CHEESE-TOMATO,8.0,2019-05-31 16:37:39,Sourdough,"Tomato Sauce, BBQ Sauce, Avocado, Hash Brown, Salt and Pepper",,,,,4.5
25430,9,2,0.0,19.5,Toastie,1,Kitchen,9.0,3,HAM-CHEESE-TOMATO,9.0,2022-09-25 10:15:43,White,Tomato Sauce,,,,,0.0
36181,788,2,0.0,19.5,Toastie,1,Kitchen,10.5,2,HAM-CHEESE-TOMATO,10.5,2023-09-30 09:13:51,White,Tomato Sauce,,,,,0.0
11286,33,2,0.0,19.5,Toastie,1,Kitchen,7.0,4,HAM-CHEESE,7.0,2021-03-20 09:53:30,Multigrain,Tomato Sauce,,,,,0.0
5302,296,2,0.0,19.5,(Main) Pasta,1,Kitchen,15.5,1,EFUNGHI,15.5,2020-06-15 12:00:00,,,,,Gnocchi,,0.0
14151,808,2,0.0,19.5,Toastie,1,Kitchen,7.0,2,CHEESE-TOMATO,7.0,2021-07-20 13:23:49,White,Salt and Pepper,,,,,0.0
14151,808,2,0.0,19.5,Toastie,1,Kitchen,7.0,3,CHEESE-TOMATO,7.0,2021-07-20 13:23:49,White,Salt and Pepper,,,,,0.0
24615,862,2,0.0,19.5,Toastie,1,Kitchen,9.0,3,HAM-CHEESE-TOMATO,9.0,2022-08-28 09:09:21,Multigrain,Tomato Sauce,,,,,0.0
23393,862,1,0.0,19.5,Toastie,1,Kitchen,8.0,3,HAM-CHEESE-TOMATO,8.0,2022-07-16 09:24:52,Multigrain,Tomato Sauce,,,,,0.0
11710,128,2,0.0,19.5,Toastie,1,Kitchen,9.0,3,BACON-CHEESE,7.0,2021-04-10 08:07:58,Multigrain,"Hash Brown, Salt and Pepper",,,,,2.0
10676,128,2,0.0,19.5,Toastie,1,Kitchen,9.0,3,HAM-CHEESE,7.0,2021-02-17 07:22:38,Multigrain,"Hash Brown, Salt and Pepper",,,,,2.0
10391,128,2,0.0,19.5,Toastie,1,Kitchen,9.0,3,HAM-CHEESE,7.0,2021-02-03 07:29:57,Multigrain,"Hash Brown, Salt and Pepper",,,,,2.0
10300,128,2,0.0,19.5,Toastie,1,Kitchen,9.0,3,HAM-CHEESE,7.0,2021-01-30 08:14:12,Multigrain,"Hash Brown, Salt and Pepper",,,,,2.0
10272,128,2,0.0,19.5,Toastie,1,Kitchen,9.0,3,HAM-CHEESE,7.0,2021-01-29 06:51:16,Multigrain,Hash Brown,,,,,2.0
13497,141,2,0.0,19.5,Toastie,1,Kitchen,7.0,2,BACON-EGG,7.0,2021-06-22 05:57:25,Multigrain,BBQ Sauce,,,,,0.0
13497,141,2,0.0,19.5,Toastie,1,Kitchen,7.0,3,BACON-EGG,7.0,2021-06-22 05:57:25,Multigrain,BBQ Sauce,,,,,0.0
31182,1171,0,0.0,19.5,Toastie,1,Kitchen,8.5,4,HAM-CHEESE,8.5,2023-04-26 07:37:54,White,Tomato Sauce,,,,,0.0
5251,193,2,0.0,19.5,Toasted Roll,1,Kitchen,7.0,2,BACON-EGG,7.0,2020-06-12 07:45:00,,BBQ Sauce,,,,,0.0
5251,193,2,0.0,19.5,Toasted Roll,1,Kitchen,7.0,3,BACON-EGG,7.0,2020-06-12 07:45:00,,BBQ Sauce,,,,,0.0
4466,193,10,0.0,19.5,Toasted Roll,1,Kitchen,7.0,2,BACON-EGG,7.0,2020-03-26 08:15:00,,BBQ Sauce,,,,,0.0
4466,193,10,0.0,19.5,Toasted Roll,1,Kitchen,7.0,3,BACON-EGG,7.0,2020-03-26 08:15:00,,BBQ Sauce,,,,,0.0
20446,451,2,0.0,19.5,Toasted Roll,1,Kitchen,7.0,2,BACON-EGG,7.0,2022-03-25 08:45:28,,BBQ Sauce,,,,,0.0
20446,451,2,0.0,19.5,Toasted Roll,1,Kitchen,7.0,3,BACON-EGG,7.0,2022-03-25 08:45:28,,BBQ Sauce,,,,,0.0
20199,451,2,0.0,19.5,Toasted Roll,1,Kitchen,7.0,2,BACON-EGG,7.0,2022-03-15 08:38:14,,BBQ Sauce,,,,,0.0
20199,451,2,0.0,19.5,Toasted Roll,1,Kitchen,7.0,3,BACON-EGG,7.0,2022-03-15 08:38:14,,BBQ Sauce,,,,,0.0
40289,231,2,0.0,19.5,Toastie,1,Kitchen,10.5,3,BACON-EGG-CHEESE,10.5,2024-02-24 07:06:28,White,Tomato Sauce,,,,,0.0
39884,231,2,0.0,19.5,Toastie,1,Kitchen,10.5,3,BACON-EGG-CHEESE,10.5,2024-02-11 07:20:20,White,Tomato Sauce,,,,,0.0
38818,231,2,0.0,19.5,Toastie,1,Kitchen,10.5,3,BACON-EGG-CHEESE,10.5,2023-12-24 06:53:42,White,Tomato Sauce,,,,,0.0
37731,231,2,0.0,19.5,Toastie,1,Kitchen,10.5,3,HAM-CHEESE-TOMATO,10.5,2023-11-19 07:28:26,White,Tomato Sauce,,,,,0.0
4108,55,2,0.0,32.3,Toastie,1,Kitchen,8.0,3,BACON-EGG-CHEESE,8.0,2020-01-24 14:00:00,White,"Tomato Sauce, Salt and Pepper",,,,,0.0
4108,55,2,0.0,32.3,Toasted Roll,1,Kitchen,11.5,2,BACON-EGG-CHEESE,8.0,2020-01-24 14:00:00,,"Tomato Sauce, Avocado, Hash Brown, Salt and Pepper",,,,,3.5
4108,55,2,0.0,32.3,Toastie,1,Kitchen,8.0,4,BACON-EGG-CHEESE,8.0,2020-01-24 14:00:00,White,"Tomato Sauce, Salt and Pepper",,,,,0.0
15170,575,2,0.0,32.3,Toasted Roll,1,Kitchen,9.0,2,BACON-EGG,7.0,2021-08-28 11:26:37,,"Tomato Sauce, Hash Brown, Salt and Pepper",,,,,2.0
15170,575,2,0.0,32.3,Toasted Roll,1,Kitchen,9.0,3,BACON-EGG,7.0,2021-08-28 11:26:37,,"Hash Brown, Salt and Pepper",,,,,2.0
15170,575,2,0.0,32.3,Toasted Roll,1,Kitchen,9.0,4,BACON-EGG,7.0,2021-08-28 11:26:37,,"Tomato Sauce, Hash Brown, Salt and Pepper",,,,,2.0
38350,1144,2,0.0,32.3,Toasted Roll,1,Kitchen,9.0,3,BACON-EGG,9.0,2023-12-08 09:43:59,,Tomato Sauce,,,,,0.0
38350,1144,2,0.0,32.3,Toasted Roll,1,Kitchen,11.0,4,BACON-EGG,9.0,2023-12-08 09:43:59,,"Tomato Sauce, Hash Brown",,,,,2.0
32650,1171,2,0.0,32.3,Toastie,1,Kitchen,9.5,5,BACON-EGG-CHEESE,9.5,2023-06-10 11:30:15,White,Tomato Sauce,,,,,0.0
38895,1191,2,0.0,32.3,Toastie,1,Kitchen,10.5,4,HAM-CHEESE-TOMATO,10.5,2024-01-06 08:12:29,White,Salt and Pepper,,,,,0.0
38031,744,0,0.0,32.3,Toasted Roll,2,Kitchen,18.0,3,BACON-EGG,9.0,2023-11-28 10:36:08,,Salt and Pepper,,,,,0.0
15394,853,2,0.0,45.1,Big Breakfast,1,Kitchen,16.7,1,POACHED,16.7,2021-09-05 10:00:00,White,Hollandaise,,,,,0.0
15225,878,2,0.0,45.1,Build Your Own Breakfast,1,Kitchen,28.4,1,POACHED,7.9,2021-08-30 10:38:20,White,"Bacon, Hollandaise, Spanish Chorizo, Sauteed Mushrooms, Baby Spinach, Halloumi",,,,,20.5
15225,878,2,0.0,45.1,Toastie,1,Kitchen,8.0,4,BACON-EGG-CHEESE,8.0,2021-08-30 10:38:20,White,Tomato Sauce,,,,,0.0
28870,1144,2,0.0,45.1,Toastie,1,Kitchen,8.5,6,HAM-CHEESE,8.5,2023-02-07 08:39:00,White,Tomato Sauce,,,,,0.0
28870,1144,2,0.0,45.1,Toasted Roll,1,Kitchen,8.5,4,BACON-EGG,8.5,2023-02-07 08:39:00,,Tomato Sauce,,,,,0.0
28870,1144,2,0.0,45.1,Toasted Roll,1,Kitchen,10.5,5,BACON-EGG,8.5,2023-02-07 08:39:00,,"Tomato Sauce, Hash Brown",,,,,2.0
14956,754,2,0.0,45.1,Toastie,1,Kitchen,8.0,5,HAM-CHEESE-TOMATO,8.0,2021-08-21 09:58:03,White,Tomato Sauce,,,,,0.0
14956,754,2,0.0,45.1,Toastie,1,Kitchen,8.0,6,HAM-CHEESE-TOMATO,8.0,2021-08-21 09:58:03,White,Tomato Sauce,,,,,0.0
14956,754,2,0.0,45.1,Toastie,1,Kitchen,7.0,7,HAM-CHEESE,7.0,2021-08-21 09:58:03,White,Tomato Sauce,,,,,0.0
26505,1278,2,0.0,45.1,Hot Potatoes,1,Kitchen,14.9,2,COLESLAW,11.9,2022-11-04 13:00:00,,Bacon,,,,,3.0
16922,12,2,0.0,57.9,Build Your Own Breakfast,1,Kitchen,16.9,1,SCRAMBLED,7.9,2021-10-26 12:04:42,Multigrain,"Bacon, Hollandaise, Sauteed Mushrooms",,,,,8.999999999999998
37308,408,2,0.0,57.9,Toastie,3,Kitchen,30.0,4,HAM-CHEESE,9.0,2023-11-04 07:59:39,Sourdough,Tomato Sauce,,,,,1.0
37308,408,2,0.0,57.9,Toastie,1,Kitchen,9.0,5,HAM-CHEESE,9.0,2023-11-04 07:59:39,White,Tomato Sauce,,,,,0.0
26013,260,2,0.0,14.4,Toasted Roll,1,Kitchen,10.0,2,BACON-EGG,8.0,2022-10-17 08:23:18,,"Tomato Sauce, Hash Brown",,,,,2.0
21509,260,2,0.0,14.4,Toasted Roll,1,Kitchen,10.0,2,BACON-EGG-CHEESE,8.0,2022-05-05 07:39:43,,"Tomato Sauce, Hash Brown",,,,,2.0
21698,10,2,0.0,14.4,Toasted Roll,1,Kitchen,9.0,2,BACON-EGG,7.0,2022-05-12 08:08:33,,Hash Brown,,,,,2.0
26231,1290,2,0.0,14.4,Toastie,1,Kitchen,10.0,2,HAM-CHEESE-TOMATO,9.0,2022-10-25 08:48:01,Sourdough,Salt and Pepper,,,,,1.0
30461,268,2,0.0,14.4,Muffin,1,Kitchen,3.9,3,CHOC-MUD,3.9,2023-03-31 09:19:04,,,Yes,,,,0.0
13707,784,0,0.0,14.4,Toasted Roll,1,Kitchen,8.4,2,CHICKEN-SCHNITZEL-CHEESE-LETTUCE,8.4,2021-06-30 12:55:07,,Salt and Pepper,,,,,0.0
26148,275,2,0.0,14.4,Toasted Roll,1,Kitchen,9.5,2,BACON-EGG,8.0,2022-10-22 08:33:46,,"Tomato Sauce, Avocado",,,,,1.5
25796,275,2,0.0,14.4,Toasted Roll,1,Kitchen,9.5,2,BACON-EGG,8.0,2022-10-09 08:58:02,,"Tomato Sauce, Avocado",,,,,1.5
24051,275,0,0.0,14.4,Toasted Roll,1,Kitchen,9.5,2,BACON-EGG,8.0,2022-08-07 09:06:23,,"Tomato Sauce, Avocado",,,,,1.5
19359,1078,2,0.0,14.4,(Main) Pasta,1,Kitchen,14.4,1,SPAGCARB,14.4,2022-02-11 13:30:34,,,,,Fettuccini,,0.0
23547,1097,2,0.0,14.4,Toasted Roll,1,Kitchen,10.0,2,BACON-EGG-CHEESE,8.0,2022-07-22 07:58:43,,"Tomato Sauce, Hash Brown",,,,,2.0
17441,79,2,0.0,14.4,Toasted Roll,1,Kitchen,7.0,3,BACON-EGG,7.0,2021-11-14 10:05:28,,Salt and Pepper,,,,,0.0
21888,847,2,0.0,14.4,Toasted Roll,1,Kitchen,10.0,2,BACON-EGG-CHEESE,8.0,2022-05-19 13:52:14,,"Tomato Sauce, Hash Brown",,,,,2.0
21739,847,2,0.0,14.4,Toasted Roll,1,Kitchen,10.0,2,BACON-EGG-CHEESE,8.0,2022-05-13 13:07:27,,"Tomato Sauce, Hash Brown",,,,,2.0
21419,847,2,0.0,14.4,Toasted Roll,1,Kitchen,10.0,2,BACON-EGG-CHEESE,8.0,2022-05-01 13:33:36,,"Tomato Sauce, Hash Brown",,,,,2.0
21060,847,2,0.0,14.4,Toasted Roll,1,Kitchen,10.0,2,BACON-EGG-CHEESE,8.0,2022-04-18 13:01:51,,"Tomato Sauce, Hash Brown",,,,,2.0
20485,847,2,0.0,14.4,Toasted Roll,1,Kitchen,10.0,2,BACON-EGG-CHEESE,8.0,2022-03-26 13:39:56,,"Tomato Sauce, Hash Brown",,,,,2.0
20402,847,2,0.0,14.4,Toasted Roll,1,Kitchen,10.0,2,BACON-EGG-CHEESE,8.0,2022-03-23 12:51:00,,"Tomato Sauce, Hash Brown",,,,,2.0
20312,847,2,0.0,14.4,Toasted Roll,1,Kitchen,10.0,2,BACON-EGG-CHEESE,8.0,2022-03-19 13:23:16,,"Tomato Sauce, Hash Brown",,,,,2.0
19742,847,2,0.0,14.4,Toasted Roll,1,Kitchen,10.0,2,BACON-EGG-CHEESE,8.0,2022-02-26 12:29:49,,"Tomato Sauce, Hash Brown",,,,,2.0
19583,847,2,0.0,14.4,Toasted Roll,1,Kitchen,10.0,2,BACON-EGG-CHEESE,8.0,2022-02-20 11:54:14,,"Tomato Sauce, Hash Brown",,,,,2.0
19310,847,2,0.0,14.4,Toasted Roll,1,Kitchen,10.0,2,BACON-EGG-CHEESE,8.0,2022-02-10 12:27:33,,"Tomato Sauce, Hash Brown",,,,,2.0
19129,847,2,0.0,14.4,Toasted Roll,1,Kitchen,10.0,2,BACON-EGG-CHEESE,8.0,2022-02-03 13:33:50,,"Tomato Sauce, Hash Brown",,,,,2.0
18768,847,2,0.0,14.4,Toasted Roll,1,Kitchen,10.0,2,BACON-EGG-CHEESE,8.0,2022-01-19 12:20:19,,"Tomato Sauce, Hash Brown",,,,,2.0
18627,847,2,0.0,14.4,Toasted Roll,1,Kitchen,10.0,2,BACON-EGG-CHEESE,8.0,2022-01-12 12:54:34,,"Tomato Sauce, Hash Brown",,,,,2.0
18544,847,2,0.0,14.4,Toasted Roll,1,Kitchen,10.0,2,BACON-EGG-CHEESE,8.0,2022-01-08 12:53:31,,"Tomato Sauce, Hash Brown",,,,,2.0
14194,337,2,0.0,14.4,Toastie,1,Kitchen,7.0,3,BACON-EGG,7.0,2021-07-22 10:15:44,White,Tomato Sauce,,,,,0.0
13604,92,2,0.0,14.4,Toasted Roll,1,Kitchen,10.0,2,BACON-EGG-CHEESE,8.0,2021-06-26 08:43:41,,"BBQ Sauce, Hash Brown, Salt and Pepper",,,,,2.0
19766,394,2,0.0,14.4,Toastie,1,Kitchen,9.0,2,HAM-CHEESE-TOMATO,8.0,2022-02-27 11:04:11,Sourdough,Tomato Sauce,,,,,1.0
21359,405,2,0.0,14.4,Toasted Roll,1,Kitchen,9.5,2,BACON-EGG-CHEESE,8.0,2022-04-30 07:49:41,,"Tomato Sauce, Avocado",,,,,1.5
23563,670,2,0.0,14.4,Toasted Roll,1,Kitchen,10.0,2,BACON-EGG-CHEESE,8.0,2022-07-22 08:52:36,,"Tomato Sauce, Hash Brown",,,,,2.0
23213,670,2,0.0,14.4,Toasted Roll,1,Kitchen,10.0,2,BACON-EGG-CHEESE,8.0,2022-07-08 09:30:00,,"Tomato Sauce, Hash Brown",,,,,2.0
22856,670,2,0.0,14.4,Toasted Roll,1,Kitchen,10.0,2,BACON-EGG-CHEESE,8.0,2022-06-24 08:44:44,,"Tomato Sauce, Hash Brown",,,,,2.0
22320,670,2,0.0,14.4,Toasted Roll,1,Kitchen,10.0,2,BACON-EGG-CHEESE,8.0,2022-06-03 08:38:10,,"Tomato Sauce, Hash Brown",,,,,2.0
21904,670,2,0.0,14.4,Toasted Roll,1,Kitchen,10.0,2,BACON-EGG-CHEESE,8.0,2022-05-20 08:40:43,,"Tomato Sauce, Hash Brown",,,,,2.0
21717,670,2,0.0,14.4,Toasted Roll,1,Kitchen,10.0,2,BACON-EGG-CHEESE,8.0,2022-05-13 06:41:53,,"Tomato Sauce, Hash Brown",,,,,2.0
21340,670,2,0.0,14.4,Toasted Roll,1,Kitchen,10.0,2,BACON-EGG-CHEESE,8.0,2022-04-29 08:13:47,,"Tomato Sauce, Hash Brown",,,,,2.0
21019,670,2,0.0,14.4,Toasted Roll,1,Kitchen,10.0,2,BACON-EGG-CHEESE,8.0,2022-04-15 09:49:21,,"Tomato Sauce, Hash Brown",,,,,2.0
20636,670,2,0.0,14.4,Toasted Roll,1,Kitchen,10.0,2,BACON-EGG-CHEESE,8.0,2022-04-01 08:59:23,,"Tomato Sauce, Hash Brown",,,,,2.0
20274,670,2,0.0,14.4,Toasted Roll,1,Kitchen,10.0,2,BACON-EGG-CHEESE,8.0,2022-03-18 09:11:58,,"Tomato Sauce, Hash Brown",,,,,2.0
19893,670,2,0.0,14.4,Toasted Roll,1,Kitchen,10.0,2,BACON-EGG-CHEESE,8.0,2022-03-04 07:21:50,,"Tomato Sauce, Hash Brown",,,,,2.0
19333,670,2,0.0,14.4,Toasted Roll,1,Kitchen,10.0,2,BACON-EGG-CHEESE,8.0,2022-02-11 08:04:18,,"Tomato Sauce, Hash Brown",,,,,2.0
18958,670,2,0.0,14.4,Toasted Roll,1,Kitchen,10.0,2,BACON-EGG-CHEESE,8.0,2022-01-28 09:03:26,,"Tomato Sauce, Hash Brown",,,,,2.0
18795,670,2,0.0,14.4,Toasted Roll,1,Kitchen,10.0,2,BACON-EGG-CHEESE,8.0,2022-01-21 07:54:04,,"Tomato Sauce, Hash Brown",,,,,2.0
18891,674,2,0.0,14.4,Toasted Roll,1,Kitchen,10.0,2,BACON-EGG-CHEESE,8.0,2022-01-25 10:53:20,,"BBQ Sauce, Hash Brown",,,,,2.0
17784,421,2,0.0,14.4,Toastie,1,Kitchen,7.0,3,BACON-EGG,7.0,2021-11-27 07:09:14,White,BBQ Sauce,,,,,0.0
23225,1194,2,0.0,14.4,Toastie,1,Kitchen,9.5,2,BACON-EGG-CHEESE,8.0,2022-07-09 07:15:00,White,"Avocado, Salt and Pepper",,,,,1.5
22547,1194,2,0.0,14.4,Toasted Roll,1,Kitchen,9.5,2,BACON-EGG-CHEESE,8.0,2022-06-12 10:30:00,,"Tomato Sauce, Avocado, Salt and Pepper",,,,,1.5
40162,451,2,0.0,14.4,Toasted Roll,1,Kitchen,9.0,2,BACON-EGG,9.0,2024-02-20 08:23:11,,BBQ Sauce,,,,,0.0
39116,451,2,0.0,14.4,Toasted Roll,1,Kitchen,9.0,2,BACON-EGG,9.0,2024-01-15 07:38:54,,BBQ Sauce,,,,,0.0
19308,714,2,0.0,14.4,Toastie,1,Kitchen,10.0,2,CHICKEN-SCHNITZEL-CHEESE-LETTUCE,8.5,2022-02-10 11:45:18,Multigrain,"Avocado, Salt and Pepper",,,,,1.5
19237,714,2,0.0,14.4,Toasted Roll,1,Kitchen,10.0,2,CHICKEN-SCHNITZEL-CHEESE-LETTUCE,8.5,2022-02-07 11:44:01,,"Avocado, Salt and Pepper",,,,,1.5
18942,714,2,0.0,14.4,Toasted Roll,1,Kitchen,10.0,2,CHICKEN-SCHNITZEL-CHEESE-LETTUCE,8.5,2022-01-27 12:25:33,,"Avocado, Salt and Pepper",,,,,1.5
12448,465,2,0.0,14.4,Toastie,1,Kitchen,7.0,3,BACON-EGG,7.0,2021-05-11 10:09:29,White,Tomato Sauce,,,,,0.0
27740,721,2,0.0,14.4,Toasted Roll,1,Kitchen,10.0,2,BACON-EGG,8.0,2022-12-15 07:08:35,,"Tomato Sauce, Hash Brown, Salt and Pepper",,,,,2.0
27708,721,2,0.0,14.4,Toasted Roll,1,Kitchen,10.0,2,BACON-EGG,8.0,2022-12-14 07:34:32,,"Tomato Sauce, Hash Brown, Salt and Pepper",,,,,2.0
27669,721,2,0.0,14.4,Toasted Roll,1,Kitchen,10.0,2,BACON-EGG,8.0,2022-12-13 07:25:02,,"Tomato Sauce, Hash Brown, Salt and Pepper",,,,,2.0
27495,721,2,0.0,14.4,Toasted Roll,1,Kitchen,10.0,2,BACON-EGG,8.0,2022-12-07 07:16:33,,"Tomato Sauce, Hash Brown, Salt and Pepper",,,,,2.0
27456,721,2,0.0,14.4,Toasted Roll,1,Kitchen,10.0,2,BACON-EGG,8.0,2022-12-06 07:23:42,,"Tomato Sauce, Hash Brown, Salt and Pepper",,,,,2.0
19398,483,2,0.0,14.4,Toasted Roll,1,Kitchen,9.5,2,BACON-EGG-CHEESE,8.0,2022-02-13 10:57:04,,"BBQ Sauce, Avocado",,,,,1.5
23534,754,2,0.0,14.4,Toastie,1,Kitchen,10.0,2,BACON-EGG-CHEESE,8.0,2022-07-21 09:33:55,White,"BBQ Sauce, Hash Brown",,,,,2.0
27091,1270,2,0.0,14.4,Toasted Roll,1,Kitchen,10.0,2,BACON-EGG,8.0,2022-11-24 08:12:19,,Hash Brown,,,,,2.0
25155,1270,2,0.0,14.4,Toasted Roll,1,Kitchen,10.0,2,BACON-EGG,8.0,2022-09-15 08:45:00,,Hash Brown,,,,,2.0
17990,1032,2,0.0,27.2,Build Your Own Breakfast,1,Kitchen,22.9,1,POACHED,7.9,2021-12-04 10:05:29,Sourdough,"Extra Egg, Bacon, Grilled Tomato, Hash Brown, Smashed Avo and Feta",,,,,14.999999999999998
23839,276,2,0.0,27.2,Toasted Roll,1,Kitchen,9.0,5,BACON-EGG-CHEESE,9.0,2022-07-31 09:47:50,,BBQ Sauce,,,,,0.0
15007,88,1,0.0,27.2,Toasted Roll,1,Kitchen,9.5,4,BACON-EGG-CHEESE,8.0,2021-08-23 07:34:51,,"Tomato Sauce, Avocado",,,,,1.5
9786,92,2,0.0,27.2,Toasted Roll,1,Kitchen,9.5,3,BACON-EGG-CHEESE,8.0,2021-01-02 08:00:00,,"Tomato Sauce, Avocado",,,,,1.5
9786,92,2,0.0,27.2,Toasted Roll,1,Kitchen,9.5,4,BACON-EGG-CHEESE,8.0,2021-01-02 08:00:00,,"Tomato Sauce, Avocado",,,,,1.5
11697,374,2,0.0,27.2,Toastie,1,Kitchen,8.0,5,BACON-EGG-CHEESE,8.0,2021-04-09 08:15:36,Multigrain,Tomato Sauce,,,,,0.0
9638,409,2,0.0,27.2,Toasted Roll,1,Kitchen,10.0,3,BACON-EGG-CHEESE,8.0,2020-12-17 09:10:44,,Hash Brown,,,,,2.0
9638,409,2,0.0,27.2,Toasted Roll,1,Kitchen,10.0,4,BACON-EGG-CHEESE,8.0,2020-12-17 09:10:44,,"BBQ Sauce, Hash Brown",,,,,2.0
35497,1255,0,0.0,27.2,Build Your Own Breakfast,1,Kitchen,16.2,1,SCRAMBLED,10.2,2023-09-08 13:23:55,White,"Bacon, Avocado",,,,,6.0
9517,304,2,0.0,40.0,Eggs Benedict,1,Kitchen,16.0,2,BACON,14.0,2020-12-12 07:16:13,,,,Hashbrown,,,2.0
11042,351,2,0.0,40.0,Big Breakfast,1,Kitchen,21.7,3,SCRAMBLED,16.7,2021-03-09 08:15:30,White,"Hash Brown, Baby Spinach",,,,,5.0
31053,1148,2,0.0,40.0,Toasted Roll,2,Kitchen,17.0,5,BACON-EGG,8.5,2023-04-21 09:43:22,,Salt and Pepper,,,,,0.0
27593,435,2,0.0,40.0,Toasted Roll,1,Kitchen,10.0,1,BACON-EGG,8.0,2022-12-10 09:39:00,,"BBQ Sauce, Hash Brown",,,,,2.0
27593,435,2,0.0,40.0,Toasted Roll,1,Kitchen,10.0,2,BACON-EGG,8.0,2022-12-10 09:39:00,,"Tomato Sauce, Hash Brown",,,,,2.0
27593,435,2,0.0,40.0,Toasted Roll,1,Kitchen,10.0,3,BACON-EGG,8.0,2022-12-10 09:39:00,,"Tomato Sauce, Hash Brown",,,,,2.0
27593,435,2,0.0,40.0,Toasted Roll,1,Kitchen,10.0,4,BACON-EGG,8.0,2022-12-10 09:39:00,,"Tomato Sauce, Hash Brown",,,,,2.0
39283,1321,2,0.0,9.3,Muffin,1,Kitchen,4.5,2,BLUEBERRY,4.5,2024-01-21 10:00:00,,,Yes,,,,0.0
38770,1321,2,0.0,9.3,Muffin,1,Kitchen,4.5,2,ORANGE-POPPYSEED,4.5,2023-12-22 06:15:00,,,Yes,,,,0.0
34161,1321,2,0.0,9.3,Muffin,1,Kitchen,4.5,2,APPLE-CINNAMON,4.5,2023-07-29 09:32:13,,,Yes,,,,0.0
39215,1080,2,0.0,9.3,Muffin,1,Kitchen,4.5,2,ORANGE-POPPYSEED,4.5,2024-01-19 05:59:11,,,No,,,,0.0
37634,1080,2,0.0,9.3,Muffin,1,Kitchen,4.5,2,ORANGE-POPPYSEED,4.5,2023-11-16 05:58:07,,,No,,,,0.0
34588,1080,2,0.0,9.3,Muffin,1,Kitchen,4.5,2,ORANGE-POPPYSEED,4.5,2023-08-12 07:02:23,,,No,,,,0.0
34212,1080,2,0.0,9.3,Muffin,1,Kitchen,4.5,2,ORANGE-POPPYSEED,4.5,2023-07-31 05:58:08,,,No,,,,0.0
38233,77,2,0.0,9.3,Muffin,1,Kitchen,4.5,2,APPLE-CINNAMON,4.5,2023-12-05 06:52:13,,,No,,,,0.0
37610,77,2,0.0,9.3,Muffin,1,Kitchen,4.5,2,APPLE-CINNAMON,4.5,2023-11-15 07:53:11,,,No,,,,0.0
37551,77,2,0.0,9.3,Muffin,1,Kitchen,4.5,2,APPLE-CINNAMON,4.5,2023-11-13 07:54:38,,,No,,,,0.0
37020,77,2,0.0,9.3,Muffin,1,Kitchen,4.5,2,APPLE-CINNAMON,4.5,2023-10-26 08:17:07,,,No,,,,0.0
39294,632,2,0.0,9.3,Muffin,1,Kitchen,4.5,2,CHOC-MUD,4.5,2024-01-22 07:31:07,,,No,,,,0.0
39694,1436,2,0.0,9.3,Muffin,1,Kitchen,4.5,2,RASPBERRY-WHITECHOC,4.5,2024-02-05 08:26:21,,,No,,,,0.0
28111,9,2,0.0,22.1,Toastie,1,Kitchen,9.5,3,HAM-CHEESE-TOMATO,9.5,2023-01-08 10:04:15,White,Tomato Sauce,,,,,0.0
5132,12,2,0.0,22.1,Toastie,1,Kitchen,8.4,2,CHICKEN-SCHNITZEL-CHEESE-LETTUCE,8.4,2020-06-02 13:29:48,White,Tomato Sauce,,,,,0.0
5132,12,2,0.0,22.1,Toastie,1,Kitchen,9.4,3,CHICKEN-SCHNITZEL-CHEESE-LETTUCE,8.4,2020-06-02 13:29:48,Sourdough,Salt and Pepper,,,,,1.0
15012,276,2,0.0,22.1,Toasted Roll,1,Kitchen,8.0,4,BACON-EGG-CHEESE,8.0,2021-08-23 08:40:45,,BBQ Sauce,,,,,0.0
12972,276,2,0.0,22.1,Toasted Roll,1,Kitchen,8.0,4,BACON-EGG-CHEESE,8.0,2021-06-02 09:12:55,,BBQ Sauce,,,,,0.0
12087,276,2,0.0,22.1,Toasted Roll,1,Kitchen,8.0,4,BACON-EGG-CHEESE,8.0,2021-04-27 07:14:11,,BBQ Sauce,,,,,0.0
6884,276,2,0.0,22.1,Toasted Roll,1,Kitchen,8.0,4,BACON-EGG-CHEESE,8.0,2020-09-03 08:06:24,,BBQ Sauce,,,,,0.0
12936,305,2,0.0,22.1,Toastie,1,Kitchen,8.0,4,CHEESE-TOMATO,7.0,2021-06-01 08:00:00,Sourdough,Salt and Pepper,,,,,1.0
17529,589,2,0.0,22.1,Toastie,1,Kitchen,7.0,3,BACON-EGG,7.0,2021-11-17 09:36:33,Dark Rye,Salt and Pepper,,,,,0.0
17529,589,2,0.0,22.1,Toasted Roll,1,Kitchen,8.4,2,CHICKEN-SCHNITZEL-CHEESE-LETTUCE,8.4,2021-11-17 09:36:33,,Salt and Pepper,,,,,0.0
6764,92,2,0.0,22.1,Toasted Roll,1,Kitchen,8.5,2,BACON-EGG,7.0,2020-08-30 07:51:25,,"Tomato Sauce, Avocado",,,,,1.5
6764,92,2,0.0,22.1,Toasted Roll,1,Kitchen,10.0,3,BACON-EGG-CHEESE,8.0,2020-08-30 07:51:25,,"Tomato Sauce, Hash Brown",,,,,2.0
4196,112,2,0.0,22.1,Toastie,1,Kitchen,7.0,5,HAM-CHEESE,7.0,2020-02-16 14:04:27,White,Tomato Sauce,,,,,0.0
20437,929,2,0.0,22.1,Toasted Roll,1,Kitchen,9.0,2,BACON-EGG,7.0,2022-03-25 07:25:10,,"BBQ Sauce, Hash Brown, Salt and Pepper",,,,,2.0
20437,929,2,0.0,22.1,Toasted Roll,1,Kitchen,9.0,3,BACON-EGG,7.0,2022-03-25 07:25:10,,"BBQ Sauce, Hash Brown, Salt and Pepper",,,,,2.0
35091,973,2,0.0,22.1,Muffin,1,Kitchen,4.5,4,APPLE-CINNAMON,4.5,2023-08-27 08:33:42,,,Yes,,,,0.0
35091,973,2,0.0,22.1,Muffin,1,Kitchen,4.5,5,ORANGE-POPPYSEED,4.5,2023-08-27 08:33:42,,,Yes,,,,0.0
34822,973,2,0.0,22.1,Muffin,1,Kitchen,4.5,4,APPLE-CINNAMON,4.5,2023-08-19 08:37:17,,,Yes,,,,0.0
34822,973,2,0.0,22.1,Muffin,1,Kitchen,4.5,5,ORANGE-POPPYSEED,4.5,2023-08-19 08:37:17,,,Yes,,,,0.0
34376,973,2,0.0,22.1,Muffin,1,Kitchen,4.5,4,APPLE-CINNAMON,4.5,2023-08-05 09:28:17,,,Yes,,,,0.0
34376,973,2,0.0,22.1,Muffin,1,Kitchen,4.5,5,ORANGE-POPPYSEED,4.5,2023-08-05 09:28:17,,,Yes,,,,0.0
30868,744,2,0.0,34.9,Muffin,1,Kitchen,3.9,7,APPLE-CINNAMON,3.9,2023-04-15 10:22:47,,,No,,,,0.0
30868,744,2,0.0,34.9,Muffin,1,Kitchen,3.9,8,ORANGE-POPPYSEED,3.9,2023-04-15 10:22:47,,,No,,,,0.0
17629,1016,2,0.0,47.7,Big Breakfast,1,Kitchen,20.7,2,POACHED,16.7,2021-11-20 10:36:16,Sourdough,Hollandaise,,,,,4.0
17629,1016,2,0.0,47.7,Eggs Benedict,1,Kitchen,16.5,3,BACON,14.5,2021-11-20 10:36:16,,,,Hashbrown,,,2.0
14262,821,2,0.0,60.5,Big Breakfast,1,Kitchen,22.7,1,SCRAMBLED,16.7,2021-07-24 14:17:16,Multigrain,"Hash Brown, Halloumi",,,,,6.0
14262,821,2,0.0,60.5,Build Your Own Breakfast,1,Kitchen,24.9,2,FRIED,7.9,2021-07-24 14:17:16,Multigrain,"Bacon, Hash Brown, Smashed Avo and Feta, Sauteed Mushrooms, Halloumi",,,,,17.0
38342,1400,2,0.0,60.5,Toastie,1,Kitchen,10.5,5,BACON-EGG-CHEESE,10.5,2023-12-08 08:42:21,Dark Rye,Tomato Sauce,,,,,0.0
38342,1400,2,0.0,60.5,Toasted Roll,2,Kitchen,24.0,2,BACON-EGG-CHEESE,10.0,2023-12-08 08:42:21,,"Tomato Sauce, Hash Brown, Salt and Pepper",,,,,2.0
38342,1400,2,0.0,60.5,Toasted Roll,1,Kitchen,12.0,3,BACON-EGG-CHEESE,10.0,2023-12-08 08:42:21,,"Hash Brown, Salt and Pepper",,,,,2.0
38342,1400,2,0.0,60.5,Toasted Roll,1,Kitchen,12.0,4,BACON-EGG-CHEESE,10.0,2023-12-08 08:42:21,,"BBQ Sauce, Hash Brown, Salt and Pepper",,,,,2.0
37473,1400,2,0.0,60.5,Toasted Roll,1,Kitchen,12.0,2,BACON-EGG-CHEESE,10.0,2023-11-10 08:22:32,,"Hash Brown, Salt and Pepper",,,,,2.0
37473,1400,2,0.0,60.5,Toasted Roll,1,Kitchen,12.0,3,BACON-EGG-CHEESE,10.0,2023-11-10 08:22:32,,"BBQ Sauce, Hash Brown, Salt and Pepper",,,,,2.0
37473,1400,2,0.0,60.5,Toasted Roll,1,Kitchen,12.0,4,BACON-EGG-CHEESE,10.0,2023-11-10 08:22:32,,"Tomato Sauce, Hash Brown, Salt and Pepper",,,,,2.0
37473,1400,2,0.0,60.5,Toastie,1,Kitchen,10.5,6,BACON-EGG-CHEESE,10.5,2023-11-10 08:22:32,Dark Rye,"Tomato Sauce, Salt and Pepper",,,,,0.0
37473,1400,2,0.0,60.5,Toasted Roll,1,Kitchen,12.0,5,BACON-EGG-CHEESE,10.0,2023-11-10 08:22:32,,"BBQ Sauce, Hash Brown, Salt and Pepper",,,,,2.0
34573,1400,2,0.0,60.5,Toasted Roll,1,Kitchen,10.0,3,BACON-EGG-CHEESE,10.0,2023-08-11 08:35:24,,Salt and Pepper,,,,,0.0
34573,1400,2,0.0,60.5,Toasted Roll,1,Kitchen,12.0,4,BACON-EGG-CHEESE,10.0,2023-08-11 08:35:24,,"Hash Brown, Salt and Pepper",,,,,2.0
34573,1400,2,0.0,60.5,Toasted Roll,1,Kitchen,12.0,5,BACON-EGG-CHEESE,10.0,2023-08-11 08:35:24,,"Tomato Sauce, Hash Brown, Salt and Pepper",,,,,2.0
34573,1400,2,0.0,60.5,Toasted Roll,1,Kitchen,12.0,6,BACON-EGG-CHEESE,10.0,2023-08-11 08:35:24,,"BBQ Sauce, Hash Brown, Salt and Pepper",,,,,2.0
34573,1400,2,0.0,60.5,Toastie,1,Kitchen,8.0,7,EGG,8.0,2023-08-11 08:35:24,Dark Rye,Salt and Pepper,,,,,0.0
34573,1400,2,0.0,60.5,Muffin,1,Kitchen,4.5,2,BLUEBERRY,4.5,2023-08-11 08:35:24,,,No,,,,0.0
4990,12,10,0.0,17.0,Toastie,1,Kitchen,7.0,3,EGG-CHEESE,7.0,2020-05-22 07:38:07,Multigrain,Salt and Pepper,,,,,0.0
4834,13,10,0.0,17.0,Toasted Roll,1,Kitchen,7.0,3,BACON-EGG,7.0,2020-05-11 09:21:24,,"Tomato Sauce, Salt and Pepper",,,,,0.0
4566,13,10,0.0,17.0,Toastie,1,Kitchen,7.0,3,BACON-EGG,7.0,2020-04-19 09:43:02,White,"Tomato Sauce, Salt and Pepper",,,,,0.0
3426,13,10,0.0,17.0,Toasted Roll,1,Kitchen,7.0,3,BACON-EGG,7.0,2019-07-27 08:18:03,,"Tomato Sauce, Salt and Pepper",,,,,0.0
15968,269,2,0.0,17.0,Toastie,1,Kitchen,8.0,3,BACON-EGG-CHEESE,8.0,2021-09-24 11:30:00,White,"BBQ Sauce, Salt and Pepper",,,,,0.0
19454,14,2,0.0,17.0,Build Your Own Breakfast,1,Kitchen,17.0,1,SCRAMBLED,8.0,2022-02-16 07:23:47,White,"Hash Brown, Avocado, Halloumi",,,,,9.0
8655,19,2,0.0,17.0,Toastie,1,Kitchen,10.5,2,CHEESE,6.0,2020-11-06 08:00:00,Sourdough,"Avocado, Hash Brown",,,,,4.5
10050,275,2,0.0,17.0,Toastie,1,Kitchen,6.0,4,BACON,6.0,2021-01-16 10:24:19,White,Tomato Sauce,,,,,0.0
8119,275,2,0.0,17.0,Toasted Roll,1,Kitchen,7.0,3,BACON-EGG,7.0,2020-10-18 10:02:00,,Tomato Sauce,,,,,0.0
25105,810,2,0.0,17.0,Toastie,1,Kitchen,10.0,2,BACON-EGG-CHEESE,9.0,2022-09-13 08:57:15,Sourdough,"Tomato Sauce, Salt and Pepper",,,,,1.0
28979,593,2,0.0,17.0,Toasted Roll,1,Kitchen,11.5,2,BACON-EGG-CHEESE,9.5,2023-02-11 07:03:31,,"Tomato Sauce, Hash Brown",,,,,2.0
33695,613,2,0.0,17.0,Toasted Roll,1,Kitchen,8.5,3,BACON-EGG,8.5,2023-07-15 08:34:05,,Tomato Sauce,,,,,0.0
33695,613,2,0.0,17.0,Muffin,1,Kitchen,3.9,2,APPLE-CINNAMON,3.9,2023-07-15 08:34:05,,,No,,,,0.0
30848,613,2,0.0,17.0,Toasted Roll,1,Kitchen,8.5,3,BACON-EGG,8.5,2023-04-15 07:34:48,,Tomato Sauce,,,,,0.0
30848,613,2,0.0,17.0,Muffin,1,Kitchen,3.9,2,APPLE-CINNAMON,3.9,2023-04-15 07:34:48,,,No,,,,0.0
29852,613,2,0.0,17.0,Toasted Roll,1,Kitchen,8.5,3,BACON-EGG,8.5,2023-03-11 10:48:11,,Tomato Sauce,,,,,0.0
29852,613,2,0.0,17.0,Muffin,1,Kitchen,3.9,2,APPLE-CINNAMON,3.9,2023-03-11 10:48:11,,,No,,,,0.0
14312,123,2,0.0,17.0,Toastie,1,Kitchen,8.0,1,BACON-EGG-CHEESE,8.0,2021-07-26 12:34:58,White,"Tomato Sauce, Salt and Pepper",,,,,0.0
14312,123,2,0.0,17.0,Toastie,1,Kitchen,9.0,2,BACON-EGG-CHEESE,8.0,2021-07-26 12:34:58,Sourdough,"Tomato Sauce, Salt and Pepper",,,,,1.0
8202,123,2,0.0,17.0,Toastie,1,Kitchen,9.0,1,BACON-EGG-CHEESE,8.0,2020-10-20 12:00:00,Sourdough,"Tomato Sauce, Salt and Pepper",,,,,1.0
8202,123,2,0.0,17.0,Toastie,1,Kitchen,8.0,2,BACON-EGG-CHEESE,8.0,2020-10-20 12:00:00,White,Salt and Pepper,,,,,0.0
27964,128,2,0.0,17.0,Toasted Roll,1,Kitchen,11.5,2,HAM-CHEESE,8.0,2022-12-22 07:26:19,,"Avocado, Hash Brown, Salt and Pepper",,,,,3.5
27901,128,2,0.0,17.0,Toasted Roll,1,Kitchen,11.5,2,HAM-CHEESE,8.0,2022-12-20 05:55:43,,"Avocado, Hash Brown, Salt and Pepper",,,,,3.5
27881,128,2,0.0,17.0,Toasted Roll,1,Kitchen,11.5,2,HAM-CHEESE,8.0,2022-12-19 07:41:03,,"Avocado, Hash Brown, Salt and Pepper",,,,,3.5
27744,128,2,0.0,17.0,Toasted Roll,1,Kitchen,11.5,2,HAM-CHEESE,8.0,2022-12-15 07:26:00,,"Avocado, Hash Brown, Salt and Pepper",,,,,3.5
27706,128,2,0.0,17.0,Toasted Roll,1,Kitchen,11.5,2,HAM-CHEESE,8.0,2022-12-14 07:19:22,,"Avocado, Hash Brown, Salt and Pepper",,,,,3.5
27643,128,2,0.0,17.0,Toasted Roll,1,Kitchen,11.5,2,HAM-CHEESE,8.0,2022-12-12 07:58:02,,"Avocado, Hash Brown, Salt and Pepper",,,,,3.5
27591,128,2,0.0,17.0,Toasted Roll,1,Kitchen,11.5,2,HAM-CHEESE,8.0,2022-12-10 09:12:37,,"Avocado, Hash Brown, Salt and Pepper",,,,,3.5
27492,128,2,0.0,17.0,Toasted Roll,1,Kitchen,11.5,2,HAM-CHEESE,8.0,2022-12-07 07:09:37,,"Avocado, Hash Brown, Salt and Pepper",,,,,3.5
27448,128,2,0.0,17.0,Toasted Roll,1,Kitchen,11.5,2,HAM-CHEESE,8.0,2022-12-06 06:00:00,,"Avocado, Hash Brown, Salt and Pepper",,,,,3.5
22914,128,2,0.0,17.0,Toasted Roll,1,Kitchen,11.5,2,BACON-EGG-CHEESE,8.0,2022-06-26 10:04:57,,"Avocado, Hash Brown, Salt and Pepper",,,,,3.5
7131,161,1,0.0,17.0,Toasted Roll,1,Kitchen,7.0,3,BACON-EGG,7.0,2020-09-12 09:49:13,,BBQ Sauce,,,,,0.0
18792,421,2,0.0,17.0,Build Your Own Breakfast,1,Kitchen,17.0,1,POACHED,8.0,2022-01-21 08:00:00,Dark Rye,"Bacon, Grilled Tomato, Avocado",,,,,9.0
23156,451,2,0.0,17.0,Croissant,1,Kitchen,9.0,2,HAM-CHEESE-TOMATO,9.0,2022-07-06 08:45:00,,Salt and Pepper,,,,,0.0
20159,216,2,0.0,17.0,Toasted Roll,1,Kitchen,7.0,3,BACON-EGG,7.0,2022-03-13 10:24:39,,Salt and Pepper,,,,,0.0
12839,221,2,0.0,17.0,Toastie,1,Kitchen,9.0,1,BACON-CHEESE,7.0,2021-05-28 11:09:06,Multigrain,Hash Brown,,,,,2.0
12839,221,2,0.0,17.0,Toastie,1,Kitchen,8.0,2,BACON-EGG-CHEESE,8.0,2021-05-28 11:09:06,Dark Rye,Tomato Sauce,,,,,0.0
16318,234,2,0.0,17.0,Toasted Roll,1,Kitchen,10.0,2,BACON-EGG-CHEESE,8.0,2021-10-05 10:30:41,,"Tomato Sauce, Hash Brown, Salt and Pepper",,,,,2.0
8501,492,2,0.0,17.0,Toastie,1,Kitchen,7.0,3,HAM-CHEESE,7.0,2020-10-30 12:32:41,Multigrain,Tomato Sauce,,,,,0.0
8434,492,2,0.0,17.0,Toastie,1,Kitchen,7.0,3,HAM-CHEESE,7.0,2020-10-28 12:48:11,Multigrain,Tomato Sauce,,,,,0.0
23962,1009,2,0.0,17.0,Muffin,1,Kitchen,3.9,4,APPLE-CINNAMON,3.9,2022-08-04 11:37:35,,,No,,,,0.0
34705,1523,2,0.0,17.0,Muffin,1,Kitchen,4.5,2,RASPBERRY-WHITECHOC,4.5,2023-08-15 14:38:30,,,No,,,,0.0
26868,1272,2,0.0,17.0,Toastie,1,Kitchen,10.5,2,CHEESE,7.0,2022-11-16 12:30:00,White,"Avocado, Hash Brown",,,,,3.5
11284,14,2,0.0,29.8,Eggs and Bacon,1,Kitchen,10.9,3,SCRAMBLED,10.9,2021-03-20 09:45:00,White,,,,,,0.0
11284,14,2,0.0,29.8,Eggs and Bacon,1,Kitchen,10.9,4,SCRAMBLED,10.9,2021-03-20 09:45:00,White,,,,,,0.0
24052,1055,2,0.0,29.8,Toasted Roll,1,Kitchen,9.0,2,BACON-EGG-CHEESE,9.0,2022-08-07 09:17:21,,Salt and Pepper,,,,,0.0
24052,1055,2,0.0,29.8,Toastie,1,Kitchen,8.0,4,HAM-CHEESE,8.0,2022-08-07 09:17:21,White,Tomato Sauce,,,,,0.0
23043,88,2,0.0,29.8,Toasted Roll,1,Kitchen,10.0,3,BACON-EGG-CHEESE,8.0,2022-07-02 07:56:16,,"BBQ Sauce, Hash Brown, Salt and Pepper",,,,,2.0
23043,88,2,0.0,29.8,Toasted Roll,1,Kitchen,9.5,4,BACON-EGG-CHEESE,8.0,2022-07-02 07:56:16,,"Tomato Sauce, Avocado",,,,,1.5
22522,88,2,0.0,29.8,Toasted Roll,1,Kitchen,9.5,3,BACON-EGG-CHEESE,8.0,2022-06-11 08:38:31,,"Tomato Sauce, Avocado",,,,,1.5
22522,88,2,0.0,29.8,Toasted Roll,1,Kitchen,10.0,4,BACON-EGG-CHEESE,8.0,2022-06-11 08:38:31,,"BBQ Sauce, Hash Brown, Salt and Pepper",,,,,2.0
21754,88,2,0.0,29.8,Toasted Roll,1,Kitchen,9.5,3,BACON-EGG-CHEESE,8.0,2022-05-14 08:39:22,,"Tomato Sauce, Avocado",,,,,1.5
21754,88,2,0.0,29.8,Toasted Roll,1,Kitchen,10.0,4,BACON-EGG-CHEESE,8.0,2022-05-14 08:39:22,,"BBQ Sauce, Hash Brown, Salt and Pepper",,,,,2.0
21194,88,2,0.0,29.8,Toasted Roll,1,Kitchen,9.5,3,BACON-EGG-CHEESE,8.0,2022-04-24 08:38:57,,"Tomato Sauce, Avocado",,,,,1.5
21194,88,2,0.0,29.8,Toasted Roll,1,Kitchen,10.0,4,BACON-EGG-CHEESE,8.0,2022-04-24 08:38:57,,"BBQ Sauce, Hash Brown, Salt and Pepper",,,,,2.0
23611,92,2,0.0,29.8,Toasted Roll,1,Kitchen,10.0,3,BACON-EGG-CHEESE,8.0,2022-07-24 08:25:49,,"BBQ Sauce, Hash Brown, Salt and Pepper",,,,,2.0
23611,92,2,0.0,29.8,Toasted Roll,1,Kitchen,9.5,4,BACON-EGG-CHEESE,8.0,2022-07-24 08:25:49,,"Tomato Sauce, Avocado",,,,,1.5
23384,92,2,0.0,29.8,Toasted Roll,1,Kitchen,10.0,3,BACON-EGG-CHEESE,8.0,2022-07-16 07:44:00,,"BBQ Sauce, Hash Brown, Salt and Pepper",,,,,2.0
23384,92,2,0.0,29.8,Toasted Roll,1,Kitchen,9.5,4,BACON-EGG-CHEESE,8.0,2022-07-16 07:44:00,,"Tomato Sauce, Avocado",,,,,1.5
22360,92,2,0.0,29.8,Toasted Roll,1,Kitchen,10.0,3,BACON-EGG-CHEESE,8.0,2022-06-05 07:47:15,,"BBQ Sauce, Hash Brown, Salt and Pepper",,,,,2.0
22360,92,2,0.0,29.8,Toasted Roll,1,Kitchen,9.5,4,BACON-EGG-CHEESE,8.0,2022-06-05 07:47:15,,"Tomato Sauce, Avocado",,,,,1.5
22253,92,2,0.0,29.8,Toasted Roll,1,Kitchen,10.0,3,BACON-EGG-CHEESE,8.0,2022-06-01 07:38:13,,"BBQ Sauce, Hash Brown, Salt and Pepper",,,,,2.0
22253,92,2,0.0,29.8,Toasted Roll,1,Kitchen,9.5,4,BACON-EGG-CHEESE,8.0,2022-06-01 07:38:13,,"Tomato Sauce, Avocado",,,,,1.5
22155,92,2,0.0,29.8,Toasted Roll,1,Kitchen,10.0,3,BACON-EGG-CHEESE,8.0,2022-05-29 07:40:24,,"BBQ Sauce, Hash Brown, Salt and Pepper",,,,,2.0
22155,92,2,0.0,29.8,Toasted Roll,1,Kitchen,9.5,4,BACON-EGG-CHEESE,8.0,2022-05-29 07:40:24,,"Tomato Sauce, Avocado",,,,,1.5
21954,92,2,0.0,29.8,Toasted Roll,1,Kitchen,10.0,3,BACON-EGG-CHEESE,8.0,2022-05-22 07:26:07,,"BBQ Sauce, Hash Brown, Salt and Pepper",,,,,2.0
21954,92,2,0.0,29.8,Toasted Roll,1,Kitchen,9.5,4,BACON-EGG-CHEESE,8.0,2022-05-22 07:26:07,,"Tomato Sauce, Avocado",,,,,1.5
21037,92,2,0.0,29.8,Toasted Roll,1,Kitchen,10.0,3,BACON-EGG-CHEESE,8.0,2022-04-17 08:01:05,,"BBQ Sauce, Hash Brown, Salt and Pepper",,,,,2.0
21037,92,2,0.0,29.8,Toasted Roll,1,Kitchen,9.5,4,BACON-EGG-CHEESE,8.0,2022-04-17 08:01:05,,"Tomato Sauce, Avocado",,,,,1.5
9540,92,2,0.0,29.8,Toasted Roll,1,Kitchen,10.0,3,BACON-EGG-CHEESE,8.0,2020-12-13 07:38:58,,"BBQ Sauce, Hash Brown",,,,,2.0
9540,92,2,0.0,29.8,Toasted Roll,1,Kitchen,9.5,4,BACON-EGG-CHEESE,8.0,2020-12-13 07:38:58,,"Tomato Sauce, Avocado",,,,,1.5
35371,1148,2,0.0,29.8,French Toast with Streaky Bacon,1,Kitchen,15.5,1,REGULAR,13.5,2023-09-05 09:51:43,,,,Hashbrown,,,2.0
35371,1148,2,0.0,29.8,Muffin,1,Kitchen,4.5,3,RASPBERRY-WHITECHOC,4.5,2023-09-05 09:51:43,,,No,,,,0.0
35371,1148,2,0.0,29.8,Muffin,1,Kitchen,4.5,4,APPLE-CINNAMON,4.5,2023-09-05 09:51:43,,,No,,,,0.0
33518,397,2,0.0,29.8,Toasted Roll,2,Kitchen,19.0,3,BACON-EGG-CHEESE,9.5,2023-07-09 10:14:33,,"Tomato Sauce, Salt and Pepper",,,,,0.0
30837,397,2,0.0,29.8,Toasted Roll,2,Kitchen,19.0,3,BACON-EGG-CHEESE,9.5,2023-04-14 09:44:10,,"Tomato Sauce, Salt and Pepper",,,,,0.0
15998,916,2,0.0,29.8,Toastie,1,Kitchen,7.0,4,CHEESE-TOMATO,7.0,2021-09-25 10:03:37,White,Salt and Pepper,,,,,0.0
31571,422,2,0.0,29.8,Toasted Roll,1,Kitchen,9.5,3,BACON-EGG-CHEESE,9.5,2023-05-07 13:10:51,,"Tomato Sauce, Salt and Pepper",,,,,0.0
31571,422,2,0.0,29.8,Toasted Roll,1,Kitchen,9.5,4,BACON-EGG-CHEESE,9.5,2023-05-07 13:10:51,,Tomato Sauce,,,,,0.0
16228,446,2,0.0,29.8,Toasted Roll,1,Kitchen,9.5,5,BACON-EGG-CHEESE,8.0,2021-10-02 10:18:12,,Avocado,,,,,1.5
16828,967,2,0.0,29.8,Toasted Roll,1,Kitchen,9.0,3,BACON-EGG,7.0,2021-10-23 11:15:16,,"Tomato Sauce, Hash Brown, Salt and Pepper",,,,,2.0
16828,967,2,0.0,29.8,Toasted Roll,1,Kitchen,10.0,4,BACON-EGG-CHEESE,8.0,2021-10-23 11:15:16,,"Tomato Sauce, Hash Brown, Salt and Pepper",,,,,2.0
23415,973,2,0.0,29.8,Muffin,1,Kitchen,3.9,7,APPLE-CINNAMON,3.9,2022-07-17 09:28:58,,,Yes,,,,0.0
23415,973,2,0.0,29.8,Muffin,1,Kitchen,3.9,8,APPLE-CINNAMON,3.9,2022-07-17 09:28:58,,,Yes,,,,0.0
4980,250,10,0.0,29.8,Toasted Roll,1,Kitchen,10.0,3,BACON-EGG-CHEESE,8.0,2020-05-21 09:57:40,,"BBQ Sauce, Hash Brown, Salt and Pepper",,,,,2.0
4980,250,10,0.0,29.8,Toasted Roll,1,Kitchen,10.0,4,BACON-EGG-CHEESE,8.0,2020-05-21 09:57:40,,"BBQ Sauce, Hash Brown, Salt and Pepper",,,,,2.0
21051,260,2,0.0,42.6,Toasted Roll,1,Kitchen,10.0,4,BACON-EGG-CHEESE,8.0,2022-04-18 09:28:23,,"Tomato Sauce, Hash Brown",,,,,2.0
21051,260,2,0.0,42.6,Toasted Roll,1,Kitchen,10.0,5,BACON-EGG-CHEESE,8.0,2022-04-18 09:28:23,,"BBQ Sauce, Hash Brown",,,,,2.0
21051,260,2,0.0,42.6,Toasted Roll,1,Kitchen,10.0,6,BACON-EGG-CHEESE,8.0,2022-04-18 09:28:23,,"Tomato Sauce, Hash Brown",,,,,2.0
38606,1569,2,0.0,42.6,Croissant,1,Kitchen,11.0,2,HAM-CHEESE-TOMATO,11.0,2023-12-16 12:08:50,,Salt and Pepper,,,,,0.0
38606,1569,2,0.0,42.6,Eggs and Bacon,1,Kitchen,13.5,3,FRIED,13.5,2023-12-16 12:08:50,White,,,,,,0.0
16028,931,2,0.0,42.6,Toastie,1,Kitchen,10.0,5,BACON-EGG-CHEESE,8.0,2021-09-26 10:25:32,White,"BBQ Sauce, Hash Brown",,,,,2.0
16028,931,2,0.0,42.6,Toastie,1,Kitchen,8.0,6,BACON-EGG-CHEESE,8.0,2021-09-26 10:25:32,White,BBQ Sauce,,,,,0.0
26984,841,2,0.0,55.4,Build Your Own Breakfast,1,Kitchen,19.9,1,POACHED,8.9,2022-11-20 11:03:05,White,"Grilled Tomato, Hollandaise, Hash Brown, Avocado",,,,,10.999999999999998
15412,889,2,0.0,55.4,Toastie,1,Kitchen,8.0,6,BACON-CHEESE,7.0,2021-09-05 13:00:00,Sourdough,Tomato Sauce,,,,,1.0
15412,889,2,0.0,55.4,Toastie,1,Kitchen,8.0,7,CHEESE-TOMATO,7.0,2021-09-05 13:00:00,Sourdough,Tomato Sauce,,,,,1.0
3338,5,10,0.0,11.9,Toasted Roll,1,Kitchen,11.9,1,CHICKEN-SCHNITZEL-CHEESE-LETTUCE,8.4,2019-06-12 06:30:00,,"Avocado, Hash Brown",,,,,3.5
22947,275,2,0.0,11.9,Toastie,1,Kitchen,7.0,2,BACON-EGG,7.0,2022-06-28 06:20:44,Multigrain,Tomato Sauce,,,,,0.0
20382,275,2,0.0,11.9,Toasted Roll,1,Kitchen,7.0,2,BACON-EGG,7.0,2022-03-23 06:53:19,,Tomato Sauce,,,,,0.0
20065,275,2,0.0,11.9,Toastie,1,Kitchen,7.0,2,BACON-EGG,7.0,2022-03-10 06:54:29,Multigrain,Tomato Sauce,,,,,0.0
20034,275,2,0.0,11.9,Toastie,1,Kitchen,7.0,2,BACON-EGG,7.0,2022-03-09 06:44:34,Multigrain,Tomato Sauce,,,,,0.0
20245,828,2,0.0,11.9,Toastie,1,Kitchen,7.0,2,CHEESE-TOMATO,7.0,2022-03-17 08:36:00,White,Tomato Sauce,,,,,0.0
19872,81,2,0.0,11.9,Toasted Roll,1,Kitchen,7.0,2,BACON-EGG,7.0,2022-03-03 09:04:27,,Tomato Sauce,,,,,0.0
11880,622,2,0.0,11.9,Toasted Roll,1,Kitchen,9.0,2,BACON-EGG,7.0,2021-04-17 11:20:21,,Hash Brown,,,,,2.0
20974,1135,2,0.0,11.9,Toasted Roll,1,Kitchen,7.0,2,BACON-EGG,7.0,2022-04-14 07:15:00,,Salt and Pepper,,,,,0.0
21005,1138,2,0.0,11.9,Toastie,1,Kitchen,8.0,2,BACON-EGG-CHEESE,8.0,2022-04-14 11:34:29,White,Tomato Sauce,,,,,0.0
20988,127,2,0.0,11.9,Toastie,1,Kitchen,7.0,2,HAM-CHEESE,7.0,2022-04-14 08:36:59,Multigrain,Tomato Sauce,,,,,0.0
20800,127,2,0.0,11.9,Toastie,1,Kitchen,7.0,2,HAM-CHEESE,7.0,2022-04-07 08:46:19,Multigrain,Tomato Sauce,,,,,0.0
31108,1408,2,0.0,11.9,Muffin,1,Kitchen,3.9,3,CHOC-MUD,3.9,2023-04-23 08:53:30,,,Yes,,,,0.0
20693,141,2,0.0,11.9,Toastie,1,Kitchen,7.0,2,BACON-EGG,7.0,2022-04-04 06:00:51,Multigrain,BBQ Sauce,,,,,0.0
20343,141,2,0.0,11.9,Toastie,1,Kitchen,7.0,2,BACON-EGG,7.0,2022-03-21 06:03:07,Multigrain,BBQ Sauce,,,,,0.0
19887,141,2,0.0,11.9,Toastie,1,Kitchen,7.0,2,BACON-EGG,7.0,2022-03-04 06:35:01,Multigrain,BBQ Sauce,,,,,0.0
19828,141,2,0.0,11.9,Toasted Roll,1,Kitchen,7.0,2,BACON-EGG,7.0,2022-03-02 06:28:48,,BBQ Sauce,,,,,0.0
19661,141,2,0.0,11.9,Toastie,1,Kitchen,7.0,2,BACON-EGG,7.0,2022-02-24 06:38:44,Multigrain,BBQ Sauce,,,,,0.0
19586,141,2,0.0,11.9,Toastie,1,Kitchen,7.0,2,BACON-EGG,7.0,2022-02-21 06:28:52,Multigrain,BBQ Sauce,,,,,0.0
19502,141,2,0.0,11.9,Toastie,1,Kitchen,7.0,2,BACON-EGG,7.0,2022-02-18 06:27:29,Multigrain,BBQ Sauce,,,,,0.0
19449,141,2,0.0,11.9,Toastie,1,Kitchen,7.0,2,BACON-EGG,7.0,2022-02-16 06:40:18,Multigrain,BBQ Sauce,,,,,0.0
19210,141,2,0.0,11.9,Toastie,1,Kitchen,7.0,2,BACON-EGG,7.0,2022-02-07 06:38:16,Multigrain,BBQ Sauce,,,,,0.0
19112,141,2,0.0,11.9,Toastie,1,Kitchen,7.0,2,BACON-EGG,7.0,2022-02-03 08:10:35,Multigrain,BBQ Sauce,,,,,0.0
18874,141,2,0.0,11.9,Toastie,1,Kitchen,7.0,2,BACON-EGG,7.0,2022-01-25 05:56:44,Multigrain,BBQ Sauce,,,,,0.0
18853,141,2,0.0,11.9,Toastie,1,Kitchen,7.0,2,BACON-EGG,7.0,2022-01-24 06:30:02,Multigrain,BBQ Sauce,,,,,0.0
18774,141,2,0.0,11.9,Toastie,1,Kitchen,7.0,2,BACON-EGG,7.0,2022-01-20 07:16:13,Multigrain,BBQ Sauce,,,,,0.0
18753,141,2,0.0,11.9,Toastie,1,Kitchen,7.0,2,BACON-EGG,7.0,2022-01-19 06:31:55,Multigrain,BBQ Sauce,,,,,0.0
13861,141,2,0.0,11.9,Toastie,1,Kitchen,7.0,2,BACON-EGG,7.0,2021-07-08 06:44:39,Multigrain,BBQ Sauce,,,,,0.0
13683,141,2,0.0,11.9,Toastie,1,Kitchen,7.0,2,BACON-EGG,7.0,2021-06-30 05:50:39,Multigrain,BBQ Sauce,,,,,0.0
10251,141,2,0.0,11.9,Toastie,1,Kitchen,7.0,2,BACON-EGG,7.0,2021-01-28 06:00:00,Multigrain,BBQ Sauce,,,,,0.0
27025,421,0,0.0,11.9,Build Your Own Breakfast,1,Kitchen,11.9,1,POACHED,8.9,2022-11-22 07:17:31,White,Bacon,,,,,3.0
33463,1497,2,0.0,11.9,(Entree) Pasta,1,Kitchen,11.9,1,SPAGCARB,11.9,2023-07-07 12:26:14,,,,,Spaghetti,,0.0
33406,1497,2,0.0,11.9,(Entree) Pasta,1,Kitchen,11.9,1,SPAGCARB,11.9,2023-07-05 14:02:13,,,,,Spaghetti,,0.0
7305,255,2,0.0,11.9,Toastie,1,Kitchen,8.0,2,BACON-EGG,7.0,2020-09-18 13:15:00,Sourdough,Tomato Sauce,,,,,1.0
14938,811,2,0.0,24.7,Toasted Roll,1,Kitchen,8.0,4,BACON-EGG-CHEESE,8.0,2021-08-20 13:14:16,,Salt and Pepper,,,,,0.0
17593,351,2,0.0,24.7,Toastie,1,Kitchen,7.0,3,CHEESE-TOMATO,7.0,2021-11-19 09:31:49,White,Tomato Sauce,,,,,0.0
17593,351,2,0.0,24.7,Toastie,1,Kitchen,9.0,4,CHEESE-TOMATO,7.0,2021-11-19 09:31:49,White,Hash Brown,,,,,2.0
33768,397,2,0.0,24.7,Toasted Roll,2,Kitchen,19.0,2,BACON-EGG-CHEESE,9.5,2023-07-17 11:46:14,,Tomato Sauce,,,,,0.0
14510,716,2,0.0,24.7,Toastie,1,Kitchen,8.5,4,HAM-CHEESE,7.0,2021-08-04 08:05:57,White,Avocado,,,,,1.5
39536,228,2,0.0,24.7,Toastie,1,Kitchen,12.5,3,BACON-EGG-CHEESE,10.5,2024-01-30 09:08:11,White,Hash Brown,,,,,2.0
29631,9,2,0.0,37.5,Toastie,2,Kitchen,19.0,4,HAM-CHEESE-TOMATO,9.5,2023-03-04 11:15:53,White,Tomato Sauce,,,,,0.0
35981,1131,2,0.0,37.5,Toasted Roll,1,Kitchen,12.0,4,BACON-EGG-CHEESE,10.0,2023-09-24 10:03:47,,"BBQ Sauce, Hash Brown",,,,,2.0
35981,1131,2,0.0,37.5,Toasted Roll,1,Kitchen,10.0,5,BACON-EGG-CHEESE,10.0,2023-09-24 10:03:47,,BBQ Sauce,,,,,0.0
15594,651,2,0.0,37.5,Toasted Roll,1,Kitchen,9.5,4,BACON-EGG-CHEESE,8.0,2021-09-12 09:45:00,,Avocado,,,,,1.5
15594,651,2,0.0,37.5,Toastie,1,Kitchen,10.0,5,BACON-EGG-CHEESE,8.0,2021-09-12 09:45:00,Dark Rye,"Tomato Sauce, Hash Brown, Salt and Pepper",,,,,2.0
14612,843,2,0.0,50.3,Build Your Own Breakfast,1,Kitchen,17.9,3,SCRAMBLED,7.9,2021-08-08 08:38:53,Sourdough,"Bacon, Hash Brown, Halloumi",,,,,9.999999999999998
14612,843,2,0.0,50.3,Build Your Own Breakfast,1,Kitchen,26.4,4,SCRAMBLED,7.9,2021-08-08 08:38:53,Gluten Free,"Grilled Tomato, Smashed Avo and Feta, Sauteed Mushrooms, Baby Spinach, Baked Beans",,,,,18.5
11715,197,2,0.0,50.3,Eggs Benedict,1,Kitchen,16.5,3,BACON,14.5,2021-04-10 08:42:19,,,,Hashbrown,,,2.0
11715,197,2,0.0,50.3,Toastie,1,Kitchen,10.0,6,HAM-CHEESE-TOMATO,8.0,2021-04-10 08:42:19,White,Hash Brown,,,,,2.0
11715,197,2,0.0,50.3,Toastie,1,Kitchen,9.0,7,BACON-EGG,7.0,2021-04-10 08:42:19,White,"Tomato Sauce, Hash Brown",,,,,2.0
39427,585,2,3.41,37.51,Toastie,1,Kitchen,10.5,4,HAM-CHEESE-TOMATO,10.5,2024-01-26 10:55:16,White,Salt and Pepper,,,,,0.0
39427,585,2,3.41,37.51,Toasted Roll,1,Kitchen,12.0,3,BACON-EGG-CHEESE,10.0,2024-01-26 10:55:16,,"Tomato Sauce, BBQ Sauce, Hash Brown, Salt and Pepper",,,,,2.0
21768,543,1,0.0,19.6,Toastie,1,Kitchen,8.5,3,BACON-CHEESE,7.0,2022-05-14 15:24:22,Multigrain,Avocado,,,,,1.5
20452,1119,2,0.0,19.6,Toastie,1,Kitchen,7.0,2,CHEESE-TOMATO,7.0,2022-03-25 10:10:41,White,Tomato Sauce,,,,,0.0
20452,1119,2,0.0,19.6,Toastie,1,Kitchen,7.0,3,HAM-CHEESE,7.0,2022-03-25 10:10:41,Multigrain,Tomato Sauce,,,,,0.0
36550,613,2,0.0,19.6,Toasted Roll,1,Kitchen,10.0,3,BACON-EGG-CHEESE,10.0,2023-10-12 10:15:55,,Tomato Sauce,,,,,0.0
29708,1153,2,0.0,19.6,Muffin,1,Kitchen,3.9,4,BLUEBERRY,3.9,2023-03-07 08:20:17,,,No,,,,0.0
18479,145,0,0.0,19.6,Toasted Roll,1,Kitchen,10.0,3,BACON-EGG-CHEESE,8.0,2021-12-23 08:49:42,,"BBQ Sauce, Hash Brown",,,,,2.0
17619,161,2,0.0,19.6,Build Your Own Breakfast,1,Kitchen,15.9,1,SCRAMBLED,7.9,2021-11-20 09:13:25,Multigrain,"Bacon, Smashed Avo and Feta",,,,,8.0
28714,446,2,0.0,19.6,Toastie,1,Kitchen,10.5,3,HAM-CHEESE-TOMATO,9.5,2023-02-01 10:06:09,Sourdough,BBQ Sauce,,,,,1.0
22569,446,2,0.0,19.6,Muffin,1,Kitchen,3.9,4,RASPBERRY-WHITECHOC,3.9,2022-06-13 10:03:07,,,Yes,,,,0.0
9358,231,2,0.0,19.6,Toastie,1,Kitchen,7.0,4,EGG-CHEESE,7.0,2020-12-06 08:28:15,Multigrain,Salt and Pepper,,,,,0.0
32222,753,2,0.0,19.6,Toastie,1,Kitchen,8.5,3,HAM-CHEESE,8.5,2023-05-28 08:17:40,Multigrain,BBQ Sauce,,,,,0.0
12916,351,2,0.0,32.4,French Toast with Streaky Bacon,1,Kitchen,12.4,2,REGULAR,10.4,2021-05-31 09:05:23,,,,Hashbrown,,,2.0
31698,1171,2,0.0,32.4,Toastie,1,Kitchen,8.5,7,HAM-CHEESE,8.5,2023-05-11 08:05:13,White,Tomato Sauce,,,,,0.0
40203,197,2,0.0,32.4,Toasted Roll,1,Kitchen,12.0,5,BACON-EGG-CHEESE,10.0,2024-02-21 09:36:36,,"Tomato Sauce, Hash Brown",,,,,2.0
21211,290,2,0.0,45.2,Toastie,1,Kitchen,10.0,5,BACON-EGG-CHEESE,8.0,2022-04-24 10:54:36,Dark Rye,"Tomato Sauce, Hash Brown, Salt and Pepper",,,,,2.0
21211,290,2,0.0,45.2,Big Breakfast,1,Kitchen,17.2,1,SCRAMBLED,17.2,2022-04-24 10:54:36,Dark Rye,Hollandaise,,,,,0.0
22668,620,2,0.0,45.2,Toasted Roll,1,Kitchen,7.0,7,BACON-EGG,7.0,2022-06-17 09:15:00,,BBQ Sauce,,,,,0.0
10596,429,2,0.0,83.6,Croissant,1,Kitchen,9.0,6,HAM-CHEESE-TOMATO,9.0,2021-02-13 11:15:00,,Salt and Pepper,,,,,0.0
10596,429,2,0.0,83.6,Eggs Benedict,1,Kitchen,16.5,8,HAM,14.5,2021-02-13 11:15:00,,,,Hashbrown,,,2.0
3337,5,0,0.0,14.5,Toasted Roll,1,Kitchen,10.5,2,BACON-EGG,7.0,2019-06-12 06:00:00,,"Avocado, Hash Brown",,,,,3.5
26200,275,2,0.0,14.5,Toastie,1,Kitchen,8.0,2,BACON-EGG,8.0,2022-10-24 08:23:58,Multigrain,Tomato Sauce,,,,,0.0
28087,1314,2,0.0,14.5,Toastie,1,Kitchen,9.5,2,HAM-CHEESE-TOMATO,9.5,2023-01-07 09:04:02,Multigrain,Tomato Sauce,,,,,0.0
16122,814,2,0.0,14.5,Toasted Roll,1,Kitchen,10.5,2,BACON-EGG,7.0,2021-09-29 09:26:40,,"Avocado, Hash Brown",,,,,3.5
21760,828,2,0.0,14.5,Toastie,1,Kitchen,6.0,3,CHEESE,6.0,2022-05-14 09:44:11,White,Tomato Sauce,,,,,0.0
14801,847,2,0.0,14.5,Toasted Roll,1,Kitchen,10.0,2,BACON-EGG-CHEESE,8.0,2021-08-15 12:02:47,,"Tomato Sauce, Hash Brown",,,,,2.0
15270,105,2,0.0,14.5,Toasted Roll,1,Kitchen,9.5,2,BACON-EGG-CHEESE,8.0,2021-09-01 07:50:37,,Avocado,,,,,1.5
15096,105,2,0.0,14.5,Toasted Roll,1,Kitchen,9.5,2,BACON-EGG-CHEESE,8.0,2021-08-26 07:56:50,,Avocado,,,,,1.5
14819,105,2,0.0,14.5,Toasted Roll,1,Kitchen,9.5,2,BACON-EGG-CHEESE,8.0,2021-08-16 07:52:55,,Avocado,,,,,1.5
14670,105,2,0.0,14.5,Toasted Roll,1,Kitchen,9.5,2,BACON-EGG-CHEESE,8.0,2021-08-10 07:40:46,,Avocado,,,,,1.5
14532,105,2,0.0,14.5,Toasted Roll,1,Kitchen,9.5,2,BACON-EGG-CHEESE,8.0,2021-08-05 07:35:40,,Avocado,,,,,1.5
13645,105,2,0.0,14.5,Toasted Roll,1,Kitchen,9.5,2,BACON-EGG-CHEESE,8.0,2021-06-28 07:38:30,,Avocado,,,,,1.5
13467,105,2,0.0,14.5,Toasted Roll,1,Kitchen,9.5,2,BACON-EGG-CHEESE,8.0,2021-06-20 10:51:56,,Avocado,,,,,1.5
13163,105,2,0.0,14.5,Toasted Roll,1,Kitchen,9.5,2,BACON-EGG-CHEESE,8.0,2021-06-09 10:58:51,,Avocado,,,,,1.5
12784,105,2,0.0,14.5,Toasted Roll,1,Kitchen,9.5,2,BACON-EGG-CHEESE,8.0,2021-05-26 09:46:48,,Avocado,,,,,1.5
12518,105,2,0.0,14.5,Toasted Roll,1,Kitchen,9.5,2,BACON-EGG-CHEESE,8.0,2021-05-14 09:02:41,,Avocado,,,,,1.5
12488,105,2,0.0,14.5,Toasted Roll,1,Kitchen,9.5,2,BACON-EGG-CHEESE,8.0,2021-05-13 08:45:40,,Avocado,,,,,1.5
12465,105,2,0.0,14.5,Toasted Roll,1,Kitchen,9.5,2,BACON-EGG-CHEESE,8.0,2021-05-12 08:52:17,,Avocado,,,,,1.5
12328,105,2,0.0,14.5,Toasted Roll,1,Kitchen,9.5,2,BACON-EGG-CHEESE,8.0,2021-05-07 07:48:30,,Avocado,,,,,1.5
12266,105,2,0.0,14.5,Toasted Roll,1,Kitchen,9.5,2,BACON-EGG-CHEESE,8.0,2021-05-05 07:51:52,,Avocado,,,,,1.5
12242,105,2,0.0,14.5,Toasted Roll,1,Kitchen,9.5,2,BACON-EGG-CHEESE,8.0,2021-05-04 07:53:52,,Avocado,,,,,1.5
10779,635,2,0.0,14.5,Toastie,1,Kitchen,9.0,2,HAM-CHEESE,7.0,2021-02-22 06:44:03,Multigrain,"Hash Brown, Salt and Pepper",,,,,2.0
33444,1156,2,0.0,14.5,Toasted Roll,1,Kitchen,10.5,2,BACON-EGG,8.5,2023-07-07 08:45:54,,"Tomato Sauce, Hash Brown",,,,,2.0
14644,136,1,0.0,14.5,Toasted Roll,1,Kitchen,9.0,2,BACON-EGG,7.0,2021-08-09 07:34:51,,"BBQ Sauce, Hash Brown",,,,,2.0
15706,141,2,0.0,14.5,Toastie,1,Kitchen,9.0,2,BACON-EGG,7.0,2021-09-16 06:14:12,Multigrain,"BBQ Sauce, Hash Brown",,,,,2.0
15651,141,2,0.0,14.5,Toastie,1,Kitchen,9.0,2,BACON-EGG,7.0,2021-09-14 06:19:57,Multigrain,"BBQ Sauce, Hash Brown",,,,,2.0
15471,141,2,0.0,14.5,Toastie,1,Kitchen,9.0,2,BACON-EGG,7.0,2021-09-08 06:31:29,Multigrain,"BBQ Sauce, Hash Brown",,,,,2.0
14664,141,2,0.0,14.5,Toastie,1,Kitchen,9.0,2,BACON-EGG,7.0,2021-08-10 06:03:52,Multigrain,"BBQ Sauce, Hash Brown",,,,,2.0
14640,141,2,0.0,14.5,Toastie,1,Kitchen,9.0,2,BACON-EGG,7.0,2021-08-09 06:39:58,Multigrain,"BBQ Sauce, Hash Brown",,,,,2.0
14528,141,2,0.0,14.5,Toastie,1,Kitchen,9.0,2,BACON-EGG,7.0,2021-08-05 06:31:59,Multigrain,"BBQ Sauce, Hash Brown",,,,,2.0
14135,141,2,0.0,14.5,Toastie,1,Kitchen,9.0,2,BACON-EGG,7.0,2021-07-20 06:35:48,Multigrain,"BBQ Sauce, Hash Brown",,,,,2.0
13833,141,2,0.0,14.5,Toastie,1,Kitchen,9.0,2,BACON-EGG,7.0,2021-07-07 06:12:56,Multigrain,"BBQ Sauce, Hash Brown",,,,,2.0
11835,141,2,0.0,14.5,Toastie,1,Kitchen,9.0,2,BACON-EGG,7.0,2021-04-16 05:59:54,Multigrain,"BBQ Sauce, Hash Brown",,,,,2.0
10521,141,2,0.0,14.5,Toastie,1,Kitchen,9.0,2,BACON-EGG,7.0,2021-02-10 06:01:22,Multigrain,"BBQ Sauce, Hash Brown",,,,,2.0
10385,141,2,0.0,14.5,Toastie,1,Kitchen,9.0,2,BACON-EGG,7.0,2021-02-03 06:18:54,Multigrain,"BBQ Sauce, Hash Brown",,,,,2.0
10357,141,2,0.0,14.5,Toastie,1,Kitchen,9.0,2,BACON-EGG,7.0,2021-02-02 06:00:00,Multigrain,"BBQ Sauce, Hash Brown",,,,,2.0
10124,141,2,0.0,14.5,Toastie,1,Kitchen,9.0,2,BACON-EGG,7.0,2021-01-20 05:48:16,Multigrain,"BBQ Sauce, Hash Brown",,,,,2.0
27540,1172,2,0.0,14.5,Toastie,1,Kitchen,9.0,2,BACON-EGG-CHEESE,9.0,2022-12-08 14:00:00,White,Tomato Sauce,,,,,0.0
27697,408,2,0.0,14.5,Toastie,1,Kitchen,9.0,2,HAM-CHEESE,8.0,2022-12-14 06:11:25,Sourdough,Tomato Sauce,,,,,1.0
27487,408,2,0.0,14.5,Toastie,1,Kitchen,9.0,2,HAM-CHEESE,8.0,2022-12-07 06:19:23,Sourdough,Tomato Sauce,,,,,1.0
27299,408,2,0.0,14.5,Toastie,1,Kitchen,9.0,2,HAM-CHEESE,8.0,2022-12-01 06:25:36,Sourdough,Tomato Sauce,,,,,1.0
24968,408,2,0.0,14.5,Toastie,1,Kitchen,9.0,2,HAM-CHEESE,8.0,2022-09-09 07:25:54,Sourdough,Tomato Sauce,,,,,1.0
24514,408,2,0.0,14.5,Toastie,1,Kitchen,9.0,2,HAM-CHEESE,8.0,2022-08-25 06:53:11,Sourdough,Tomato Sauce,,,,,1.0
22098,408,2,0.0,14.5,Toastie,1,Kitchen,9.0,2,BACON-EGG-CHEESE,8.0,2022-05-27 06:20:58,Sourdough,"Tomato Sauce, Salt and Pepper",,,,,1.0
21715,408,2,0.0,14.5,Toastie,1,Kitchen,9.0,2,BACON-EGG-CHEESE,8.0,2022-05-13 06:19:31,Sourdough,"Tomato Sauce, Salt and Pepper",,,,,1.0
21665,408,2,0.0,14.5,Toastie,1,Kitchen,9.0,2,BACON-EGG-CHEESE,8.0,2022-05-11 06:09:06,Sourdough,"Tomato Sauce, Salt and Pepper",,,,,1.0
20258,408,2,0.0,14.5,Toastie,1,Kitchen,9.0,2,BACON-EGG-CHEESE,8.0,2022-03-18 06:10:53,Sourdough,"Tomato Sauce, Salt and Pepper",,,,,1.0
18947,408,2,0.0,14.5,Toastie,1,Kitchen,9.0,2,BACON-EGG-CHEESE,8.0,2022-01-28 06:11:40,Sourdough,Tomato Sauce,,,,,1.0
18650,408,2,0.0,14.5,Toastie,1,Kitchen,9.0,2,BACON-EGG-CHEESE,8.0,2022-01-14 05:59:22,Sourdough,"Tomato Sauce, Salt and Pepper",,,,,1.0
18131,408,2,0.0,14.5,Toastie,1,Kitchen,9.0,2,BACON-EGG-CHEESE,8.0,2021-12-10 06:35:59,Sourdough,Tomato Sauce,,,,,1.0
17946,408,2,0.0,14.5,Toastie,1,Kitchen,9.0,2,BACON-EGG-CHEESE,8.0,2021-12-03 06:15:40,Sourdough,Tomato Sauce,,,,,1.0
17759,408,2,0.0,14.5,Toastie,1,Kitchen,9.0,2,BACON-EGG-CHEESE,8.0,2021-11-26 05:54:49,Sourdough,Tomato Sauce,,,,,1.0
16573,408,0,0.0,14.5,Toastie,1,Kitchen,9.0,2,BACON-EGG-CHEESE,8.0,2021-10-15 06:00:00,Sourdough,"Tomato Sauce, Salt and Pepper",,,,,1.0
12499,408,2,0.0,14.5,Toastie,1,Kitchen,9.0,2,BACON-EGG-CHEESE,8.0,2021-05-14 06:15:00,Sourdough,"Tomato Sauce, Salt and Pepper",,,,,1.0
26160,422,2,0.0,14.5,Toasted Roll,1,Kitchen,9.0,2,BACON-EGG-CHEESE,9.0,2022-10-22 09:36:25,,"Tomato Sauce, Salt and Pepper",,,,,0.0
26332,1194,2,0.0,14.5,Toastie,1,Kitchen,9.0,2,BACON-EGG-CHEESE,9.0,2022-10-29 09:15:00,White,"Tomato Sauce, Salt and Pepper",,,,,0.0
24004,1194,2,0.0,14.5,Toastie,1,Kitchen,9.0,2,BACON-EGG-CHEESE,9.0,2022-08-06 07:45:00,White,"Tomato Sauce, Salt and Pepper",,,,,0.0
15242,721,2,0.0,14.5,Toasted Roll,1,Kitchen,10.0,2,BACON-EGG-CHEESE,8.0,2021-08-31 08:15:18,,"Tomato Sauce, Hash Brown, Salt and Pepper",,,,,2.0
13193,476,2,0.0,14.5,Toasted Roll,1,Kitchen,10.0,2,BACON-EGG-CHEESE,8.0,2021-06-10 13:17:05,,"Tomato Sauce, Hash Brown, Salt and Pepper",,,,,2.0
22553,234,2,0.0,14.5,Muffin,1,Kitchen,3.9,3,APPLE-CINNAMON,3.9,2022-06-12 10:36:45,,,Yes,,,,0.0
40004,251,2,0.0,14.5,Muffin,1,Kitchen,4.5,2,APPLE-CINNAMON,4.5,2024-02-15 08:48:55,,,No,,,,0.0
40004,251,2,0.0,14.5,Muffin,1,Kitchen,4.5,3,CHOC-MUD,4.5,2024-02-15 08:48:55,,,No,,,,0.0
13336,767,0,0.0,14.5,Toastie,1,Kitchen,9.5,2,BACON-EGG-CHEESE,8.0,2021-06-15 11:07:12,Dark Rye,Avocado,,,,,1.5
25571,260,2,0.0,27.3,Toasted Roll,1,Kitchen,9.0,4,BACON-EGG-CHEESE,9.0,2022-10-01 08:53:04,,Tomato Sauce,,,,,0.0
10190,276,2,0.0,27.3,Toasted Roll,1,Kitchen,8.0,5,BACON-EGG-CHEESE,8.0,2021-01-24 08:27:46,,BBQ Sauce,,,,,0.0
8285,276,2,0.0,27.3,Toasted Roll,1,Kitchen,8.0,5,BACON-EGG-CHEESE,8.0,2020-10-23 09:21:03,,BBQ Sauce,,,,,0.0
35930,288,2,0.0,27.3,Toastie,1,Kitchen,10.5,3,BACON-EGG,9.0,2023-09-22 12:34:38,White,Avocado,,,,,1.5
35930,288,2,0.0,27.3,Toasted Roll,1,Kitchen,11.5,2,BACON-EGG-CHEESE,10.0,2023-09-22 12:34:38,,Avocado,,,,,1.5
26318,67,2,0.0,27.3,Toastie,1,Kitchen,10.0,4,BACON-EGG-CHEESE,9.0,2022-10-28 10:31:53,Sourdough,Tomato Sauce,,,,,1.0
6970,88,2,0.0,27.3,Toasted Roll,1,Kitchen,8.5,3,BACON-EGG,7.0,2020-09-06 09:21:09,,"Tomato Sauce, Avocado",,,,,1.5
6970,88,2,0.0,27.3,Toasted Roll,1,Kitchen,9.5,4,BACON-EGG-CHEESE,8.0,2020-09-06 09:21:09,,"Tomato Sauce, Avocado",,,,,1.5
5188,92,10,0.0,27.3,Toasted Roll,1,Kitchen,9.5,3,BACON-EGG-CHEESE,8.0,2020-06-06 10:49:57,,Avocado,,,,,1.5
5188,92,10,0.0,27.3,Toasted Roll,1,Kitchen,9.5,4,BACON-EGG-CHEESE,8.0,2020-06-06 10:49:57,,Avocado,,,,,1.5
20761,141,2,0.0,27.3,Toastie,1,Kitchen,7.0,4,BACON-EGG,7.0,2022-04-06 08:11:58,Multigrain,BBQ Sauce,,,,,0.0
4432,178,10,0.0,27.3,Toasted Roll,1,Kitchen,10.0,3,BACON-EGG-CHEESE,8.0,2020-03-24 11:10:11,,Hash Brown,,,,,2.0
9839,197,2,0.0,27.3,Toasted Roll,1,Kitchen,8.0,5,BACON-EGG-CHEESE,8.0,2021-01-05 07:41:16,,Tomato Sauce,,,,,0.0
9361,197,2,0.0,27.3,Toasted Roll,1,Kitchen,8.0,5,BACON-EGG-CHEESE,8.0,2020-12-06 08:59:51,,Tomato Sauce,,,,,0.0
25347,88,2,3.18,34.98,Toasted Roll,1,Kitchen,10.5,3,BACON-EGG-CHEESE,9.0,2022-09-22 08:23:01,,"Tomato Sauce, Avocado",,,,,1.5
25347,88,2,3.18,34.98,Toasted Roll,1,Kitchen,11.0,4,BACON-EGG-CHEESE,9.0,2022-09-22 08:23:01,,"BBQ Sauce, Hash Brown, Salt and Pepper",,,,,2.0
30299,1027,2,0.0,40.1,Toastie,1,Kitchen,8.5,5,HAM-CHEESE,8.5,2023-03-26 12:33:46,White,Salt and Pepper,,,,,0.0
30299,1027,2,0.0,40.1,Croissant,1,Kitchen,9.5,2,BACON-EGG-CHEESE,9.5,2023-03-26 12:33:46,,Salt and Pepper,,,,,0.0
4920,260,0,0.0,40.1,Toasted Roll,1,Kitchen,9.0,6,BACON-EGG,7.0,2020-05-17 11:52:38,,Hash Brown,,,,,2.0
34385,127,2,0.0,40.1,Toastie,1,Kitchen,9.0,4,HAM-CHEESE,9.0,2023-08-05 10:36:53,White,Tomato Sauce,,,,,0.0
34385,127,2,0.0,40.1,Toastie,1,Kitchen,9.0,5,HAM-CHEESE,9.0,2023-08-05 10:36:53,Multigrain,Tomato Sauce,,,,,0.0
26519,651,2,0.0,40.1,Croissant,1,Kitchen,9.0,2,HAM-CHEESE-TOMATO,9.0,2022-11-05 08:54:10,,Salt and Pepper,,,,,0.0
26519,651,2,0.0,40.1,Croissant,1,Kitchen,9.0,3,BACON-EGG-CHEESE,9.0,2022-11-05 08:54:10,,Salt and Pepper,,,,,0.0
15978,541,2,0.0,52.9,French Toast with Streaky Bacon,1,Kitchen,12.4,2,REGULAR,10.4,2021-09-24 13:21:29,,,,Hashbrown,,,2.0
15978,541,2,0.0,52.9,(Main) Pasta,1,Kitchen,15.9,1,BEETROOT,15.9,2021-09-24 13:21:29,,,,,Gnocchi,,0.0
14706,849,2,0.0,52.9,(Main) Pasta,1,Kitchen,13.0,1,RAVIBOLG,13.0,2021-08-11 11:42:52,,,,,Spaghetti,,0.0
14706,849,2,0.0,52.9,(Main) Pasta,1,Kitchen,13.0,2,RAVIBOLG,13.0,2021-08-11 11:42:52,,,,,Spaghetti,,0.0
14706,849,2,0.0,52.9,(Main) Pasta,1,Kitchen,13.9,3,SPAGCARB,13.9,2021-08-11 11:42:52,,,,,Spaghetti,,0.0
14706,849,2,0.0,52.9,(Main) Pasta,1,Kitchen,13.0,4,RAVIBOLG,13.0,2021-08-11 11:42:52,,,,,Spaghetti,,0.0
36161,234,2,2.25,24.75,Muffin,1,Kitchen,4.5,4,CHOC-MUD,4.5,2023-09-29 10:34:10,,,Yes,,,,0.0
23906,275,2,0.0,9.4,Muffin,1,Kitchen,3.9,2,APPLE-CINNAMON,3.9,2022-08-03 06:51:58,,,Yes,,,,0.0
7358,337,2,0.0,22.2,Toastie,1,Kitchen,7.0,5,BACON-EGG,7.0,2020-09-20 11:24:19,White,Tomato Sauce,,,,,0.0
6185,337,2,0.0,22.2,Toastie,1,Kitchen,7.0,5,BACON-EGG,7.0,2020-08-04 10:32:39,White,Tomato Sauce,,,,,0.0
30216,1379,2,0.0,22.2,Toastie,1,Kitchen,8.5,3,BACON-CHEESE,8.5,2023-03-23 12:21:40,White,Tomato Sauce,,,,,0.0
28403,1379,2,0.0,22.2,Toastie,1,Kitchen,8.5,3,BACON-EGG,8.5,2023-01-19 12:08:28,White,Tomato Sauce,,,,,0.0
15417,890,2,0.0,22.2,Big Breakfast,1,Kitchen,16.7,1,SCRAMBLED,16.7,2021-09-05 14:08:31,White,Hollandaise,,,,,0.0
38837,404,2,0.0,22.2,Toasted Roll,2,Kitchen,18.0,2,BACON-EGG,9.0,2023-12-24 10:54:36,,BBQ Sauce,,,,,0.0
38351,404,2,0.0,22.2,Toasted Roll,2,Kitchen,18.0,2,BACON-EGG,9.0,2023-12-08 10:15:00,,BBQ Sauce,,,,,0.0
37160,404,2,0.0,22.2,Toasted Roll,2,Kitchen,18.0,2,BACON-EGG,9.0,2023-10-30 11:30:08,,BBQ Sauce,,,,,0.0
17043,175,2,0.0,22.2,Build Your Own Breakfast,1,Kitchen,15.9,2,FRIED,7.9,2021-10-30 09:59:27,Sourdough,"Hollandaise, Halloumi",,,,,8.0
30874,1459,2,0.0,22.2,(Main) Pasta,1,Kitchen,15.0,1,SPAGBOLG,15.0,2023-04-15 13:01:29,,,,,Spaghetti,,0.0
16606,197,2,0.0,22.2,Croissant,1,Kitchen,8.0,1,HAM-CHEESE,8.0,2021-10-15 11:25:35,,Salt and Pepper,,,,,0.0
17678,714,2,0.0,22.2,Toasted Roll,1,Kitchen,9.9,3,CHICKEN-SCHNITZEL-CHEESE-LETTUCE,8.4,2021-11-22 13:45:00,,Avocado,,,,,1.5
17678,714,2,0.0,22.2,Croissant,1,Kitchen,8.0,1,HAM-CHEESE,8.0,2021-11-22 13:45:00,,Salt and Pepper,,,,,0.0
34492,1255,2,0.0,22.2,Build Your Own Breakfast,1,Kitchen,22.2,1,SCRAMBLED,10.2,2023-08-08 14:40:42,White,"Extra Egg, Bacon, Avocado, Halloumi",,,,,12.0
22878,240,2,0.0,22.2,Toasted Roll,1,Kitchen,8.0,2,BACON-EGG-CHEESE,8.0,2022-06-25 08:18:55,,Tomato Sauce,,,,,0.0
22878,240,2,0.0,22.2,Toastie,1,Kitchen,8.0,3,BACON-EGG-CHEESE,8.0,2022-06-25 08:18:55,White,Tomato Sauce,,,,,0.0
5292,263,2,0.0,35.0,Toastie,1,Kitchen,9.0,5,HAM-CHEESE-TOMATO,8.0,2020-06-14 12:00:01,Sourdough,Tomato Sauce,,,,,1.0
5292,263,2,0.0,35.0,Toastie,1,Kitchen,9.0,6,BACON-EGG-CHEESE,8.0,2020-06-14 12:00:01,Sourdough,Tomato Sauce,,,,,1.0
31861,12,2,0.0,35.0,Toasted Roll,2,Kitchen,17.0,3,BACON-EGG,8.5,2023-05-16 08:45:26,,Salt and Pepper,,,,,0.0
21144,290,2,0.0,35.0,Croissant,1,Kitchen,9.0,2,HAM-CHEESE-TOMATO,9.0,2022-04-22 07:44:22,,Salt and Pepper,,,,,0.0
9669,45,2,0.0,35.0,Toasted Roll,1,Kitchen,10.0,4,BACON-EGG-CHEESE,8.0,2020-12-19 09:48:50,,"BBQ Sauce, Hash Brown",,,,,2.0
5981,341,2,0.0,35.0,Toastie,1,Kitchen,7.0,6,BACON-CHEESE,7.0,2020-07-26 09:16:27,White,Tomato Sauce,,,,,0.0
4120,91,2,0.0,35.0,Toasted Roll,1,Kitchen,10.0,3,BACON-EGG-CHEESE,8.0,2020-01-28 09:15:00,,"BBQ Sauce, Hash Brown, Salt and Pepper",,,,,2.0
4120,91,2,0.0,35.0,Toasted Roll,1,Kitchen,10.0,4,BACON-EGG-CHEESE,8.0,2020-01-28 09:15:00,,"BBQ Sauce, Hash Brown, Salt and Pepper",,,,,2.0
11253,391,2,0.0,35.0,Build Your Own Breakfast,1,Kitchen,12.9,1,SCRAMBLED,7.9,2021-03-18 15:21:52,Multigrain,"Grilled Tomato, Baby Spinach",,,,,5.0
35065,234,2,0.0,35.0,Muffin,1,Kitchen,4.5,5,CHOC-MUD,4.5,2023-08-26 09:28:57,,,Yes,,,,0.0
35048,1577,2,0.0,47.8,Toasted Roll,1,Kitchen,11.0,3,BACON-EGG,9.0,2023-08-26 08:00:36,,"Tomato Sauce, Hash Brown",,,,,2.0
35048,1577,2,0.0,47.8,Toasted Roll,2,Kitchen,24.0,4,BACON-EGG-CHEESE,10.0,2023-08-26 08:00:36,,Hash Brown,,,,,2.0
12634,351,2,0.0,47.8,Build Your Own Breakfast,1,Kitchen,20.9,1,SCRAMBLED,7.9,2021-05-20 08:41:42,White,"Bacon, Grilled Tomato, Hash Brown, Sauteed Mushrooms, Baby Spinach",,,,,12.999999999999998
28848,1374,2,0.0,60.6,Muffin,1,Kitchen,3.9,13,RASPBERRY-WHITECHOC,3.9,2023-02-06 09:42:48,,,No,,,,0.0
28848,1374,2,0.0,60.6,Muffin,1,Kitchen,3.9,14,APPLE-CINNAMON,3.9,2023-02-06 09:42:48,,,No,,,,0.0
32073,1489,2,0.0,73.4,Toastie,1,Kitchen,8.5,5,BACON-EGG,8.5,2023-05-23 12:58:33,Dark Rye,Tomato Sauce,,,,,0.0
32073,1489,2,0.0,73.4,Toastie,1,Kitchen,9.5,6,HAM-CHEESE-TOMATO,9.5,2023-05-23 12:58:33,Dark Rye,Tomato Sauce,,,,,0.0
24823,1268,2,0.0,73.4,Toasted Roll,1,Kitchen,11.0,8,BACON-EGG-CHEESE,9.0,2022-09-04 09:29:43,,"BBQ Sauce, Hash Brown, Salt and Pepper",,,,,2.0
24823,1268,2,0.0,73.4,Toasted Roll,1,Kitchen,10.5,9,BACON-EGG-CHEESE,9.0,2022-09-04 09:29:43,,"Avocado, Salt and Pepper",,,,,1.5
14181,305,2,0.0,17.1,Toastie,1,Kitchen,8.0,3,CHEESE-TOMATO,7.0,2021-07-22 08:03:28,Sourdough,Salt and Pepper,,,,,1.0
22031,77,2,0.0,17.1,Toasted Roll,1,Kitchen,8.0,3,BACON-EGG-CHEESE,8.0,2022-05-25 07:17:55,,"Tomato Sauce, Salt and Pepper",,,,,0.0
21994,847,2,0.0,17.1,Toastie,1,Kitchen,9.5,2,HAM-CHEESE-TOMATO,8.0,2022-05-23 13:27:26,Multigrain,Avocado,,,,,1.5
17497,141,2,0.0,17.1,Toastie,1,Kitchen,7.0,3,BACON-EGG,7.0,2021-11-16 08:59:01,Multigrain,BBQ Sauce,,,,,0.0
21941,1178,2,0.0,17.1,Toasted Roll,1,Kitchen,9.0,3,BACON-EGG,7.0,2022-05-21 09:42:31,,"BBQ Sauce, Hash Brown",,,,,2.0
19895,161,2,0.0,17.1,Toasted Roll,1,Kitchen,9.5,2,BACON-EGG-CHEESE,8.0,2022-03-04 07:39:50,,"BBQ Sauce, Avocado, Salt and Pepper",,,,,1.5
33260,955,2,0.0,17.1,Toasted Roll,1,Kitchen,8.5,3,BACON-EGG,8.5,2023-06-30 12:51:00,,Salt and Pepper,,,,,0.0
32206,971,2,0.0,17.1,Toasted Roll,1,Kitchen,11.5,2,BACON-EGG-CHEESE,9.5,2023-05-27 09:59:13,,"BBQ Sauce, Hash Brown",,,,,2.0
26584,973,2,0.0,17.1,Muffin,1,Kitchen,3.9,3,ORANGE-POPPYSEED,3.9,2022-11-07 09:28:29,,,Yes,,,,0.0
26584,973,2,0.0,17.1,Muffin,1,Kitchen,3.9,4,APPLE-CINNAMON,3.9,2022-11-07 09:28:29,,,Yes,,,,0.0
26503,973,2,0.0,17.1,Muffin,1,Kitchen,3.9,3,APPLE-CINNAMON,3.9,2022-11-04 11:22:42,,,Yes,,,,0.0
26503,973,2,0.0,17.1,Muffin,1,Kitchen,3.9,4,ORANGE-POPPYSEED,3.9,2022-11-04 11:22:42,,,Yes,,,,0.0
26381,973,2,0.0,17.1,Muffin,1,Kitchen,3.9,3,APPLE-CINNAMON,3.9,2022-10-31 09:05:22,,,Yes,,,,0.0
26381,973,2,0.0,17.1,Muffin,1,Kitchen,3.9,4,ORANGE-POPPYSEED,3.9,2022-10-31 09:05:22,,,Yes,,,,0.0
23292,973,2,0.0,17.1,Muffin,1,Kitchen,3.9,3,APPLE-CINNAMON,3.9,2022-07-11 09:20:09,,,Yes,,,,0.0
23292,973,2,0.0,17.1,Muffin,1,Kitchen,3.9,4,APPLE-CINNAMON,3.9,2022-07-11 09:20:09,,,Yes,,,,0.0
33446,725,2,0.0,17.1,Toasted Roll,1,Kitchen,9.5,2,BACON-EGG-CHEESE,9.5,2023-07-07 09:08:05,,Salt and Pepper,,,,,0.0
31499,725,2,0.0,17.1,Toasted Roll,1,Kitchen,9.5,2,BACON-EGG-CHEESE,9.5,2023-05-05 09:03:16,,Tomato Sauce,,,,,0.0
30575,725,2,0.0,17.1,Toastie,1,Kitchen,9.5,2,HAM-CHEESE-TOMATO,9.5,2023-04-04 08:29:32,White,Salt and Pepper,,,,,0.0
33497,9,2,0.0,29.9,Toastie,1,Kitchen,9.5,4,HAM-CHEESE-TOMATO,9.5,2023-07-08 12:06:12,White,Tomato Sauce,,,,,0.0
33497,9,2,0.0,29.9,Toasted Roll,1,Kitchen,9.5,3,BACON-EGG-CHEESE,9.5,2023-07-08 12:06:12,,"Tomato Sauce, Salt and Pepper",,,,,0.0
3845,20,2,0.0,29.9,Toasted Roll,1,Kitchen,10.0,5,BACON-EGG-CHEESE,8.0,2019-11-17 11:22:58,,"Hash Brown, Salt and Pepper",,,,,2.0
38172,1050,2,0.0,29.9,Toastie,1,Kitchen,8.0,3,CHEESE,8.0,2023-12-02 11:15:29,White,Tomato Sauce,,,,,0.0
38172,1050,2,0.0,29.9,Toastie,1,Kitchen,10.5,4,BACON-EGG-CHEESE,10.5,2023-12-02 11:15:29,White,Tomato Sauce,,,,,0.0
16419,543,2,0.0,29.9,Toastie,1,Kitchen,7.0,6,BACON-CHEESE,7.0,2021-10-09 09:12:36,White,Tomato Sauce,,,,,0.0
16419,543,2,0.0,29.9,Toasted Roll,1,Kitchen,7.0,5,BACON-EGG,7.0,2021-10-09 09:12:36,,BBQ Sauce,,,,,0.0
25322,1148,2,0.0,29.9,Toastie,1,Kitchen,8.0,5,CHEESE-TOMATO,8.0,2022-09-21 07:51:18,White,Tomato Sauce,,,,,0.0
9011,128,2,0.0,29.9,Toastie,1,Kitchen,9.0,4,HAM-CHEESE,7.0,2020-11-21 12:09:55,Multigrain,"Hash Brown, Salt and Pepper",,,,,2.0
4705,237,2,0.0,29.9,(Entree) Pasta,1,Kitchen,10.5,1,SPAGCARB,10.5,2020-05-01 12:15:00,,,,,Spaghetti,,0.0
4705,237,2,0.0,29.9,(Entree) Pasta,1,Kitchen,10.5,2,SPAGCARB,10.5,2020-05-01 12:15:00,,,,,Spaghetti,,0.0
15149,77,2,0.0,42.7,Eggs Florentine,1,Kitchen,16.2,2,REGULAR,14.2,2021-08-28 08:15:00,,,,Hashbrown,,,2.0
15149,77,2,0.0,42.7,Eggs Benedict,1,Kitchen,16.5,1,BACON,14.5,2021-08-28 08:15:00,,,,Hashbrown,,,2.0
35546,1148,2,0.0,55.5,Kids Crepes,2,Kitchen,16.0,2,CREAM,6.0,2023-09-10 09:15:43,,,,,,Strawberries,2.0
35546,1148,2,0.0,55.5,Toastie,1,Kitchen,9.0,5,CHEESE-TOMATO,9.0,2023-09-10 09:15:43,White,Tomato Sauce,,,,,0.0
35546,1148,2,0.0,55.5,Toastie,1,Kitchen,8.0,6,CHEESE,8.0,2023-09-10 09:15:43,White,Tomato Sauce,,,,,0.0
11027,645,2,0.0,68.3,Big Breakfast,1,Kitchen,25.7,1,POACHED,16.7,2021-03-08 13:32:29,Sourdough,"Extra Egg, Bacon, Hollandaise",,,,,9.0
3342,11,10,0.0,12.0,Toasted Roll,1,Kitchen,7.0,2,BACON-EGG,7.0,2019-06-15 08:20:24,,"Tomato Sauce, Salt and Pepper",,,,,0.0
21320,13,2,0.0,12.0,Toasted Roll,1,Kitchen,7.0,2,BACON-EGG,7.0,2022-04-28 09:32:51,,"Tomato Sauce, Salt and Pepper",,,,,0.0
19683,13,2,0.0,12.0,Toasted Roll,1,Kitchen,7.0,2,BACON-EGG,7.0,2022-02-25 05:56:37,,"Tomato Sauce, Salt and Pepper",,,,,0.0
10737,13,2,0.0,12.0,Toasted Roll,1,Kitchen,7.0,2,BACON-EGG,7.0,2021-02-20 07:00:46,,"Tomato Sauce, Salt and Pepper",,,,,0.0
6631,13,2,0.0,12.0,Toasted Roll,1,Kitchen,7.0,2,BACON-EGG,7.0,2020-08-24 09:53:26,,"Tomato Sauce, Salt and Pepper",,,,,0.0
4878,13,2,0.0,12.0,Toasted Roll,1,Kitchen,7.0,2,BACON-EGG,7.0,2020-05-15 06:17:05,,"Tomato Sauce, Salt and Pepper",,,,,0.0
3361,13,2,0.0,12.0,Toasted Roll,1,Kitchen,7.0,2,BACON-EGG,7.0,2019-06-27 06:01:40,,"Tomato Sauce, Salt and Pepper",,,,,0.0
3346,13,10,0.0,12.0,Toasted Roll,1,Kitchen,7.0,2,BACON-EGG,7.0,2019-06-19 06:03:22,,"Tomato Sauce, Salt and Pepper",,,,,0.0
8481,536,2,0.0,12.0,Toastie,1,Kitchen,7.0,2,BACON-EGG,7.0,2020-10-30 08:30:00,White,Salt and Pepper,,,,,0.0
3577,36,10,0.0,12.0,Toasted Roll,1,Kitchen,8.0,2,BACON-EGG-CHEESE,8.0,2019-09-14 08:32:46,,Tomato Sauce,,,,,0.0
4882,43,2,0.0,12.0,Toasted Roll,1,Kitchen,7.0,2,BACON-EGG,7.0,2020-05-15 07:35:59,,Tomato Sauce,,,,,0.0
11949,44,2,0.0,12.0,Toasted Roll,1,Kitchen,7.0,2,BACON-EGG,7.0,2021-04-21 07:28:50,,Tomato Sauce,,,,,0.0
10366,44,2,0.0,12.0,Toasted Roll,1,Kitchen,7.0,2,BACON-EGG,7.0,2021-02-02 07:24:57,,Tomato Sauce,,,,,0.0
5624,44,2,0.0,12.0,Toasted Roll,1,Kitchen,7.0,2,BACON-EGG,7.0,2020-07-08 07:32:07,,Tomato Sauce,,,,,0.0
5232,44,10,0.0,12.0,Toasted Roll,1,Kitchen,7.0,2,BACON-EGG,7.0,2020-06-10 07:25:41,,Tomato Sauce,,,,,0.0
4852,44,2,0.0,12.0,Toasted Roll,1,Kitchen,7.0,2,BACON-EGG,7.0,2020-05-13 07:30:00,,Tomato Sauce,,,,,0.0
35708,1325,2,0.0,12.0,Toastie,1,Kitchen,12.0,1,BACON-EGG-CHEESE,10.5,2023-09-15 09:23:40,White,"BBQ Sauce, Avocado",,,,,1.5
12158,305,2,0.0,12.0,Toastie,1,Kitchen,8.0,2,CHEESE-TOMATO,7.0,2021-04-30 07:45:00,Sourdough,Salt and Pepper,,,,,1.0
22908,307,2,0.0,12.0,Toasted Roll,1,Kitchen,7.0,2,BACON-EGG,7.0,2022-06-26 09:15:00,,BBQ Sauce,,,,,0.0
3644,54,10,0.0,12.0,Toastie,1,Kitchen,8.5,2,EGG-CHEESE,7.0,2019-10-04 09:02:54,Multigrain,Avocado,,,,,1.5
15654,77,2,0.0,12.0,Toastie,1,Kitchen,7.0,2,HAM-CHEESE,7.0,2021-09-14 07:15:00,Multigrain,Tomato Sauce,,,,,0.0
15525,77,2,0.0,12.0,Toastie,1,Kitchen,7.0,2,HAM-CHEESE,7.0,2021-09-10 07:06:43,Multigrain,Tomato Sauce,,,,,0.0
3585,77,10,0.0,12.0,Toastie,1,Kitchen,7.0,2,BACON-EGG,7.0,2019-09-16 06:58:18,Multigrain,"Tomato Sauce, Salt and Pepper",,,,,0.0
16580,593,2,0.0,12.0,Toasted Roll,1,Kitchen,7.0,2,BACON-EGG,7.0,2021-10-15 06:57:16,,Tomato Sauce,,,,,0.0
17437,84,2,0.0,12.0,Toasted Roll,1,Kitchen,7.0,2,BACON-EGG,7.0,2021-11-14 08:39:39,,BBQ Sauce,,,,,0.0
8829,84,2,0.0,12.0,Toastie,1,Kitchen,7.0,2,BACON-EGG,7.0,2020-11-13 06:00:09,White,BBQ Sauce,,,,,0.0
8034,84,2,0.0,12.0,Toasted Roll,1,Kitchen,7.0,2,BACON-EGG,7.0,2020-10-16 06:03:33,,BBQ Sauce,,,,,0.0
15478,97,2,0.0,12.0,Toastie,1,Kitchen,7.0,2,CHEESE-TOMATO,7.0,2021-09-08 09:07:38,White,Tomato Sauce,,,,,0.0
8234,116,0,0.0,12.0,Toasted Roll,1,Kitchen,7.0,2,BACON-EGG,7.0,2020-10-21 12:22:34,,BBQ Sauce,,,,,0.0
36804,119,2,0.0,12.0,Toasted Roll,1,Kitchen,12.0,1,BACON-EGG-CHEESE,10.0,2023-10-19 09:41:11,,"BBQ Sauce, Hash Brown",,,,,2.0
10697,141,2,0.0,12.0,Toastie,1,Kitchen,7.0,2,BACON-EGG,7.0,2021-02-18 05:52:41,Multigrain,BBQ Sauce,,,,,0.0
10567,141,2,0.0,12.0,Toastie,1,Kitchen,7.0,2,BACON-EGG,7.0,2021-02-12 05:59:12,Multigrain,BBQ Sauce,,,,,0.0
10431,141,2,0.0,12.0,Toastie,1,Kitchen,7.0,2,BACON-EGG,7.0,2021-02-05 06:27:02,Multigrain,BBQ Sauce,,,,,0.0
15969,925,2,0.0,12.0,Toastie,1,Kitchen,7.0,2,HAM-CHEESE,7.0,2021-09-24 11:24:33,White,Tomato Sauce,,,,,0.0
24554,189,2,0.0,12.0,Muffin,1,Kitchen,3.9,3,RASPBERRY-WHITECHOC,3.9,2022-08-26 08:56:54,,,Yes,,,,0.0
22236,189,2,0.0,12.0,Muffin,1,Kitchen,3.9,3,RASPBERRY-WHITECHOC,3.9,2022-05-31 09:01:45,,,No,,,,0.0
18777,451,2,0.0,12.0,Toasted Roll,1,Kitchen,7.0,2,BACON-EGG,7.0,2022-01-20 08:19:50,,BBQ Sauce,,,,,0.0
18734,451,2,0.0,12.0,Toasted Roll,1,Kitchen,7.0,2,BACON-EGG,7.0,2022-01-18 08:18:14,,BBQ Sauce,,,,,0.0
16055,451,2,0.0,12.0,Toasted Roll,1,Kitchen,7.0,2,BACON-EGG,7.0,2021-09-27 08:45:00,,BBQ Sauce,,,,,0.0
15353,451,2,0.0,12.0,Toasted Roll,1,Kitchen,7.0,2,BACON-EGG,7.0,2021-09-04 08:15:00,,BBQ Sauce,,,,,0.0
13250,451,2,0.0,12.0,Toasted Roll,1,Kitchen,7.0,2,BACON-EGG,7.0,2021-06-12 09:13:33,,BBQ Sauce,,,,,0.0
4776,207,10,0.0,12.0,Toastie,1,Kitchen,7.0,2,BACON-EGG,7.0,2020-05-07 06:28:41,Dark Rye,BBQ Sauce,,,,,0.0
8269,464,2,0.0,12.0,Toastie,1,Kitchen,8.0,2,HAM-CHEESE-TOMATO,8.0,2020-10-22 12:45:00,White,Tomato Sauce,,,,,0.0
16018,231,2,0.0,12.0,Toastie,1,Kitchen,7.0,2,CHEESE-TOMATO,7.0,2021-09-26 08:56:59,White,Tomato Sauce,,,,,0.0
13586,248,2,0.0,12.0,Toastie,1,Kitchen,7.0,2,CHEESE-TOMATO,7.0,2021-06-25 09:04:09,White,Salt and Pepper,,,,,0.0
13515,248,2,0.0,12.0,Toastie,1,Kitchen,7.0,2,EGG-CHEESE,7.0,2021-06-22 09:08:22,White,"Tomato Sauce, Salt and Pepper",,,,,0.0
13327,248,2,0.0,12.0,Toastie,1,Kitchen,7.0,2,EGG-CHEESE,7.0,2021-06-15 08:52:23,White,"Tomato Sauce, Salt and Pepper",,,,,0.0
12442,248,2,0.0,12.0,Toastie,1,Kitchen,7.0,2,EGG-CHEESE,7.0,2021-05-11 09:05:10,White,"Tomato Sauce, Salt and Pepper",,,,,0.0
11366,248,2,0.0,12.0,Toastie,1,Kitchen,7.0,2,EGG-CHEESE,7.0,2021-03-24 09:03:27,White,"Tomato Sauce, Salt and Pepper",,,,,0.0
10941,248,2,0.0,12.0,Toastie,1,Kitchen,7.0,2,EGG-CHEESE,7.0,2021-03-03 09:04:10,White,"Tomato Sauce, Salt and Pepper",,,,,0.0
10836,248,2,0.0,12.0,Toastie,1,Kitchen,7.0,2,EGG-CHEESE,7.0,2021-02-25 09:39:59,White,"Tomato Sauce, Salt and Pepper",,,,,0.0
10735,248,2,0.0,12.0,Toastie,1,Kitchen,7.0,2,EGG-CHEESE,7.0,2021-02-19 11:58:38,White,"Tomato Sauce, Salt and Pepper",,,,,0.0
10263,248,2,0.0,12.0,Toastie,1,Kitchen,7.0,2,EGG-CHEESE,7.0,2021-01-28 09:08:36,White,"Tomato Sauce, Salt and Pepper",,,,,0.0
14172,255,2,0.0,12.0,Toastie,1,Kitchen,8.0,2,HAM-CHEESE,7.0,2021-07-21 13:00:00,Sourdough,Tomato Sauce,,,,,1.0
32646,72,2,0.0,24.8,Muffin,1,Kitchen,3.9,6,APPLE-CINNAMON,3.9,2023-06-10 10:41:34,,,No,,,,0.0
12829,72,2,0.0,24.8,Toastie,1,Kitchen,7.0,5,HAM-CHEESE,7.0,2021-05-28 09:30:00,White,Tomato Sauce,,,,,0.0
8070,352,0,0.0,24.8,Croissant,1,Kitchen,8.0,2,HAM-CHEESE,8.0,2020-10-16 13:58:25,,Salt and Pepper,,,,,0.0
23813,613,2,0.0,24.8,Toasted Roll,1,Kitchen,8.0,3,BACON-EGG,8.0,2022-07-30 10:11:53,,Tomato Sauce,,,,,0.0
23813,613,2,0.0,24.8,Toasted Roll,1,Kitchen,8.0,4,BACON-EGG,8.0,2022-07-30 10:11:53,,Tomato Sauce,,,,,0.0
36287,128,2,0.0,24.8,Toasted Roll,1,Kitchen,13.5,3,BACON-EGG-CHEESE,10.0,2023-10-04 09:54:41,,"Avocado, Hash Brown, Salt and Pepper",,,,,3.5
28841,145,2,0.0,24.8,Toasted Roll,1,Kitchen,11.0,3,BACON-EGG-CHEESE,9.5,2023-02-06 08:21:17,,"BBQ Sauce, Avocado",,,,,1.5
8439,421,2,0.0,24.8,Build Your Own Breakfast,1,Kitchen,17.9,2,POACHED,7.9,2020-10-29 07:15:00,Gluten Free,"Bacon, Smashed Avo and Feta",,,,,9.999999999999998
34417,1192,2,0.0,24.8,Toastie,1,Kitchen,11.0,3,EGG-CHEESE,9.0,2023-08-06 11:15:00,White,Hash Brown,,,,,2.0
19279,684,2,0.0,24.8,Croissant,1,Kitchen,8.0,1,HAM-CHEESE,8.0,2022-02-09 12:45:00,,Salt and Pepper,,,,,0.0
24915,446,2,0.0,24.8,Muffin,1,Kitchen,3.9,4,RASPBERRY-WHITECHOC,3.9,2022-09-07 08:44:48,,,Yes,,,,0.0
24915,446,2,0.0,24.8,Toastie,1,Kitchen,7.0,5,CHEESE,7.0,2022-09-07 08:44:48,White,Tomato Sauce,,,,,0.0
39259,234,2,0.0,24.8,Muffin,1,Kitchen,4.5,6,CHOC-MUD,4.5,2024-01-20 10:53:45,,,Yes,,,,0.0
20077,788,2,0.0,37.6,Toasted Roll,1,Kitchen,9.5,5,HAM-CHEESE-TOMATO,8.0,2022-03-10 09:54:25,,"Avocado, Salt and Pepper",,,,,1.5
9026,298,2,0.0,37.6,Toasted Roll,1,Kitchen,8.0,5,BACON-EGG-CHEESE,8.0,2020-11-22 09:30:07,,BBQ Sauce,,,,,0.0
9026,298,2,0.0,37.6,Toasted Roll,1,Kitchen,10.0,6,BACON-EGG-CHEESE,8.0,2020-11-22 09:30:07,,"BBQ Sauce, Hash Brown",,,,,2.0
36408,239,2,0.0,37.6,Toasted Roll,1,Kitchen,13.5,3,BACON-EGG-CHEESE,10.0,2023-10-08 08:34:22,,"Avocado, Hash Brown",,,,,3.5
36408,239,2,0.0,37.6,Toasted Roll,1,Kitchen,12.0,4,BACON-EGG-CHEESE,10.0,2023-10-08 08:34:22,,"Hash Brown, Salt and Pepper",,,,,2.0
16635,754,2,0.0,37.6,Toastie,1,Kitchen,10.0,5,BACON-EGG-CHEESE,8.0,2021-10-16 11:04:03,White,"BBQ Sauce, Hash Brown",,,,,2.0
16635,754,2,0.0,37.6,Toastie,1,Kitchen,7.0,6,BACON-EGG,7.0,2021-10-16 11:04:03,White,BBQ Sauce,,,,,0.0
16447,754,2,0.0,37.6,Toastie,1,Kitchen,7.0,5,BACON-EGG,7.0,2021-10-10 09:38:41,White,BBQ Sauce,,,,,0.0
16447,754,2,0.0,37.6,Toastie,1,Kitchen,10.0,6,BACON-EGG-CHEESE,8.0,2021-10-10 09:38:41,White,"BBQ Sauce, Hash Brown",,,,,2.0
13291,645,2,0.0,50.4,Eggs Benedict,1,Kitchen,16.5,2,BACON,14.5,2021-06-13 13:31:36,,,,Hashbrown,,,2.0
7257,14,2,0.0,19.7,Eggs and Bacon,1,Kitchen,10.4,3,SCRAMBLED,10.4,2020-09-17 07:30:00,White,,,,,,0.0
5013,270,10,0.0,19.7,Kids Pancakes,1,Kitchen,9.9,2,ICECREAM,5.9,2020-05-24 07:35:17,,,,,,"Banana, Strawberries",4.0
3605,20,2,0.0,19.7,Toasted Roll,1,Kitchen,7.0,3,BACON-EGG,7.0,2019-09-21 09:52:20,,Salt and Pepper,,,,,0.0
3605,20,2,0.0,19.7,Toasted Roll,1,Kitchen,7.0,4,BACON-EGG,7.0,2019-09-21 09:52:20,,Salt and Pepper,,,,,0.0
28744,55,2,0.0,19.7,Build Your Own Breakfast,1,Kitchen,15.2,1,SCRAMBLED,9.2,2023-02-03 06:15:00,Sourdough,"Bacon, Hash Brown",,,,,6.0
20659,69,2,0.0,19.7,Toasted Roll,1,Kitchen,10.5,3,BACON-EGG,7.0,2022-04-02 09:45:33,,"Tomato Sauce, Avocado, Hash Brown",,,,,3.5
29111,1397,2,0.0,19.7,Build Your Own Breakfast,1,Kitchen,19.7,1,POACHED,9.2,2023-02-15 11:36:07,Sourdough,"Bacon, Hash Brown, Spanish Chorizo",,,,,10.5
9493,375,2,0.0,19.7,Eggs and Bacon,1,Kitchen,10.4,3,POACHED,10.4,2020-12-11 07:30:07,White,,,,,,0.0
29595,1414,2,0.0,19.7,Toasted Roll,1,Kitchen,10.5,2,BACON-EGG,8.5,2023-03-03 09:30:36,,"BBQ Sauce, Hash Brown",,,,,2.0
37870,1510,2,0.0,19.7,Muffin,1,Kitchen,4.5,4,APPLE-CINNAMON,4.5,2023-11-23 08:23:06,,,No,,,,0.0
33907,1523,2,0.0,19.7,Muffin,1,Kitchen,3.9,3,RASPBERRY-WHITECHOC,3.9,2023-07-21 12:26:12,,,No,,,,0.0
27421,341,2,0.0,32.5,Toastie,1,Kitchen,9.5,4,BACON-CHEESE,8.0,2022-12-04 13:56:57,White,Avocado,,,,,1.5
27421,341,2,0.0,32.5,Toasted Roll,1,Kitchen,11.0,3,BACON-EGG-CHEESE,9.0,2022-12-04 13:56:57,,"BBQ Sauce, Hash Brown, Salt and Pepper",,,,,2.0
19681,88,2,0.0,32.5,Toasted Roll,1,Kitchen,10.0,3,BACON-EGG-CHEESE,8.0,2022-02-24 12:48:18,,"BBQ Sauce, Hash Brown, Salt and Pepper",,,,,2.0
19681,88,2,0.0,32.5,Toasted Roll,1,Kitchen,9.5,4,BACON-EGG-CHEESE,8.0,2022-02-24 12:48:18,,"Tomato Sauce, Avocado",,,,,1.5
15997,675,2,0.0,32.5,Toasted Roll,1,Kitchen,10.0,3,BACON-EGG-CHEESE,8.0,2021-09-25 10:15:00,,"Tomato Sauce, Hash Brown",,,,,2.0
38181,1481,2,0.0,32.5,Toastie,1,Kitchen,10.5,3,HAM-CHEESE-TOMATO,10.5,2023-12-03 08:09:03,Multigrain,"BBQ Sauce, Salt and Pepper",,,,,0.0
38181,1481,2,0.0,32.5,Toastie,1,Kitchen,10.5,4,BACON-EGG-CHEESE,10.5,2023-12-03 08:09:03,Multigrain,Salt and Pepper,,,,,0.0
38171,756,2,0.0,32.5,Muffin,1,Kitchen,4.5,5,APPLE-CINNAMON,4.5,2023-12-02 11:15:04,,,No,,,,0.0
20912,197,2,0.0,45.3,Build Your Own Breakfast,1,Kitchen,20.0,2,POACHED,8.0,2022-04-11 09:45:00,Sourdough,"Bacon, Hollandaise, Smashed Avo and Feta",,,,,12.0
33527,1537,2,0.0,14.6,Toasted Roll,1,Kitchen,9.5,2,BACON-EGG-CHEESE,9.5,2023-07-09 12:31:37,,Tomato Sauce,,,,,0.0
12331,10,2,0.0,14.6,Eggs and Bacon,1,Kitchen,10.9,2,SCRAMBLED,10.9,2021-05-07 08:29:43,White,,,,,,0.0
28337,1290,2,0.0,14.6,Toastie,1,Kitchen,9.5,2,HAM-CHEESE-TOMATO,9.5,2023-01-17 08:39:31,Multigrain,Tomato Sauce,,,,,0.0
21764,575,2,0.0,14.6,Toasted Roll,1,Kitchen,9.0,2,BACON-EGG,7.0,2022-05-14 11:14:35,,"Hash Brown, Salt and Pepper",,,,,2.0
33905,1127,2,0.0,14.6,Toasted Roll,1,Kitchen,9.5,2,BACON-EGG-CHEESE,9.5,2023-07-21 11:30:55,,BBQ Sauce,,,,,0.0
22738,105,2,0.0,14.6,Toasted Roll,1,Kitchen,9.5,2,BACON-EGG-CHEESE,8.0,2022-06-19 11:37:57,,Avocado,,,,,1.5
31597,642,2,0.0,14.6,Toastie,1,Kitchen,9.5,2,HAM-CHEESE-TOMATO,9.5,2023-05-08 09:30:00,Multigrain,Tomato Sauce,,,,,0.0
28935,642,2,0.0,14.6,Toastie,1,Kitchen,9.5,2,HAM-CHEESE-TOMATO,9.5,2023-02-09 09:30:00,Multigrain,Tomato Sauce,,,,,0.0
28934,642,9,0.0,14.6,Toastie,1,Kitchen,9.5,2,HAM-CHEESE-TOMATO,9.5,2023-02-09 09:30:00,Multigrain,Tomato Sauce,,,,,0.0
16405,916,2,0.0,14.6,Toastie,1,Kitchen,7.0,2,CHEESE-TOMATO,7.0,2021-10-08 11:02:34,White,Salt and Pepper,,,,,0.0
16109,916,0,0.0,14.6,Toastie,1,Kitchen,7.0,2,CHEESE-TOMATO,7.0,2021-09-29 07:04:52,White,Salt and Pepper,,,,,0.0
15954,916,2,0.0,14.6,Toastie,1,Kitchen,7.0,2,CHEESE-TOMATO,7.0,2021-09-24 09:05:49,White,Tomato Sauce,,,,,0.0
15892,916,2,0.0,14.6,Toastie,1,Kitchen,7.0,2,CHEESE-TOMATO,7.0,2021-09-22 06:56:43,White,Tomato Sauce,,,,,0.0
16139,938,0,0.0,14.6,Toastie,1,Kitchen,7.0,2,CHEESE-TOMATO,7.0,2021-09-30 06:13:56,White,Salt and Pepper,,,,,0.0
33450,1203,2,0.0,14.6,Toastie,1,Kitchen,9.5,2,BACON-EGG-CHEESE,9.5,2023-07-07 09:21:59,White,Tomato Sauce,,,,,0.0
31787,189,2,0.0,14.6,Toastie,1,Kitchen,9.5,2,BACON-EGG-CHEESE,9.5,2023-05-14 08:14:05,White,Tomato Sauce,,,,,0.0
23342,725,2,0.0,14.6,Toasted Roll,1,Kitchen,7.0,2,BACON-EGG,7.0,2022-07-14 09:18:14,,Tomato Sauce,,,,,0.0
7118,231,2,0.0,14.6,Toastie,1,Kitchen,6.0,3,CHEESE,6.0,2020-09-12 07:18:08,White,Tomato Sauce,,,,,0.0
6271,231,2,0.0,14.6,Toastie,1,Kitchen,6.0,3,CHEESE,6.0,2020-08-09 07:10:18,Multigrain,Tomato Sauce,,,,,0.0
39129,744,2,0.0,14.6,Muffin,1,Kitchen,4.5,3,ORANGE-POPPYSEED,4.5,2024-01-15 10:44:46,,,No,,,,0.0
14999,551,2,0.0,27.4,(Main) Pasta,1,Kitchen,12.9,1,SPAGNAPOLI,12.9,2021-08-22 12:33:59,,,,,Gnocchi,,0.0
11435,551,2,0.0,27.4,Croissant,1,Kitchen,9.0,1,HAM-CHEESE-TOMATO,9.0,2021-03-27 10:29:13,,Salt and Pepper,,,,,0.0
11167,44,2,0.0,27.4,Toasted Roll,1,Kitchen,7.0,4,BACON-EGG,7.0,2021-03-14 09:49:13,,Tomato Sauce,,,,,0.0
21877,1134,2,0.0,27.4,Toastie,1,Kitchen,7.0,4,HAM-CHEESE,7.0,2022-05-19 09:15:00,White,Tomato Sauce,,,,,0.0
13430,409,2,0.0,27.4,Toasted Roll,1,Kitchen,10.0,3,BACON-EGG-CHEESE,8.0,2021-06-19 07:22:46,,Hash Brown,,,,,2.0
13430,409,2,0.0,27.4,Toasted Roll,1,Kitchen,10.0,4,BACON-EGG-CHEESE,8.0,2021-06-19 07:22:46,,Hash Brown,,,,,2.0
22131,666,2,0.0,27.4,Toasted Roll,1,Kitchen,7.0,3,BACON-EGG,7.0,2022-05-28 07:37:42,,Tomato Sauce,,,,,0.0
12361,675,2,0.0,27.4,Croissant,1,Kitchen,9.0,2,HAM-CHEESE-TOMATO,9.0,2021-05-08 11:32:46,,Salt and Pepper,,,,,0.0
11453,479,2,0.0,27.4,Toasted Roll,1,Kitchen,8.0,3,BACON-EGG-CHEESE,8.0,2021-03-28 11:03:32,,Tomato Sauce,,,,,0.0
11453,479,2,0.0,27.4,Build Your Own Breakfast,1,Kitchen,12.9,1,FRIED,7.9,2021-03-28 11:03:32,White,"Bacon, Hash Brown",,,,,5.0
10734,479,2,0.0,27.4,Build Your Own Breakfast,1,Kitchen,12.9,1,FRIED,7.9,2021-02-19 10:53:44,White,"Bacon, Hash Brown",,,,,5.0
10645,351,0,0.0,40.2,Build Your Own Breakfast,1,Kitchen,18.9,1,SCRAMBLED,7.9,2021-02-15 11:28:43,White,"Bacon, Grilled Tomato, Sauteed Mushrooms, Baby Spinach",,,,,10.999999999999998
27932,197,2,0.0,40.2,Croissant,1,Kitchen,9.0,1,HAM-CHEESE-TOMATO,9.0,2022-12-20 11:04:45,,Salt and Pepper,,,,,0.0
22483,810,2,0.0,9.5,Toastie,1,Kitchen,9.5,1,CHICKEN-SCHNITZEL-CHEESE-LETTUCE,8.5,2022-06-09 14:25:15,Sourdough,Salt and Pepper,,,,,1.0
33845,1325,2,0.0,9.5,Toasted Roll,1,Kitchen,9.5,1,BACON-EGG-CHEESE,9.5,2023-07-19 13:09:08,,BBQ Sauce,,,,,0.0
3476,54,10,0.0,9.5,Toastie,1,Kitchen,6.0,2,EGG,6.0,2019-08-14 14:25:42,Multigrain,Tomato Sauce,,,,,0.0
32037,1127,2,0.0,9.5,Toasted Roll,1,Kitchen,9.5,1,BACON-EGG-CHEESE,9.5,2023-05-22 10:10:04,,"BBQ Sauce, Salt and Pepper",,,,,0.0
31932,1127,2,0.0,9.5,Toasted Roll,1,Kitchen,9.5,1,BACON-EGG-CHEESE,9.5,2023-05-18 10:28:58,,"BBQ Sauce, Salt and Pepper",,,,,0.0
31872,1127,2,0.0,9.5,Toasted Roll,1,Kitchen,9.5,1,BACON-EGG-CHEESE,9.5,2023-05-16 10:20:06,,BBQ Sauce,,,,,0.0
31717,1127,2,0.0,9.5,Toasted Roll,1,Kitchen,9.5,1,BACON-EGG-CHEESE,9.5,2023-05-11 11:10:06,,"BBQ Sauce, Salt and Pepper",,,,,0.0
28427,1127,2,0.0,9.5,Toasted Roll,1,Kitchen,9.5,1,BACON-EGG-CHEESE,9.5,2023-01-20 10:47:27,,"BBQ Sauce, Salt and Pepper",,,,,0.0
28344,1127,2,0.0,9.5,Toasted Roll,1,Kitchen,9.5,1,BACON-EGG-CHEESE,9.5,2023-01-17 10:26:36,,"BBQ Sauce, Salt and Pepper",,,,,0.0
18786,917,2,0.0,9.5,Toastie,1,Kitchen,9.5,1,HAM-CHEESE-TOMATO,8.0,2022-01-21 06:11:12,White,"Avocado, Salt and Pepper",,,,,1.5
31124,189,2,0.0,9.5,Toastie,1,Kitchen,9.5,1,BACON-EGG-CHEESE,9.5,2023-04-23 13:16:20,White,Tomato Sauce,,,,,0.0
28615,446,2,0.0,9.5,Muffin,1,Kitchen,3.9,2,RASPBERRY-WHITECHOC,3.9,2023-01-28 11:46:46,,,Yes,,,,0.0
30205,251,2,0.0,9.5,Muffin,1,Kitchen,3.9,2,APPLE-CINNAMON,3.9,2023-03-23 08:39:59,,,No,,,,0.0
28609,9,2,0.0,22.3,Toastie,1,Kitchen,9.5,3,HAM-CHEESE-TOMATO,9.5,2023-01-28 09:50:13,White,Tomato Sauce,,,,,0.0
28304,9,2,0.0,22.3,Toastie,1,Kitchen,9.5,3,HAM-CHEESE-TOMATO,9.5,2023-01-15 12:27:52,White,Tomato Sauce,,,,,0.0
28160,9,2,0.0,22.3,Toastie,1,Kitchen,9.5,3,HAM-CHEESE-TOMATO,9.5,2023-01-10 09:53:29,White,Tomato Sauce,,,,,0.0
15766,13,2,0.0,22.3,Toasted Roll,1,Kitchen,8.0,4,BACON-EGG-CHEESE,8.0,2021-09-18 07:45:07,,"Tomato Sauce, Salt and Pepper",,,,,0.0
31801,276,2,0.0,22.3,Toasted Roll,1,Kitchen,9.5,4,BACON-EGG-CHEESE,9.5,2023-05-14 09:23:39,,BBQ Sauce,,,,,0.0
9523,276,2,0.0,22.3,Toasted Roll,1,Kitchen,8.0,4,BACON-EGG-CHEESE,8.0,2020-12-12 08:27:41,,BBQ Sauce,,,,,0.0
5588,322,2,0.0,22.3,Pork Benny,1,Kitchen,18.0,2,REGULAR,16.0,2020-07-05 11:09:50,,,,Hashbrown,,,2.0
6241,92,2,0.0,22.3,Toasted Roll,1,Kitchen,8.0,2,BACON-EGG-CHEESE,8.0,2020-08-07 09:06:22,,Tomato Sauce,,,,,0.0
6241,92,2,0.0,22.3,Toasted Roll,1,Kitchen,10.0,3,BACON-EGG-CHEESE,8.0,2020-08-07 09:06:22,,"BBQ Sauce, Hash Brown",,,,,2.0
21170,973,2,0.0,22.3,Toastie,1,Kitchen,6.0,3,CHEESE,6.0,2022-04-23 09:28:03,Multigrain,Tomato Sauce,,,,,0.0
21170,973,2,0.0,22.3,Toastie,1,Kitchen,7.0,4,CHEESE,6.0,2022-04-23 09:28:03,Sourdough,Tomato Sauce,,,,,1.0
35669,744,2,0.0,22.3,Muffin,1,Kitchen,4.5,3,ORANGE-POPPYSEED,4.5,2023-09-14 09:15:00,,,No,,,,0.0
14497,489,2,0.0,22.3,Toasted Roll,1,Kitchen,10.0,3,BACON-EGG-CHEESE,8.0,2021-08-03 13:24:00,,Hash Brown,,,,,2.0
40543,234,2,0.0,22.3,Muffin,1,Kitchen,4.5,5,CHOC-MUD,4.5,2024-03-03 10:23:34,,,Yes,,,,0.0
40512,234,2,0.0,22.3,Muffin,1,Kitchen,4.5,5,RASPBERRY-WHITECHOC,4.5,2024-03-02 10:23:04,,,Yes,,,,0.0
24618,1259,2,0.0,22.3,Muffin,1,Kitchen,3.9,5,CHOC-MUD,3.9,2022-08-28 10:11:10,,,Yes,,,,0.0
9327,248,2,0.0,22.3,Toastie,1,Kitchen,7.0,4,EGG-CHEESE,7.0,2020-12-04 09:12:56,White,Tomato Sauce,,,,,0.0
38405,810,2,0.0,35.1,Toastie,1,Kitchen,11.5,3,BACON-EGG-CHEESE,10.5,2023-12-10 09:49:05,Sourdough,Salt and Pepper,,,,,1.0
38405,810,2,0.0,35.1,Toastie,1,Kitchen,11.5,4,HAM-CHEESE-TOMATO,10.5,2023-12-10 09:49:05,Sourdough,Salt and Pepper,,,,,1.0
26188,575,2,0.0,35.1,Toasted Roll,1,Kitchen,10.0,3,BACON-EGG,8.0,2022-10-23 11:12:31,,"Hash Brown, Salt and Pepper",,,,,2.0
26188,575,2,0.0,35.1,Toasted Roll,1,Kitchen,10.0,4,BACON-EGG,8.0,2022-10-23 11:12:31,,"Hash Brown, Salt and Pepper",,,,,2.0
28476,1381,2,0.0,35.1,Muffin,1,Kitchen,3.9,7,APPLE-CINNAMON,3.9,2023-01-22 10:00:00,,,No,,,,0.0
28476,1381,2,0.0,35.1,Muffin,1,Kitchen,3.9,8,BLUEBERRY,3.9,2023-01-22 10:00:00,,,No,,,,0.0
17041,975,2,0.0,35.1,Toasted Roll,1,Kitchen,8.0,4,BACON-EGG-CHEESE,8.0,2021-10-30 09:40:19,,BBQ Sauce,,,,,0.0
17041,975,2,0.0,35.1,Toasted Roll,1,Kitchen,8.0,5,BACON-EGG-CHEESE,8.0,2021-10-30 09:40:19,,BBQ Sauce,,,,,0.0
17041,975,2,0.0,35.1,Toasted Roll,1,Kitchen,8.0,6,BACON-EGG-CHEESE,8.0,2021-10-30 09:40:19,,BBQ Sauce,,,,,0.0
16823,975,2,0.0,35.1,Toasted Roll,1,Kitchen,8.0,4,BACON-EGG-CHEESE,8.0,2021-10-23 10:09:12,,"BBQ Sauce, Salt and Pepper",,,,,0.0
16823,975,2,0.0,35.1,Toasted Roll,1,Kitchen,8.0,5,BACON-EGG-CHEESE,8.0,2021-10-23 10:09:12,,"BBQ Sauce, Salt and Pepper",,,,,0.0
16823,975,2,0.0,35.1,Toasted Roll,1,Kitchen,8.0,6,BACON-EGG-CHEESE,8.0,2021-10-23 10:09:12,,"BBQ Sauce, Salt and Pepper",,,,,0.0
26272,69,2,0.0,17.2,Toasted Roll,1,Kitchen,11.5,2,BACON-EGG,8.0,2022-10-27 06:43:37,,"Tomato Sauce, Avocado, Hash Brown",,,,,3.5
25483,69,2,0.0,17.2,Toasted Roll,1,Kitchen,11.5,2,BACON-EGG,8.0,2022-09-27 10:32:54,,"Tomato Sauce, Avocado, Hash Brown",,,,,3.5
19953,1099,2,0.0,17.2,Big Breakfast,1,Kitchen,17.2,1,SCRAMBLED,17.2,2022-03-05 10:50:23,White,Hollandaise,,,,,0.0
22556,1148,2,0.0,17.2,French Toast with Streaky Bacon,1,Kitchen,12.8,1,REGULAR,10.8,2022-06-12 12:45:46,,,,Hashbrown,,,2.0
26498,1150,2,0.0,17.2,Toasted Roll,1,Kitchen,8.0,3,BACON-EGG,8.0,2022-11-04 09:14:09,,Tomato Sauce,,,,,0.0
24096,1150,2,0.0,17.2,Toasted Roll,1,Kitchen,8.0,3,BACON-EGG,8.0,2022-08-08 10:34:36,,Tomato Sauce,,,,,0.0
24202,1156,2,0.0,17.2,Toastie,1,Kitchen,9.0,3,HAM-CHEESE-TOMATO,9.0,2022-08-13 09:15:01,White,Tomato Sauce,,,,,0.0
19496,391,2,0.0,17.2,Toastie,1,Kitchen,7.0,2,CHEESE-TOMATO,7.0,2022-02-17 15:41:55,Multigrain,Salt and Pepper,,,,,0.0
19496,391,2,0.0,17.2,Toastie,1,Kitchen,7.0,3,CHEESE-TOMATO,7.0,2022-02-17 15:41:55,Multigrain,Salt and Pepper,,,,,0.0
13811,141,2,0.0,17.2,Toastie,1,Kitchen,7.0,3,BACON-EGG,7.0,2021-07-06 06:36:39,Multigrain,BBQ Sauce,,,,,0.0
13947,684,2,0.0,17.2,(Main) Pasta,1,Kitchen,12.9,1,SPAGNAPOLI,12.9,2021-07-11 14:06:14,,,,,Spaghetti,,0.0
13946,684,0,0.0,17.2,(Main) Pasta,1,Kitchen,12.9,1,SPAGNAPOLI,12.9,2021-07-11 14:02:10,,,,,Spaghetti,,0.0
22725,973,2,0.0,17.2,Muffin,1,Kitchen,3.9,4,APPLE-CINNAMON,3.9,2022-06-19 09:00:30,,,No,,,,0.0
33771,1255,2,0.0,17.2,Build Your Own Breakfast,1,Kitchen,17.2,1,SCRAMBLED,9.2,2023-07-17 13:54:46,White,"Extra Egg, Bacon, Avocado",,,,,8.0
33132,1255,2,0.0,17.2,Build Your Own Breakfast,1,Kitchen,17.2,1,SCRAMBLED,9.2,2023-06-26 13:47:27,White,"Extra Egg, Bacon, Avocado",,,,,8.0
32044,1255,2,0.0,17.2,Build Your Own Breakfast,1,Kitchen,17.2,1,SCRAMBLED,9.2,2023-05-22 14:12:21,White,"Extra Egg, Bacon, Avocado",,,,,8.0
31877,1255,2,0.0,17.2,Build Your Own Breakfast,1,Kitchen,17.2,1,SCRAMBLED,9.2,2023-05-16 14:01:32,White,"Extra Egg, Bacon, Avocado",,,,,8.0
27594,234,2,0.0,17.2,Toasted Roll,1,Kitchen,11.0,2,BACON-EGG-CHEESE,9.0,2022-12-10 09:50:24,,"Tomato Sauce, Hash Brown, Salt and Pepper",,,,,2.0
27562,234,2,0.0,17.2,Toasted Roll,1,Kitchen,11.0,2,BACON-EGG-CHEESE,9.0,2022-12-09 08:39:22,,"Tomato Sauce, Hash Brown, Salt and Pepper",,,,,2.0
26960,234,2,0.0,17.2,Toasted Roll,1,Kitchen,11.0,2,BACON-EGG-CHEESE,9.0,2022-11-19 10:36:28,,"Tomato Sauce, Hash Brown, Salt and Pepper",,,,,2.0
26927,234,2,0.0,17.2,Toasted Roll,1,Kitchen,11.0,2,BACON-EGG-CHEESE,9.0,2022-11-18 08:38:42,,"Tomato Sauce, Hash Brown, Salt and Pepper",,,,,2.0
26709,234,2,0.0,17.2,Toasted Roll,1,Kitchen,11.0,2,BACON-EGG-CHEESE,9.0,2022-11-11 08:53:10,,"Tomato Sauce, Hash Brown, Salt and Pepper",,,,,2.0
26492,234,2,0.0,17.2,Toasted Roll,1,Kitchen,11.0,2,BACON-EGG-CHEESE,9.0,2022-11-04 08:39:13,,"Tomato Sauce, Hash Brown, Salt and Pepper",,,,,2.0
26242,234,2,0.0,17.2,Toasted Roll,1,Kitchen,11.0,2,BACON-EGG-CHEESE,9.0,2022-10-26 06:08:34,,"Tomato Sauce, Hash Brown",,,,,2.0
26035,234,2,0.0,17.2,Toasted Roll,1,Kitchen,11.0,2,BACON-EGG-CHEESE,9.0,2022-10-18 07:14:19,,"Tomato Sauce, Hash Brown, Salt and Pepper",,,,,2.0
25687,234,2,0.0,17.2,Toasted Roll,1,Kitchen,11.0,2,BACON-EGG-CHEESE,9.0,2022-10-05 08:48:22,,"Tomato Sauce, Hash Brown, Salt and Pepper",,,,,2.0
24777,234,2,0.0,17.2,Toasted Roll,1,Kitchen,11.0,2,BACON-EGG-CHEESE,9.0,2022-09-03 07:02:48,,"Tomato Sauce, Hash Brown, Salt and Pepper",,,,,2.0
24566,234,2,0.0,17.2,Toasted Roll,1,Kitchen,11.0,2,BACON-EGG-CHEESE,9.0,2022-08-27 07:02:25,,"Tomato Sauce, Hash Brown",,,,,2.0
9661,13,2,0.0,30.0,Toasted Roll,1,Kitchen,8.0,3,HAM-CHEESE-TOMATO,8.0,2020-12-19 08:23:38,,Salt and Pepper,,,,,0.0
9661,13,2,0.0,30.0,Toastie,1,Kitchen,8.0,4,BACON-EGG-CHEESE,8.0,2020-12-19 08:23:38,White,"Tomato Sauce, Salt and Pepper",,,,,0.0
5960,20,2,0.0,30.0,Toasted Roll,1,Kitchen,8.5,5,BACON-EGG,7.0,2020-07-25 08:36:05,,"Avocado, Salt and Pepper",,,,,1.5
5960,20,2,0.0,30.0,Toasted Roll,1,Kitchen,7.0,6,BACON-EGG,7.0,2020-07-25 08:36:05,,Salt and Pepper,,,,,0.0
7063,293,2,0.0,30.0,(Main) Pasta,1,Kitchen,15.5,1,EFUNGHI,15.5,2020-09-09 12:15:00,,,,,Fettuccini,,0.0
6098,306,0,0.0,30.0,Eggs Benedict,1,Kitchen,16.0,1,BACON,14.0,2020-07-31 11:32:09,,,,Hashbrown,,,2.0
3975,91,10,0.0,30.0,Toasted Roll,1,Kitchen,8.0,3,BACON-EGG-CHEESE,8.0,2019-12-12 09:22:49,,"BBQ Sauce, Salt and Pepper",,,,,0.0
3975,91,10,0.0,30.0,Toasted Roll,1,Kitchen,8.0,4,BACON-EGG-CHEESE,8.0,2019-12-12 09:22:49,,"BBQ Sauce, Salt and Pepper",,,,,0.0
3959,91,10,0.0,30.0,Toasted Roll,1,Kitchen,8.0,3,BACON-EGG-CHEESE,8.0,2019-12-10 09:30:00,,"BBQ Sauce, Salt and Pepper",,,,,0.0
3959,91,10,0.0,30.0,Toasted Roll,1,Kitchen,8.0,4,BACON-EGG-CHEESE,8.0,2019-12-10 09:30:00,,"BBQ Sauce, Salt and Pepper",,,,,0.0
3892,91,2,0.0,30.0,Toasted Roll,1,Kitchen,8.0,3,BACON-EGG-CHEESE,8.0,2019-11-25 10:15:00,,"BBQ Sauce, Salt and Pepper",,,,,0.0
3892,91,2,0.0,30.0,Toasted Roll,1,Kitchen,8.0,4,BACON-EGG-CHEESE,8.0,2019-11-25 10:15:00,,"BBQ Sauce, Salt and Pepper",,,,,0.0
12950,92,2,0.0,30.0,Toasted Roll,1,Kitchen,10.0,3,BACON-EGG-CHEESE,8.0,2021-06-01 09:43:46,,"BBQ Sauce, Hash Brown, Salt and Pepper",,,,,2.0
12950,92,2,0.0,30.0,Toasted Roll,1,Kitchen,9.5,4,BACON-EGG-CHEESE,8.0,2021-06-01 09:43:46,,"Tomato Sauce, Avocado",,,,,1.5
16638,889,2,0.0,30.0,Toastie,1,Kitchen,8.0,5,BACON-CHEESE,7.0,2021-10-16 12:00:00,Sourdough,Salt and Pepper,,,,,1.0
16638,889,2,0.0,30.0,Toasted Roll,1,Kitchen,7.0,4,BACON-EGG,7.0,2021-10-16 12:00:00,,Salt and Pepper,,,,,0.0
17047,674,2,0.0,30.0,Toasted Roll,1,Kitchen,10.0,3,BACON-EGG-CHEESE,8.0,2021-10-30 10:35:42,,"BBQ Sauce, Hash Brown",,,,,2.0
17047,674,2,0.0,30.0,Toasted Roll,1,Kitchen,10.0,4,BACON-EGG-CHEESE,8.0,2021-10-30 10:35:42,,"BBQ Sauce, Hash Brown",,,,,2.0
27866,675,2,0.0,30.0,Toasted Roll,1,Kitchen,11.0,4,BACON-EGG-CHEESE,9.0,2022-12-18 12:56:09,,"Tomato Sauce, Hash Brown",,,,,2.0
27866,675,2,0.0,30.0,Muffin,1,Kitchen,3.9,3,RASPBERRY-WHITECHOC,3.9,2022-12-18 12:56:09,,,No,,,,0.0
16512,173,2,0.0,30.0,Toastie,1,Kitchen,7.0,5,HAM-CHEESE,7.0,2021-10-12 09:41:05,White,Tomato Sauce,,,,,0.0
30958,1459,2,0.0,30.0,(Main) Pasta,2,Kitchen,30.0,1,SPAGBOLG,15.0,2023-04-18 11:25:33,,,,,Spaghetti,,0.0
25355,446,2,2.96,32.56,Muffin,1,Kitchen,3.9,4,RASPBERRY-WHITECHOC,3.9,2022-09-22 09:42:47,,,Yes,,,,0.0
25355,446,2,2.96,32.56,Muffin,1,Kitchen,3.9,5,CHOC-MUD,3.9,2022-09-22 09:42:47,,,No,,,,0.0
25355,446,2,2.96,32.56,Muffin,1,Kitchen,3.9,6,APPLE-CINNAMON,3.9,2022-09-22 09:42:47,,,Yes,,,,0.0
25355,446,2,2.96,32.56,Muffin,1,Kitchen,3.9,7,BLUEBERRY,3.9,2022-09-22 09:42:47,,,No,,,,0.0
5395,112,2,0.0,42.8,Toastie,1,Kitchen,10.4,5,CHICKEN-SCHNITZEL-CHEESE-LETTUCE,8.4,2020-06-21 13:05:32,White,Hash Brown,,,,,2.0
5395,112,2,0.0,42.8,Toastie,1,Kitchen,8.4,6,CHICKEN-SCHNITZEL-CHEESE-LETTUCE,8.4,2020-06-21 13:05:32,White,Tomato Sauce,,,,,0.0
10221,540,0,0.0,55.6,Toastie,1,Kitchen,7.0,7,BACON-EGG,7.0,2021-01-26 09:40:29,White,Tomato Sauce,,,,,0.0
10221,540,0,0.0,55.6,Eggs Benedict,1,Kitchen,16.5,1,BACON,14.5,2021-01-26 09:40:29,,,,Hashbrown,,,2.0
10221,540,0,0.0,55.6,Toastie,1,Kitchen,8.0,8,BACON-EGG-CHEESE,8.0,2021-01-26 09:40:29,White,Tomato Sauce,,,,,0.0
11007,175,2,0.0,81.2,Toastie,1,Kitchen,7.0,11,BACON-EGG,7.0,2021-03-07 10:09:21,White,Tomato Sauce,,,,,0.0
11007,175,2,0.0,81.2,Toastie,1,Kitchen,7.0,12,BACON-EGG,7.0,2021-03-07 10:09:21,White,Tomato Sauce,,,,,0.0
11007,175,2,0.0,81.2,Big Breakfast,1,Kitchen,21.7,1,POACHED,16.7,2021-03-07 10:09:21,White,"Bacon, Hash Brown",,,,,5.0
11007,175,2,0.0,81.2,Build Your Own Breakfast,1,Kitchen,13.9,2,FRIED,7.9,2021-03-07 10:09:21,Sourdough,"Hollandaise, Hash Brown",,,,,6.0
24056,1242,2,0.0,94.0,Toastie,1,Kitchen,8.0,10,HAM-CHEESE,8.0,2022-08-07 10:15:00,White,Tomato Sauce,,,,,0.0
24056,1242,2,0.0,94.0,Toasted Roll,1,Kitchen,11.0,6,BACON-EGG-CHEESE,9.0,2022-08-07 10:15:00,,"BBQ Sauce, Hash Brown",,,,,2.0
24056,1242,2,0.0,94.0,Toasted Roll,1,Kitchen,11.0,7,BACON-EGG-CHEESE,9.0,2022-08-07 10:15:00,,"BBQ Sauce, Hash Brown",,,,,2.0
24056,1242,2,0.0,94.0,Toasted Roll,1,Kitchen,11.0,8,BACON-EGG-CHEESE,9.0,2022-08-07 10:15:00,,Hash Brown,,,,,2.0
24056,1242,2,0.0,94.0,Toasted Roll,1,Kitchen,11.0,9,BACON-EGG-CHEESE,9.0,2022-08-07 10:15:00,,"BBQ Sauce, Hash Brown",,,,,2.0
24056,1242,2,0.0,94.0,Toastie,1,Kitchen,8.0,11,HAM-CHEESE,8.0,2022-08-07 10:15:00,White,Tomato Sauce,,,,,0.0
18685,782,1,0.0,12.1,Toastie,1,Kitchen,7.0,2,BACON-EGG,7.0,2022-01-15 10:26:50,Multigrain,BBQ Sauce,,,,,0.0
4036,38,2,0.0,12.1,Toastie,1,Kitchen,8.0,2,HAM-CHEESE-TOMATO,8.0,2020-01-08 08:49:20,Multigrain,Tomato Sauce,,,,,0.0
31634,42,2,0.0,12.1,Muffin,1,Kitchen,3.9,3,BLUEBERRY,3.9,2023-05-09 08:35:11,,,Yes,,,,0.0
4509,48,0,0.0,12.1,Toastie,1,Kitchen,8.0,2,HAM-CHEESE-TOMATO,8.0,2020-03-27 12:54:30,Multigrain,Salt and Pepper,,,,,0.0
27364,1345,2,0.0,12.1,Toastie,1,Kitchen,8.0,2,BACON-CHEESE,8.0,2022-12-02 09:57:39,White,Tomato Sauce,,,,,0.0
19721,330,2,0.0,12.1,Toastie,1,Kitchen,8.0,2,BACON-EGG-CHEESE,8.0,2022-02-26 08:00:01,Multigrain,Tomato Sauce,,,,,0.0
8274,395,2,0.0,12.1,Toasted Roll,1,Kitchen,8.5,2,BACON-EGG,7.0,2020-10-23 08:15:00,,"BBQ Sauce, Avocado, Salt and Pepper",,,,,1.5
23749,141,2,0.0,12.1,Toastie,1,Kitchen,7.0,2,BACON-EGG,7.0,2022-07-29 06:10:49,Multigrain,BBQ Sauce,,,,,0.0
23717,141,2,0.0,12.1,Toastie,1,Kitchen,7.0,2,BACON-EGG,7.0,2022-07-28 05:49:23,Multigrain,BBQ Sauce,,,,,0.0
23301,141,2,0.0,12.1,Toastie,1,Kitchen,7.0,2,BACON-EGG,7.0,2022-07-12 06:00:46,Multigrain,BBQ Sauce,,,,,0.0
22162,141,2,0.0,12.1,Toastie,1,Kitchen,7.0,2,BACON-EGG,7.0,2022-05-29 08:40:21,Multigrain,BBQ Sauce,,,,,0.0
21833,141,2,0.0,12.1,Toastie,1,Kitchen,7.0,2,BACON-EGG,7.0,2022-05-18 06:01:48,Multigrain,BBQ Sauce,,,,,0.0
25369,145,2,1.1,12.1,Toasted Roll,1,Kitchen,11.0,1,BACON-EGG-CHEESE,9.0,2022-09-23 07:41:46,,"BBQ Sauce, Hash Brown",,,,,2.0
4427,175,10,0.0,12.1,Toastie,1,Kitchen,7.0,3,BACON-EGG,7.0,2020-03-24 10:14:53,White,Tomato Sauce,,,,,0.0
37226,1567,2,0.0,24.9,Toastie,1,Kitchen,12.5,3,BACON-EGG-CHEESE,10.5,2023-11-01 10:45:00,White,"Hash Brown, Salt and Pepper",,,,,2.0
10062,44,2,0.0,24.9,Toasted Roll,1,Kitchen,10.0,2,BACON-EGG-CHEESE,8.0,2021-01-17 09:08:57,,"BBQ Sauce, Hash Brown",,,,,2.0
3881,55,2,0.0,24.9,Toastie,1,Kitchen,8.0,3,BACON-EGG-CHEESE,8.0,2019-11-24 10:00:00,White,"Tomato Sauce, Salt and Pepper",,,,,0.0
3881,55,2,0.0,24.9,Toastie,1,Kitchen,8.0,4,BACON-EGG-CHEESE,8.0,2019-11-24 10:00:00,White,"Tomato Sauce, Salt and Pepper",,,,,0.0
12209,92,2,0.0,24.9,Toasted Roll,1,Kitchen,9.5,3,BACON-EGG-CHEESE,8.0,2021-05-02 11:34:55,,"Tomato Sauce, Avocado",,,,,1.5
6482,391,2,0.0,24.9,Toastie,1,Kitchen,7.0,4,CHEESE-TOMATO,7.0,2020-08-17 14:19:41,White,Tomato Sauce,,,,,0.0
6482,391,2,0.0,24.9,Toastie,1,Kitchen,7.0,5,CHEESE-TOMATO,7.0,2020-08-17 14:19:41,White,Tomato Sauce,,,,,0.0
30050,421,2,0.0,24.9,Toasted Roll,1,Kitchen,10.5,2,BACON-EGG,8.5,2023-03-18 08:02:34,,"BBQ Sauce, Hash Brown",,,,,2.0
30050,421,2,0.0,24.9,Muffin,1,Kitchen,3.9,1,APPLE-CINNAMON,3.9,2023-03-18 08:02:34,,,No,,,,0.0
30050,421,2,0.0,24.9,Toasted Roll,1,Kitchen,10.5,3,BACON-EGG,8.5,2023-03-18 08:02:34,,"Tomato Sauce, Hash Brown",,,,,2.0
26696,172,2,0.0,24.9,Toasted Roll,1,Kitchen,8.0,4,BACON-EGG,8.0,2022-11-11 07:46:55,,Tomato Sauce,,,,,0.0
16183,941,2,0.0,24.9,Toastie,1,Kitchen,8.0,4,CHEESE-TOMATO,7.0,2021-10-01 08:53:01,Sourdough,Tomato Sauce,,,,,1.0
16631,967,2,0.0,24.9,Toasted Roll,1,Kitchen,10.0,4,BACON-EGG-CHEESE,8.0,2021-10-16 10:50:11,,"Tomato Sauce, Hash Brown, Salt and Pepper",,,,,2.0
16673,970,2,0.0,24.9,Build Your Own Breakfast,1,Kitchen,18.9,1,POACHED,7.9,2021-10-17 12:23:43,Sourdough,"Grilled Tomato, Hollandaise, Hash Brown, Avocado",,,,,10.999999999999998
12883,92,2,0.0,37.7,Toasted Roll,1,Kitchen,9.5,5,BACON-EGG-CHEESE,8.0,2021-05-30 09:00:12,,"Tomato Sauce, Avocado",,,,,1.5
12883,92,2,0.0,37.7,Toasted Roll,1,Kitchen,10.0,6,BACON-EGG-CHEESE,8.0,2021-05-30 09:00:12,,"BBQ Sauce, Hash Brown, Salt and Pepper",,,,,2.0
20047,127,2,0.0,37.7,Toastie,1,Kitchen,7.0,5,HAM-CHEESE,7.0,2022-03-09 08:38:50,White,Tomato Sauce,,,,,0.0
20047,127,2,0.0,37.7,Toastie,1,Kitchen,7.0,6,BACON-EGG,7.0,2022-03-09 08:38:50,Multigrain,Tomato Sauce,,,,,0.0
16855,127,2,0.0,63.3,Toastie,1,Kitchen,7.0,7,HAM-CHEESE,7.0,2021-10-24 10:22:59,Multigrain,Tomato Sauce,,,,,0.0
16855,127,2,0.0,63.3,Toastie,1,Kitchen,7.0,8,HAM-CHEESE,7.0,2021-10-24 10:22:59,White,Tomato Sauce,,,,,0.0
16855,127,2,0.0,63.3,Build Your Own Breakfast,1,Kitchen,19.4,1,POACHED,7.9,2021-10-24 10:22:59,Sourdough,"Hollandaise, Baked Beans, Smoked Salmon",,,,,11.499999999999998
20644,1042,2,0.0,7.0,Toastie,1,Kitchen,7.0,1,HAM-CHEESE,7.0,2022-04-01 11:43:25,White,Tomato Sauce,,,,,0.0
20561,1042,2,0.0,7.0,Toastie,1,Kitchen,7.0,1,HAM-CHEESE,7.0,2022-03-29 12:32:24,White,Tomato Sauce,,,,,0.0
23040,275,2,0.0,7.0,Toastie,1,Kitchen,7.0,1,BACON-EGG,7.0,2022-07-02 07:25:36,Multigrain,Tomato Sauce,,,,,0.0
9154,275,2,0.0,7.0,Toasted Roll,1,Kitchen,7.0,1,BACON-EGG,7.0,2020-11-27 08:26:39,,Tomato Sauce,,,,,0.0
3538,54,10,0.0,7.0,Toastie,1,Kitchen,7.0,1,EGG-CHEESE,7.0,2019-09-02 11:17:26,Multigrain,Tomato Sauce,,,,,0.0
9090,570,2,0.0,7.0,Toastie,1,Kitchen,7.0,1,CHEESE-TOMATO,7.0,2020-11-24 10:30:00,White,Tomato Sauce,,,,,0.0
34497,1342,2,0.0,7.0,Plain Toast,1,Kitchen,7.0,1,SOURDOUGH,6.5,2023-08-09 07:15:14,,Peanut Butter,,,,,0.5
9582,589,1,0.0,7.0,Toastie,1,Kitchen,7.0,1,BACON-EGG,7.0,2020-12-15 08:15:00,Dark Rye,Tomato Sauce,,,,,0.0
23568,1103,2,0.0,7.0,Toastie,1,Kitchen,7.0,1,BACON-CHEESE,7.0,2022-07-22 10:48:19,White,BBQ Sauce,,,,,0.0
19281,107,2,0.0,7.0,Toastie,1,Kitchen,7.0,1,BACON-EGG,7.0,2022-02-09 14:44:03,White,"Tomato Sauce, Salt and Pepper",,,,,0.0
17585,107,2,0.0,7.0,Toastie,1,Kitchen,7.0,1,BACON-EGG,7.0,2021-11-19 08:48:16,White,"Tomato Sauce, Salt and Pepper",,,,,0.0
14544,107,2,0.0,7.0,Toasted Roll,1,Kitchen,7.0,1,BACON-EGG,7.0,2021-08-05 08:48:43,,Salt and Pepper,,,,,0.0
11659,115,0,0.0,7.0,Toastie,1,Kitchen,7.0,1,HAM-CHEESE,7.0,2021-04-07 10:42:41,White,Tomato Sauce,,,,,0.0
21527,391,2,0.0,7.0,Toastie,1,Kitchen,7.0,1,CHEESE-TOMATO,7.0,2022-05-05 13:38:31,Multigrain,Salt and Pepper,,,,,0.0
20776,391,2,0.0,7.0,Toastie,1,Kitchen,7.0,1,CHEESE-TOMATO,7.0,2022-04-06 15:18:38,Multigrain,Salt and Pepper,,,,,0.0
19881,391,2,0.0,7.0,Toastie,1,Kitchen,7.0,1,CHEESE-TOMATO,7.0,2022-03-03 13:56:03,Multigrain,Salt and Pepper,,,,,0.0
15889,141,2,0.0,7.0,Toastie,1,Kitchen,7.0,1,BACON-EGG,7.0,2021-09-22 06:19:30,Multigrain,BBQ Sauce,,,,,0.0
11057,141,2,0.0,7.0,Toastie,1,Kitchen,7.0,1,BACON-EGG,7.0,2021-03-10 06:41:22,Multigrain,BBQ Sauce,,,,,0.0
10161,141,2,0.0,7.0,Toastie,1,Kitchen,7.0,1,BACON-EGG,7.0,2021-01-22 06:00:35,Multigrain,BBQ Sauce,,,,,0.0
9706,141,2,0.0,7.0,Toastie,1,Kitchen,7.0,1,BACON-EGG,7.0,2020-12-21 06:26:27,Multigrain,BBQ Sauce,,,,,0.0
5249,141,2,0.0,7.0,Toastie,1,Kitchen,7.0,1,BACON-EGG,7.0,2020-06-12 05:55:41,Multigrain,BBQ Sauce,,,,,0.0
5211,141,10,0.0,7.0,Toastie,1,Kitchen,7.0,1,BACON-EGG,7.0,2020-06-09 06:00:15,Multigrain,BBQ Sauce,,,,,0.0
5149,141,10,0.0,7.0,Toastie,1,Kitchen,7.0,1,BACON-EGG,7.0,2020-06-04 05:52:05,Multigrain,BBQ Sauce,,,,,0.0
18670,421,2,0.0,7.0,Toastie,1,Kitchen,7.0,1,BACON-EGG,7.0,2022-01-15 07:59:31,Dark Rye,BBQ Sauce,,,,,0.0
12593,421,2,0.0,7.0,Toastie,1,Kitchen,7.0,1,BACON-EGG,7.0,2021-05-18 07:52:33,Multigrain,BBQ Sauce,,,,,0.0
22684,947,2,0.0,7.0,Toasted Roll,1,Kitchen,7.0,1,BACON-EGG,7.0,2022-06-17 12:39:47,,BBQ Sauce,,,,,0.0
34963,69,2,1.8,19.8,Toasted Roll,1,Kitchen,12.5,2,BACON-EGG,9.0,2023-08-24 06:45:48,,"Tomato Sauce, Avocado, Hash Brown",,,,,3.5
9374,69,2,0.0,19.8,Toasted Roll,1,Kitchen,10.5,3,BACON-EGG,7.0,2020-12-06 11:49:03,,"Tomato Sauce, Avocado, Hash Brown",,,,,3.5
34546,77,2,0.0,19.8,Muffin,1,Kitchen,4.5,2,RASPBERRY-WHITECHOC,4.5,2023-08-10 08:55:14,,,No,,,,0.0
34546,77,2,0.0,19.8,Muffin,1,Kitchen,4.5,3,ORANGE-POPPYSEED,4.5,2023-08-10 08:55:14,,,No,,,,0.0
34159,77,2,0.0,19.8,Muffin,1,Kitchen,4.5,2,BLUEBERRY,4.5,2023-07-29 09:10:33,,,Yes,,,,0.0
34159,77,2,0.0,19.8,Muffin,1,Kitchen,4.5,3,RASPBERRY-WHITECHOC,4.5,2023-07-29 09:10:33,,,No,,,,0.0
40062,632,2,0.0,19.8,Build Your Own Breakfast,1,Kitchen,13.2,2,SCRAMBLED,10.2,2024-02-17 08:53:39,White,Avocado,,,,,3.0
40587,1153,2,0.0,19.8,Toastie,1,Kitchen,9.0,3,HAM-CHEESE,9.0,2024-03-05 07:53:11,White,Tomato Sauce,,,,,0.0
25963,1178,2,0.0,19.8,Toasted Roll,1,Kitchen,8.0,4,BACON-EGG,8.0,2022-10-15 11:50:07,,BBQ Sauce,,,,,0.0
12747,421,2,0.0,19.8,Toastie,1,Kitchen,8.5,3,BACON-EGG,7.0,2021-05-25 08:00:00,Multigrain,"Avocado, Salt and Pepper",,,,,1.5
12745,421,0,0.0,19.8,Toastie,1,Kitchen,8.5,3,BACON-EGG,7.0,2021-05-25 07:45:00,Multigrain,"Avocado, Salt and Pepper",,,,,1.5
20846,973,2,0.0,19.8,Toastie,1,Kitchen,7.0,4,HAM-CHEESE,7.0,2022-04-09 08:22:29,Multigrain,Tomato Sauce,,,,,0.0
20677,973,2,0.0,19.8,Toastie,1,Kitchen,7.0,4,HAM-CHEESE,7.0,2022-04-03 08:06:31,Multigrain,Tomato Sauce,,,,,0.0
30879,976,2,0.0,19.8,Muffin,1,Kitchen,3.9,4,APPLE-CINNAMON,3.9,2023-04-16 08:25:23,,,Yes,,,,0.0
30879,976,2,0.0,19.8,Muffin,1,Kitchen,3.9,5,ORANGE-POPPYSEED,3.9,2023-04-16 08:25:23,,,Yes,,,,0.0
28629,976,2,0.0,19.8,Muffin,1,Kitchen,3.9,4,ORANGE-POPPYSEED,3.9,2023-01-29 11:32:25,,,Yes,,,,0.0
28629,976,2,0.0,19.8,Muffin,1,Kitchen,3.9,5,APPLE-CINNAMON,3.9,2023-01-29 11:32:25,,,Yes,,,,0.0
22532,802,2,0.0,32.6,Muffin,1,Kitchen,3.9,3,RASPBERRY-WHITECHOC,3.9,2022-06-11 11:57:55,,,Yes,,,,0.0
22532,802,2,0.0,32.6,Muffin,1,Kitchen,3.9,4,RASPBERRY-WHITECHOC,3.9,2022-06-11 11:57:55,,,Yes,,,,0.0
14520,836,2,0.0,32.6,Toasted Roll,1,Kitchen,10.0,3,BACON-EGG-CHEESE,8.0,2021-08-04 10:26:41,,"Tomato Sauce, BBQ Sauce, Hash Brown",,,,,2.0
14520,836,2,0.0,32.6,Toasted Roll,1,Kitchen,10.0,4,BACON-EGG-CHEESE,8.0,2021-08-04 10:26:41,,"Tomato Sauce, BBQ Sauce, Hash Brown",,,,,2.0
5790,336,2,0.0,32.6,Toasted Roll,1,Kitchen,9.5,3,BACON-EGG-CHEESE,8.0,2020-07-16 12:06:39,,"Avocado, Salt and Pepper",,,,,1.5
5790,336,2,0.0,32.6,Toasted Roll,1,Kitchen,9.5,4,BACON-EGG-CHEESE,8.0,2020-07-16 12:06:39,,"Avocado, Salt and Pepper",,,,,1.5
37736,596,2,0.0,32.6,Muffin,1,Kitchen,4.5,6,BLUEBERRY,4.5,2023-11-19 08:01:34,,,No,,,,0.0
15775,674,2,0.0,32.6,Eggs and Bacon,1,Kitchen,13.4,3,POACHED,10.9,2021-09-18 09:12:28,Gluten Free,,,,,,2.5
15775,674,2,0.0,32.6,Toasted Roll,1,Kitchen,10.0,4,BACON-EGG-CHEESE,8.0,2021-09-18 09:12:28,,"BBQ Sauce, Hash Brown",,,,,2.0
39061,1698,2,0.0,32.6,Toastie,1,Kitchen,10.5,3,HAM-CHEESE-TOMATO,10.5,2024-01-12 11:20:37,White,Salt and Pepper,,,,,0.0
39061,1698,2,0.0,32.6,Toastie,1,Kitchen,10.5,4,BACON-EGG-CHEESE,10.5,2024-01-12 11:20:37,White,"Tomato Sauce, Salt and Pepper",,,,,0.0
16889,351,2,0.0,45.4,French Toast with Streaky Bacon,1,Kitchen,10.4,4,REGULAR,10.4,2021-10-25 10:08:36,,,,No Mable Syrup,,,0.0
16889,351,2,0.0,45.4,Build Your Own Breakfast,1,Kitchen,12.9,1,SCRAMBLED,7.9,2021-10-25 10:08:36,White,"Hash Brown, Baby Spinach",,,,,5.0
16889,351,2,0.0,45.4,Build Your Own Breakfast,1,Kitchen,7.9,2,SCRAMBLED,7.9,2021-10-25 10:08:36,White,"Bacon, Hollandaise, Sauteed Mushrooms",,,,,0.0
15774,909,2,0.0,45.4,Toasted Roll,1,Kitchen,7.0,5,BACON-EGG,7.0,2021-09-18 09:00:49,,Tomato Sauce,,,,,0.0
15774,909,2,0.0,45.4,Toasted Roll,1,Kitchen,8.0,6,BACON-EGG-CHEESE,8.0,2021-09-18 09:00:49,,Salt and Pepper,,,,,0.0
15774,909,2,0.0,45.4,Toastie,1,Kitchen,7.0,7,BACON-EGG,7.0,2021-09-18 09:00:49,Multigrain,Tomato Sauce,,,,,0.0
15774,909,2,0.0,45.4,Toastie,1,Kitchen,7.0,8,BACON-CHEESE,7.0,2021-09-18 09:00:49,Multigrain,Tomato Sauce,,,,,0.0
38141,1255,2,0.0,45.4,Toasted Roll,1,Kitchen,10.0,4,BACON-EGG-CHEESE,10.0,2023-12-01 12:47:39,,BBQ Sauce,,,,,0.0
29342,771,2,0.0,14.7,Toastie,1,Kitchen,9.5,2,HAM-CHEESE-TOMATO,9.5,2023-02-23 13:24:09,White,Tomato Sauce,,,,,0.0
33981,9,2,0.0,14.7,Toasted Roll,1,Kitchen,9.5,2,BACON-EGG-CHEESE,9.5,2023-07-23 13:14:03,,"Tomato Sauce, Salt and Pepper",,,,,0.0
33609,9,2,0.0,14.7,Toasted Roll,1,Kitchen,9.5,2,BACON-EGG-CHEESE,9.5,2023-07-12 08:42:27,,"Tomato Sauce, Salt and Pepper",,,,,0.0
32724,9,2,0.0,14.7,Toasted Roll,1,Kitchen,9.5,2,BACON-EGG-CHEESE,9.5,2023-06-13 08:57:17,,"Tomato Sauce, Salt and Pepper",,,,,0.0
32525,9,2,0.0,14.7,Toasted Roll,1,Kitchen,9.5,2,BACON-EGG-CHEESE,9.5,2023-06-06 11:36:20,,"Tomato Sauce, Salt and Pepper",,,,,0.0
32243,9,2,0.0,14.7,Toasted Roll,1,Kitchen,9.5,2,BACON-EGG-CHEESE,9.5,2023-05-28 11:54:24,,"Tomato Sauce, Salt and Pepper",,,,,0.0
32010,9,2,0.0,14.7,Toasted Roll,1,Kitchen,9.5,2,BACON-EGG-CHEESE,9.5,2023-05-21 13:38:44,,"Tomato Sauce, Salt and Pepper",,,,,0.0
31933,9,2,0.0,14.7,Toasted Roll,1,Kitchen,9.5,2,BACON-EGG-CHEESE,9.5,2023-05-18 10:33:16,,Tomato Sauce,,,,,0.0
31813,9,2,0.0,14.7,Toasted Roll,1,Kitchen,9.5,2,BACON-EGG-CHEESE,9.5,2023-05-14 13:42:18,,"Tomato Sauce, Salt and Pepper",,,,,0.0
31773,9,2,0.0,14.7,Toasted Roll,1,Kitchen,9.5,2,BACON-EGG-CHEESE,9.5,2023-05-13 09:48:55,,"Tomato Sauce, Salt and Pepper",,,,,0.0
31587,9,2,0.0,14.7,Toasted Roll,1,Kitchen,9.5,2,BACON-EGG-CHEESE,9.5,2023-05-08 08:24:54,,Tomato Sauce,,,,,0.0
31069,9,2,0.0,14.7,Toasted Roll,1,Kitchen,9.5,2,BACON-EGG-CHEESE,9.5,2023-04-22 08:54:36,,"Tomato Sauce, Salt and Pepper",,,,,0.0
30838,9,2,0.0,14.7,Toasted Roll,1,Kitchen,9.5,2,BACON-EGG-CHEESE,9.5,2023-04-14 09:52:01,,Tomato Sauce,,,,,0.0
30493,9,2,0.0,14.7,Toasted Roll,1,Kitchen,9.5,2,BACON-EGG-CHEESE,9.5,2023-04-01 10:45:11,,"Tomato Sauce, Salt and Pepper",,,,,0.0
30148,9,2,0.0,14.7,Toasted Roll,1,Kitchen,9.5,2,BACON-EGG-CHEESE,9.5,2023-03-21 08:24:16,,Tomato Sauce,,,,,0.0
29017,9,2,0.0,14.7,Toasted Roll,1,Kitchen,9.5,2,BACON-EGG-CHEESE,9.5,2023-02-12 08:19:47,,Tomato Sauce,,,,,0.0
3510,10,2,0.0,14.7,Toasted Roll,1,Kitchen,7.0,3,BACON-EGG,7.0,2019-08-25 08:16:44,,Tomato Sauce,,,,,0.0
35376,1290,2,0.0,14.7,Toastie,1,Kitchen,10.5,2,HAM-CHEESE-TOMATO,10.5,2023-09-05 13:02:03,White,Tomato Sauce,,,,,0.0
32106,1290,2,0.0,14.7,Toastie,1,Kitchen,9.5,2,HAM-CHEESE-TOMATO,9.5,2023-05-24 10:23:07,White,Tomato Sauce,,,,,0.0
31238,276,2,0.0,14.7,Toasted Roll,1,Kitchen,9.5,2,BACON-EGG-CHEESE,9.5,2023-04-28 06:17:53,,BBQ Sauce,,,,,0.0
31172,276,2,0.0,14.7,Toasted Roll,1,Kitchen,9.5,2,BACON-EGG-CHEESE,9.5,2023-04-26 06:17:51,,BBQ Sauce,,,,,0.0
31027,276,2,0.0,14.7,Toasted Roll,1,Kitchen,9.5,2,BACON-EGG-CHEESE,9.5,2023-04-21 06:21:18,,BBQ Sauce,,,,,0.0
30927,276,2,0.0,14.7,Toasted Roll,1,Kitchen,9.5,2,BACON-EGG-CHEESE,9.5,2023-04-18 06:24:43,,BBQ Sauce,,,,,0.0
30620,276,2,0.0,14.7,Toasted Roll,1,Kitchen,9.5,2,BACON-EGG-CHEESE,9.5,2023-04-06 06:14:41,,BBQ Sauce,,,,,0.0
30588,276,2,0.0,14.7,Toasted Roll,1,Kitchen,9.5,2,BACON-EGG-CHEESE,9.5,2023-04-05 06:21:16,,BBQ Sauce,,,,,0.0
30431,276,2,0.0,14.7,Toasted Roll,1,Kitchen,9.5,2,BACON-EGG-CHEESE,9.5,2023-03-31 06:20:09,,BBQ Sauce,,,,,0.0
30400,276,2,0.0,14.7,Toasted Roll,1,Kitchen,9.5,2,BACON-EGG-CHEESE,9.5,2023-03-30 06:18:08,,BBQ Sauce,,,,,0.0
30331,276,2,0.0,14.7,Toasted Roll,1,Kitchen,9.5,2,BACON-EGG-CHEESE,9.5,2023-03-28 06:06:55,,BBQ Sauce,,,,,0.0
29145,276,2,0.0,14.7,Toasted Roll,1,Kitchen,9.5,2,BACON-EGG-CHEESE,9.5,2023-02-17 06:15:23,,BBQ Sauce,,,,,0.0
29066,276,2,0.0,14.7,Toasted Roll,1,Kitchen,9.5,2,BACON-EGG-CHEESE,9.5,2023-02-14 06:17:38,,BBQ Sauce,,,,,0.0
28914,276,2,0.0,14.7,Toasted Roll,1,Kitchen,9.5,2,BACON-EGG-CHEESE,9.5,2023-02-09 06:22:10,,BBQ Sauce,,,,,0.0
28749,276,0,0.0,14.7,Toasted Roll,1,Kitchen,9.5,2,BACON-EGG-CHEESE,9.5,2023-02-03 06:21:53,,BBQ Sauce,,,,,0.0
28746,276,9,0.0,14.7,Toasted Roll,1,Kitchen,9.5,2,BACON-EGG-CHEESE,9.5,2023-02-03 06:18:09,,BBQ Sauce,,,,,0.0
28720,276,2,0.0,14.7,Toasted Roll,1,Kitchen,9.5,2,BACON-EGG-CHEESE,9.5,2023-02-02 06:20:00,,BBQ Sauce,,,,,0.0
28539,276,2,0.0,14.7,Toasted Roll,1,Kitchen,9.5,2,BACON-EGG-CHEESE,9.5,2023-01-25 06:18:40,,BBQ Sauce,,,,,0.0
28515,276,2,0.0,14.7,Toasted Roll,1,Kitchen,9.5,2,BACON-EGG-CHEESE,9.5,2023-01-24 06:18:27,,BBQ Sauce,,,,,0.0
28408,276,2,0.0,14.7,Toasted Roll,1,Kitchen,9.5,2,BACON-EGG-CHEESE,9.5,2023-01-20 06:19:46,,BBQ Sauce,,,,,0.0
28378,276,2,0.0,14.7,Toasted Roll,1,Kitchen,9.5,2,BACON-EGG-CHEESE,9.5,2023-01-19 06:20:26,,BBQ Sauce,,,,,0.0
28229,276,2,0.0,14.7,Toasted Roll,1,Kitchen,9.5,2,BACON-EGG-CHEESE,9.5,2023-01-13 06:22:43,,BBQ Sauce,,,,,0.0
30061,1314,2,0.0,14.7,Toastie,1,Kitchen,9.5,2,HAM-CHEESE-TOMATO,9.5,2023-03-18 08:49:34,Multigrain,Tomato Sauce,,,,,0.0
29833,1314,0,0.0,14.7,Toastie,1,Kitchen,9.5,2,HAM-CHEESE-TOMATO,9.5,2023-03-11 08:13:57,Multigrain,Tomato Sauce,,,,,0.0
29385,1314,2,0.0,14.7,Toastie,1,Kitchen,9.5,2,HAM-CHEESE-TOMATO,9.5,2023-02-25 07:39:50,Multigrain,Tomato Sauce,,,,,0.0
29186,1314,2,0.0,14.7,Toastie,1,Kitchen,9.5,2,HAM-CHEESE-TOMATO,9.5,2023-02-18 08:46:28,Multigrain,Tomato Sauce,,,,,0.0
28599,1314,1,0.0,14.7,Toastie,1,Kitchen,9.5,2,HAM-CHEESE-TOMATO,9.5,2023-01-28 09:05:38,Multigrain,Tomato Sauce,,,,,0.0
3767,55,2,0.0,14.7,Toastie,1,Kitchen,10.0,2,BACON-EGG-CHEESE,8.0,2019-11-01 07:15:00,White,"Tomato Sauce, Hash Brown, Salt and Pepper",,,,,2.0
29149,69,2,0.0,14.7,Toasted Roll,1,Kitchen,10.0,2,BACON-EGG,8.5,2023-02-17 06:55:34,,"Tomato Sauce, Avocado",,,,,1.5
22810,69,2,0.0,14.7,Toasted Roll,1,Kitchen,9.0,2,BACON-EGG,7.0,2022-06-22 10:43:17,,"Tomato Sauce, Hash Brown",,,,,2.0
4001,69,2,0.0,14.7,Toasted Roll,1,Kitchen,10.5,2,BACON-EGG,7.0,2019-12-19 06:23:12,,"Tomato Sauce, Avocado, Hash Brown",,,,,3.5
3964,69,10,0.0,14.7,Toasted Roll,1,Kitchen,10.5,2,BACON-EGG,7.0,2019-12-11 06:53:34,,"Tomato Sauce, Avocado, Hash Brown",,,,,3.5
3957,69,10,0.0,14.7,Toasted Roll,1,Kitchen,10.5,2,BACON-EGG,7.0,2019-12-10 07:05:45,,"Tomato Sauce, Avocado, Hash Brown",,,,,3.5
3940,69,2,0.0,14.7,Toasted Roll,1,Kitchen,10.5,2,BACON-EGG,7.0,2019-12-06 07:04:22,,"Tomato Sauce, Avocado, Hash Brown",,,,,3.5
3924,69,2,0.0,14.7,Toasted Roll,1,Kitchen,10.5,2,BACON-EGG,7.0,2019-12-02 06:52:23,,"Tomato Sauce, Avocado, Hash Brown",,,,,3.5
3899,69,2,0.0,14.7,Toasted Roll,1,Kitchen,10.5,2,BACON-EGG,7.0,2019-11-27 07:19:30,,"Tomato Sauce, Avocado, Hash Brown",,,,,3.5
3893,69,2,0.0,14.7,Toasted Roll,1,Kitchen,10.5,2,BACON-EGG,7.0,2019-11-26 06:12:11,,"Tomato Sauce, Avocado, Hash Brown",,,,,3.5
3887,69,2,0.0,14.7,Toasted Roll,1,Kitchen,10.5,2,BACON-EGG,7.0,2019-11-25 06:21:25,,"Tomato Sauce, Avocado, Hash Brown",,,,,3.5
3884,69,2,0.0,14.7,Toasted Roll,1,Kitchen,10.5,2,BACON-EGG,7.0,2019-11-24 10:23:12,,"Tomato Sauce, Avocado, Hash Brown",,,,,3.5
3870,69,2,0.0,14.7,Toastie,1,Kitchen,10.5,2,BACON-EGG,7.0,2019-11-22 07:03:03,White,"Tomato Sauce, Avocado, Hash Brown",,,,,3.5
3850,69,2,0.0,14.7,Toastie,1,Kitchen,10.5,2,BACON-EGG,7.0,2019-11-19 06:35:19,White,"Tomato Sauce, Avocado, Hash Brown",,,,,3.5
3833,69,2,0.0,14.7,Toasted Roll,1,Kitchen,10.5,2,BACON-EGG,7.0,2019-11-14 07:30:21,,"Tomato Sauce, Avocado, Hash Brown",,,,,3.5
3827,69,2,0.0,14.7,Toasted Roll,1,Kitchen,10.5,2,BACON-EGG,7.0,2019-11-13 07:27:42,,"Tomato Sauce, Avocado, Hash Brown",,,,,3.5
3815,69,2,0.0,14.7,Toastie,1,Kitchen,10.5,2,BACON-EGG,7.0,2019-11-11 06:09:13,White,"Tomato Sauce, Avocado, Hash Brown",,,,,3.5
3812,69,2,0.0,14.7,Toasted Roll,1,Kitchen,10.5,2,BACON-EGG,7.0,2019-11-10 10:32:32,,"Tomato Sauce, Avocado, Hash Brown",,,,,3.5
3786,69,2,0.0,14.7,Toasted Roll,1,Kitchen,10.5,2,BACON-EGG,7.0,2019-11-06 06:38:04,,"Tomato Sauce, Avocado, Hash Brown",,,,,3.5
3784,69,2,0.0,14.7,Toasted Roll,1,Kitchen,10.5,2,BACON-EGG,7.0,2019-11-05 11:03:49,,"Tomato Sauce, Avocado, Hash Brown",,,,,3.5
3754,69,2,0.0,14.7,Toasted Roll,1,Kitchen,10.5,2,BACON-EGG,7.0,2019-10-28 06:17:18,,"Tomato Sauce, Avocado, Hash Brown",,,,,3.5
3720,69,2,0.0,14.7,Toasted Roll,1,Kitchen,10.5,2,BACON-EGG,7.0,2019-10-22 06:55:55,,"Tomato Sauce, Avocado, Hash Brown",,,,,3.5
3701,69,2,0.0,14.7,Toasted Roll,1,Kitchen,10.5,2,BACON-EGG,7.0,2019-10-17 06:36:10,,"Tomato Sauce, Avocado, Hash Brown",,,,,3.5
3685,69,2,0.0,14.7,Toasted Roll,1,Kitchen,10.5,2,BACON-EGG,7.0,2019-10-14 07:01:11,,"Tomato Sauce, Avocado, Hash Brown",,,,,3.5
3658,69,10,0.0,14.7,Toasted Roll,1,Kitchen,10.5,2,BACON-EGG,7.0,2019-10-08 06:55:07,,"Tomato Sauce, Avocado, Hash Brown",,,,,3.5
3653,69,10,0.0,14.7,Toasted Roll,1,Kitchen,10.5,2,BACON-EGG,7.0,2019-10-07 06:06:19,,"Tomato Sauce, Avocado, Hash Brown",,,,,3.5
3641,69,10,0.0,14.7,Toasted Roll,1,Kitchen,10.5,2,BACON-EGG,7.0,2019-10-04 06:08:09,,"Tomato Sauce, Avocado, Hash Brown",,,,,3.5
3631,69,2,0.0,14.7,Toasted Roll,1,Kitchen,10.5,2,BACON-EGG,7.0,2019-10-02 06:21:20,,"Tomato Sauce, Avocado, Hash Brown",,,,,3.5
3619,69,2,0.0,14.7,Toasted Roll,1,Kitchen,10.5,2,BACON-EGG,7.0,2019-09-26 07:01:00,,"Tomato Sauce, Avocado, Hash Brown",,,,,3.5
3613,69,2,0.0,14.7,Toasted Roll,1,Kitchen,10.5,2,BACON-EGG,7.0,2019-09-25 06:55:37,,"Tomato Sauce, Avocado, Hash Brown",,,,,3.5
3610,69,2,0.0,14.7,Toasted Roll,1,Kitchen,10.5,2,BACON-EGG,7.0,2019-09-24 06:25:35,,"Tomato Sauce, Avocado, Hash Brown",,,,,3.5
3595,69,2,0.0,14.7,Toasted Roll,1,Kitchen,10.5,2,BACON-EGG,7.0,2019-09-19 06:45:42,,"Tomato Sauce, Avocado, Hash Brown",,,,,3.5
3593,69,10,0.0,14.7,Toasted Roll,1,Kitchen,10.5,2,BACON-EGG,7.0,2019-09-18 07:05:58,,"Tomato Sauce, Avocado, Hash Brown",,,,,3.5
3554,69,10,0.0,14.7,Toasted Roll,1,Kitchen,10.5,2,BACON-EGG,7.0,2019-09-07 11:54:43,,"Tomato Sauce, Avocado, Hash Brown",,,,,3.5
33952,77,2,0.0,14.7,Toasted Roll,1,Kitchen,9.5,2,BACON-EGG-CHEESE,9.5,2023-07-23 07:47:27,,"Tomato Sauce, Salt and Pepper",,,,,0.0
32289,77,2,0.0,14.7,Toasted Roll,1,Kitchen,9.5,2,BACON-EGG-CHEESE,9.5,2023-05-30 07:51:12,,"Tomato Sauce, Salt and Pepper",,,,,0.0
32087,77,2,0.0,14.7,Toasted Roll,1,Kitchen,9.5,2,BACON-EGG-CHEESE,9.5,2023-05-24 08:05:50,,"Tomato Sauce, Salt and Pepper",,,,,0.0
31555,77,2,0.0,14.7,Toasted Roll,1,Kitchen,9.5,2,BACON-EGG-CHEESE,9.5,2023-05-07 08:21:19,,"Tomato Sauce, Salt and Pepper",,,,,0.0
31411,77,2,0.0,14.7,Toasted Roll,1,Kitchen,9.5,2,BACON-EGG-CHEESE,9.5,2023-05-03 08:00:43,,"Tomato Sauce, Salt and Pepper",,,,,0.0
28517,77,2,0.0,14.7,Toasted Roll,1,Kitchen,9.5,2,BACON-EGG-CHEESE,9.5,2023-01-24 07:45:00,,"Tomato Sauce, Salt and Pepper",,,,,0.0
14777,589,2,0.0,14.7,Toastie,1,Kitchen,8.0,2,BACON-EGG-CHEESE,8.0,2021-08-14 10:28:01,Dark Rye,Tomato Sauce,,,,,0.0
3971,79,10,0.0,14.7,Toasted Roll,1,Kitchen,7.0,3,BACON-EGG,7.0,2019-12-12 07:50:19,,Salt and Pepper,,,,,0.0
3778,79,2,0.0,14.7,Toasted Roll,1,Kitchen,7.0,3,BACON-EGG,7.0,2019-11-04 09:35:25,,Salt and Pepper,,,,,0.0
13154,92,2,0.0,14.7,Toasted Roll,1,Kitchen,10.0,2,BACON-EGG-CHEESE,8.0,2021-06-09 08:19:54,,"BBQ Sauce, Hash Brown, Salt and Pepper",,,,,2.0
28146,1373,2,0.0,14.7,Toastie,1,Kitchen,8.5,2,HAM-CHEESE,8.5,2023-01-10 06:13:25,White,Tomato Sauce,,,,,0.0
31990,862,2,0.0,14.7,Toastie,1,Kitchen,9.5,2,HAM-CHEESE-TOMATO,9.5,2023-05-21 07:42:54,Multigrain,Tomato Sauce,,,,,0.0
31793,862,2,0.0,14.7,Toastie,1,Kitchen,9.5,2,HAM-CHEESE-TOMATO,9.5,2023-05-14 08:33:39,Multigrain,Tomato Sauce,,,,,0.0
31520,862,2,0.0,14.7,Toastie,1,Kitchen,9.5,2,HAM-CHEESE-TOMATO,9.5,2023-05-06 08:32:54,Multigrain,Tomato Sauce,,,,,0.0
31278,862,2,0.0,14.7,Toastie,1,Kitchen,9.5,2,HAM-CHEESE-TOMATO,9.5,2023-04-29 08:28:31,Multigrain,Tomato Sauce,,,,,0.0
29832,862,0,0.0,14.7,Toastie,1,Kitchen,9.5,2,HAM-CHEESE-TOMATO,9.5,2023-03-11 08:17:25,Multigrain,Tomato Sauce,,,,,0.0
29014,862,2,0.0,14.7,Toastie,1,Kitchen,9.5,2,HAM-CHEESE-TOMATO,9.5,2023-02-12 07:50:12,Multigrain,Tomato Sauce,,,,,0.0
28261,862,2,0.0,14.7,Toastie,1,Kitchen,9.5,2,HAM-CHEESE-TOMATO,9.5,2023-01-14 08:05:53,Multigrain,Tomato Sauce,,,,,0.0
33736,1131,2,0.0,14.7,Toasted Roll,1,Kitchen,9.5,2,BACON-EGG-CHEESE,9.5,2023-07-16 10:11:40,,BBQ Sauce,,,,,0.0
29992,651,2,0.0,14.7,Toastie,1,Kitchen,9.5,2,BACON-EGG-CHEESE,9.5,2023-03-16 09:19:09,White,"Tomato Sauce, Salt and Pepper",,,,,0.0
12456,141,2,0.0,14.7,Toastie,1,Kitchen,9.0,2,BACON-EGG,7.0,2021-05-12 06:44:47,Multigrain,"BBQ Sauce, Hash Brown, Salt and Pepper",,,,,2.0
23808,145,2,0.0,14.7,Toasted Roll,1,Kitchen,9.0,2,BACON-EGG-CHEESE,9.0,2022-07-30 09:36:07,,BBQ Sauce,,,,,0.0
30152,1434,2,0.0,14.7,Toastie,1,Kitchen,9.5,2,BACON-EGG-CHEESE,9.5,2023-03-21 09:02:50,White,Tomato Sauce,,,,,0.0
35224,670,2,0.0,14.7,Toastie,1,Kitchen,10.5,2,BACON-EGG-CHEESE,10.5,2023-09-01 07:34:49,White,Tomato Sauce,,,,,0.0
22022,175,2,0.0,14.7,Toastie,1,Kitchen,7.0,3,BACON-EGG,7.0,2022-05-24 10:04:50,White,Tomato Sauce,,,,,0.0
33666,451,2,0.0,14.7,Toastie,1,Kitchen,9.5,2,BACON-EGG,8.5,2023-07-14 08:19:26,Sourdough,BBQ Sauce,,,,,1.0
33739,1224,2,0.0,14.7,Toasted Roll,1,Kitchen,9.5,2,BACON-EGG-CHEESE,9.5,2023-07-16 10:30:02,,Tomato Sauce,,,,,0.0
16924,714,2,0.0,14.7,Toasted Roll,1,Kitchen,9.9,2,CHICKEN-SCHNITZEL-CHEESE-LETTUCE,8.4,2021-10-26 13:30:18,,"Avocado, Salt and Pepper",,,,,1.5
29637,231,2,0.0,14.7,Toastie,1,Kitchen,9.5,2,BACON-EGG-CHEESE,9.5,2023-03-05 07:40:59,White,Tomato Sauce,,,,,0.0
12346,8,2,0.0,27.5,Toasted Roll,1,Kitchen,9.5,4,BACON-EGG-CHEESE,8.0,2021-05-08 07:20:55,,Avocado,,,,,1.5
8580,44,2,0.0,27.5,Toasted Roll,1,Kitchen,8.0,4,BACON-EGG-CHEESE,8.0,2020-11-03 08:15:00,,BBQ Sauce,,,,,0.0
6319,44,2,0.0,27.5,Toasted Roll,1,Kitchen,8.0,4,BACON-EGG-CHEESE,8.0,2020-08-10 10:30:00,,BBQ Sauce,,,,,0.0
5882,44,2,0.0,27.5,Toasted Roll,1,Kitchen,8.0,4,BACON-EGG-CHEESE,8.0,2020-07-21 08:55:30,,BBQ Sauce,,,,,0.0
3507,59,2,0.0,27.5,Toasted Roll,1,Kitchen,8.0,3,BACON-EGG-CHEESE,8.0,2019-08-24 10:19:11,,"BBQ Sauce, Salt and Pepper",,,,,0.0
15028,613,2,0.0,27.5,Toastie,1,Kitchen,7.0,4,HAM-CHEESE,7.0,2021-08-23 14:00:18,White,Tomato Sauce,,,,,0.0
15028,613,2,0.0,27.5,Toastie,1,Kitchen,7.0,5,HAM-CHEESE,7.0,2021-08-23 14:00:18,White,Tomato Sauce,,,,,0.0
24248,1148,2,0.0,27.5,French Toast with Streaky Bacon,1,Kitchen,13.8,1,REGULAR,11.8,2022-08-14 11:09:01,,,,Hashbrown,,,2.0
17906,917,1,0.0,27.5,Toastie,1,Kitchen,8.0,4,HAM-CHEESE-TOMATO,8.0,2021-12-01 06:55:07,White,Salt and Pepper,,,,,0.0
26055,172,2,0.0,27.5,Toasted Roll,1,Kitchen,8.0,4,BACON-EGG,8.0,2022-10-19 06:11:17,,Tomato Sauce,,,,,0.0
8936,172,2,0.0,27.5,Toastie,1,Kitchen,8.0,4,HAM-CHEESE-TOMATO,8.0,2020-11-18 08:26:38,Multigrain,Tomato Sauce,,,,,0.0
28583,176,0,2.5,27.5,Muffin,1,Kitchen,3.9,3,RASPBERRY-WHITECHOC,3.9,2023-01-26 11:33:18,,,No,,,,0.0
22046,451,2,0.0,27.5,Toasted Roll,1,Kitchen,7.0,4,BACON-EGG,7.0,2022-05-25 08:45:00,,BBQ Sauce,,,,,0.0
22046,451,2,0.0,27.5,Toasted Roll,1,Kitchen,7.0,5,BACON-EGG,7.0,2022-05-25 08:45:00,,BBQ Sauce,,,,,0.0
35295,973,2,0.0,27.5,Muffin,1,Kitchen,4.5,5,APPLE-CINNAMON,4.5,2023-09-03 09:26:29,,,Yes,,,,0.0
35295,973,2,0.0,27.5,Muffin,1,Kitchen,4.5,6,ORANGE-POPPYSEED,4.5,2023-09-03 09:26:29,,,Yes,,,,0.0
34805,475,2,0.0,27.5,Toasted Roll,2,Kitchen,18.0,3,BACON-EGG,9.0,2023-08-18 11:33:53,,BBQ Sauce,,,,,0.0
34095,475,2,0.0,27.5,Toasted Roll,2,Kitchen,18.0,3,BACON-EGG,9.0,2023-07-27 08:33:32,,BBQ Sauce,,,,,0.0
28457,475,2,0.0,27.5,Toasted Roll,1,Kitchen,8.5,3,BACON-EGG,8.5,2023-01-21 10:52:12,,BBQ Sauce,,,,,0.0
28457,475,2,0.0,27.5,Toasted Roll,1,Kitchen,8.5,4,BACON-EGG,8.5,2023-01-21 10:52:12,,BBQ Sauce,,,,,0.0
38511,1544,2,0.0,40.3,Muffin,1,Kitchen,4.5,6,CHOC-MUD,4.5,2023-12-13 13:45:00,,,No,,,,0.0
13457,276,2,0.0,40.3,Toasted Roll,1,Kitchen,8.0,5,BACON-EGG-CHEESE,8.0,2021-06-20 08:30:19,,BBQ Sauce,,,,,0.0
13457,276,2,0.0,40.3,Toastie,1,Kitchen,6.0,7,CHEESE,6.0,2021-06-20 08:30:19,White,Tomato Sauce,,,,,0.0
34733,288,2,0.0,40.3,Toastie,1,Kitchen,12.0,4,BACON-EGG-CHEESE,10.5,2023-08-16 14:03:48,White,Avocado,,,,,1.5
40119,811,2,0.0,40.3,Hot Potatoes,1,Kitchen,15.9,1,COLESLAW,12.9,2024-02-18 14:28:00,,Bacon,,,,,3.0
40119,811,2,0.0,40.3,Hot Potatoes,1,Kitchen,15.9,2,COLESLAW,12.9,2024-02-18 14:28:00,,Bacon,,,,,3.0
39564,811,2,0.0,40.3,Hot Potatoes,2,Kitchen,31.8,1,COLESLAW,12.9,2024-01-31 12:30:00,,Bacon,,,,,3.0
31733,100,2,0.0,9.6,Muffin,1,Kitchen,3.9,2,RASPBERRY-WHITECHOC,3.9,2023-05-12 07:48:32,,,No,,,,0.0
24556,446,2,0.0,9.6,Muffin,1,Kitchen,3.9,2,RASPBERRY-WHITECHOC,3.9,2022-08-26 09:23:51,,,Yes,,,,0.0
33599,973,2,0.0,9.6,Muffin,1,Kitchen,3.9,2,APPLE-CINNAMON,3.9,2023-07-12 08:03:44,,,Yes,,,,0.0
33371,1509,2,0.0,9.6,Muffin,1,Kitchen,3.9,2,BLUEBERRY,3.9,2023-07-04 08:45:09,,,No,,,,0.0
33896,1510,2,0.0,9.6,Muffin,1,Kitchen,3.9,2,APPLE-CINNAMON,3.9,2023-07-21 08:52:32,,,Yes,,,,0.0
3313,5,2,0.28,17.28,Toastie,1,Kitchen,8.0,1,BACONEGGCHEESE,8.0,2019-05-21 15:44:52,White,Tomato Sauce,,,,,0.0
3313,5,2,0.28,17.28,Toastie,1,Kitchen,9.0,2,HAMCHEESETOMATO,8.0,2019-05-21 15:44:52,Sourdough,Tomato Sauce,,,,,1.0
14046,799,2,0.0,22.4,Toastie,1,Kitchen,8.0,4,BACON-EGG-CHEESE,8.0,2021-07-16 09:45:00,White,Tomato Sauce,,,,,0.0
5235,288,10,0.0,22.4,Toastie,1,Kitchen,7.0,3,BACON-EGG,7.0,2020-06-10 13:52:33,White,Tomato Sauce,,,,,0.0
26314,1313,2,0.0,22.4,Toasted Roll,1,Kitchen,11.0,2,BACON-EGG-CHEESE,9.0,2022-10-28 09:16:59,,"Tomato Sauce, Hash Brown",,,,,2.0
26314,1313,2,0.0,22.4,Toastie,1,Kitchen,7.0,3,CHEESE,7.0,2022-10-28 09:16:59,White,Tomato Sauce,,,,,0.0
13793,105,2,0.0,22.4,Toasted Roll,1,Kitchen,9.5,3,BACON-EGG-CHEESE,8.0,2021-07-05 07:51:33,,Avocado,,,,,1.5
3882,110,2,0.0,22.4,Toasted Roll,1,Kitchen,7.0,3,BACON-EGG,7.0,2019-11-24 09:36:52,,Salt and Pepper,,,,,0.0
3882,110,2,0.0,22.4,Toasted Roll,1,Kitchen,7.0,4,BACON-EGG,7.0,2019-11-24 09:36:52,,Salt and Pepper,,,,,0.0
27219,887,2,0.0,22.4,Toastie,1,Kitchen,12.0,4,BACON-EGG-CHEESE,9.0,2022-11-28 06:51:40,Sourdough,"BBQ Sauce, Hash Brown, Salt and Pepper",,,,,3.0
9659,404,2,0.0,22.4,Toasted Roll,1,Kitchen,7.0,3,BACON-EGG,7.0,2020-12-18 11:52:44,,BBQ Sauce,,,,,0.0
9659,404,2,0.0,22.4,Toasted Roll,1,Kitchen,7.0,4,BACON-EGG,7.0,2020-12-18 11:52:44,,BBQ Sauce,,,,,0.0
8266,404,2,0.0,22.4,Toasted Roll,1,Kitchen,7.0,3,BACON-EGG,7.0,2020-10-22 10:44:33,,BBQ Sauce,,,,,0.0
8266,404,2,0.0,22.4,Toasted Roll,1,Kitchen,7.0,4,BACON-EGG,7.0,2020-10-22 10:44:33,,BBQ Sauce,,,,,0.0
6480,404,2,0.0,22.4,Toasted Roll,1,Kitchen,7.0,3,BACON-EGG,7.0,2020-08-17 12:30:00,,BBQ Sauce,,,,,0.0
6480,404,2,0.0,22.4,Toasted Roll,1,Kitchen,7.0,4,BACON-EGG,7.0,2020-08-17 12:30:00,,BBQ Sauce,,,,,0.0
13294,409,2,0.0,22.4,Toastie,1,Kitchen,8.0,4,BACON-EGG-CHEESE,8.0,2021-06-14 07:53:38,White,Tomato Sauce,,,,,0.0
10094,409,2,0.0,22.4,Toasted Roll,1,Kitchen,8.0,4,BACON-EGG-CHEESE,8.0,2021-01-18 08:59:08,,Tomato Sauce,,,,,0.0
27987,670,2,0.0,22.4,Toastie,1,Kitchen,9.0,2,BACON-EGG-CHEESE,9.0,2022-12-23 07:13:40,White,Tomato Sauce,,,,,0.0
27987,670,2,0.0,22.4,Toastie,1,Kitchen,9.0,3,BACON-EGG-CHEESE,9.0,2022-12-23 07:13:40,White,Tomato Sauce,,,,,0.0
13324,690,2,0.0,22.4,Toasted Roll,1,Kitchen,8.0,4,BACON-EGG-CHEESE,8.0,2021-06-15 08:25:26,,Tomato Sauce,,,,,0.0
32406,451,2,0.0,22.4,Toasted Roll,1,Kitchen,8.5,4,BACON-EGG,8.5,2023-06-03 08:15:00,,BBQ Sauce,,,,,0.0
18369,1041,1,0.0,35.2,Toasted Roll,1,Kitchen,8.0,4,BACON-EGG-CHEESE,8.0,2021-12-19 08:58:10,,BBQ Sauce,,,,,0.0
18369,1041,1,0.0,35.2,Build Your Own Breakfast,1,Kitchen,14.9,1,POACHED,7.9,2021-12-19 08:58:10,Dark Rye,"Hash Brown, Smashed Avo and Feta",,,,,7.0
18369,1041,1,0.0,35.2,Kids Pancakes,1,Kitchen,8.0,3,CREAM,6.0,2021-12-19 08:58:10,,,,,,Banana,2.0
7551,417,2,0.0,35.2,Toasted Roll,1,Kitchen,8.0,3,BACON-EGG-CHEESE,8.0,2020-09-27 12:34:30,,Salt and Pepper,,,,,0.0
7551,417,2,0.0,35.2,Big Breakfast,1,Kitchen,18.7,1,FRIED,16.2,2020-09-27 12:34:30,Gluten Free,Hollandaise,,,,,2.5
13764,197,2,0.0,35.2,Eggs Benedict,1,Kitchen,16.5,2,BACON,14.5,2021-07-03 12:06:10,,,,Hashbrown,,,2.0
13764,197,2,0.0,35.2,Build Your Own Breakfast,1,Kitchen,13.9,1,POACHED,7.9,2021-07-03 12:06:10,Multigrain,"Bacon, Baked Beans",,,,,6.0
14089,207,2,0.0,35.2,Big Breakfast,1,Kitchen,20.7,1,POACHED,16.7,2021-07-18 08:45:00,Sourdough,Hollandaise,,,,,4.0
40113,260,2,0.0,48.0,Toasted Roll,3,Kitchen,36.0,1,BACON-EGG-CHEESE,10.0,2024-02-18 11:20:10,,"Tomato Sauce, Hash Brown",,,,,2.0
40113,260,2,0.0,48.0,Toasted Roll,1,Kitchen,12.0,2,BACON-EGG-CHEESE,10.0,2024-02-18 11:20:10,,"BBQ Sauce, Hash Brown",,,,,2.0
35027,1400,2,0.0,48.0,Toasted Roll,1,Kitchen,12.0,2,BACON-EGG-CHEESE,10.0,2023-08-25 08:54:48,,Hash Brown,,,,,2.0
35027,1400,2,0.0,48.0,Toasted Roll,1,Kitchen,12.0,3,BACON-EGG-CHEESE,10.0,2023-08-25 08:54:48,,"Tomato Sauce, Hash Brown",,,,,2.0
35027,1400,2,0.0,48.0,Toasted Roll,1,Kitchen,12.0,4,BACON-EGG-CHEESE,10.0,2023-08-25 08:54:48,,"BBQ Sauce, Hash Brown",,,,,2.0
35027,1400,2,0.0,48.0,Toasted Roll,1,Kitchen,10.0,5,BACON-EGG-CHEESE,10.0,2023-08-25 08:54:48,,Salt and Pepper,,,,,0.0
4910,207,2,0.0,48.0,Big Breakfast,1,Kitchen,20.2,1,POACHED,16.2,2020-05-17 08:00:00,Sourdough,Hollandaise,,,,,4.0
4910,207,2,0.0,48.0,Big Breakfast,1,Kitchen,19.2,2,POACHED,16.2,2020-05-17 08:00:00,Dark Rye,Hollandaise,,,,,3.0
38535,189,2,0.0,4.5,Muffin,1,Kitchen,4.5,1,RASPBERRY-WHITECHOC,4.5,2023-12-14 08:55:32,,,Yes,,,,0.0
38532,189,2,0.0,4.5,Muffin,1,Kitchen,4.5,1,RASPBERRY-WHITECHOC,4.5,2023-12-14 08:46:58,,,Yes,,,,0.0
35891,1290,2,0.0,17.3,Toastie,1,Kitchen,12.5,2,HAM-CHEESE-TOMATO,10.5,2023-09-21 11:02:01,White,"Hash Brown, Salt and Pepper",,,,,2.0
39618,1035,2,0.0,17.3,Toasted Roll,1,Kitchen,12.0,2,BACON-EGG-CHEESE,10.0,2024-02-02 08:59:27,,"Tomato Sauce, Hash Brown, Salt and Pepper",,,,,2.0
14556,13,2,0.0,17.3,Toasted Roll,1,Kitchen,8.0,3,BACON-EGG-CHEESE,8.0,2021-08-06 07:56:59,,"Tomato Sauce, Salt and Pepper",,,,,0.0
14545,13,2,0.0,17.3,Toastie,1,Kitchen,8.0,3,BACON-EGG-CHEESE,8.0,2021-08-05 09:00:26,White,"Tomato Sauce, Salt and Pepper",,,,,0.0
12679,13,2,0.0,17.3,Toastie,1,Kitchen,8.0,3,BACON-EGG-CHEESE,8.0,2021-05-22 08:07:33,White,"Tomato Sauce, Salt and Pepper",,,,,0.0
12530,13,2,0.0,17.3,Toasted Roll,1,Kitchen,8.0,3,BACON-EGG-CHEESE,8.0,2021-05-15 08:12:28,,"Tomato Sauce, Salt and Pepper",,,,,0.0
11888,275,2,0.0,17.3,Toasted Roll,1,Kitchen,7.0,3,BACON-EGG,7.0,2021-04-18 07:31:47,,Tomato Sauce,,,,,0.0
18000,276,2,0.0,17.3,Toasted Roll,1,Kitchen,8.0,3,BACON-EGG-CHEESE,8.0,2021-12-05 09:24:43,,BBQ Sauce,,,,,0.0
17213,276,2,0.0,17.3,Toasted Roll,1,Kitchen,8.0,3,BACON-EGG-CHEESE,8.0,2021-11-06 08:57:12,,BBQ Sauce,,,,,0.0
17175,276,2,0.0,17.3,Toasted Roll,1,Kitchen,8.0,3,BACON-EGG-CHEESE,8.0,2021-11-05 07:20:52,,BBQ Sauce,,,,,0.0
17150,276,2,0.0,17.3,Toasted Roll,1,Kitchen,8.0,3,BACON-EGG-CHEESE,8.0,2021-11-04 07:22:58,,BBQ Sauce,,,,,0.0
17089,276,2,0.0,17.3,Toasted Roll,1,Kitchen,8.0,3,BACON-EGG-CHEESE,8.0,2021-11-01 09:53:12,,BBQ Sauce,,,,,0.0
16146,276,2,0.0,17.3,Toasted Roll,1,Kitchen,8.0,3,BACON-EGG-CHEESE,8.0,2021-09-30 08:37:28,,BBQ Sauce,,,,,0.0
16089,276,2,0.0,17.3,Toasted Roll,1,Kitchen,8.0,3,BACON-EGG-CHEESE,8.0,2021-09-28 08:46:36,,BBQ Sauce,,,,,0.0
16026,276,2,0.0,17.3,Toasted Roll,1,Kitchen,8.0,3,BACON-EGG-CHEESE,8.0,2021-09-26 10:06:00,,BBQ Sauce,,,,,0.0
14292,276,2,0.0,17.3,Toasted Roll,1,Kitchen,8.0,3,BACON-EGG-CHEESE,8.0,2021-07-26 07:37:56,,BBQ Sauce,,,,,0.0
14267,276,2,0.0,17.3,Toasted Roll,1,Kitchen,8.0,3,BACON-EGG-CHEESE,8.0,2021-07-25 09:46:33,,BBQ Sauce,,,,,0.0
13778,276,2,0.0,17.3,Toasted Roll,1,Kitchen,8.0,3,BACON-EGG-CHEESE,8.0,2021-07-04 09:26:03,,BBQ Sauce,,,,,0.0
13625,276,2,0.0,17.3,Toasted Roll,1,Kitchen,8.0,3,BACON-EGG-CHEESE,8.0,2021-06-27 09:26:52,,BBQ Sauce,,,,,0.0
13301,276,2,0.0,17.3,Toasted Roll,1,Kitchen,8.0,3,BACON-EGG-CHEESE,8.0,2021-06-14 09:35:59,,BBQ Sauce,,,,,0.0
13274,276,2,0.0,17.3,Toasted Roll,1,Kitchen,8.0,3,BACON-EGG-CHEESE,8.0,2021-06-13 09:20:38,,BBQ Sauce,,,,,0.0
12886,276,2,0.0,17.3,Toasted Roll,1,Kitchen,8.0,3,BACON-EGG-CHEESE,8.0,2021-05-30 09:40:36,,BBQ Sauce,,,,,0.0
12724,276,2,0.0,17.3,Toasted Roll,1,Kitchen,8.0,3,BACON-EGG-CHEESE,8.0,2021-05-24 07:25:22,,BBQ Sauce,,,,,0.0
11738,276,2,0.0,17.3,Toasted Roll,1,Kitchen,8.0,3,BACON-EGG-CHEESE,8.0,2021-04-11 09:28:24,,BBQ Sauce,,,,,0.0
11619,276,2,0.0,17.3,Toasted Roll,1,Kitchen,8.0,3,BACON-EGG-CHEESE,8.0,2021-04-05 08:22:30,,BBQ Sauce,,,,,0.0
11039,276,2,0.0,17.3,Toasted Roll,1,Kitchen,8.0,3,BACON-EGG-CHEESE,8.0,2021-03-09 07:24:41,,BBQ Sauce,,,,,0.0
10180,276,2,0.0,17.3,Toasted Roll,1,Kitchen,8.0,3,BACON-EGG-CHEESE,8.0,2021-01-23 08:50:47,,BBQ Sauce,,,,,0.0
9932,276,2,0.0,17.3,Toasted Roll,1,Kitchen,8.0,3,BACON-EGG-CHEESE,8.0,2021-01-10 08:51:15,,BBQ Sauce,,,,,0.0
9920,276,2,0.0,17.3,Toasted Roll,1,Kitchen,8.0,3,BACON-EGG-CHEESE,8.0,2021-01-09 08:58:48,,BBQ Sauce,,,,,0.0
9865,276,2,0.0,17.3,Toasted Roll,1,Kitchen,8.0,3,BACON-EGG-CHEESE,8.0,2021-01-06 09:06:41,,BBQ Sauce,,,,,0.0
9850,276,2,0.0,17.3,Toasted Roll,1,Kitchen,8.0,3,BACON-EGG-CHEESE,8.0,2021-01-05 09:46:40,,BBQ Sauce,,,,,0.0
7713,276,2,0.0,17.3,Toasted Roll,1,Kitchen,8.0,3,BACON-EGG-CHEESE,8.0,2020-10-04 08:42:23,,BBQ Sauce,,,,,0.0
7688,276,2,0.0,17.3,Toasted Roll,1,Kitchen,8.0,3,BACON-EGG-CHEESE,8.0,2020-10-03 08:26:14,,BBQ Sauce,,,,,0.0
7506,276,2,0.0,17.3,Toasted Roll,1,Kitchen,8.0,3,BACON-EGG-CHEESE,8.0,2020-09-26 08:55:28,,BBQ Sauce,,,,,0.0
7422,276,2,0.0,17.3,Toasted Roll,1,Kitchen,8.0,3,BACON-EGG-CHEESE,8.0,2020-09-23 08:16:37,,BBQ Sauce,,,,,0.0
7319,276,2,0.0,17.3,Toasted Roll,1,Kitchen,8.0,3,BACON-EGG-CHEESE,8.0,2020-09-19 08:51:58,,BBQ Sauce,,,,,0.0
7129,276,2,0.0,17.3,Toasted Roll,1,Kitchen,8.0,3,BACON-EGG-CHEESE,8.0,2020-09-12 09:10:33,,BBQ Sauce,,,,,0.0
6742,276,2,0.0,17.3,Toasted Roll,1,Kitchen,8.0,3,BACON-EGG-CHEESE,8.0,2020-08-29 09:04:30,,BBQ Sauce,,,,,0.0
25252,40,2,0.0,17.3,Toasted Roll,1,Kitchen,8.0,3,BACON-EGG,8.0,2022-09-18 12:09:15,,BBQ Sauce,,,,,0.0
32952,69,2,0.0,17.3,Toasted Roll,1,Kitchen,12.0,2,BACON-EGG,8.5,2023-06-21 07:07:35,,"Tomato Sauce, Avocado, Hash Brown",,,,,3.5
32804,69,2,0.0,17.3,Toasted Roll,1,Kitchen,12.0,2,BACON-EGG,8.5,2023-06-16 07:24:20,,"Tomato Sauce, Avocado, Hash Brown",,,,,3.5
32768,69,2,0.0,17.3,Toasted Roll,1,Kitchen,12.0,2,BACON-EGG,8.5,2023-06-15 07:25:20,,"Tomato Sauce, Avocado, Hash Brown",,,,,3.5
32734,69,2,0.0,17.3,Toasted Roll,1,Kitchen,12.0,2,BACON-EGG,8.5,2023-06-14 06:46:17,,"Tomato Sauce, Avocado, Hash Brown",,,,,3.5
32711,69,2,0.0,17.3,Toasted Roll,1,Kitchen,12.0,2,BACON-EGG,8.5,2023-06-13 07:35:23,,"Tomato Sauce, Avocado, Hash Brown",,,,,3.5
32565,69,2,0.0,17.3,Toasted Roll,1,Kitchen,12.0,2,BACON-EGG,8.5,2023-06-08 07:02:19,,"Tomato Sauce, Avocado, Hash Brown",,,,,3.5
32533,69,2,0.0,17.3,Toasted Roll,1,Kitchen,12.0,2,BACON-EGG,8.5,2023-06-07 07:09:45,,"Tomato Sauce, Avocado, Hash Brown",,,,,3.5
32504,69,2,0.0,17.3,Toasted Roll,1,Kitchen,12.0,2,BACON-EGG,8.5,2023-06-06 07:31:33,,"Tomato Sauce, Avocado, Hash Brown",,,,,3.5
32472,69,2,0.0,17.3,Toasted Roll,1,Kitchen,12.0,2,BACON-EGG,8.5,2023-06-05 07:13:36,,"Tomato Sauce, Avocado, Hash Brown",,,,,3.5
32382,69,2,0.0,17.3,Toasted Roll,1,Kitchen,12.0,2,BACON-EGG,8.5,2023-06-02 07:18:26,,"Tomato Sauce, Avocado, Hash Brown",,,,,3.5
32342,69,2,0.0,17.3,Toasted Roll,1,Kitchen,12.0,2,BACON-EGG,8.5,2023-06-01 06:44:15,,"Tomato Sauce, Avocado, Hash Brown",,,,,3.5
32313,69,2,0.0,17.3,Toasted Roll,1,Kitchen,12.0,2,BACON-EGG,8.5,2023-05-31 07:22:38,,"Tomato Sauce, Avocado, Hash Brown",,,,,3.5
32247,69,2,0.0,17.3,Toasted Roll,1,Kitchen,12.0,2,BACON-EGG,8.5,2023-05-29 06:30:10,,"Tomato Sauce, Avocado, Hash Brown",,,,,3.5
32115,69,2,0.0,17.3,Toasted Roll,1,Kitchen,12.0,2,BACON-EGG,8.5,2023-05-25 06:28:23,,"Tomato Sauce, Avocado, Hash Brown",,,,,3.5
32079,69,2,0.0,17.3,Toasted Roll,1,Kitchen,12.0,2,BACON-EGG,8.5,2023-05-24 07:13:49,,"Tomato Sauce, Avocado, Hash Brown",,,,,3.5
31905,69,2,0.0,17.3,Toasted Roll,1,Kitchen,12.0,2,BACON-EGG,8.5,2023-05-18 07:01:53,,"Tomato Sauce, Avocado, Hash Brown",,,,,3.5
31844,69,2,0.0,17.3,Toasted Roll,1,Kitchen,12.0,2,BACON-EGG,8.5,2023-05-16 06:14:29,,"Tomato Sauce, Avocado, Hash Brown",,,,,3.5
31830,69,2,0.0,17.3,Toasted Roll,1,Kitchen,12.0,2,BACON-EGG,8.5,2023-05-15 08:40:58,,"Tomato Sauce, Avocado, Hash Brown",,,,,3.5
31658,69,2,0.0,17.3,Toasted Roll,1,Kitchen,12.0,2,BACON-EGG,8.5,2023-05-10 07:31:05,,"Tomato Sauce, Avocado, Hash Brown",,,,,3.5
31614,69,2,0.0,17.3,Toasted Roll,1,Kitchen,12.0,2,BACON-EGG,8.5,2023-05-09 06:53:38,,"Tomato Sauce, Avocado, Hash Brown",,,,,3.5
31575,69,2,0.0,17.3,Toasted Roll,1,Kitchen,12.0,2,BACON-EGG,8.5,2023-05-08 06:43:48,,"Tomato Sauce, Avocado, Hash Brown",,,,,3.5
31434,69,2,0.0,17.3,Toasted Roll,1,Kitchen,12.0,2,BACON-EGG,8.5,2023-05-04 06:57:31,,"Tomato Sauce, Avocado, Hash Brown",,,,,3.5
31333,69,2,0.0,17.3,Toasted Roll,1,Kitchen,12.0,2,BACON-EGG,8.5,2023-05-01 06:28:53,,"Tomato Sauce, Avocado, Hash Brown",,,,,3.5
31298,69,2,0.0,17.3,Toasted Roll,1,Kitchen,12.0,2,BACON-EGG,8.5,2023-04-29 11:17:44,,"Tomato Sauce, Avocado, Hash Brown",,,,,3.5
31240,69,2,0.0,17.3,Toasted Roll,1,Kitchen,12.0,2,BACON-EGG,8.5,2023-04-28 06:42:23,,"Tomato Sauce, Avocado, Hash Brown",,,,,3.5
31208,69,2,0.0,17.3,Toasted Roll,1,Kitchen,12.0,2,BACON-EGG,8.5,2023-04-27 06:40:18,,"Tomato Sauce, Avocado, Hash Brown",,,,,3.5
31029,69,2,0.0,17.3,Toasted Roll,1,Kitchen,12.0,2,BACON-EGG,8.5,2023-04-21 07:21:49,,"Tomato Sauce, Avocado, Hash Brown",,,,,3.5
30995,69,2,0.0,17.3,Toasted Roll,1,Kitchen,12.0,2,BACON-EGG,8.5,2023-04-20 07:05:08,,"Tomato Sauce, Avocado, Hash Brown",,,,,3.5
30965,69,2,0.0,17.3,Toasted Roll,1,Kitchen,12.0,2,BACON-EGG,8.5,2023-04-19 07:13:36,,"Tomato Sauce, Avocado, Hash Brown",,,,,3.5
30928,69,2,0.0,17.3,Toasted Roll,1,Kitchen,12.0,2,BACON-EGG,8.5,2023-04-18 06:34:16,,"Tomato Sauce, Avocado, Hash Brown",,,,,3.5
30818,69,2,0.0,17.3,Toasted Roll,1,Kitchen,12.0,2,BACON-EGG,8.5,2023-04-14 07:22:29,,"Tomato Sauce, Avocado, Hash Brown",,,,,3.5
30742,69,2,0.0,17.3,Toasted Roll,1,Kitchen,12.0,2,BACON-EGG,8.5,2023-04-11 06:27:35,,"Tomato Sauce, Avocado, Hash Brown",,,,,3.5
30591,69,2,0.0,17.3,Toasted Roll,1,Kitchen,12.0,2,BACON-EGG,8.5,2023-04-05 07:14:54,,"Tomato Sauce, Avocado, Hash Brown",,,,,3.5
30562,69,2,0.0,17.3,Toasted Roll,1,Kitchen,12.0,2,BACON-EGG,8.5,2023-04-04 06:22:34,,"Tomato Sauce, Avocado, Hash Brown",,,,,3.5
30484,69,2,0.0,17.3,Toasted Roll,1,Kitchen,12.0,2,BACON-EGG,8.5,2023-04-01 09:03:48,,"Tomato Sauce, Avocado, Hash Brown",,,,,3.5
30368,69,2,0.0,17.3,Toasted Roll,1,Kitchen,12.0,2,BACON-EGG,8.5,2023-03-29 06:14:40,,"Tomato Sauce, Avocado, Hash Brown",,,,,3.5
30302,69,2,0.0,17.3,Toasted Roll,1,Kitchen,12.0,2,BACON-EGG,8.5,2023-03-27 06:43:55,,"Tomato Sauce, Avocado, Hash Brown",,,,,3.5
30219,69,2,0.0,17.3,Toasted Roll,1,Kitchen,12.0,2,BACON-EGG,8.5,2023-03-24 06:12:30,,"Tomato Sauce, Avocado, Hash Brown",,,,,3.5
30191,69,2,0.0,17.3,Toasted Roll,1,Kitchen,12.0,2,BACON-EGG,8.5,2023-03-23 06:40:54,,"Tomato Sauce, Avocado, Hash Brown",,,,,3.5
30008,69,2,0.0,17.3,Toasted Roll,1,Kitchen,12.0,2,BACON-EGG,8.5,2023-03-17 06:29:40,,"Tomato Sauce, Avocado, Hash Brown",,,,,3.5
29971,69,2,0.0,17.3,Toasted Roll,1,Kitchen,12.0,2,BACON-EGG,8.5,2023-03-16 07:03:23,,"Tomato Sauce, Avocado, Hash Brown",,,,,3.5
29936,69,2,0.0,17.3,Toasted Roll,1,Kitchen,12.0,2,BACON-EGG,8.5,2023-03-15 06:32:42,,"Tomato Sauce, Avocado, Hash Brown",,,,,3.5
29695,69,2,0.0,17.3,Toasted Roll,1,Kitchen,12.0,2,BACON-EGG,8.5,2023-03-07 06:55:28,,"Tomato Sauce, Avocado, Hash Brown",,,,,3.5
29666,69,2,0.0,17.3,Toasted Roll,1,Kitchen,12.0,2,BACON-EGG,8.5,2023-03-06 06:42:44,,"Tomato Sauce, Avocado, Hash Brown",,,,,3.5
29597,69,2,0.0,17.3,Toasted Roll,1,Kitchen,12.0,2,BACON-EGG,8.5,2023-03-03 09:56:59,,"Tomato Sauce, Avocado, Hash Brown",,,,,3.5
29538,69,2,0.0,17.3,Toasted Roll,1,Kitchen,12.0,2,BACON-EGG,8.5,2023-03-02 06:59:29,,"Tomato Sauce, Avocado, Hash Brown",,,,,3.5
29483,69,2,0.0,17.3,Toasted Roll,1,Kitchen,12.0,2,BACON-EGG,8.5,2023-02-28 06:47:57,,"Tomato Sauce, Avocado, Hash Brown",,,,,3.5
29314,69,2,0.0,17.3,Toasted Roll,1,Kitchen,12.0,2,BACON-EGG,8.5,2023-02-23 06:14:15,,"Tomato Sauce, Avocado, Hash Brown",,,,,3.5
29288,69,2,0.0,17.3,Toasted Roll,1,Kitchen,12.0,2,BACON-EGG,8.5,2023-02-22 06:48:48,,"Tomato Sauce, Avocado, Hash Brown",,,,,3.5
29261,69,2,0.0,17.3,Toasted Roll,1,Kitchen,12.0,2,BACON-EGG,8.5,2023-02-21 07:10:37,,"Tomato Sauce, Avocado, Hash Brown",,,,,3.5
29119,69,2,0.0,17.3,Toasted Roll,1,Kitchen,12.0,2,BACON-EGG,8.5,2023-02-16 06:49:13,,"Tomato Sauce, Avocado, Hash Brown",,,,,3.5
29094,69,2,0.0,17.3,Toasted Roll,1,Kitchen,12.0,2,BACON-EGG,8.5,2023-02-15 06:19:09,,"Tomato Sauce, Avocado, Hash Brown",,,,,3.5
28952,69,2,0.0,17.3,Toasted Roll,1,Kitchen,12.0,2,BACON-EGG,8.5,2023-02-10 06:48:48,,"Tomato Sauce, Avocado, Hash Brown",,,,,3.5
28916,69,2,0.0,17.3,Toasted Roll,1,Kitchen,12.0,2,BACON-EGG,8.5,2023-02-09 07:09:38,,"Tomato Sauce, Avocado, Hash Brown",,,,,3.5
28888,69,2,0.0,17.3,Toasted Roll,1,Kitchen,12.0,2,BACON-EGG,8.5,2023-02-08 07:06:57,,"Tomato Sauce, Avocado, Hash Brown",,,,,3.5
28858,69,2,0.0,17.3,Toasted Roll,1,Kitchen,12.0,2,BACON-EGG,8.5,2023-02-07 06:48:09,,"Tomato Sauce, Avocado, Hash Brown",,,,,3.5
28829,69,2,0.0,17.3,Toasted Roll,1,Kitchen,12.0,2,BACON-EGG,8.5,2023-02-06 06:48:37,,"Tomato Sauce, Avocado, Hash Brown",,,,,3.5
28747,69,2,0.0,17.3,Toasted Roll,1,Kitchen,12.0,2,BACON-EGG,8.5,2023-02-03 06:21:10,,"Tomato Sauce, Avocado, Hash Brown",,,,,3.5
28691,69,2,0.0,17.3,Toasted Roll,1,Kitchen,12.0,2,BACON-EGG,8.5,2023-02-01 06:16:22,,"Tomato Sauce, Avocado, Hash Brown",,,,,3.5
28638,69,2,0.0,17.3,Toasted Roll,1,Kitchen,12.0,2,BACON-EGG,8.5,2023-01-30 06:51:55,,"Tomato Sauce, Avocado, Hash Brown",,,,,3.5
28411,69,2,0.0,17.3,Toasted Roll,1,Kitchen,12.0,2,BACON-EGG,8.5,2023-01-20 07:07:41,,"Tomato Sauce, Avocado, Hash Brown",,,,,3.5
28059,69,2,0.0,17.3,Toasted Roll,1,Kitchen,12.0,2,BACON-EGG,8.5,2023-01-06 06:44:14,,"Tomato Sauce, Avocado, Hash Brown",,,,,3.5
36534,330,2,0.0,17.3,Toasted Roll,1,Kitchen,11.0,2,BACON-EGG,9.0,2023-10-12 08:11:24,,"Tomato Sauce, Hash Brown",,,,,2.0
15616,847,2,0.0,17.3,Toasted Roll,1,Kitchen,10.0,3,BACON-EGG-CHEESE,8.0,2021-09-12 12:12:33,,"Tomato Sauce, Hash Brown",,,,,2.0
29205,112,2,0.0,17.3,Toasted Roll,1,Kitchen,12.1,2,CHICKEN-SCHNITZEL-CHEESE-LETTUCE,10.1,2023-02-18 13:59:55,,Hash Brown,,,,,2.0
28496,374,2,0.0,17.3,Muffin,1,Kitchen,3.9,3,RASPBERRY-WHITECHOC,3.9,2023-01-23 08:11:17,,,No,,,,0.0
14108,155,2,0.0,17.3,Toastie,1,Kitchen,8.0,3,CHEESE,6.0,2021-07-18 12:14:52,White,"Hash Brown, Salt and Pepper",,,,,2.0
39440,1436,2,0.0,17.3,Toastie,1,Kitchen,12.5,2,BACON-EGG-CHEESE,10.5,2024-01-27 07:54:30,White,Hash Brown,,,,,2.0
39596,670,2,0.0,17.3,Toastie,1,Kitchen,12.5,2,BACON-EGG-CHEESE,10.5,2024-02-02 07:07:57,White,"Hash Brown, Salt and Pepper",,,,,2.0
38556,670,2,0.0,17.3,Toastie,1,Kitchen,12.5,2,BACON-EGG-CHEESE,10.5,2023-12-15 07:48:30,White,"Tomato Sauce, Hash Brown",,,,,2.0
33680,1203,2,0.0,17.3,Toastie,1,Kitchen,11.5,2,BACON-EGG-CHEESE,9.5,2023-07-14 11:28:44,White,"Tomato Sauce, Hash Brown",,,,,2.0
10885,449,2,0.0,17.3,Toasted Roll,1,Kitchen,8.0,3,BACON-EGG-CHEESE,8.0,2021-02-28 08:51:21,,BBQ Sauce,,,,,0.0
18001,961,0,0.0,17.3,Toasted Roll,1,Kitchen,8.0,3,BACON-EGG-CHEESE,8.0,2021-12-05 09:24:16,,BBQ Sauce,,,,,0.0
25233,973,0,0.0,17.3,Toastie,1,Kitchen,8.0,3,HAM-CHEESE,8.0,2022-09-18 08:42:31,Multigrain,Tomato Sauce,,,,,0.0
36894,754,2,0.0,17.3,Toastie,1,Kitchen,12.5,2,BACON-EGG-CHEESE,10.5,2023-10-22 10:25:56,White,"BBQ Sauce, Hash Brown",,,,,2.0
7071,14,2,0.0,30.1,Eggs and Bacon,1,Kitchen,10.4,3,SCRAMBLED,10.4,2020-09-10 07:22:01,White,,,,,,0.0
7071,14,2,0.0,30.1,Eggs and Bacon,1,Kitchen,10.4,4,SCRAMBLED,10.4,2020-09-10 07:22:01,White,,,,,,0.0
6401,14,2,0.0,30.1,Eggs and Bacon,1,Kitchen,10.4,3,SCRAMBLED,10.4,2020-08-14 07:30:00,White,,,,,,0.0
6401,14,2,0.0,30.1,Eggs and Bacon,1,Kitchen,10.4,4,SCRAMBLED,10.4,2020-08-14 07:30:00,White,,,,,,0.0
39099,275,2,0.0,30.1,Toastie,1,Kitchen,8.0,4,BACON,8.0,2024-01-14 08:58:04,White,Tomato Sauce,,,,,0.0
39099,275,2,0.0,30.1,Toasted Roll,1,Kitchen,9.0,3,BACON-EGG,9.0,2024-01-14 08:58:04,,Tomato Sauce,,,,,0.0
6679,69,2,0.0,30.1,Toasted Roll,1,Kitchen,10.5,3,BACON-EGG,7.0,2020-08-26 08:30:40,,"Tomato Sauce, Avocado, Hash Brown",,,,,3.5
6679,69,2,0.0,30.1,Toasted Roll,1,Kitchen,10.5,4,BACON-EGG,7.0,2020-08-26 08:30:40,,"Tomato Sauce, Avocado, Hash Brown",,,,,3.5
14014,92,2,0.0,30.1,Toasted Roll,1,Kitchen,9.5,3,BACON-EGG-CHEESE,8.0,2021-07-15 07:29:51,,"Tomato Sauce, Avocado",,,,,1.5
14014,92,2,0.0,30.1,Toasted Roll,1,Kitchen,10.0,4,BACON-EGG-CHEESE,8.0,2021-07-15 07:29:51,,"BBQ Sauce, Hash Brown, Salt and Pepper",,,,,2.0
24698,651,2,0.0,30.1,Toasted Roll,1,Kitchen,8.0,4,BACON-EGG,8.0,2022-08-31 08:13:27,,Tomato Sauce,,,,,0.0
5871,231,2,0.0,30.1,Toastie,1,Kitchen,8.0,3,HAM-CHEESE-TOMATO,8.0,2020-07-20 12:08:51,White,Tomato Sauce,,,,,0.0
5871,231,2,0.0,30.1,Big Breakfast,1,Kitchen,16.2,1,SCRAMBLED,16.2,2020-07-20 12:08:51,White,Hollandaise,,,,,0.0
35006,747,2,0.0,30.1,Toasted Roll,1,Kitchen,9.0,5,BACON-EGG,9.0,2023-08-25 07:20:31,,BBQ Sauce,,,,,0.0
34926,811,2,0.0,42.9,Hot Potatoes,1,Kitchen,15.9,1,COLESLAW,12.9,2023-08-22 14:15:26,,Bacon,,,,,3.0
7302,12,2,0.0,55.7,Toastie,1,Kitchen,8.4,4,CHICKEN-SCHNITZEL-CHEESE-LETTUCE,8.4,2020-09-18 11:53:08,White,Tomato Sauce,,,,,0.0
7302,12,2,0.0,55.7,Toastie,1,Kitchen,10.9,5,CHICKEN-SCHNITZEL-CHEESE-LETTUCE,8.4,2020-09-18 11:53:08,Sourdough,"Avocado, Salt and Pepper",,,,,2.5
14743,10,2,0.0,12.2,Build Your Own Breakfast,1,Kitchen,7.9,1,SCRAMBLED,7.9,2021-08-13 08:09:20,White,"Bacon, Hollandaise, Sauteed Mushrooms",,,,,0.0
13900,14,2,0.0,12.2,Build Your Own Breakfast,1,Kitchen,7.9,1,POACHED,7.9,2021-07-09 09:13:02,White,"Bacon, Hollandaise, Sauteed Mushrooms",,,,,0.0
3390,26,10,0.0,12.2,Toastie,1,Kitchen,8.0,2,BACON-EGG-CHEESE,8.0,2019-07-13 08:45:00,White,"BBQ Sauce, Salt and Pepper",,,,,0.0
40459,1342,0,0.0,12.2,Plain Toast,1,Kitchen,7.0,2,SOURDOUGH,6.5,2024-03-01 07:08:55,,Peanut Butter,,,,,0.5
3954,109,10,0.0,12.2,Toastie,1,Kitchen,8.0,2,HAM-CHEESE-TOMATO,8.0,2019-12-09 07:45:23,Dark Rye,Tomato Sauce,,,,,0.0
15745,409,2,0.0,12.2,Toastie,1,Kitchen,8.0,2,BACON-EGG-CHEESE,8.0,2021-09-17 08:32:18,White,Tomato Sauce,,,,,0.0
17938,233,2,0.0,12.2,Toasted Roll,1,Kitchen,8.0,2,BACON-EGG-CHEESE,8.0,2021-12-02 09:24:44,,Tomato Sauce,,,,,0.0
8971,13,2,0.0,25.0,Toasted Roll,1,Kitchen,8.0,3,BACON-EGG-CHEESE,8.0,2020-11-20 06:17:56,,"Tomato Sauce, Salt and Pepper",,,,,0.0
8971,13,2,0.0,25.0,Toasted Roll,1,Kitchen,7.0,4,BACON-EGG,7.0,2020-11-20 06:17:56,,BBQ Sauce,,,,,0.0
8236,13,2,0.0,25.0,Toasted Roll,1,Kitchen,8.0,3,BACON-EGG-CHEESE,8.0,2020-10-22 06:16:23,,Tomato Sauce,,,,,0.0
8236,13,2,0.0,25.0,Toasted Roll,1,Kitchen,7.0,4,BACON-EGG,7.0,2020-10-22 06:16:23,,BBQ Sauce,,,,,0.0
10187,14,2,0.0,25.0,Eggs and Bacon,1,Kitchen,10.9,2,SCRAMBLED,10.9,2021-01-24 08:45:00,White,,,,,,0.0
5368,44,2,0.0,25.0,Toasted Roll,1,Kitchen,7.0,3,BACON-EGG,7.0,2020-06-20 08:19:32,,Tomato Sauce,,,,,0.0
5368,44,2,0.0,25.0,Toastie,1,Kitchen,8.0,4,HAM-CHEESE-TOMATO,8.0,2020-06-20 08:19:32,White,Tomato Sauce,,,,,0.0
10078,577,2,0.0,25.0,Toasted Roll,1,Kitchen,8.0,4,BACON-EGG-CHEESE,8.0,2021-01-17 11:59:12,,BBQ Sauce,,,,,0.0
10873,583,0,0.0,25.0,Toasted Roll,1,Kitchen,7.0,1,BACON-EGG,7.0,2021-02-27 10:30:00,,Tomato Sauce,,,,,0.0
10873,583,0,0.0,25.0,Toasted Roll,1,Kitchen,8.0,2,BACON-EGG-CHEESE,8.0,2021-02-27 10:30:00,,Tomato Sauce,,,,,0.0
10873,583,0,0.0,25.0,Toasted Roll,1,Kitchen,10.0,3,HAM-CHEESE-TOMATO,8.0,2021-02-27 10:30:00,,Hash Brown,,,,,2.0
37664,1609,2,0.0,25.0,Big Breakfast,1,Kitchen,20.5,1,POACHED,20.5,2023-11-17 06:19:36,Multigrain,Hollandaise,,,,,0.0
17423,341,2,0.0,25.0,Toasted Roll,1,Kitchen,8.0,3,BACON-EGG-CHEESE,8.0,2021-11-13 09:49:54,,"BBQ Sauce, Salt and Pepper",,,,,0.0
17423,341,2,0.0,25.0,Toastie,1,Kitchen,7.0,4,BACON-CHEESE,7.0,2021-11-13 09:49:54,White,Tomato Sauce,,,,,0.0
7644,341,2,0.0,25.0,Toastie,1,Kitchen,7.0,4,BACON-CHEESE,7.0,2020-10-01 09:17:30,Multigrain,Tomato Sauce,,,,,0.0
7644,341,2,0.0,25.0,Toasted Roll,1,Kitchen,8.0,3,BACON-EGG-CHEESE,8.0,2020-10-01 09:17:30,,"BBQ Sauce, Salt and Pepper",,,,,0.0
7575,341,2,0.0,25.0,Toasted Roll,1,Kitchen,8.0,3,BACON-EGG-CHEESE,8.0,2020-09-28 11:11:39,,BBQ Sauce,,,,,0.0
7575,341,2,0.0,25.0,Toastie,1,Kitchen,7.0,4,BACON-CHEESE,7.0,2020-09-28 11:11:39,Multigrain,Tomato Sauce,,,,,0.0
7399,341,2,0.0,25.0,Toastie,1,Kitchen,7.0,4,BACON-CHEESE,7.0,2020-09-22 09:54:53,Multigrain,Tomato Sauce,,,,,0.0
7399,341,2,0.0,25.0,Toasted Roll,1,Kitchen,8.0,3,BACON-EGG-CHEESE,8.0,2020-09-22 09:54:53,,BBQ Sauce,,,,,0.0
7270,341,2,0.0,25.0,Toastie,1,Kitchen,7.0,4,BACON-CHEESE,7.0,2020-09-17 10:22:52,Dark Rye,Tomato Sauce,,,,,0.0
7270,341,2,0.0,25.0,Toasted Roll,1,Kitchen,8.0,3,BACON-EGG-CHEESE,8.0,2020-09-17 10:22:52,,BBQ Sauce,,,,,0.0
7037,341,2,0.0,25.0,Toasted Roll,1,Kitchen,8.0,3,BACON-EGG-CHEESE,8.0,2020-09-08 09:54:06,,BBQ Sauce,,,,,0.0
7037,341,2,0.0,25.0,Toastie,1,Kitchen,7.0,4,BACON-CHEESE,7.0,2020-09-08 09:54:06,Multigrain,Tomato Sauce,,,,,0.0
6922,341,2,0.0,25.0,Toastie,1,Kitchen,7.0,4,BACON-CHEESE,7.0,2020-09-04 10:38:14,White,Tomato Sauce,,,,,0.0
6922,341,2,0.0,25.0,Toasted Roll,1,Kitchen,8.0,3,BACON-EGG-CHEESE,8.0,2020-09-04 10:38:14,,BBQ Sauce,,,,,0.0
15489,856,2,0.0,25.0,(Main) Pasta,1,Kitchen,13.0,1,SPAGBOLG,13.0,2021-09-08 12:02:50,,,,,Gnocchi,,0.0
15305,107,2,0.0,25.0,Toastie,1,Kitchen,7.0,4,BACON-EGG,7.0,2021-09-02 09:31:16,White,Salt and Pepper,,,,,0.0
30417,620,2,0.0,25.0,Muffin,1,Kitchen,3.9,5,ORANGE-POPPYSEED,3.9,2023-03-30 09:15:00,,,No,,,,0.0
33443,642,2,0.0,25.0,Toastie,1,Kitchen,9.5,4,HAM-CHEESE-TOMATO,9.5,2023-07-07 09:00:00,White,Tomato Sauce,,,,,0.0
22796,651,2,0.0,25.0,Toastie,1,Kitchen,7.0,4,BACON-EGG,7.0,2022-06-22 08:09:56,White,BBQ Sauce,,,,,0.0
18913,651,1,0.0,25.0,Toasted Roll,1,Kitchen,7.0,3,BACON-EGG,7.0,2022-01-26 10:28:12,,Tomato Sauce,,,,,0.0
18913,651,1,0.0,25.0,Toasted Roll,1,Kitchen,7.0,4,BACON-EGG,7.0,2022-01-26 10:28:12,,Tomato Sauce,,,,,0.0
22085,446,2,0.0,25.0,Toasted Roll,1,Kitchen,7.0,5,BACON-EGG,7.0,2022-05-26 08:58:41,,BBQ Sauce,,,,,0.0
22138,451,2,0.0,25.0,Toasted Roll,1,Kitchen,7.0,3,BACON-EGG,7.0,2022-05-28 09:00:53,,BBQ Sauce,,,,,0.0
22138,451,2,0.0,25.0,Toasted Roll,1,Kitchen,7.0,4,BACON-EGG,7.0,2022-05-28 09:00:53,,BBQ Sauce,,,,,0.0
10336,250,2,0.0,25.0,Toasted Roll,1,Kitchen,7.0,4,BACON-EGG,7.0,2021-01-31 13:15:00,,"BBQ Sauce, Salt and Pepper",,,,,0.0
21251,1152,2,0.0,37.8,Toastie,1,Kitchen,7.0,4,HAM-CHEESE,7.0,2022-04-26 08:45:00,White,Tomato Sauce,,,,,0.0
21251,1152,2,0.0,37.8,Toastie,1,Kitchen,7.0,5,HAM-CHEESE,7.0,2022-04-26 08:45:00,White,Tomato Sauce,,,,,0.0
21251,1152,2,0.0,37.8,Toastie,1,Kitchen,7.0,6,HAM-CHEESE,7.0,2022-04-26 08:45:00,White,Tomato Sauce,,,,,0.0
4378,5,10,0.0,421.8,French Toast with Streaky Bacon,1,Kitchen,14.4,17,GF,12.4,2020-03-20 06:00:00,,,,"No Mable Syrup, Hashbrown",,,2.0
4378,5,10,0.0,421.8,Traditional Bacon with Eggs Your Way,1,Kitchen,12.9,27,SUNNY,10.4,2020-03-20 06:00:00,Gluten Free,,,,,,2.5
4378,5,10,0.0,421.8,Big Breakfast,1,Kitchen,65.2,6,SUNNY,16.2,2020-03-20 06:00:00,Gluten Free,"Extra Egg, Bacon, Grilled Tomato, Hollandaise, Hash Brown, Spanish Chorizo, Smashed Avo and Feta, Sauteed Mushrooms, Avocado, Baby Spinach, Halloumi, Baked Beans, Smoked Salmon, Pulled Pork",,,,,49.0
4378,5,10,0.0,421.8,Build Your Own Breakfast,1,Kitchen,56.9,8,SUNNY,7.9,2020-03-20 06:00:00,Gluten Free,"Extra Egg, Bacon, Grilled Tomato, Hollandaise, Hash Brown, Spanish Chorizo, Smashed Avo and Feta, Sauteed Mushrooms, Avocado, Baby Spinach, Halloumi, Baked Beans, Smoked Salmon, Pulled Pork",,,,,49.0
4378,5,10,0.0,421.8,(Main) Pasta,1,Kitchen,12.9,3,SPAGNAPOLI,12.9,2020-03-20 06:00:00,,,,,Spaghetti,,0.0
4378,5,10,0.0,421.8,(Main) Pasta,1,Kitchen,12.9,4,SPAGBOLG,12.9,2020-03-20 06:00:00,,,,,Gnocchi,,0.0
4378,5,10,0.0,421.8,(Entree) Pasta,1,Kitchen,11.9,1,EFUNGHI,11.9,2020-03-20 06:00:00,,,,,Spaghetti,,0.0
4378,5,10,0.0,421.8,(Entree) Pasta,1,Kitchen,13.9,2,MONALISA,13.9,2020-03-20 06:00:00,,,,,Fettuccini,,0.0
27892,13,2,0.0,19.9,Toasted Roll,1,Kitchen,9.0,3,BACON-EGG-CHEESE,9.0,2022-12-19 10:23:24,,"Tomato Sauce, Salt and Pepper",,,,,0.0
32763,324,2,0.0,19.9,Toastie,1,Kitchen,9.5,3,HAM-CHEESE-TOMATO,9.5,2023-06-14 14:27:08,White,Tomato Sauce,,,,,0.0
13547,324,2,0.0,19.9,Toastie,1,Kitchen,9.4,3,CHICKEN-SCHNITZEL-CHEESE-LETTUCE,8.4,2021-06-23 13:10:35,Sourdough,Tomato Sauce,,,,,1.0
9035,324,2,0.0,19.9,Toastie,1,Kitchen,9.9,3,CHICKEN-SCHNITZEL-CHEESE-LETTUCE,8.4,2020-11-22 12:22:33,White,Avocado,,,,,1.5
36252,1153,2,0.0,19.9,Toasted Roll,1,Kitchen,9.0,3,BACON-EGG,9.0,2023-10-03 08:38:37,,BBQ Sauce,,,,,0.0
35365,1153,2,0.0,19.9,Toastie,1,Kitchen,9.0,3,HAM-CHEESE,9.0,2023-09-05 08:56:49,White,Tomato Sauce,,,,,0.0
32408,651,2,0.0,19.9,Toastie,1,Kitchen,9.5,3,BACON-EGG-CHEESE,9.5,2023-06-03 08:06:28,Multigrain,Tomato Sauce,,,,,0.0
29671,651,2,0.0,19.9,Toastie,1,Kitchen,9.5,3,BACON-EGG-CHEESE,9.5,2023-03-06 07:32:19,White,"Tomato Sauce, Salt and Pepper",,,,,0.0
39330,1255,2,0.0,19.9,Toastie,1,Kitchen,10.5,3,BACON-EGG-CHEESE,10.5,2024-01-23 08:44:10,Multigrain,Tomato Sauce,,,,,0.0
27857,234,2,0.0,19.9,Muffin,1,Kitchen,3.9,4,RASPBERRY-WHITECHOC,3.9,2022-12-18 10:03:52,,,Yes,,,,0.0
27174,234,2,0.0,19.9,Muffin,1,Kitchen,3.9,4,CHOC-MUD,3.9,2022-11-26 09:40:25,,,Yes,,,,0.0
26764,234,2,0.0,19.9,Muffin,1,Kitchen,3.9,4,CHOC-MUD,3.9,2022-11-13 09:49:29,,,Yes,,,,0.0
10971,521,2,0.0,32.7,Croissant,1,Kitchen,9.0,5,BACON-EGG-CHEESE,9.0,2021-03-04 14:08:13,,Salt and Pepper,,,,,0.0
19763,873,2,0.0,32.7,Big Breakfast,1,Kitchen,18.2,1,POACHED,17.2,2022-02-27 10:54:27,Sourdough,Hollandaise,,,,,1.0
22983,1148,2,0.0,32.7,Toasted Roll,1,Kitchen,9.0,7,BACON-EGG,7.0,2022-06-29 09:01:37,,Hash Brown,,,,,2.0
18896,409,2,0.0,32.7,Toastie,1,Kitchen,8.0,3,BACON-EGG-CHEESE,8.0,2022-01-26 07:25:51,White,Tomato Sauce,,,,,0.0
18896,409,2,0.0,32.7,Toastie,1,Kitchen,8.0,4,BACON-EGG-CHEESE,8.0,2022-01-26 07:25:51,White,Tomato Sauce,,,,,0.0
18896,409,2,0.0,32.7,Toastie,1,Kitchen,8.0,5,BACON-EGG-CHEESE,8.0,2022-01-26 07:25:51,White,BBQ Sauce,,,,,0.0
19557,336,2,0.0,45.5,Toasted Roll,1,Kitchen,9.5,5,BACON-EGG-CHEESE,8.0,2022-02-19 12:10:29,,Avocado,,,,,1.5
19557,336,2,0.0,45.5,Toasted Roll,1,Kitchen,7.0,6,BACON-EGG,7.0,2022-02-19 12:10:29,,BBQ Sauce,,,,,0.0
15599,890,2,0.0,45.5,Eggs and Bacon,1,Kitchen,11.9,2,SUNNY,10.9,2021-09-12 09:58:57,Sourdough,,,,,,1.0
15599,890,2,0.0,45.5,Eggs Benedict,1,Kitchen,19.5,1,SALMON,17.5,2021-09-12 09:58:57,,,,Hashbrown,,,2.0
18533,757,2,0.0,58.3,Toastie,1,Kitchen,8.0,7,BACON-EGG-CHEESE,8.0,2022-01-08 10:00:00,White,Tomato Sauce,,,,,0.0
30648,231,2,1.81,19.91,Toastie,1,Kitchen,9.5,3,BACON-EGG-CHEESE,9.5,2023-04-07 07:05:48,White,Tomato Sauce,,,,,0.0
12367,517,2,0.0,14.8,Toastie,1,Kitchen,10.0,2,BACON-EGG-CHEESE,8.0,2021-05-09 07:35:22,Multigrain,Hash Brown,,,,,2.0
10382,517,2,0.0,14.8,Toastie,1,Kitchen,10.0,2,BACON-EGG-CHEESE,8.0,2021-02-03 06:00:00,Multigrain,"BBQ Sauce, Hash Brown",,,,,2.0
20048,1040,2,0.0,14.8,Toasted Roll,1,Kitchen,8.0,3,BACON-EGG-CHEESE,8.0,2022-03-09 09:00:00,,"Tomato Sauce, Salt and Pepper",,,,,0.0
15014,797,0,0.0,14.8,Toastie,1,Kitchen,10.0,2,BACON-EGG-CHEESE,8.0,2021-08-23 09:03:54,White,Hash Brown,,,,,2.0
14491,797,0,0.0,14.8,Toasted Roll,1,Kitchen,10.0,2,BACON-EGG-CHEESE,8.0,2021-08-03 09:39:49,,Hash Brown,,,,,2.0
40546,554,2,0.0,14.8,Toasted Roll,1,Kitchen,10.0,2,BACON-EGG-CHEESE,10.0,2024-03-03 10:44:05,,BBQ Sauce,,,,,0.0
14889,814,2,0.0,14.8,Toasted Roll,1,Kitchen,10.5,2,BACON-EGG,7.0,2021-08-19 07:37:08,,"Avocado, Hash Brown",,,,,3.5
9414,575,2,0.0,14.8,Toastie,1,Kitchen,10.0,2,HAM-CHEESE-TOMATO,8.0,2020-12-08 07:15:00,White,"Hash Brown, Salt and Pepper",,,,,2.0
18467,69,2,0.0,14.8,Toasted Roll,1,Kitchen,10.5,2,BACON-EGG,7.0,2021-12-23 07:23:34,,"Tomato Sauce, Avocado, Hash Brown",,,,,3.5
18421,69,2,0.0,14.8,Toasted Roll,1,Kitchen,10.5,2,BACON-EGG,7.0,2021-12-21 06:36:43,,"Tomato Sauce, Avocado, Hash Brown",,,,,3.5
18371,69,2,0.0,14.8,Toasted Roll,1,Kitchen,10.5,2,BACON-EGG,7.0,2021-12-19 08:51:38,,"Tomato Sauce, Avocado, Hash Brown",,,,,3.5
18315,69,2,0.0,14.8,Toasted Roll,1,Kitchen,10.5,2,BACON-EGG,7.0,2021-12-17 07:11:25,,"Tomato Sauce, Avocado, Hash Brown",,,,,3.5
18264,69,2,0.0,14.8,Toasted Roll,1,Kitchen,10.5,2,BACON-EGG,7.0,2021-12-15 06:16:39,,"Tomato Sauce, Avocado, Hash Brown",,,,,3.5
18246,69,2,0.0,14.8,Toasted Roll,1,Kitchen,10.5,2,BACON-EGG,7.0,2021-12-14 06:56:34,,"Tomato Sauce, Avocado, Hash Brown",,,,,3.5
18213,69,2,0.0,14.8,Toasted Roll,1,Kitchen,10.5,2,BACON-EGG,7.0,2021-12-13 06:03:19,,"Tomato Sauce, Avocado, Hash Brown",,,,,3.5
18181,69,2,0.0,14.8,Toasted Roll,1,Kitchen,10.5,2,BACON-EGG,7.0,2021-12-11 08:50:57,,"Tomato Sauce, Avocado, Hash Brown",,,,,3.5
18136,69,2,0.0,14.8,Toasted Roll,1,Kitchen,10.5,2,BACON-EGG,7.0,2021-12-10 07:21:18,,"Tomato Sauce, Avocado, Hash Brown",,,,,3.5
18024,69,2,0.0,14.8,Toasted Roll,1,Kitchen,10.5,2,BACON-EGG,7.0,2021-12-06 07:25:57,,"Tomato Sauce, Avocado, Hash Brown",,,,,3.5
17930,69,2,0.0,14.8,Toasted Roll,1,Kitchen,10.5,2,BACON-EGG,7.0,2021-12-02 06:59:45,,"Tomato Sauce, Avocado, Hash Brown",,,,,3.5
17811,69,2,0.0,14.8,Toasted Roll,1,Kitchen,10.5,2,BACON-EGG,7.0,2021-11-27 10:15:05,,"Tomato Sauce, Avocado, Hash Brown",,,,,3.5
17740,69,2,0.0,14.8,Toasted Roll,1,Kitchen,10.5,2,BACON-EGG,7.0,2021-11-25 06:43:54,,"Tomato Sauce, Avocado, Hash Brown",,,,,3.5
17707,69,2,0.0,14.8,Toasted Roll,1,Kitchen,10.5,2,BACON-EGG,7.0,2021-11-24 06:44:39,,"Tomato Sauce, Avocado, Hash Brown",,,,,3.5
17654,69,2,0.0,14.8,Toasted Roll,1,Kitchen,10.5,2,BACON-EGG,7.0,2021-11-22 06:04:46,,"Tomato Sauce, Avocado, Hash Brown",,,,,3.5
17645,69,2,0.0,14.8,Toasted Roll,1,Kitchen,10.5,2,BACON-EGG,7.0,2021-11-21 10:06:02,,"Tomato Sauce, Avocado, Hash Brown",,,,,3.5
17563,69,2,0.0,14.8,Toasted Roll,1,Kitchen,10.5,2,BACON-EGG,7.0,2021-11-19 06:01:24,,"Tomato Sauce, Avocado, Hash Brown",,,,,3.5
17513,69,2,0.0,14.8,Toasted Roll,1,Kitchen,10.5,2,BACON-EGG,7.0,2021-11-17 06:10:23,,"Tomato Sauce, Avocado, Hash Brown",,,,,3.5
17458,69,2,0.0,14.8,Toasted Roll,1,Kitchen,10.5,2,BACON-EGG,7.0,2021-11-15 07:04:10,,"Tomato Sauce, Avocado, Hash Brown",,,,,3.5
17369,69,2,0.0,14.8,Toasted Roll,1,Kitchen,10.5,2,BACON-EGG,7.0,2021-11-12 06:34:44,,"Tomato Sauce, Avocado, Hash Brown",,,,,3.5
17338,69,2,0.0,14.8,Toasted Roll,1,Kitchen,10.5,2,BACON-EGG,7.0,2021-11-11 06:16:40,,"Tomato Sauce, Avocado, Hash Brown",,,,,3.5
17146,69,2,0.0,14.8,Toasted Roll,1,Kitchen,10.5,2,BACON-EGG,7.0,2021-11-04 06:00:50,,"Tomato Sauce, Avocado, Hash Brown",,,,,3.5
17101,69,2,0.0,14.8,Toasted Roll,1,Kitchen,10.5,2,BACON-EGG,7.0,2021-11-02 08:53:45,,"Tomato Sauce, Avocado, Hash Brown",,,,,3.5
17067,69,2,0.0,14.8,Toasted Roll,1,Kitchen,10.5,2,BACON-EGG,7.0,2021-11-01 06:54:16,,"Tomato Sauce, Avocado, Hash Brown",,,,,3.5
17057,69,2,0.0,14.8,Toasted Roll,1,Kitchen,10.5,2,BACON-EGG,7.0,2021-10-31 09:57:20,,"Tomato Sauce, Avocado, Hash Brown",,,,,3.5
17004,69,2,0.0,14.8,Toasted Roll,1,Kitchen,10.5,2,BACON-EGG,7.0,2021-10-29 08:17:59,,"Tomato Sauce, Avocado, Hash Brown",,,,,3.5
16926,69,2,0.0,14.8,Toasted Roll,1,Kitchen,10.5,2,BACON-EGG,7.0,2021-10-27 06:06:03,,"Tomato Sauce, Avocado, Hash Brown",,,,,3.5
16687,69,2,0.0,14.8,Toasted Roll,1,Kitchen,10.5,2,BACON-EGG,7.0,2021-10-18 07:35:40,,"Tomato Sauce, Avocado, Hash Brown",,,,,3.5
16575,69,2,0.0,14.8,Toasted Roll,1,Kitchen,10.5,2,BACON-EGG,7.0,2021-10-15 06:22:21,,"Tomato Sauce, Avocado, Hash Brown",,,,,3.5
15779,69,2,0.0,14.8,Toasted Roll,1,Kitchen,10.5,2,BACON-EGG,7.0,2021-09-18 09:23:11,,"Tomato Sauce, Avocado, Hash Brown",,,,,3.5
15473,69,2,0.0,14.8,Toasted Roll,1,Kitchen,10.5,2,BACON-EGG,7.0,2021-09-08 07:17:16,,"Tomato Sauce, Avocado, Hash Brown",,,,,3.5
15357,69,2,0.0,14.8,Toasted Roll,1,Kitchen,10.5,2,BACON-EGG,7.0,2021-09-04 08:42:51,,"Tomato Sauce, Avocado, Hash Brown",,,,,3.5
15290,69,2,0.0,14.8,Toasted Roll,1,Kitchen,10.5,2,BACON-EGG,7.0,2021-09-02 06:26:19,,"Tomato Sauce, Avocado, Hash Brown",,,,,3.5
15207,69,2,0.0,14.8,Toasted Roll,1,Kitchen,10.5,2,BACON-EGG,7.0,2021-08-30 06:29:28,,"Tomato Sauce, Avocado, Hash Brown",,,,,3.5
15150,69,2,0.0,14.8,Toasted Roll,1,Kitchen,10.5,2,BACON-EGG,7.0,2021-08-28 08:25:21,,"Tomato Sauce, Avocado, Hash Brown",,,,,3.5
15005,69,2,0.0,14.8,Toasted Roll,1,Kitchen,10.5,2,BACON-EGG,7.0,2021-08-23 07:10:10,,"Tomato Sauce, Avocado, Hash Brown",,,,,3.5
14840,69,2,0.0,14.8,Toasted Roll,1,Kitchen,10.5,2,BACON-EGG,7.0,2021-08-17 06:19:33,,"Tomato Sauce, Avocado, Hash Brown",,,,,3.5
14620,69,2,0.0,14.8,Toasted Roll,1,Kitchen,10.5,2,BACON-EGG,7.0,2021-08-08 09:44:13,,"Tomato Sauce, Avocado, Hash Brown",,,,,3.5
14316,69,2,0.0,14.8,Toasted Roll,1,Kitchen,10.5,2,BACON-EGG,7.0,2021-07-27 06:09:54,,"Tomato Sauce, Avocado, Hash Brown",,,,,3.5
14242,69,2,0.0,14.8,Toasted Roll,1,Kitchen,10.5,2,BACON-EGG,7.0,2021-07-24 08:49:03,,"Tomato Sauce, Avocado, Hash Brown",,,,,3.5
14175,69,2,0.0,14.8,Toasted Roll,1,Kitchen,10.5,2,BACON-EGG,7.0,2021-07-22 06:12:01,,"Tomato Sauce, Avocado, Hash Brown",,,,,3.5
14156,69,2,0.0,14.8,Toasted Roll,1,Kitchen,10.5,2,BACON-EGG,7.0,2021-07-21 06:00:10,,"Tomato Sauce, Avocado, Hash Brown",,,,,3.5
14011,69,2,0.0,14.8,Toasted Roll,1,Kitchen,10.5,2,BACON-EGG,7.0,2021-07-15 06:22:26,,"Tomato Sauce, Avocado, Hash Brown",,,,,3.5
13995,69,2,0.0,14.8,Toasted Roll,1,Kitchen,10.5,2,BACON-EGG,7.0,2021-07-14 06:16:31,,"Tomato Sauce, Avocado, Hash Brown",,,,,3.5
13952,69,2,0.0,14.8,Toasted Roll,1,Kitchen,10.5,2,BACON-EGG,7.0,2021-07-12 06:23:06,,"Tomato Sauce, Avocado, Hash Brown",,,,,3.5
13886,69,2,0.0,14.8,Toasted Roll,1,Kitchen,10.5,2,BACON-EGG,7.0,2021-07-09 06:42:55,,"Tomato Sauce, Avocado, Hash Brown",,,,,3.5
13729,69,2,0.0,14.8,Toasted Roll,1,Kitchen,10.5,2,BACON-EGG,7.0,2021-07-02 06:18:26,,"Tomato Sauce, Avocado, Hash Brown",,,,,3.5
13641,69,2,0.0,14.8,Toasted Roll,1,Kitchen,10.5,2,BACON-EGG,7.0,2021-06-28 06:21:32,,"Tomato Sauce, Avocado, Hash Brown",,,,,3.5
13298,69,2,0.0,14.8,Toasted Roll,1,Kitchen,10.5,2,BACON-EGG,7.0,2021-06-14 08:54:08,,"Tomato Sauce, Avocado, Hash Brown",,,,,3.5
12648,69,2,0.0,14.8,Toasted Roll,1,Kitchen,10.5,2,BACON-EGG,7.0,2021-05-21 07:16:16,,"Tomato Sauce, Avocado, Hash Brown",,,,,3.5
12627,69,2,0.0,14.8,Toasted Roll,1,Kitchen,10.5,2,BACON-EGG,7.0,2021-05-20 06:59:43,,"Tomato Sauce, Avocado, Hash Brown",,,,,3.5
12610,69,2,0.0,14.8,Toasted Roll,1,Kitchen,10.5,2,BACON-EGG,7.0,2021-05-19 07:05:20,,"Tomato Sauce, Avocado, Hash Brown",,,,,3.5
12588,69,2,0.0,14.8,Toasted Roll,1,Kitchen,10.5,2,BACON-EGG,7.0,2021-05-18 07:02:57,,"Tomato Sauce, Avocado, Hash Brown",,,,,3.5
12554,69,2,0.0,14.8,Toasted Roll,1,Kitchen,10.5,2,BACON-EGG,7.0,2021-05-16 09:22:07,,"Tomato Sauce, Avocado, Hash Brown",,,,,3.5
12532,69,2,0.0,14.8,Toasted Roll,1,Kitchen,10.5,2,BACON-EGG,7.0,2021-05-15 08:41:27,,"Tomato Sauce, Avocado, Hash Brown",,,,,3.5
12505,69,2,0.0,14.8,Toasted Roll,1,Kitchen,10.5,2,BACON-EGG,7.0,2021-05-14 07:05:35,,"Tomato Sauce, Avocado, Hash Brown",,,,,3.5
12476,69,2,0.0,14.8,Toasted Roll,1,Kitchen,10.5,2,BACON-EGG,7.0,2021-05-13 06:40:15,,"Tomato Sauce, Avocado, Hash Brown",,,,,3.5
12429,69,2,0.0,14.8,Toasted Roll,1,Kitchen,10.5,2,BACON-EGG,7.0,2021-05-11 07:05:24,,"Tomato Sauce, Avocado, Hash Brown",,,,,3.5
12401,69,2,0.0,14.8,Toasted Roll,1,Kitchen,10.5,2,BACON-EGG,7.0,2021-05-10 07:21:15,,"Tomato Sauce, Avocado, Hash Brown",,,,,3.5
12321,69,2,0.0,14.8,Toasted Roll,1,Kitchen,10.5,2,BACON-EGG,7.0,2021-05-07 06:32:16,,"Tomato Sauce, Avocado, Hash Brown",,,,,3.5
12258,69,2,0.0,14.8,Toasted Roll,1,Kitchen,10.5,2,BACON-EGG,7.0,2021-05-05 06:29:38,,"Tomato Sauce, Avocado, Hash Brown",,,,,3.5
12187,69,2,0.0,14.8,Toasted Roll,1,Kitchen,10.5,2,BACON-EGG,7.0,2021-05-01 10:39:03,,"Tomato Sauce, Avocado, Hash Brown",,,,,3.5
12155,69,2,0.0,14.8,Toasted Roll,1,Kitchen,10.5,2,BACON-EGG,7.0,2021-04-30 06:57:12,,"Tomato Sauce, Avocado, Hash Brown",,,,,3.5
12133,69,2,0.0,14.8,Toasted Roll,1,Kitchen,10.5,2,BACON-EGG,7.0,2021-04-29 06:32:30,,"Tomato Sauce, Avocado, Hash Brown",,,,,3.5
12110,69,2,0.0,14.8,Toasted Roll,1,Kitchen,10.5,2,BACON-EGG,7.0,2021-04-28 07:25:47,,"Tomato Sauce, Avocado, Hash Brown",,,,,3.5
12085,69,2,0.0,14.8,Toasted Roll,1,Kitchen,10.5,2,BACON-EGG,7.0,2021-04-27 06:59:18,,"Tomato Sauce, Avocado, Hash Brown",,,,,3.5
12057,69,2,0.0,14.8,Toasted Roll,1,Kitchen,10.5,2,BACON-EGG,7.0,2021-04-26 06:36:30,,"Tomato Sauce, Avocado, Hash Brown",,,,,3.5
12010,69,2,0.0,14.8,Toasted Roll,1,Kitchen,10.5,2,BACON-EGG,7.0,2021-04-24 07:02:25,,"Tomato Sauce, Avocado, Hash Brown",,,,,3.5
11993,69,2,0.0,14.8,Toasted Roll,1,Kitchen,10.5,2,BACON-EGG,7.0,2021-04-23 06:52:57,,"Tomato Sauce, Avocado, Hash Brown",,,,,3.5
11947,69,2,0.0,14.8,Toasted Roll,1,Kitchen,10.5,2,BACON-EGG,7.0,2021-04-21 06:15:32,,"Tomato Sauce, Avocado, Hash Brown",,,,,3.5
11927,69,2,0.0,14.8,Toasted Roll,1,Kitchen,10.5,2,BACON-EGG,7.0,2021-04-20 06:09:30,,"Tomato Sauce, Avocado, Hash Brown",,,,,3.5
11908,69,2,0.0,14.8,Toasted Roll,1,Kitchen,10.5,2,BACON-EGG,7.0,2021-04-19 06:00:55,,"Tomato Sauce, Avocado, Hash Brown",,,,,3.5
11873,69,2,0.0,14.8,Toasted Roll,1,Kitchen,10.5,2,BACON-EGG,7.0,2021-04-17 09:08:32,,"Tomato Sauce, Avocado, Hash Brown",,,,,3.5
11838,69,2,0.0,14.8,Toasted Roll,1,Kitchen,10.5,2,BACON-EGG,7.0,2021-04-16 06:31:32,,"Tomato Sauce, Avocado, Hash Brown",,,,,3.5
11817,69,2,0.0,14.8,Toasted Roll,1,Kitchen,10.5,2,BACON-EGG,7.0,2021-04-15 07:08:56,,"Tomato Sauce, Avocado, Hash Brown",,,,,3.5
11794,69,2,0.0,14.8,Toasted Roll,1,Kitchen,10.5,2,BACON-EGG,7.0,2021-04-14 06:58:16,,"Tomato Sauce, Avocado, Hash Brown",,,,,3.5
11769,69,2,0.0,14.8,Toasted Roll,1,Kitchen,10.5,2,BACON-EGG,7.0,2021-04-13 06:41:22,,"Tomato Sauce, Avocado, Hash Brown",,,,,3.5
11720,69,2,0.0,14.8,Toasted Roll,1,Kitchen,10.5,2,BACON-EGG,7.0,2021-04-10 09:12:48,,"Tomato Sauce, Avocado, Hash Brown",,,,,3.5
11649,69,2,0.0,14.8,Toasted Roll,1,Kitchen,10.5,2,BACON-EGG,7.0,2021-04-07 06:06:03,,"Tomato Sauce, Avocado, Hash Brown",,,,,3.5
11583,69,2,0.0,14.8,Toasted Roll,1,Kitchen,10.5,2,BACON-EGG,7.0,2021-04-02 09:54:09,,"Tomato Sauce, Avocado, Hash Brown",,,,,3.5
11518,69,2,0.0,14.8,Toasted Roll,1,Kitchen,10.5,2,BACON-EGG,7.0,2021-03-31 06:00:20,,"Tomato Sauce, Avocado, Hash Brown",,,,,3.5
11460,69,2,0.0,14.8,Toasted Roll,1,Kitchen,10.5,2,BACON-EGG,7.0,2021-03-29 06:13:32,,"Tomato Sauce, Avocado, Hash Brown",,,,,3.5
11450,69,2,0.0,14.8,Toasted Roll,1,Kitchen,10.5,2,BACON-EGG,7.0,2021-03-28 10:36:04,,"Tomato Sauce, Avocado, Hash Brown",,,,,3.5
11400,69,2,0.0,14.8,Toasted Roll,1,Kitchen,10.5,2,BACON-EGG,7.0,2021-03-26 06:19:54,,"Tomato Sauce, Avocado, Hash Brown",,,,,3.5
11378,69,2,0.0,14.8,Toasted Roll,1,Kitchen,10.5,2,BACON-EGG,7.0,2021-03-25 06:22:11,,"Tomato Sauce, Avocado, Hash Brown",,,,,3.5
11341,69,2,0.0,14.8,Toasted Roll,1,Kitchen,10.5,2,BACON-EGG,7.0,2021-03-23 06:26:05,,"Tomato Sauce, Avocado, Hash Brown",,,,,3.5
11321,69,2,0.0,14.8,Toasted Roll,1,Kitchen,10.5,2,BACON-EGG,7.0,2021-03-22 07:13:23,,"Tomato Sauce, Avocado, Hash Brown",,,,,3.5
11257,69,2,0.0,14.8,Toasted Roll,1,Kitchen,10.5,2,BACON-EGG,7.0,2021-03-19 06:40:26,,"Tomato Sauce, Avocado, Hash Brown",,,,,3.5
11238,69,2,0.0,14.8,Toasted Roll,1,Kitchen,10.5,2,BACON-EGG,7.0,2021-03-18 06:12:21,,"Tomato Sauce, Avocado, Hash Brown",,,,,3.5
11218,69,2,0.0,14.8,Toasted Roll,1,Kitchen,10.5,2,BACON-EGG,7.0,2021-03-17 07:03:58,,"Tomato Sauce, Avocado, Hash Brown",,,,,3.5
11174,69,2,0.0,14.8,Toasted Roll,1,Kitchen,10.5,2,BACON-EGG,7.0,2021-03-15 06:23:21,,"Tomato Sauce, Avocado, Hash Brown",,,,,3.5
11109,69,2,0.0,14.8,Toasted Roll,1,Kitchen,10.5,2,BACON-EGG,7.0,2021-03-12 06:20:35,,"Tomato Sauce, Avocado, Hash Brown",,,,,3.5
11079,69,2,0.0,14.8,Toasted Roll,1,Kitchen,10.5,2,BACON-EGG,7.0,2021-03-11 06:19:02,,"Tomato Sauce, Avocado, Hash Brown",,,,,3.5
11059,69,2,0.0,14.8,Toasted Roll,1,Kitchen,10.5,2,BACON-EGG,7.0,2021-03-10 06:50:05,,"Tomato Sauce, Avocado, Hash Brown",,,,,3.5
9768,69,0,0.0,14.8,Toasted Roll,1,Kitchen,10.5,2,BACON-EGG,7.0,2020-12-24 07:00:00,,"Tomato Sauce, Avocado, Hash Brown",,,,,3.5
9753,69,2,0.0,14.8,Toasted Roll,1,Kitchen,10.5,2,BACON-EGG,7.0,2020-12-23 06:15:37,,"Tomato Sauce, Avocado, Hash Brown",,,,,3.5
9707,69,2,0.0,14.8,Toasted Roll,1,Kitchen,10.5,2,BACON-EGG,7.0,2020-12-21 06:29:19,,"Tomato Sauce, Avocado, Hash Brown",,,,,3.5
9645,69,2,0.0,14.8,Toasted Roll,1,Kitchen,10.5,2,BACON-EGG,7.0,2020-12-18 06:12:37,,"Tomato Sauce, Avocado, Hash Brown",,,,,3.5
9596,69,2,0.0,14.8,Toasted Roll,1,Kitchen,10.5,2,BACON-EGG,7.0,2020-12-16 06:18:04,,"Tomato Sauce, Avocado, Hash Brown",,,,,3.5
9554,69,2,0.0,14.8,Toasted Roll,1,Kitchen,10.5,2,BACON-EGG,7.0,2020-12-14 06:09:58,,"Tomato Sauce, Avocado, Hash Brown",,,,,3.5
9490,69,2,0.0,14.8,Toasted Roll,1,Kitchen,10.5,2,BACON-EGG,7.0,2020-12-11 06:25:45,,"Tomato Sauce, Avocado, Hash Brown",,,,,3.5
9463,69,2,0.0,14.8,Toasted Roll,1,Kitchen,10.5,2,BACON-EGG,7.0,2020-12-10 06:05:43,,"Tomato Sauce, Avocado, Hash Brown",,,,,3.5
9440,69,2,0.0,14.8,Toasted Roll,1,Kitchen,10.5,2,BACON-EGG,7.0,2020-12-09 06:44:57,,"Tomato Sauce, Avocado, Hash Brown",,,,,3.5
9381,69,2,0.0,14.8,Toasted Roll,1,Kitchen,10.5,2,BACON-EGG,7.0,2020-12-07 06:30:42,,"Tomato Sauce, Avocado, Hash Brown",,,,,3.5
9312,69,2,0.0,14.8,Toasted Roll,1,Kitchen,10.5,2,BACON-EGG,7.0,2020-12-04 06:39:24,,"Tomato Sauce, Avocado, Hash Brown",,,,,3.5
9264,69,2,0.0,14.8,Toasted Roll,1,Kitchen,10.5,2,BACON-EGG,7.0,2020-12-02 06:43:59,,"Tomato Sauce, Avocado, Hash Brown",,,,,3.5
9237,69,2,0.0,14.8,Toasted Roll,1,Kitchen,10.5,2,BACON-EGG,7.0,2020-12-01 06:53:40,,"Tomato Sauce, Avocado, Hash Brown",,,,,3.5
9212,69,2,0.0,14.8,Toasted Roll,1,Kitchen,10.5,2,BACON-EGG,7.0,2020-11-30 06:31:31,,"Tomato Sauce, Avocado, Hash Brown",,,,,3.5
9143,69,2,0.0,14.8,Toasted Roll,1,Kitchen,10.5,2,BACON-EGG,7.0,2020-11-27 06:45:25,,"Tomato Sauce, Avocado, Hash Brown",,,,,3.5
9121,69,2,0.0,14.8,Toasted Roll,1,Kitchen,10.5,2,BACON-EGG,7.0,2020-11-26 06:07:29,,"Tomato Sauce, Avocado, Hash Brown",,,,,3.5
9042,69,2,0.0,14.8,Toasted Roll,1,Kitchen,10.5,2,BACON-EGG,7.0,2020-11-23 06:11:38,,"Tomato Sauce, Avocado, Hash Brown",,,,,3.5
8970,69,2,0.0,14.8,Toasted Roll,1,Kitchen,10.5,2,BACON-EGG,7.0,2020-11-20 06:04:47,,"Tomato Sauce, Avocado, Hash Brown",,,,,3.5
8951,69,2,0.0,14.8,Toasted Roll,1,Kitchen,10.5,2,BACON-EGG,7.0,2020-11-19 06:04:55,,"Tomato Sauce, Avocado, Hash Brown",,,,,3.5
8922,69,2,0.0,14.8,Toasted Roll,1,Kitchen,10.5,2,BACON-EGG,7.0,2020-11-18 06:01:57,,"Tomato Sauce, Avocado, Hash Brown",,,,,3.5
8921,69,2,0.0,14.8,Toasted Roll,1,Kitchen,10.5,2,BACON-EGG,7.0,2020-11-17 06:22:06,,"Tomato Sauce, Avocado, Hash Brown",,,,,3.5
8830,69,2,0.0,14.8,Toasted Roll,1,Kitchen,10.5,2,BACON-EGG,7.0,2020-11-13 06:16:59,,"Tomato Sauce, Avocado, Hash Brown",,,,,3.5
8803,69,2,0.0,14.8,Toasted Roll,1,Kitchen,10.5,2,BACON-EGG,7.0,2020-11-12 06:27:39,,"Tomato Sauce, Avocado, Hash Brown",,,,,3.5
8772,69,2,0.0,14.8,Toasted Roll,1,Kitchen,10.5,2,BACON-EGG,7.0,2020-11-11 06:47:37,,"Tomato Sauce, Avocado, Hash Brown",,,,,3.5
8751,69,2,0.0,14.8,Toasted Roll,1,Kitchen,10.5,2,BACON-EGG,7.0,2020-11-10 06:10:29,,"Tomato Sauce, Avocado, Hash Brown",,,,,3.5
8465,69,2,0.0,14.8,Toasted Roll,1,Kitchen,10.5,2,BACON-EGG,7.0,2020-10-30 06:27:36,,"Tomato Sauce, Avocado, Hash Brown",,,,,3.5
8408,69,2,0.0,14.8,Toasted Roll,1,Kitchen,10.5,2,BACON-EGG,7.0,2020-10-28 07:05:24,,"Tomato Sauce, Avocado, Hash Brown",,,,,3.5
8035,69,2,0.0,14.8,Toasted Roll,1,Kitchen,10.5,2,BACON-EGG,7.0,2020-10-16 06:11:48,,"Tomato Sauce, Avocado, Hash Brown",,,,,3.5
8006,69,2,0.0,14.8,Toasted Roll,1,Kitchen,10.5,2,BACON-EGG,7.0,2020-10-15 06:53:59,,"Tomato Sauce, Avocado, Hash Brown",,,,,3.5
7938,69,2,0.0,14.8,Toasted Roll,1,Kitchen,10.5,2,BACON-EGG,7.0,2020-10-13 06:25:10,,"Tomato Sauce, Avocado, Hash Brown",,,,,3.5
7782,69,2,0.0,14.8,Toasted Roll,1,Kitchen,10.5,2,BACON-EGG,7.0,2020-10-07 06:40:10,,"Tomato Sauce, Avocado, Hash Brown",,,,,3.5
7602,69,2,0.0,14.8,Toasted Roll,1,Kitchen,10.5,2,BACON-EGG,7.0,2020-09-30 06:52:14,,"Tomato Sauce, Avocado, Hash Brown",,,,,3.5
7446,69,2,0.0,14.8,Toasted Roll,1,Kitchen,10.5,2,BACON-EGG,7.0,2020-09-24 06:13:39,,"Tomato Sauce, Avocado, Hash Brown",,,,,3.5
7280,69,2,0.0,14.8,Toasted Roll,1,Kitchen,10.5,2,BACON-EGG,7.0,2020-09-18 06:08:37,,"Tomato Sauce, Avocado, Hash Brown",,,,,3.5
7203,69,2,0.0,14.8,Toasted Roll,1,Kitchen,10.5,2,BACON-EGG,7.0,2020-09-15 06:08:46,,"Tomato Sauce, Avocado, Hash Brown",,,,,3.5
7094,69,2,0.0,14.8,Toasted Roll,1,Kitchen,10.5,2,BACON-EGG,7.0,2020-09-11 06:15:35,,"Tomato Sauce, Avocado, Hash Brown",,,,,3.5
7021,69,2,0.0,14.8,Toasted Roll,1,Kitchen,10.5,2,BACON-EGG,7.0,2020-09-08 06:18:09,,"Tomato Sauce, Avocado, Hash Brown",,,,,3.5
6904,69,2,0.0,14.8,Toasted Roll,1,Kitchen,10.5,2,BACON-EGG,7.0,2020-09-04 07:29:59,,"Tomato Sauce, Avocado, Hash Brown",,,,,3.5
6821,69,2,0.0,14.8,Toasted Roll,1,Kitchen,10.5,2,BACON-EGG,7.0,2020-09-01 06:31:53,,"Tomato Sauce, Avocado, Hash Brown",,,,,3.5
6795,69,2,0.0,14.8,Toasted Roll,1,Kitchen,10.5,2,BACON-EGG,7.0,2020-08-31 06:43:48,,"Tomato Sauce, Avocado, Hash Brown",,,,,3.5
6749,69,2,0.0,14.8,Toasted Roll,1,Kitchen,10.5,2,BACON-EGG,7.0,2020-08-29 09:50:09,,"Tomato Sauce, Avocado, Hash Brown",,,,,3.5
6643,69,2,0.0,14.8,Toasted Roll,1,Kitchen,10.5,2,BACON-EGG,7.0,2020-08-25 06:38:47,,"Tomato Sauce, Avocado, Hash Brown",,,,,3.5
6642,69,0,0.0,14.8,Toasted Roll,1,Kitchen,10.5,2,BACON-EGG,7.0,2020-08-25 06:36:52,,"Tomato Sauce, Avocado, Hash Brown",,,,,3.5
6620,69,2,0.0,14.8,Toasted Roll,1,Kitchen,10.5,2,BACON-EGG,7.0,2020-08-24 06:21:17,,"Tomato Sauce, Avocado, Hash Brown",,,,,3.5
6544,69,2,0.0,14.8,Toasted Roll,1,Kitchen,10.5,2,BACON-EGG,7.0,2020-08-21 06:22:35,,"Tomato Sauce, Avocado, Hash Brown",,,,,3.5
6381,69,2,0.0,14.8,Toasted Roll,1,Kitchen,10.5,2,BACON-EGG,7.0,2020-08-13 07:02:17,,"Tomato Sauce, Avocado, Hash Brown",,,,,3.5
6353,69,2,0.0,14.8,Toasted Roll,1,Kitchen,10.5,2,BACON-EGG,7.0,2020-08-12 06:40:23,,"Tomato Sauce, Avocado, Hash Brown",,,,,3.5
6330,69,2,0.0,14.8,Toasted Roll,1,Kitchen,10.5,2,BACON-EGG,7.0,2020-08-11 07:13:49,,"Tomato Sauce, Avocado, Hash Brown",,,,,3.5
6307,69,2,0.0,14.8,Toasted Roll,1,Kitchen,10.5,2,BACON-EGG,7.0,2020-08-10 06:39:04,,"Tomato Sauce, Avocado, Hash Brown",,,,,3.5
6233,69,2,0.0,14.8,Toasted Roll,1,Kitchen,10.5,2,BACON-EGG,7.0,2020-08-07 06:47:04,,"Tomato Sauce, Avocado, Hash Brown",,,,,3.5
6216,69,2,0.0,14.8,Toasted Roll,1,Kitchen,10.5,2,BACON-EGG,7.0,2020-08-06 06:52:18,,"Tomato Sauce, Avocado, Hash Brown",,,,,3.5
6195,69,2,0.0,14.8,Toasted Roll,1,Kitchen,10.5,2,BACON-EGG,7.0,2020-08-05 07:14:45,,"Tomato Sauce, Avocado, Hash Brown",,,,,3.5
6168,69,2,0.0,14.8,Toasted Roll,1,Kitchen,10.5,2,BACON-EGG,7.0,2020-08-04 06:42:29,,"Tomato Sauce, Avocado, Hash Brown",,,,,3.5
6158,69,2,0.0,14.8,Toasted Roll,1,Kitchen,10.5,2,BACON-EGG,7.0,2020-08-03 10:26:45,,"Tomato Sauce, Avocado, Hash Brown",,,,,3.5
6059,69,2,0.0,14.8,Toasted Roll,1,Kitchen,10.5,2,BACON-EGG,7.0,2020-07-30 06:35:01,,"Tomato Sauce, Avocado, Hash Brown",,,,,3.5
5963,69,2,0.0,14.8,Toasted Roll,1,Kitchen,10.5,2,BACON-EGG,7.0,2020-07-25 09:16:20,,"Tomato Sauce, Avocado, Hash Brown",,,,,3.5
5929,69,2,0.0,14.8,Toasted Roll,1,Kitchen,10.5,2,BACON-EGG,7.0,2020-07-24 07:37:40,,"Tomato Sauce, Avocado, Hash Brown",,,,,3.5
5912,69,2,0.0,14.8,Toasted Roll,1,Kitchen,10.5,2,BACON-EGG,7.0,2020-07-23 08:13:38,,"Tomato Sauce, Avocado, Hash Brown",,,,,3.5
5873,69,2,0.0,14.8,Toasted Roll,1,Kitchen,10.5,2,BACON-EGG,7.0,2020-07-21 07:15:59,,"Tomato Sauce, Avocado, Hash Brown",,,,,3.5
5856,69,2,0.0,14.8,Toasted Roll,1,Kitchen,10.5,2,BACON-EGG,7.0,2020-07-20 07:04:26,,"Tomato Sauce, Avocado, Hash Brown",,,,,3.5
5796,69,2,0.0,14.8,Toasted Roll,1,Kitchen,10.5,2,BACON-EGG,7.0,2020-07-17 06:59:07,,"Tomato Sauce, Avocado, Hash Brown",,,,,3.5
5770,69,2,0.0,14.8,Toasted Roll,1,Kitchen,10.5,2,BACON-EGG,7.0,2020-07-16 07:19:17,,"Tomato Sauce, Avocado, Hash Brown",,,,,3.5
5717,69,2,0.0,14.8,Toasted Roll,1,Kitchen,10.5,2,BACON-EGG,7.0,2020-07-13 08:23:12,,"Tomato Sauce, Avocado, Hash Brown",,,,,3.5
5639,69,2,0.0,14.8,Toasted Roll,1,Kitchen,10.5,2,BACON-EGG,7.0,2020-07-09 07:15:34,,"Tomato Sauce, Avocado, Hash Brown",,,,,3.5
5622,69,2,0.0,14.8,Toasted Roll,1,Kitchen,10.5,2,BACON-EGG,7.0,2020-07-08 07:14:49,,"Tomato Sauce, Avocado, Hash Brown",,,,,3.5
5589,69,2,0.0,14.8,Toasted Roll,1,Kitchen,10.5,2,BACON-EGG,7.0,2020-07-06 06:24:21,,"Tomato Sauce, Avocado, Hash Brown",,,,,3.5
5527,69,2,0.0,14.8,Toasted Roll,1,Kitchen,10.5,2,BACON-EGG,7.0,2020-07-01 07:18:58,,"Tomato Sauce, Avocado, Hash Brown",,,,,3.5
5512,69,2,0.0,14.8,Toasted Roll,1,Kitchen,10.5,2,BACON-EGG,7.0,2020-06-30 06:56:49,,"Tomato Sauce, Avocado, Hash Brown",,,,,3.5
5503,69,2,0.0,14.8,Toasted Roll,1,Kitchen,10.5,2,BACON-EGG,7.0,2020-06-29 07:22:45,,"Tomato Sauce, Avocado, Hash Brown",,,,,3.5
5449,69,2,0.0,14.8,Toasted Roll,1,Kitchen,10.5,2,BACON-EGG,7.0,2020-06-25 06:33:23,,"Tomato Sauce, Avocado, Hash Brown",,,,,3.5
5430,69,2,0.0,14.8,Toasted Roll,1,Kitchen,10.5,2,BACON-EGG,7.0,2020-06-24 06:57:38,,"Tomato Sauce, Avocado, Hash Brown",,,,,3.5
5418,69,2,0.0,14.8,Toasted Roll,1,Kitchen,10.5,2,BACON-EGG,7.0,2020-06-23 06:59:34,,"Tomato Sauce, Avocado, Hash Brown",,,,,3.5
5403,69,2,0.0,14.8,Toasted Roll,1,Kitchen,10.5,2,BACON-EGG,7.0,2020-06-22 07:22:23,,"Tomato Sauce, Avocado, Hash Brown",,,,,3.5
5341,69,2,0.0,14.8,Toasted Roll,1,Kitchen,10.5,2,BACON-EGG,7.0,2020-06-18 06:23:50,,"Tomato Sauce, Avocado, Hash Brown",,,,,3.5
5319,69,2,0.0,14.8,Toasted Roll,1,Kitchen,10.5,2,BACON-EGG,7.0,2020-06-17 07:00:55,,"Tomato Sauce, Avocado, Hash Brown",,,,,3.5
5294,69,2,0.0,14.8,Toasted Roll,1,Kitchen,10.5,2,BACON-EGG,7.0,2020-06-15 06:28:46,,"Tomato Sauce, Avocado, Hash Brown",,,,,3.5
5238,69,2,0.0,14.8,Toasted Roll,1,Kitchen,10.5,2,BACON-EGG,7.0,2020-06-11 07:10:00,,"Tomato Sauce, Avocado, Hash Brown",,,,,3.5
5231,69,10,0.0,14.8,Toasted Roll,1,Kitchen,10.5,2,BACON-EGG,7.0,2020-06-10 07:10:47,,"Tomato Sauce, Avocado, Hash Brown",,,,,3.5
5222,69,10,0.0,14.8,Toasted Roll,1,Kitchen,10.5,2,BACON-EGG,7.0,2020-06-09 10:16:18,,"Tomato Sauce, Avocado, Hash Brown",,,,,3.5
5152,69,10,0.0,14.8,Toasted Roll,1,Kitchen,10.5,2,BACON-EGG,7.0,2020-06-04 07:30:34,,"Tomato Sauce, Avocado, Hash Brown",,,,,3.5
5136,69,2,0.0,14.8,Toasted Roll,1,Kitchen,10.5,2,BACON-EGG,7.0,2020-06-03 06:35:45,,"Tomato Sauce, Avocado, Hash Brown",,,,,3.5
5109,69,2,0.0,14.8,Toasted Roll,1,Kitchen,10.5,2,BACON-EGG,7.0,2020-06-01 06:53:28,,"Tomato Sauce, Avocado, Hash Brown",,,,,3.5
5070,69,2,0.0,14.8,Toasted Roll,1,Kitchen,10.5,2,BACON-EGG,7.0,2020-05-29 07:12:30,,"Tomato Sauce, Avocado, Hash Brown",,,,,3.5
5047,69,10,0.0,14.8,Toasted Roll,1,Kitchen,10.5,2,BACON-EGG,7.0,2020-05-26 07:20:21,,"Tomato Sauce, Avocado, Hash Brown",,,,,3.5
5029,69,10,0.0,14.8,Toasted Roll,1,Kitchen,10.5,2,BACON-EGG,7.0,2020-05-25 06:19:24,,"Tomato Sauce, Avocado, Hash Brown",,,,,3.5
5017,69,10,0.0,14.8,Toasted Roll,1,Kitchen,10.5,2,BACON-EGG,7.0,2020-05-24 09:20:53,,"Tomato Sauce, Avocado, Hash Brown",,,,,3.5
4969,69,10,0.0,14.8,Toasted Roll,1,Kitchen,10.5,2,BACON-EGG,7.0,2020-05-21 07:37:30,,"Tomato Sauce, Avocado, Hash Brown",,,,,3.5
4851,69,2,0.0,14.8,Toasted Roll,1,Kitchen,10.5,2,BACON-EGG,7.0,2020-05-13 06:43:52,,"Tomato Sauce, Avocado, Hash Brown",,,,,3.5
4839,69,10,0.0,14.8,Toasted Roll,1,Kitchen,10.5,2,BACON-EGG,7.0,2020-05-12 06:20:33,,"Tomato Sauce, Avocado, Hash Brown",,,,,3.5
4829,69,10,0.0,14.8,Toasted Roll,1,Kitchen,10.5,2,BACON-EGG,7.0,2020-05-11 07:00:58,,"Tomato Sauce, Avocado, Hash Brown",,,,,3.5
4749,69,2,0.0,14.8,Toasted Roll,1,Kitchen,10.5,2,BACON-EGG,7.0,2020-05-05 07:07:14,,"Tomato Sauce, Avocado, Hash Brown",,,,,3.5
4488,69,10,0.0,14.8,Toasted Roll,1,Kitchen,10.5,2,BACON-EGG,7.0,2020-03-27 06:24:31,,"Tomato Sauce, Avocado, Hash Brown",,,,,3.5
4417,69,10,0.0,14.8,Toasted Roll,1,Kitchen,10.5,2,BACON-EGG,7.0,2020-03-24 06:51:21,,"Tomato Sauce, Avocado, Hash Brown",,,,,3.5
4405,69,10,0.0,14.8,Toasted Roll,1,Kitchen,10.5,2,BACON-EGG,7.0,2020-03-23 06:38:51,,"Tomato Sauce, Avocado, Hash Brown",,,,,3.5
4365,69,10,0.0,14.8,Toasted Roll,1,Kitchen,10.5,2,BACON-EGG,7.0,2020-03-17 06:29:54,,"Tomato Sauce, Avocado, Hash Brown",,,,,3.5
4361,69,10,0.0,14.8,Toasted Roll,1,Kitchen,10.5,2,BACON-EGG,7.0,2020-03-16 06:36:35,,"Tomato Sauce, Avocado, Hash Brown",,,,,3.5
4341,69,10,0.0,14.8,Toasted Roll,1,Kitchen,10.5,2,BACON-EGG,7.0,2020-03-13 08:28:58,,"Tomato Sauce, Avocado, Hash Brown",,,,,3.5
4334,69,2,0.0,14.8,Toasted Roll,1,Kitchen,10.5,2,BACON-EGG,7.0,2020-03-12 06:48:50,,"Tomato Sauce, Avocado, Hash Brown",,,,,3.5
4322,69,2,0.0,14.8,Toasted Roll,1,Kitchen,10.5,2,BACON-EGG,7.0,2020-03-10 07:08:25,,"Tomato Sauce, Avocado, Hash Brown",,,,,3.5
4269,69,2,0.0,14.8,Toasted Roll,1,Kitchen,10.5,2,BACON-EGG,7.0,2020-02-28 07:38:17,,"Tomato Sauce, Avocado, Hash Brown",,,,,3.5
4260,69,2,0.0,14.8,Toasted Roll,1,Kitchen,10.5,2,BACON-EGG,7.0,2020-02-26 06:27:47,,"Tomato Sauce, Avocado, Hash Brown",,,,,3.5
4253,69,2,0.0,14.8,Toasted Roll,1,Kitchen,10.5,2,BACON-EGG,7.0,2020-02-25 06:49:17,,"Tomato Sauce, Avocado, Hash Brown",,,,,3.5
4223,69,2,0.0,14.8,Toasted Roll,1,Kitchen,10.5,2,BACON-EGG,7.0,2020-02-21 06:30:42,,"Tomato Sauce, Avocado, Hash Brown",,,,,3.5
4218,69,2,0.0,14.8,Toasted Roll,1,Kitchen,10.5,2,BACON-EGG,7.0,2020-02-20 07:20:09,,"Tomato Sauce, Avocado, Hash Brown",,,,,3.5
4199,69,2,0.0,14.8,Toasted Roll,1,Kitchen,10.5,2,BACON-EGG,7.0,2020-02-17 07:25:56,,"Tomato Sauce, Avocado, Hash Brown",,,,,3.5
4174,69,2,0.0,14.8,Toasted Roll,1,Kitchen,10.5,2,BACON-EGG,7.0,2020-02-11 06:55:09,,"Tomato Sauce, Avocado, Hash Brown",,,,,3.5
4170,69,2,0.0,14.8,Toasted Roll,1,Kitchen,10.5,2,BACON-EGG,7.0,2020-02-09 11:03:51,,"Tomato Sauce, Avocado, Hash Brown",,,,,3.5
4142,69,2,0.0,14.8,Toasted Roll,1,Kitchen,10.5,2,BACON-EGG,7.0,2020-02-03 06:16:31,,"Tomato Sauce, Avocado, Hash Brown",,,,,3.5
4127,69,2,0.0,14.8,Toasted Roll,1,Kitchen,10.5,2,BACON-EGG,7.0,2020-01-31 06:24:10,,"Tomato Sauce, Avocado, Hash Brown",,,,,3.5
4124,69,2,0.0,14.8,Toasted Roll,1,Kitchen,10.5,2,BACON-EGG,7.0,2020-01-30 06:31:01,,"Tomato Sauce, Avocado, Hash Brown",,,,,3.5
4118,69,2,0.0,14.8,Toasted Roll,1,Kitchen,10.5,2,BACON-EGG,7.0,2020-01-28 06:25:24,,"Tomato Sauce, Avocado, Hash Brown",,,,,3.5
4095,69,2,0.0,14.8,Toasted Roll,1,Kitchen,10.5,2,BACON-EGG,7.0,2020-01-23 06:34:56,,"Tomato Sauce, Avocado, Hash Brown",,,,,3.5
4085,69,9,0.0,14.8,Toasted Roll,1,Kitchen,10.5,2,BACON-EGG,7.0,2020-01-21 06:37:09,,"Tomato Sauce, Avocado, Hash Brown",,,,,3.5
4080,69,2,0.0,14.8,Toasted Roll,1,Kitchen,10.5,2,BACON-EGG,7.0,2020-01-19 10:13:56,,"Tomato Sauce, Avocado, Hash Brown",,,,,3.5
38641,77,2,0.0,14.8,Toasted Roll,1,Kitchen,10.0,2,BACON-EGG-CHEESE,10.0,2023-12-18 07:30:00,,"Tomato Sauce, Salt and Pepper",,,,,0.0
38265,77,2,0.0,14.8,Toasted Roll,1,Kitchen,10.0,2,BACON-EGG-CHEESE,10.0,2023-12-06 07:30:00,,"Tomato Sauce, Salt and Pepper",,,,,0.0
37649,77,2,0.0,14.8,Toasted Roll,1,Kitchen,10.0,2,BACON-EGG-CHEESE,10.0,2023-11-16 08:29:44,,"Tomato Sauce, Salt and Pepper",,,,,0.0
37435,77,2,0.0,14.8,Toasted Roll,1,Kitchen,10.0,2,BACON-EGG-CHEESE,10.0,2023-11-09 09:00:00,,"Tomato Sauce, Salt and Pepper",,,,,0.0
36034,77,0,0.0,14.8,Toasted Roll,1,Kitchen,10.0,2,BACON-EGG-CHEESE,10.0,2023-09-26 06:54:13,,"Tomato Sauce, Salt and Pepper",,,,,0.0
14941,593,2,0.0,14.8,Toasted Roll,1,Kitchen,10.0,2,BACON-EGG-CHEESE,8.0,2021-08-21 07:00:00,,"Tomato Sauce, Hash Brown",,,,,2.0
14760,593,2,0.0,14.8,Toasted Roll,1,Kitchen,10.0,2,BACON-EGG-CHEESE,8.0,2021-08-14 07:32:00,,"Tomato Sauce, Hash Brown",,,,,2.0
13243,593,0,0.0,14.8,Toasted Roll,1,Kitchen,10.0,2,BACON-EGG-CHEESE,8.0,2021-06-12 07:47:52,,"Tomato Sauce, Hash Brown",,,,,2.0
20203,1106,2,0.0,14.8,Toastie,1,Kitchen,7.0,3,HAM-CHEESE,7.0,2022-03-15 09:27:56,White,Tomato Sauce,,,,,0.0
16224,92,2,0.0,14.8,Toasted Roll,1,Kitchen,10.0,2,BACON-EGG-CHEESE,8.0,2021-10-02 09:57:35,,"BBQ Sauce, Hash Brown, Salt and Pepper",,,,,2.0
14585,92,2,0.0,14.8,Toasted Roll,1,Kitchen,10.0,2,BACON-EGG-CHEESE,8.0,2021-08-07 08:54:41,,"BBQ Sauce, Hash Brown, Salt and Pepper",,,,,2.0
5492,92,2,0.0,14.8,Toasted Roll,1,Kitchen,10.0,2,BACON-EGG-CHEESE,8.0,2020-06-28 09:50:05,,"BBQ Sauce, Hash Brown",,,,,2.0
30580,107,2,0.0,14.8,Toasted Roll,1,Kitchen,8.5,2,BACON-EGG,8.5,2023-04-04 09:00:40,,Salt and Pepper,,,,,0.0
39439,632,2,0.0,14.8,Toastie,1,Kitchen,10.0,2,EGG,8.0,2024-01-27 07:38:34,White,"BBQ Sauce, Hash Brown, Salt and Pepper",,,,,2.0
38750,632,2,0.0,14.8,Toastie,1,Kitchen,10.0,2,EGG,8.0,2023-12-21 07:42:29,White,"BBQ Sauce, Hash Brown",,,,,2.0
38300,632,2,0.0,14.8,Toastie,1,Kitchen,10.0,2,EGG,8.0,2023-12-07 07:25:56,White,Hash Brown,,,,,2.0
38006,632,0,0.0,14.8,Toastie,1,Kitchen,10.0,2,EGG,8.0,2023-11-28 06:00:36,White,Hash Brown,,,,,2.0
37983,632,2,0.0,14.8,Toastie,1,Kitchen,10.0,2,EGG,8.0,2023-11-27 07:31:38,White,"BBQ Sauce, Hash Brown",,,,,2.0
37568,632,2,0.0,14.8,Toastie,1,Kitchen,10.0,2,EGG,8.0,2023-11-14 06:00:11,White,"BBQ Sauce, Hash Brown",,,,,2.0
28193,1148,2,0.0,14.8,Muffin,1,Kitchen,3.9,4,RASPBERRY-WHITECHOC,3.9,2023-01-11 09:55:46,,,No,,,,0.0
17372,141,2,0.0,14.8,Toastie,1,Kitchen,9.0,2,BACON-EGG,7.0,2021-11-12 06:59:09,Multigrain,"BBQ Sauce, Hash Brown",,,,,2.0
17340,141,2,0.0,14.8,Toastie,1,Kitchen,9.0,2,BACON-EGG,7.0,2021-11-11 06:31:30,Multigrain,"BBQ Sauce, Hash Brown",,,,,2.0
17253,141,2,0.0,14.8,Toastie,1,Kitchen,9.0,2,BACON-EGG,7.0,2021-11-08 06:38:04,Multigrain,"BBQ Sauce, Hash Brown",,,,,2.0
17170,141,2,0.0,14.8,Toastie,1,Kitchen,9.0,2,BACON-EGG,7.0,2021-11-05 06:01:06,Multigrain,"BBQ Sauce, Hash Brown",,,,,2.0
16993,141,2,0.0,14.8,Toastie,1,Kitchen,9.0,2,BACON-EGG,7.0,2021-10-29 06:30:22,Multigrain,"BBQ Sauce, Hash Brown",,,,,2.0
16959,141,2,0.0,14.8,Toasted Roll,1,Kitchen,9.0,2,BACON-EGG,7.0,2021-10-28 06:42:40,,"BBQ Sauce, Hash Brown",,,,,2.0
16897,141,2,0.0,14.8,Toastie,1,Kitchen,9.0,2,BACON-EGG,7.0,2021-10-26 06:31:35,Multigrain,"BBQ Sauce, Hash Brown",,,,,2.0
16581,141,2,0.0,14.8,Toastie,1,Kitchen,9.0,2,BACON-EGG,7.0,2021-10-15 07:00:56,Multigrain,"BBQ Sauce, Hash Brown",,,,,2.0
16553,141,2,0.0,14.8,Toastie,1,Kitchen,9.0,2,BACON-EGG,7.0,2021-10-14 06:12:52,Multigrain,"BBQ Sauce, Hash Brown",,,,,2.0
16526,141,2,0.0,14.8,Toastie,1,Kitchen,9.0,2,BACON-EGG,7.0,2021-10-13 07:18:11,Multigrain,"BBQ Sauce, Hash Brown",,,,,2.0
16499,141,2,0.0,14.8,Toastie,1,Kitchen,9.0,2,BACON-EGG,7.0,2021-10-12 06:41:38,Multigrain,"BBQ Sauce, Hash Brown",,,,,2.0
16380,141,2,0.0,14.8,Toastie,1,Kitchen,9.0,2,BACON-EGG,7.0,2021-10-08 06:30:44,Multigrain,"BBQ Sauce, Hash Brown",,,,,2.0
16325,141,2,0.0,14.8,Toastie,1,Kitchen,9.0,2,BACON-EGG,7.0,2021-10-06 06:31:18,Multigrain,"BBQ Sauce, Hash Brown",,,,,2.0
16168,141,2,0.0,14.8,Toastie,1,Kitchen,9.0,2,BACON-EGG,7.0,2021-10-01 06:15:04,Multigrain,"BBQ Sauce, Hash Brown",,,,,2.0
9261,141,2,0.0,14.8,Toastie,1,Kitchen,9.0,2,BACON-EGG,7.0,2020-12-02 05:45:50,Multigrain,"BBQ Sauce, Hash Brown",,,,,2.0
9041,141,2,0.0,14.8,Toastie,1,Kitchen,9.0,2,BACON-EGG,7.0,2020-11-23 06:03:58,Multigrain,"BBQ Sauce, Hash Brown",,,,,2.0
8771,141,2,0.0,14.8,Toastie,1,Kitchen,9.0,2,BACON-EGG,7.0,2020-11-11 06:43:08,Multigrain,"BBQ Sauce, Hash Brown",,,,,2.0
8466,141,2,0.0,14.8,Toastie,1,Kitchen,9.0,2,BACON-EGG,7.0,2020-10-30 06:40:36,Multigrain,"BBQ Sauce, Hash Brown",,,,,2.0
28247,1171,2,0.0,14.8,Toastie,1,Kitchen,8.5,2,HAM-CHEESE,8.5,2023-01-13 09:39:37,White,Tomato Sauce,,,,,0.0
4660,156,2,0.0,14.8,Toastie,1,Kitchen,7.0,3,CHEESE-TOMATO,7.0,2020-04-27 11:15:00,Multigrain,"BBQ Sauce, Salt and Pepper",,,,,0.0
39223,1436,2,0.0,14.8,Toasted Roll,1,Kitchen,10.0,2,BACON-EGG-CHEESE,10.0,2024-01-19 08:06:33,,Tomato Sauce,,,,,0.0
18412,936,2,0.0,14.8,Toasted Roll,1,Kitchen,10.0,2,BACON-EGG-CHEESE,8.0,2021-12-20 09:32:27,,"Tomato Sauce, Hash Brown, Salt and Pepper",,,,,2.0
17788,936,2,0.0,14.8,Toasted Roll,1,Kitchen,10.0,2,BACON-EGG-CHEESE,8.0,2021-11-27 07:41:41,,"Tomato Sauce, Hash Brown, Salt and Pepper",,,,,2.0
16120,936,2,0.0,14.8,Toasted Roll,1,Kitchen,10.0,2,BACON-EGG-CHEESE,8.0,2021-09-29 09:45:00,,"Tomato Sauce, Hash Brown, Salt and Pepper",,,,,2.0
33471,1463,2,0.0,14.8,Toasted Roll,1,Kitchen,9.5,2,BACON-EGG-CHEESE,9.5,2023-07-08 07:34:02,,Tomato Sauce,,,,,0.0
13238,714,2,0.0,14.8,Toasted Roll,1,Kitchen,9.5,2,BACON-EGG-CHEESE,8.0,2021-06-11 13:00:00,,"Tomato Sauce, Avocado",,,,,1.5
14298,721,2,0.0,14.8,Toasted Roll,1,Kitchen,10.0,2,BACON-EGG-CHEESE,8.0,2021-07-26 08:19:25,,"Tomato Sauce, Hash Brown, Salt and Pepper",,,,,2.0
25619,9,2,0.0,27.6,Toasted Roll,1,Kitchen,9.0,3,BACON-EGG-CHEESE,9.0,2022-10-02 12:45:09,,Tomato Sauce,,,,,0.0
25619,9,2,0.0,27.6,Toastie,1,Kitchen,9.0,4,HAM-CHEESE-TOMATO,9.0,2022-10-02 12:45:09,White,Tomato Sauce,,,,,0.0
7133,341,2,0.0,27.6,Toastie,1,Kitchen,7.0,4,BACON-CHEESE,7.0,2020-09-12 09:44:35,Multigrain,Tomato Sauce,,,,,0.0
7133,341,2,0.0,27.6,Toasted Roll,1,Kitchen,8.0,3,BACON-EGG-CHEESE,8.0,2020-09-12 09:44:35,,BBQ Sauce,,,,,0.0
6662,341,2,0.0,27.6,Toastie,1,Kitchen,7.0,4,BACON-CHEESE,7.0,2020-08-25 10:15:46,White,Tomato Sauce,,,,,0.0
6662,341,2,0.0,27.6,Toasted Roll,1,Kitchen,8.0,3,BACON-EGG-CHEESE,8.0,2020-08-25 10:15:46,,BBQ Sauce,,,,,0.0
20254,1109,1,0.0,27.6,Toasted Roll,1,Kitchen,7.0,3,BACON-EGG,7.0,2022-03-17 11:01:33,,Tomato Sauce,,,,,0.0
20254,1109,1,0.0,27.6,Toasted Roll,1,Kitchen,8.0,4,BACON-EGG-CHEESE,8.0,2022-03-17 11:01:33,,BBQ Sauce,,,,,0.0
10837,88,2,0.0,27.6,Toasted Roll,1,Kitchen,9.5,5,BACON-EGG-CHEESE,8.0,2021-02-25 10:23:44,,"Tomato Sauce, Avocado",,,,,1.5
10448,88,2,0.0,27.6,Toasted Roll,1,Kitchen,10.0,3,BACON-EGG-CHEESE,8.0,2021-02-06 08:08:08,,"BBQ Sauce, Hash Brown",,,,,2.0
10448,88,2,0.0,27.6,Toasted Roll,1,Kitchen,8.5,4,BACON-EGG,7.0,2021-02-06 08:08:08,,"Tomato Sauce, Avocado",,,,,1.5
10615,92,2,0.0,27.6,Toasted Roll,1,Kitchen,8.5,4,BACON-EGG,7.0,2021-02-14 10:08:16,,"Tomato Sauce, Avocado",,,,,1.5
8755,92,2,0.0,27.6,Toasted Roll,1,Kitchen,9.5,3,BACON-EGG-CHEESE,8.0,2020-11-10 07:20:12,,"Tomato Sauce, Avocado",,,,,1.5
8755,92,2,0.0,27.6,Toasted Roll,1,Kitchen,9.5,4,BACON-EGG-CHEESE,8.0,2020-11-10 07:20:12,,"Tomato Sauce, Avocado",,,,,1.5
24128,651,2,0.0,27.6,Toastie,1,Kitchen,8.0,4,BACON-EGG,8.0,2022-08-10 08:15:00,White,Tomato Sauce,,,,,0.0
24128,651,2,0.0,27.6,Toasted Roll,1,Kitchen,9.6,3,CHICKEN-SCHNITZEL-CHEESE-LETTUCE,9.6,2022-08-10 08:15:00,,Salt and Pepper,,,,,0.0
29607,409,2,0.0,27.6,Eggs and Bacon,1,Kitchen,11.9,1,SCRAMBLED,11.9,2023-03-04 07:18:17,Multigrain,,,,,,0.0
29384,409,2,0.0,27.6,Eggs and Bacon,1,Kitchen,11.9,1,SCRAMBLED,11.9,2023-02-25 07:32:18,Multigrain,,,,,,0.0
12072,197,2,0.0,27.6,Toastie,1,Kitchen,9.0,4,BACON-EGG,7.0,2021-04-26 09:04:17,White,"Tomato Sauce, Hash Brown",,,,,2.0
29443,1256,2,0.0,27.6,Toasted Roll,1,Kitchen,11.5,2,BACON-EGG-CHEESE,9.5,2023-02-26 12:32:11,,Hash Brown,,,,,2.0
29443,1256,2,0.0,27.6,Toasted Roll,1,Kitchen,12.1,3,CHICKEN-SCHNITZEL-CHEESE-LETTUCE,10.1,2023-02-26 12:32:11,,"BBQ Sauce, Hash Brown",,,,,2.0
20105,810,2,0.0,40.4,Toastie,1,Kitchen,9.0,3,BACON-EGG-CHEESE,8.0,2022-03-11 09:16:44,Sourdough,"Tomato Sauce, Salt and Pepper",,,,,1.0
20105,810,2,0.0,40.4,Toastie,1,Kitchen,9.0,4,BACON-EGG-CHEESE,8.0,2022-03-11 09:16:44,Sourdough,Salt and Pepper,,,,,1.0
20105,810,2,0.0,40.4,Toastie,1,Kitchen,9.0,5,BACON-EGG-CHEESE,8.0,2022-03-11 09:16:44,Sourdough,Salt and Pepper,,,,,1.0
7533,382,2,0.0,40.4,Eggs Benedict,1,Kitchen,16.0,3,HAM,14.0,2020-09-27 09:04:44,,,,Hashbrown,,,2.0
11751,632,2,0.0,9.7,Toastie,1,Kitchen,6.0,2,EGG,6.0,2021-04-12 06:38:29,White,"BBQ Sauce, Salt and Pepper",,,,,0.0
15541,551,2,0.0,22.5,Kids Pancakes,1,Kitchen,8.0,2,ICECREAM,6.0,2021-09-10 09:31:35,,,,,,Strawberries,2.0
35308,1587,2,0.0,22.5,Big Breakfast,1,Kitchen,22.5,1,SCRAMBLED,20.5,2023-09-03 10:58:10,White,Extra Egg,,,,,2.0
14610,831,2,0.0,22.5,Toasted Roll,1,Kitchen,8.0,2,BACON-EGG-CHEESE,8.0,2021-08-08 08:04:57,,Tomato Sauce,,,,,0.0
24836,79,2,0.0,22.5,Toasted Roll,1,Kitchen,8.0,2,BACON-EGG,8.0,2022-09-04 12:19:24,,Salt and Pepper,,,,,0.0
24836,79,2,0.0,22.5,Toasted Roll,1,Kitchen,8.0,3,BACON-EGG,8.0,2022-09-04 12:19:24,,Salt and Pepper,,,,,0.0
26731,862,2,0.0,22.5,Toastie,1,Kitchen,9.0,3,HAM-CHEESE-TOMATO,9.0,2022-11-12 08:06:37,Multigrain,Tomato Sauce,,,,,0.0
13803,615,2,0.0,22.5,Toasted Roll,1,Kitchen,8.0,3,BACON-EGG-CHEESE,8.0,2021-07-05 10:06:43,,Tomato Sauce,,,,,0.0
34359,1151,2,0.0,22.5,Big Breakfast,1,Kitchen,22.5,1,POACHED,20.5,2023-08-04 13:35:19,Dark Rye,Extra Egg,,,,,2.0
18462,404,2,0.0,22.5,Toasted Roll,1,Kitchen,7.0,3,BACON-EGG,7.0,2021-12-22 12:08:12,,BBQ Sauce,,,,,0.0
18462,404,2,0.0,22.5,Toasted Roll,1,Kitchen,7.0,4,BACON-EGG,7.0,2021-12-22 12:08:12,,BBQ Sauce,,,,,0.0
18067,404,2,0.0,22.5,Toasted Roll,1,Kitchen,7.0,3,BACON-EGG,7.0,2021-12-07 10:30:58,,BBQ Sauce,,,,,0.0
18067,404,2,0.0,22.5,Toasted Roll,1,Kitchen,7.0,4,BACON-EGG,7.0,2021-12-07 10:30:58,,BBQ Sauce,,,,,0.0
17643,404,2,0.0,22.5,Toasted Roll,1,Kitchen,7.0,3,BACON-EGG,7.0,2021-11-21 09:33:52,,BBQ Sauce,,,,,0.0
17643,404,2,0.0,22.5,Toasted Roll,1,Kitchen,7.0,4,BACON-EGG,7.0,2021-11-21 09:33:52,,BBQ Sauce,,,,,0.0
13313,404,2,0.0,22.5,Toasted Roll,1,Kitchen,7.0,3,BACON-EGG,7.0,2021-06-14 12:45:00,,BBQ Sauce,,,,,0.0
13313,404,2,0.0,22.5,Toasted Roll,1,Kitchen,7.0,4,BACON-EGG,7.0,2021-06-14 12:45:00,,BBQ Sauce,,,,,0.0
13081,161,2,0.0,22.5,Toasted Roll,1,Kitchen,8.0,4,BACON-EGG-CHEESE,8.0,2021-06-06 09:30:35,,"BBQ Sauce, Salt and Pepper",,,,,0.0
35953,704,2,0.0,22.5,Muffin,1,Kitchen,4.5,4,CHOC-MUD,4.5,2023-09-23 09:35:28,,,Yes,,,,0.0
21493,465,2,0.0,22.5,Toasted Roll,1,Kitchen,7.0,4,BACON-EGG,7.0,2022-05-04 12:06:45,,BBQ Sauce,,,,,0.0
23682,483,2,0.0,22.5,Muffin,1,Kitchen,3.9,4,RASPBERRY-WHITECHOC,3.9,2022-07-26 09:15:00,,,No,,,,0.0
23682,483,2,0.0,22.5,Muffin,1,Kitchen,3.9,5,ORANGE-POPPYSEED,3.9,2022-07-26 09:15:00,,,No,,,,0.0
22503,483,2,0.0,22.5,Muffin,1,Kitchen,3.9,4,RASPBERRY-WHITECHOC,3.9,2022-06-10 09:15:00,,,No,,,,0.0
22503,483,2,0.0,22.5,Muffin,1,Kitchen,3.9,5,APPLE-CINNAMON,3.9,2022-06-10 09:15:00,,,No,,,,0.0
40090,231,2,0.0,22.5,Toasted Roll,1,Kitchen,10.0,4,BACON-EGG-CHEESE,10.0,2024-02-18 07:26:33,,Tomato Sauce,,,,,0.0
38177,231,2,0.0,22.5,Toasted Roll,1,Kitchen,10.0,4,BACON-EGG-CHEESE,10.0,2023-12-03 07:11:38,,Tomato Sauce,,,,,0.0
37034,488,2,0.0,22.5,Toastie,1,Kitchen,10.5,2,HAM-CHEESE,9.0,2023-10-26 10:42:49,Multigrain,"Avocado, Salt and Pepper",,,,,1.5
37034,488,2,0.0,22.5,Toasted Roll,1,Kitchen,12.0,1,BACON-EGG-CHEESE,10.0,2023-10-26 10:42:49,,"BBQ Sauce, Hash Brown, Salt and Pepper",,,,,2.0
38899,234,2,0.0,22.5,Muffin,1,Kitchen,4.5,4,CHOC-MUD,4.5,2024-01-06 09:39:57,,,Yes,,,,0.0
38832,234,2,0.0,22.5,Muffin,1,Kitchen,4.5,4,CHOC-MUD,4.5,2023-12-24 10:12:33,,,Yes,,,,0.0
38802,234,2,0.0,22.5,Muffin,1,Kitchen,4.5,4,CHOC-MUD,4.5,2023-12-23 09:43:59,,,Yes,,,,0.0
38631,234,2,0.0,22.5,Muffin,1,Kitchen,4.5,4,CHOC-MUD,4.5,2023-12-17 10:15:41,,,Yes,,,,0.0
38404,234,2,0.0,22.5,Muffin,1,Kitchen,4.5,4,CHOC-MUD,4.5,2023-12-10 09:47:33,,,Yes,,,,0.0
37745,234,2,0.0,22.5,Muffin,1,Kitchen,4.5,4,CHOC-MUD,4.5,2023-11-19 09:49:06,,,Yes,,,,0.0
37715,234,2,0.0,22.5,Muffin,1,Kitchen,4.5,4,CHOC-MUD,4.5,2023-11-18 09:49:42,,,No,,,,0.0
37535,234,2,0.0,22.5,Muffin,1,Kitchen,4.5,4,CHOC-MUD,4.5,2023-11-12 09:21:01,,,Yes,,,,0.0
37126,234,2,0.0,22.5,Muffin,1,Kitchen,4.5,4,CHOC-MUD,4.5,2023-10-29 10:23:34,,,Yes,,,,0.0
37096,234,2,0.0,22.5,Muffin,1,Kitchen,4.5,4,CHOC-MUD,4.5,2023-10-28 09:46:34,,,Yes,,,,0.0
36864,234,2,0.0,22.5,Muffin,1,Kitchen,4.5,4,CHOC-MUD,4.5,2023-10-21 09:23:59,,,Yes,,,,0.0
36623,234,2,0.0,22.5,Muffin,1,Kitchen,4.5,4,CHOC-MUD,4.5,2023-10-14 10:25:38,,,Yes,,,,0.0
35973,234,2,0.0,22.5,Muffin,1,Kitchen,4.5,4,CHOC-MUD,4.5,2023-09-24 09:02:36,,,Yes,,,,0.0
35094,234,2,0.0,22.5,Muffin,1,Kitchen,4.5,4,CHOC-MUD,4.5,2023-08-27 09:17:58,,,Yes,,,,0.0
34640,234,2,0.0,22.5,Muffin,1,Kitchen,4.5,4,CHOC-MUD,4.5,2023-08-13 09:27:46,,,Yes,,,,0.0
34610,234,2,0.0,22.5,Muffin,1,Kitchen,4.5,4,CHOC-MUD,4.5,2023-08-12 09:25:10,,,Yes,,,,0.0
20933,1134,2,0.0,35.3,Toasted Roll,1,Kitchen,8.0,4,BACON-EGG-CHEESE,8.0,2022-04-12 08:45:00,,Tomato Sauce,,,,,0.0
20933,1134,2,0.0,35.3,Toastie,1,Kitchen,8.0,5,HAM-CHEESE-TOMATO,8.0,2022-04-12 08:45:00,White,Tomato Sauce,,,,,0.0
7683,368,2,0.0,35.3,French Toast with Streaky Bacon,1,Kitchen,11.9,3,REGULAR,9.9,2020-10-03 08:30:00,,,,"No Mable Syrup, Hashbrown",,,2.0
7683,368,2,0.0,35.3,Build Your Own Breakfast,1,Kitchen,17.9,1,SCRAMBLED,7.9,2020-10-03 08:30:00,Sourdough,"Grilled Tomato, Hash Brown, Smashed Avo and Feta",,,,,9.999999999999998
35255,1144,2,0.0,35.3,Toasted Roll,1,Kitchen,12.0,3,BACON-EGG-CHEESE,10.0,2023-09-02 08:12:41,,Hash Brown,,,,,2.0
35255,1144,2,0.0,35.3,Toasted Roll,1,Kitchen,11.0,4,BACON-EGG,9.0,2023-09-02 08:12:41,,"Tomato Sauce, Hash Brown",,,,,2.0
37536,1148,0,0.0,35.3,Croissant,1,Kitchen,8.5,1,CHEESE-TOMATO,8.5,2023-11-12 09:44:35,,Salt and Pepper,,,,,0.0
6017,362,2,0.0,48.1,Eggs and Bacon,1,Kitchen,10.4,4,POACHED,10.4,2020-07-27 12:00:00,White,,,,,,0.0
21600,29,2,0.0,86.5,Big Breakfast,1,Kitchen,17.2,2,SCRAMBLED,17.2,2022-05-08 10:30:00,White,Hollandaise,,,,,0.0
21600,29,2,0.0,86.5,Big Breakfast,1,Kitchen,17.2,3,POACHED,17.2,2022-05-08 10:30:00,White,Hollandaise,,,,,0.0
21600,29,2,0.0,86.5,Build Your Own Breakfast,1,Kitchen,18.5,4,POACHED,8.0,2022-05-08 10:30:00,Gluten Free,"Extra Egg, Bacon, Baby Spinach",,,,,10.5
31256,12,2,0.0,17.4,Build Your Own Breakfast,1,Kitchen,12.2,1,SCRAMBLED,9.2,2023-04-28 08:19:02,Multigrain,Sauteed Mushrooms,,,,,3.0
31991,270,2,0.0,17.4,Kids Crepes,1,Kitchen,10.0,3,ICECREAM,6.0,2023-05-21 07:58:31,,,,,,"Banana, Strawberries",4.0
15808,782,2,0.0,17.4,Toasted Roll,1,Kitchen,8.0,3,BACON-EGG-CHEESE,8.0,2021-09-19 09:21:38,,BBQ Sauce,,,,,0.0
23392,276,2,0.0,17.4,Toasted Roll,1,Kitchen,8.0,3,BACON-EGG-CHEESE,8.0,2022-07-16 09:17:52,,BBQ Sauce,,,,,0.0
22880,276,2,0.0,17.4,Toasted Roll,1,Kitchen,8.0,3,BACON-EGG-CHEESE,8.0,2022-06-25 08:30:59,,BBQ Sauce,,,,,0.0
22570,276,2,0.0,17.4,Toasted Roll,1,Kitchen,8.0,3,BACON-EGG-CHEESE,8.0,2022-06-13 10:07:15,,BBQ Sauce,,,,,0.0
22371,276,2,0.0,17.4,Toasted Roll,1,Kitchen,8.0,3,BACON-EGG-CHEESE,8.0,2022-06-05 09:07:33,,BBQ Sauce,,,,,0.0
21302,276,2,0.0,17.4,Toasted Roll,1,Kitchen,8.0,3,BACON-EGG-CHEESE,8.0,2022-04-28 07:32:33,,BBQ Sauce,,,,,0.0
21085,276,2,0.0,17.4,Toasted Roll,1,Kitchen,8.0,3,BACON-EGG-CHEESE,8.0,2022-04-20 07:44:58,,BBQ Sauce,,,,,0.0
20851,276,2,0.0,17.4,Toasted Roll,1,Kitchen,8.0,3,BACON-EGG-CHEESE,8.0,2022-04-09 09:23:53,,BBQ Sauce,,,,,0.0
20496,276,2,0.0,17.4,Toasted Roll,1,Kitchen,8.0,3,BACON-EGG-CHEESE,8.0,2022-03-27 09:43:31,,BBQ Sauce,,,,,0.0
19390,276,2,0.0,17.4,Toasted Roll,1,Kitchen,8.0,3,BACON-EGG-CHEESE,8.0,2022-02-13 08:46:49,,BBQ Sauce,,,,,0.0
19008,276,2,0.0,17.4,Toasted Roll,1,Kitchen,8.0,3,BACON-EGG-CHEESE,8.0,2022-01-30 09:34:34,,BBQ Sauce,,,,,0.0
18912,276,0,0.0,17.4,Toasted Roll,1,Kitchen,8.0,3,BACON-EGG-CHEESE,8.0,2022-01-26 10:04:24,,BBQ Sauce,,,,,0.0
40416,1569,2,0.0,17.4,Croissant,1,Kitchen,11.0,1,HAM-CHEESE-TOMATO,11.0,2024-02-28 12:39:23,,Salt and Pepper,,,,,0.0
39982,1321,2,0.0,17.4,Toasted Roll,1,Kitchen,12.0,2,BACON-EGG-CHEESE,10.0,2024-02-15 06:30:00,,"Tomato Sauce, Hash Brown",,,,,2.0
22376,1072,2,0.0,17.4,Toasted Roll,1,Kitchen,11.5,2,BACON-EGG-CHEESE,8.0,2022-06-05 10:31:39,,"Avocado, Hash Brown",,,,,3.5
3548,55,10,0.0,17.4,Toastie,1,Kitchen,8.0,3,BACON-EGG-CHEESE,8.0,2019-09-07 08:00:00,White,"Tomato Sauce, Salt and Pepper",,,,,0.0
35554,77,2,0.0,17.4,Toasted Roll,1,Kitchen,12.0,2,BACON-EGG-CHEESE,10.0,2023-09-10 10:05:47,,"Tomato Sauce, Hash Brown, Salt and Pepper",,,,,2.0
18337,907,2,0.0,17.4,Toasted Roll,1,Kitchen,10.4,2,CHICKEN-SCHNITZEL-CHEESE-LETTUCE,8.4,2021-12-17 13:00:00,,"Tomato Sauce, Hash Brown",,,,,2.0
21458,173,2,0.0,17.4,Toastie,1,Kitchen,7.0,3,HAM-CHEESE,7.0,2022-05-03 09:37:56,White,Tomato Sauce,,,,,0.0
20680,961,2,0.0,17.4,Toasted Roll,1,Kitchen,8.0,3,BACON-EGG-CHEESE,8.0,2022-04-03 08:34:59,,BBQ Sauce,,,,,0.0
18982,961,2,0.0,17.4,Toasted Roll,1,Kitchen,8.0,3,BACON-EGG-CHEESE,8.0,2022-01-29 09:16:17,,BBQ Sauce,,,,,0.0
33842,1253,2,0.0,17.4,Toasted Roll,1,Kitchen,10.5,2,BACON-EGG,8.5,2023-07-19 10:58:05,,Hash Brown,,,,,2.0
33619,1253,2,0.0,17.4,Toasted Roll,1,Kitchen,10.5,2,BACON-EGG,8.5,2023-07-12 10:35:21,,Hash Brown,,,,,2.0
32589,1253,2,0.0,17.4,Toasted Roll,1,Kitchen,10.5,2,BACON-EGG,8.5,2023-06-08 10:34:19,,Hash Brown,,,,,2.0
32368,1253,2,0.0,17.4,Toasted Roll,1,Kitchen,10.5,2,BACON-EGG,8.5,2023-06-01 10:03:16,,Hash Brown,,,,,2.0
30614,1253,2,0.0,17.4,Toasted Roll,1,Kitchen,10.5,2,BACON-EGG,8.5,2023-04-05 10:56:24,,Hash Brown,,,,,2.0
23077,234,2,0.0,17.4,Muffin,1,Kitchen,3.9,4,RASPBERRY-WHITECHOC,3.9,2022-07-03 09:00:54,,,Yes,,,,0.0
29161,240,2,0.0,17.4,Toasted Roll,1,Kitchen,11.0,2,BACON-EGG-CHEESE,9.5,2023-02-17 08:03:21,,"Tomato Sauce, Avocado",,,,,1.5
3487,45,10,0.0,30.2,Toasted Roll,1,Kitchen,9.0,5,BACON-EGG,7.0,2019-08-18 10:15:00,,"Tomato Sauce, Hash Brown",,,,,2.0
28255,1144,2,0.0,30.2,Toasted Roll,1,Kitchen,8.5,3,BACON-EGG,8.5,2023-01-13 12:04:32,,Tomato Sauce,,,,,0.0
28255,1144,2,0.0,30.2,Toasted Roll,1,Kitchen,10.5,4,BACON-EGG,8.5,2023-01-13 12:04:32,,"Tomato Sauce, Hash Brown",,,,,2.0
26265,1144,1,0.0,30.2,Toasted Roll,1,Kitchen,8.0,3,BACON-EGG,8.0,2022-10-26 12:31:49,,Tomato Sauce,,,,,0.0
6286,381,2,0.0,30.2,Toasted Roll,1,Kitchen,10.0,5,BACON-EGG-CHEESE,8.0,2020-08-09 09:26:22,,"BBQ Sauce, Hash Brown",,,,,2.0
13192,488,2,0.0,30.2,Toasted Roll,1,Kitchen,10.0,4,BACON-EGG-CHEESE,8.0,2021-06-10 11:55:17,,"BBQ Sauce, Hash Brown, Salt and Pepper",,,,,2.0
18534,77,2,0.0,43.0,Eggs Benedict,1,Kitchen,16.5,1,BACON,14.5,2022-01-08 09:44:40,,,,Hashbrown,,,2.0
18534,77,2,0.0,43.0,Eggs Benedict,1,Kitchen,16.5,2,BACON,14.5,2022-01-08 09:44:40,,,,Hashbrown,,,2.0
18476,77,2,0.0,43.0,Eggs Benedict,1,Kitchen,16.5,1,BACON,14.5,2021-12-23 08:19:48,,,,Hashbrown,,,2.0
18476,77,2,0.0,43.0,Eggs Benedict,1,Kitchen,16.5,2,BACON,14.5,2021-12-23 08:19:48,,,,Hashbrown,,,2.0
14976,865,0,0.0,43.0,Toasted Roll,1,Kitchen,9.0,1,BACON-EGG,7.0,2021-08-22 08:00:00,,Hash Brown,,,,,2.0
14976,865,0,0.0,43.0,Toasted Roll,1,Kitchen,9.0,2,BACON-EGG,7.0,2021-08-22 08:00:00,,Hash Brown,,,,,2.0
14976,865,0,0.0,43.0,Toasted Roll,1,Kitchen,9.0,3,BACON-EGG,7.0,2021-08-22 08:00:00,,Hash Brown,,,,,2.0
14976,865,0,0.0,43.0,Toastie,1,Kitchen,8.0,4,BACON,6.0,2021-08-22 08:00:00,White,"Tomato Sauce, Hash Brown",,,,,2.0
14976,865,0,0.0,43.0,Toastie,1,Kitchen,8.0,5,BACON,6.0,2021-08-22 08:00:00,White,Hash Brown,,,,,2.0
6396,393,2,0.0,43.0,Build Your Own Breakfast,1,Kitchen,16.9,1,POACHED,7.9,2020-08-13 13:00:00,Sourdough,"Smashed Avo and Feta, Sauteed Mushrooms",,,,,8.999999999999998
6396,393,2,0.0,43.0,Build Your Own Breakfast,1,Kitchen,16.9,2,SCRAMBLED,7.9,2020-08-13 13:00:00,Sourdough,"Smashed Avo and Feta, Sauteed Mushrooms",,,,,8.999999999999998
22545,651,2,0.0,43.0,Croissant,1,Kitchen,9.0,2,HAM-CHEESE-TOMATO,9.0,2022-06-12 08:56:20,,Salt and Pepper,,,,,0.0
22545,651,2,0.0,43.0,Toastie,1,Kitchen,8.0,6,BACON-EGG-CHEESE,8.0,2022-06-12 08:56:20,Dark Rye,Tomato Sauce,,,,,0.0
26006,446,2,0.0,43.0,Toasted Roll,1,Kitchen,9.0,4,BACON-EGG-CHEESE,9.0,2022-10-17 07:14:29,,BBQ Sauce,,,,,0.0
26006,446,2,0.0,43.0,Toasted Roll,1,Kitchen,9.0,5,BACON-EGG-CHEESE,9.0,2022-10-17 07:14:29,,BBQ Sauce,,,,,0.0
26006,446,2,0.0,43.0,Toastie,1,Kitchen,9.0,6,HAM-CHEESE-TOMATO,9.0,2022-10-17 07:14:29,White,Tomato Sauce,,,,,0.0
6787,55,2,0.0,55.8,Eggs Benedict,1,Kitchen,16.0,6,BACON,14.0,2020-08-30 10:45:00,,,,Hashbrown,,,2.0
6787,55,2,0.0,55.8,Build Your Own Breakfast,1,Kitchen,20.4,1,POACHED,7.9,2020-08-30 10:45:00,White,"Extra Egg, Bacon, Hollandaise, Hash Brown, Avocado",,,,,12.499999999999998
34175,79,2,0.0,68.6,Toasted Roll,3,Kitchen,27.0,4,BACON-EGG,9.0,2023-07-29 11:51:47,,Salt and Pepper,,,,,0.0
34175,79,2,0.0,68.6,Toasted Roll,2,Kitchen,18.0,5,BACON-EGG,9.0,2023-07-29 11:51:47,,Salt and Pepper,,,,,0.0
34175,79,2,0.0,68.6,Toastie,1,Kitchen,8.0,6,CHEESE,8.0,2023-07-29 11:51:47,White,Tomato Sauce,,,,,0.0
15388,651,2,0.0,81.4,Toastie,1,Kitchen,8.0,11,BACON-EGG-CHEESE,8.0,2021-09-05 09:30:00,White,Tomato Sauce,,,,,0.0
15388,651,2,0.0,81.4,Toasted Roll,1,Kitchen,8.0,8,BACON-EGG-CHEESE,8.0,2021-09-05 09:30:00,,Tomato Sauce,,,,,0.0
15388,651,2,0.0,81.4,Toasted Roll,1,Kitchen,9.9,9,CHICKEN-SCHNITZEL-CHEESE-LETTUCE,8.4,2021-09-05 09:30:00,,Avocado,,,,,1.5
10363,269,2,0.0,12.3,Toastie,1,Kitchen,8.0,2,BACON-EGG-CHEESE,8.0,2021-02-02 07:15:00,Multigrain,"BBQ Sauce, Salt and Pepper",,,,,0.0
9837,269,2,0.0,12.3,Toastie,1,Kitchen,8.0,2,BACON-EGG-CHEESE,8.0,2021-01-05 07:29:06,Multigrain,"BBQ Sauce, Salt and Pepper",,,,,0.0
7555,269,2,0.0,12.3,Toastie,1,Kitchen,8.0,2,BACON-EGG-CHEESE,8.0,2020-09-28 06:45:00,White,"BBQ Sauce, Salt and Pepper",,,,,0.0
6516,269,2,0.0,12.3,Toastie,1,Kitchen,8.0,2,BACON-EGG-CHEESE,8.0,2020-08-19 09:54:52,Multigrain,"BBQ Sauce, Salt and Pepper",,,,,0.0
6352,269,2,0.0,12.3,Toastie,1,Kitchen,8.0,2,BACON-EGG-CHEESE,8.0,2020-08-12 06:45:00,White,"BBQ Sauce, Salt and Pepper",,,,,0.0
5829,269,0,0.0,12.3,Toastie,1,Kitchen,8.0,2,BACON-EGG-CHEESE,8.0,2020-07-18 10:11:24,White,"BBQ Sauce, Salt and Pepper",,,,,0.0
5513,44,2,0.0,12.3,Toasted Roll,1,Kitchen,8.0,2,BACON-EGG-CHEESE,8.0,2020-06-30 07:30:00,,BBQ Sauce,,,,,0.0
22661,814,2,0.0,12.3,Toasted Roll,1,Kitchen,8.5,2,BACON-EGG,7.0,2022-06-17 07:45:29,,Avocado,,,,,1.5
18248,305,2,0.0,12.3,Toastie,1,Kitchen,8.0,2,HAM-CHEESE,7.0,2021-12-14 07:45:00,Sourdough,Salt and Pepper,,,,,1.0
17540,305,2,0.0,12.3,Croissant,1,Kitchen,8.0,2,HAM-CHEESE,8.0,2021-11-18 07:45:00,,Salt and Pepper,,,,,0.0
14016,305,2,0.0,12.3,Toastie,1,Kitchen,8.0,2,CHEESE-TOMATO,7.0,2021-07-15 07:45:06,Sourdough,Salt and Pepper,,,,,1.0
13171,305,2,0.0,12.3,Toastie,1,Kitchen,8.0,2,HAM-CHEESE,7.0,2021-06-10 08:00:00,Sourdough,Salt and Pepper,,,,,1.0
12818,305,2,0.0,12.3,Toastie,1,Kitchen,8.0,2,CHEESE-TOMATO,7.0,2021-05-28 08:15:00,Sourdough,Salt and Pepper,,,,,1.0
18952,69,2,0.0,12.3,Toasted Roll,1,Kitchen,8.5,2,BACON-EGG,7.0,2022-01-28 07:07:47,,"Tomato Sauce, Avocado",,,,,1.5
15230,847,9,0.0,12.3,Toasted Roll,1,Kitchen,8.0,2,BACON-EGG-CHEESE,8.0,2021-08-30 12:39:06,,Tomato Sauce,,,,,0.0
14660,847,2,0.0,12.3,Toasted Roll,1,Kitchen,8.0,2,BACON-EGG-CHEESE,8.0,2021-08-09 12:45:28,,Tomato Sauce,,,,,0.0
4870,115,2,0.0,12.3,Toastie,1,Kitchen,8.0,2,BACON-EGG-CHEESE,8.0,2020-05-14 09:45:00,White,Tomato Sauce,,,,,0.0
11256,632,2,0.0,12.3,Toastie,1,Kitchen,8.0,2,EGG,6.0,2021-03-19 06:15:02,White,"BBQ Sauce, Hash Brown, Salt and Pepper",,,,,2.0
18286,141,2,0.0,12.3,Toastie,1,Kitchen,7.0,2,BACON-EGG,7.0,2021-12-16 06:31:20,Multigrain,BBQ Sauce,,,,,0.0
7937,141,2,0.0,12.3,Toastie,1,Kitchen,7.0,2,BACON-EGG,7.0,2020-10-13 06:17:11,Multigrain,BBQ Sauce,,,,,0.0
7525,141,2,0.0,12.3,Toastie,1,Kitchen,7.0,2,BACON-EGG,7.0,2020-09-27 07:20:38,Multigrain,BBQ Sauce,,,,,0.0
7282,141,2,0.0,12.3,Toastie,1,Kitchen,7.0,2,BACON-EGG,7.0,2020-09-18 06:32:12,Multigrain,BBQ Sauce,,,,,0.0
6875,141,2,0.0,12.3,Toastie,1,Kitchen,7.0,2,BACON-EGG,7.0,2020-09-03 05:55:52,Multigrain,BBQ Sauce,,,,,0.0
6164,141,2,0.0,12.3,Toastie,1,Kitchen,7.0,2,BACON-EGG,7.0,2020-08-04 05:48:47,Multigrain,BBQ Sauce,,,,,0.0
6020,141,2,0.0,12.3,Toastie,1,Kitchen,7.0,2,BACON-EGG,7.0,2020-07-28 06:03:04,Multigrain,BBQ Sauce,,,,,0.0
4576,141,10,0.0,12.3,Toastie,1,Kitchen,7.0,2,BACON-EGG,7.0,2020-04-20 06:15:32,White,BBQ Sauce,,,,,0.0
4328,141,2,0.0,12.3,Toasted Roll,1,Kitchen,7.0,2,BACON-EGG,7.0,2020-03-11 05:54:39,,Tomato Sauce,,,,,0.0
17387,670,2,0.0,12.3,Toasted Roll,1,Kitchen,8.0,2,BACON-EGG-CHEESE,8.0,2021-11-12 08:20:52,,Tomato Sauce,,,,,0.0
16176,670,2,0.0,12.3,Toasted Roll,1,Kitchen,8.0,2,BACON-EGG-CHEESE,8.0,2021-10-01 07:49:07,,Tomato Sauce,,,,,0.0
15742,670,2,0.0,12.3,Toasted Roll,1,Kitchen,8.0,2,BACON-EGG-CHEESE,8.0,2021-09-17 08:15:50,,Tomato Sauce,,,,,0.0
15395,161,2,0.0,12.3,Toasted Roll,1,Kitchen,8.0,2,BACON-EGG-CHEESE,8.0,2021-09-05 09:44:21,,"BBQ Sauce, Salt and Pepper",,,,,0.0
15087,161,2,0.0,12.3,Toasted Roll,1,Kitchen,8.0,2,BACON-EGG-CHEESE,8.0,2021-08-26 06:39:55,,"BBQ Sauce, Salt and Pepper",,,,,0.0
14984,161,2,0.0,12.3,Toasted Roll,1,Kitchen,8.0,2,BACON-EGG-CHEESE,8.0,2021-08-22 09:41:25,,"BBQ Sauce, Salt and Pepper",,,,,0.0
13884,161,2,0.0,12.3,Toasted Roll,1,Kitchen,8.0,2,BACON-EGG-CHEESE,8.0,2021-07-09 06:38:48,,"BBQ Sauce, Salt and Pepper",,,,,0.0
13862,161,2,0.0,12.3,Toasted Roll,1,Kitchen,8.0,2,BACON-EGG-CHEESE,8.0,2021-07-08 06:46:29,,"BBQ Sauce, Salt and Pepper",,,,,0.0
13368,161,2,0.0,12.3,Toasted Roll,1,Kitchen,8.0,2,BACON-EGG-CHEESE,8.0,2021-06-17 06:00:00,,"BBQ Sauce, Salt and Pepper",,,,,0.0
12792,161,2,0.0,12.3,Toasted Roll,1,Kitchen,8.0,2,BACON-EGG-CHEESE,8.0,2021-05-27 05:55:36,,"BBQ Sauce, Salt and Pepper",,,,,0.0
12454,161,2,0.0,12.3,Toastie,1,Kitchen,8.0,2,HAM-CHEESE-TOMATO,8.0,2021-05-12 06:14:17,White,Tomato Sauce,,,,,0.0
12426,161,2,0.0,12.3,Toasted Roll,1,Kitchen,8.0,2,BACON-EGG-CHEESE,8.0,2021-05-11 06:15:40,,"BBQ Sauce, Salt and Pepper",,,,,0.0
12319,161,2,0.0,12.3,Toasted Roll,1,Kitchen,8.0,2,BACON-EGG-CHEESE,8.0,2021-05-07 06:18:42,,"BBQ Sauce, Salt and Pepper",,,,,0.0
12183,161,2,0.0,12.3,Toasted Roll,1,Kitchen,8.0,2,BACON-EGG-CHEESE,8.0,2021-05-01 08:46:06,,"BBQ Sauce, Salt and Pepper",,,,,0.0
12081,161,2,0.0,12.3,Toasted Roll,1,Kitchen,8.0,2,BACON-EGG-CHEESE,8.0,2021-04-27 06:38:12,,"BBQ Sauce, Salt and Pepper",,,,,0.0
11905,161,2,0.0,12.3,Toasted Roll,1,Kitchen,8.0,2,BACON-EGG-CHEESE,8.0,2021-04-18 11:56:28,,"BBQ Sauce, Salt and Pepper",,,,,0.0
11816,161,2,0.0,12.3,Toasted Roll,1,Kitchen,8.0,2,BACON-EGG-CHEESE,8.0,2021-04-15 07:02:52,,"BBQ Sauce, Salt and Pepper",,,,,0.0
11752,161,2,0.0,12.3,Toasted Roll,1,Kitchen,8.0,2,BACON-EGG-CHEESE,8.0,2021-04-12 06:47:39,,"BBQ Sauce, Salt and Pepper",,,,,0.0
11688,161,2,0.0,12.3,Toasted Roll,1,Kitchen,8.0,2,BACON-EGG-CHEESE,8.0,2021-04-09 06:47:55,,"BBQ Sauce, Salt and Pepper",,,,,0.0
11489,161,2,0.0,12.3,Toasted Roll,1,Kitchen,8.0,2,BACON-EGG-CHEESE,8.0,2021-03-30 06:57:03,,"BBQ Sauce, Salt and Pepper",,,,,0.0
11155,161,2,0.0,12.3,Toasted Roll,1,Kitchen,8.0,2,BACON-EGG-CHEESE,8.0,2021-03-13 10:42:42,,"BBQ Sauce, Salt and Pepper",,,,,0.0
10765,161,2,0.0,12.3,Toasted Roll,1,Kitchen,8.0,2,BACON-EGG-CHEESE,8.0,2021-02-21 09:30:48,,"BBQ Sauce, Salt and Pepper",,,,,0.0
10304,161,2,0.0,12.3,Toasted Roll,1,Kitchen,8.0,2,BACON-EGG-CHEESE,8.0,2021-01-30 08:32:27,,"BBQ Sauce, Salt and Pepper",,,,,0.0
8865,161,2,0.0,12.3,Toasted Roll,1,Kitchen,8.0,2,BACON-EGG-CHEESE,8.0,2020-11-14 09:28:45,,"BBQ Sauce, Salt and Pepper",,,,,0.0
8539,161,2,0.0,12.3,Toasted Roll,1,Kitchen,8.0,2,BACON-EGG-CHEESE,8.0,2020-11-01 09:53:47,,"Tomato Sauce, BBQ Sauce, Salt and Pepper",,,,,0.0
14632,684,2,0.0,12.3,Deep Fryer,1,Kitchen,8.0,1,WEDGES,7.5,2021-08-08 13:01:19,,,,Sweet and sour sauce,,,0.5
14451,684,2,0.0,12.3,Deep Fryer,1,Kitchen,8.0,1,WEDGES,7.5,2021-08-01 12:29:17,,,,Sweet and sour sauce,,,0.5
9303,194,2,0.0,12.3,Toasted Roll,1,Kitchen,8.0,2,BACON-EGG-CHEESE,8.0,2020-12-03 09:20:13,,"Tomato Sauce, BBQ Sauce, Salt and Pepper",,,,,0.0
12625,722,2,0.0,12.3,Toasted Roll,1,Kitchen,8.0,2,BACON-EGG-CHEESE,8.0,2021-05-20 06:25:06,,"BBQ Sauce, Salt and Pepper",,,,,0.0
13333,725,2,0.0,12.3,Toasted Roll,1,Kitchen,7.0,2,BACON-EGG,7.0,2021-06-15 09:31:36,,"Tomato Sauce, Salt and Pepper",,,,,0.0
12655,725,1,0.0,12.3,Toasted Roll,1,Kitchen,7.0,2,BACON-EGG,7.0,2021-05-21 08:03:50,,"Tomato Sauce, Salt and Pepper",,,,,0.0
15682,222,2,0.0,12.3,Toastie,1,Kitchen,8.0,2,HAM-CHEESE-TOMATO,8.0,2021-09-15 07:05:09,Multigrain,Tomato Sauce,,,,,0.0
18345,231,2,0.0,12.3,Toastie,1,Kitchen,8.0,2,HAM-CHEESE-TOMATO,8.0,2021-12-18 08:24:40,White,Tomato Sauce,,,,,0.0
18192,231,2,0.0,12.3,Toastie,1,Kitchen,8.0,2,HAM-CHEESE-TOMATO,8.0,2021-12-12 07:12:14,White,Tomato Sauce,,,,,0.0
17739,231,2,0.0,12.3,Toastie,1,Kitchen,8.0,2,HAM-CHEESE-TOMATO,8.0,2021-11-25 06:42:12,White,Tomato Sauce,,,,,0.0
11419,231,2,0.0,12.3,Croissant,1,Kitchen,8.0,1,CHEESE-TOMATO,8.0,2021-03-27 07:23:47,,Salt and Pepper,,,,,0.0
15320,754,2,0.0,12.3,Toastie,1,Kitchen,8.0,2,HAM-CHEESE-TOMATO,8.0,2021-09-03 06:23:12,White,Tomato Sauce,,,,,0.0
4917,258,2,0.0,25.1,Toasted Roll,1,Kitchen,11.5,4,BACON-EGG-CHEESE,8.0,2020-05-17 11:00:00,,"BBQ Sauce, Avocado, Hash Brown, Salt and Pepper",,,,,3.5
35761,1027,2,0.0,25.1,Croissant,1,Kitchen,11.0,3,BACON-EGG-CHEESE,11.0,2023-09-17 09:27:29,,Salt and Pepper,,,,,0.0
17053,276,2,0.0,25.1,Toasted Roll,1,Kitchen,8.0,5,BACON-EGG-CHEESE,8.0,2021-10-31 08:12:44,,BBQ Sauce,,,,,0.0
16842,276,2,0.0,25.1,Toasted Roll,1,Kitchen,8.0,5,BACON-EGG-CHEESE,8.0,2021-10-24 08:32:31,,BBQ Sauce,,,,,0.0
6913,276,2,0.0,25.1,Toasted Roll,1,Kitchen,8.0,5,BACON-EGG-CHEESE,8.0,2020-09-04 09:09:49,,BBQ Sauce,,,,,0.0
6284,276,2,0.0,25.1,Toasted Roll,1,Kitchen,8.0,5,BACON-EGG-CHEESE,8.0,2020-08-09 09:22:09,,BBQ Sauce,,,,,0.0
8503,540,2,0.0,25.1,Toasted Roll,1,Kitchen,8.0,3,BACON-EGG-CHEESE,8.0,2020-10-31 07:45:00,,Tomato Sauce,,,,,0.0
8503,540,2,0.0,25.1,Toasted Roll,1,Kitchen,8.0,4,BACON-EGG-CHEESE,8.0,2020-10-31 07:45:00,,Tomato Sauce,,,,,0.0
4319,55,2,0.0,25.1,Toastie,1,Kitchen,8.0,3,BACON-EGG-CHEESE,8.0,2020-03-08 10:00:00,White,"Tomato Sauce, Salt and Pepper",,,,,0.0
4319,55,2,0.0,25.1,Toastie,1,Kitchen,8.0,4,BACON-EGG-CHEESE,8.0,2020-03-08 10:00:00,White,"Tomato Sauce, Salt and Pepper",,,,,0.0
4239,55,2,0.0,25.1,Toastie,1,Kitchen,8.0,3,BACON-EGG-CHEESE,8.0,2020-02-23 10:00:00,White,"Tomato Sauce, Salt and Pepper",,,,,0.0
4239,55,2,0.0,25.1,Toastie,1,Kitchen,8.0,4,BACON-EGG-CHEESE,8.0,2020-02-23 10:00:00,White,"Tomato Sauce, Salt and Pepper",,,,,0.0
12552,92,2,0.0,25.1,Toasted Roll,1,Kitchen,10.0,4,BACON-EGG-CHEESE,8.0,2021-05-16 09:02:50,,"BBQ Sauce, Hash Brown",,,,,2.0
39444,862,2,0.0,25.1,Toastie,1,Kitchen,10.5,4,HAM-CHEESE-TOMATO,10.5,2024-01-27 08:11:39,Multigrain,Tomato Sauce,,,,,0.0
39444,862,2,0.0,25.1,Muffin,1,Kitchen,4.5,3,APPLE-CINNAMON,4.5,2024-01-27 08:11:39,,,No,,,,0.0
7514,383,0,0.0,25.1,Toastie,1,Kitchen,7.0,4,HAM-CHEESE,7.0,2020-09-26 10:55:22,White,Salt and Pepper,,,,,0.0
7514,383,0,0.0,25.1,Croissant,1,Kitchen,9.0,1,HAM-CHEESE-TOMATO,9.0,2020-09-26 10:55:22,,Salt and Pepper,,,,,0.0
6681,416,2,0.0,25.1,Toasted Roll,1,Kitchen,8.0,5,BACON-EGG-CHEESE,8.0,2020-08-26 08:59:45,,BBQ Sauce,,,,,0.0
4726,194,2,0.0,25.1,Toasted Roll,1,Kitchen,7.0,3,BACON-EGG,7.0,2020-05-03 09:24:18,,"Tomato Sauce, BBQ Sauce",,,,,0.0
4726,194,2,0.0,25.1,Toasted Roll,1,Kitchen,9.5,4,BACON-EGG-CHEESE,8.0,2020-05-03 09:24:18,,"Tomato Sauce, BBQ Sauce, Avocado",,,,,1.5
13927,739,2,0.0,25.1,Toasted Roll,1,Kitchen,8.0,3,BACON-EGG-CHEESE,8.0,2021-07-10 12:27:15,,Tomato Sauce,,,,,0.0
13927,739,2,0.0,25.1,Toasted Roll,1,Kitchen,8.0,4,BACON-EGG-CHEESE,8.0,2021-07-10 12:27:15,,Tomato Sauce,,,,,0.0
13766,739,2,0.0,25.1,Toasted Roll,1,Kitchen,8.0,3,BACON-EGG-CHEESE,8.0,2021-07-03 12:19:17,,Tomato Sauce,,,,,0.0
13766,739,2,0.0,25.1,Toasted Roll,1,Kitchen,8.0,4,BACON-EGG-CHEESE,8.0,2021-07-03 12:19:17,,Tomato Sauce,,,,,0.0
13616,739,2,0.0,25.1,Toasted Roll,1,Kitchen,8.0,3,BACON-EGG-CHEESE,8.0,2021-06-26 12:39:56,,Tomato Sauce,,,,,0.0
13616,739,2,0.0,25.1,Toasted Roll,1,Kitchen,8.0,4,BACON-EGG-CHEESE,8.0,2021-06-26 12:39:56,,Tomato Sauce,,,,,0.0
13445,739,2,0.0,25.1,Toasted Roll,1,Kitchen,8.0,3,BACON-EGG-CHEESE,8.0,2021-06-19 11:46:43,,Tomato Sauce,,,,,0.0
13445,739,2,0.0,25.1,Toasted Roll,1,Kitchen,8.0,4,BACON-EGG-CHEESE,8.0,2021-06-19 11:46:43,,Tomato Sauce,,,,,0.0
13534,740,2,0.0,25.1,Toasted Roll,1,Kitchen,8.5,5,BACON-EGG,7.0,2021-06-23 09:02:10,,Avocado,,,,,1.5
16549,533,0,0.0,37.9,Toastie,1,Kitchen,7.0,6,HAM-CHEESE,7.0,2021-10-13 13:40:59,White,Tomato Sauce,,,,,0.0
34998,288,2,0.0,37.9,Toastie,1,Kitchen,12.0,4,BACON-EGG-CHEESE,10.5,2023-08-24 13:12:46,White,Avocado,,,,,1.5
34998,288,2,0.0,37.9,Toasted Roll,1,Kitchen,11.5,3,BACON-EGG-CHEESE,10.0,2023-08-24 13:12:46,,Avocado,,,,,1.5
15180,839,2,0.0,37.9,Toastie,1,Kitchen,8.0,6,BACON-EGG-CHEESE,8.0,2021-08-29 08:30:00,Multigrain,Tomato Sauce,,,,,0.0
23414,341,2,0.0,37.9,Toastie,1,Kitchen,8.5,6,BACON-CHEESE,7.0,2022-07-17 09:28:51,Multigrain,Avocado,,,,,1.5
23414,341,2,0.0,37.9,Toasted Roll,1,Kitchen,10.0,5,BACON-EGG-CHEESE,8.0,2022-07-17 09:28:51,,"BBQ Sauce, Hash Brown",,,,,2.0
36424,391,2,0.0,37.9,Toastie,1,Kitchen,10.5,3,BACON-EGG-CHEESE,10.5,2023-10-08 13:12:32,White,Salt and Pepper,,,,,0.0
36424,391,2,0.0,37.9,Toastie,1,Kitchen,9.0,4,CHEESE-TOMATO,9.0,2023-10-08 13:12:32,Multigrain,Salt and Pepper,,,,,0.0
15069,146,2,0.0,50.7,Toastie,1,Kitchen,7.0,6,HAM-CHEESE,7.0,2021-08-25 08:27:48,Multigrain,Tomato Sauce,,,,,0.0
15069,146,2,0.0,50.7,Toastie,1,Kitchen,7.0,7,HAM-CHEESE,7.0,2021-08-25 08:27:48,White,Tomato Sauce,,,,,0.0
15069,146,2,0.0,50.7,Toastie,1,Kitchen,8.0,8,HAM-CHEESE-TOMATO,8.0,2021-08-25 08:27:48,White,Tomato Sauce,,,,,0.0
15069,146,2,0.0,50.7,Toasted Roll,1,Kitchen,9.0,5,BACON-EGG,7.0,2021-08-25 08:27:48,,"BBQ Sauce, Hash Brown",,,,,2.0
27173,788,2,0.0,20.0,Toasted Roll,1,Kitchen,11.0,2,BACON-EGG-CHEESE,9.0,2022-11-26 09:22:33,,"BBQ Sauce, Hash Brown",,,,,2.0
13784,788,2,0.0,20.0,Toasted Roll,1,Kitchen,10.0,1,BACON-EGG-CHEESE,8.0,2021-07-04 11:33:08,,"BBQ Sauce, Hash Brown",,,,,2.0
13784,788,2,0.0,20.0,Toasted Roll,1,Kitchen,10.0,2,BACON-EGG-CHEESE,8.0,2021-07-04 11:33:08,,"BBQ Sauce, Hash Brown",,,,,2.0
9022,553,2,0.0,20.0,Toasted Roll,1,Kitchen,10.0,1,BACON-EGG-CHEESE,8.0,2020-11-22 09:00:00,,"Tomato Sauce, Hash Brown, Salt and Pepper",,,,,2.0
9022,553,2,0.0,20.0,Toasted Roll,1,Kitchen,10.0,2,BACON-EGG-CHEESE,8.0,2020-11-22 09:00:00,,"BBQ Sauce, Hash Brown, Salt and Pepper",,,,,2.0
16254,42,2,0.0,20.0,Toasted Roll,1,Kitchen,8.0,3,BACON-EGG-CHEESE,8.0,2021-10-03 10:38:33,,"Tomato Sauce, Salt and Pepper",,,,,0.0
36727,1325,2,0.0,20.0,Toastie,1,Kitchen,9.0,2,HAM-CHEESE,9.0,2023-10-17 11:02:16,White,Tomato Sauce,,,,,0.0
3949,55,2,0.0,20.0,Toastie,1,Kitchen,8.0,2,BACON-EGG-CHEESE,8.0,2019-12-07 11:07:33,White,"Tomato Sauce, Salt and Pepper",,,,,0.0
3949,55,2,0.0,20.0,Toastie,1,Kitchen,8.0,3,BACON-EGG-CHEESE,8.0,2019-12-07 11:07:33,White,"Tomato Sauce, Salt and Pepper",,,,,0.0
3917,55,2,0.0,20.0,Toastie,1,Kitchen,8.0,3,BACON-EGG-CHEESE,8.0,2019-11-30 09:15:00,White,"Tomato Sauce, Salt and Pepper",,,,,0.0
3917,55,2,0.0,20.0,Toasted Roll,1,Kitchen,8.0,2,BACON-EGG-CHEESE,8.0,2019-11-30 09:15:00,,"Tomato Sauce, Salt and Pepper",,,,,0.0
24620,575,2,0.0,20.0,Toasted Roll,1,Kitchen,10.0,1,BACON-EGG,8.0,2022-08-28 10:29:47,,"Hash Brown, Salt and Pepper",,,,,2.0
24620,575,2,0.0,20.0,Toasted Roll,1,Kitchen,10.0,2,BACON-EGG,8.0,2022-08-28 10:29:47,,"Hash Brown, Salt and Pepper",,,,,2.0
20114,1104,2,0.0,20.0,Toastie,1,Kitchen,8.0,3,HAM-CHEESE-TOMATO,8.0,2022-03-11 15:45:00,White,Tomato Sauce,,,,,0.0
27555,83,2,0.0,20.0,Toasted Roll,1,Kitchen,8.0,4,BACON-EGG,8.0,2022-12-09 08:03:07,,Salt and Pepper,,,,,0.0
20946,857,2,0.0,20.0,Toastie,1,Kitchen,7.0,4,HAM-CHEESE,7.0,2022-04-13 07:00:00,Multigrain,Tomato Sauce,,,,,0.0
10736,351,2,0.0,20.0,Toastie,1,Kitchen,7.0,5,CHEESE-TOMATO,7.0,2021-02-19 13:09:41,White,Tomato Sauce,,,,,0.0
37651,620,2,0.0,20.0,Muffin,1,Kitchen,4.5,4,ORANGE-POPPYSEED,4.5,2023-11-16 09:15:00,,,No,,,,0.0
16957,391,2,0.0,20.0,Toastie,1,Kitchen,7.0,2,CHEESE-TOMATO,7.0,2021-10-27 12:00:23,White,Salt and Pepper,,,,,0.0
16957,391,2,0.0,20.0,Toastie,1,Kitchen,7.0,3,CHEESE-TOMATO,7.0,2021-10-27 12:00:23,White,Salt and Pepper,,,,,0.0
23208,651,2,0.0,20.0,Toastie,1,Kitchen,10.0,3,BACON-EGG-CHEESE,8.0,2022-07-08 08:45:00,Multigrain,"Tomato Sauce, Hash Brown",,,,,2.0
21934,651,2,0.0,20.0,Toasted Roll,1,Kitchen,10.0,3,BACON-EGG-CHEESE,8.0,2022-05-21 08:55:00,,"Tomato Sauce, Hash Brown",,,,,2.0
18368,651,2,0.0,20.0,Toastie,1,Kitchen,10.0,3,BACON-EGG-CHEESE,8.0,2021-12-19 08:18:52,Dark Rye,"Tomato Sauce, Hash Brown",,,,,2.0
9924,404,2,0.0,20.0,Toasted Roll,1,Kitchen,7.0,2,BACON-EGG,7.0,2021-01-09 10:19:12,,BBQ Sauce,,,,,0.0
9924,404,2,0.0,20.0,Toasted Roll,1,Kitchen,7.0,3,BACON-EGG,7.0,2021-01-09 10:19:12,,BBQ Sauce,,,,,0.0
21603,161,2,0.0,20.0,Build Your Own Breakfast,1,Kitchen,16.0,1,SCRAMBLED,8.0,2022-05-08 10:23:29,Multigrain,"Bacon, Smashed Avo and Feta",,,,,8.0
23577,1192,2,0.0,20.0,Toasted Roll,1,Kitchen,9.0,3,BACON-EGG,7.0,2022-07-23 08:02:46,,Hash Brown,,,,,2.0
23842,951,2,0.0,20.0,Toasted Roll,1,Kitchen,10.0,1,BACON-EGG,8.0,2022-07-31 10:59:11,,"Hash Brown, Salt and Pepper",,,,,2.0
23842,951,2,0.0,20.0,Toasted Roll,1,Kitchen,10.0,2,BACON-EGG,8.0,2022-07-31 10:59:11,,"Hash Brown, Salt and Pepper",,,,,2.0
37090,197,2,0.0,20.0,Toastie,1,Kitchen,9.0,2,BACON-EGG,9.0,2023-10-28 09:25:50,White,Tomato Sauce,,,,,0.0
37090,197,2,0.0,20.0,Croissant,1,Kitchen,11.0,1,HAM-CHEESE-TOMATO,11.0,2023-10-28 09:25:50,,Salt and Pepper,,,,,0.0
38884,228,2,0.0,20.0,Toastie,1,Kitchen,9.0,3,BACON-EGG,9.0,2024-01-05 11:24:47,White,Tomato Sauce,,,,,0.0
38996,1508,0,0.0,20.0,Toasted Roll,2,Kitchen,20.0,1,BACON-EGG-CHEESE,10.0,2024-01-10 08:36:47,,BBQ Sauce,,,,,0.0
37188,1253,2,0.0,20.0,Toasted Roll,1,Kitchen,11.0,1,BACON-EGG,9.0,2023-10-31 10:41:57,,Hash Brown,,,,,2.0
37188,1253,2,0.0,20.0,Toasted Roll,1,Kitchen,9.0,2,BACON-EGG,9.0,2023-10-31 10:41:57,,Tomato Sauce,,,,,0.0
34003,1253,2,0.0,20.0,Toasted Roll,1,Kitchen,10.5,1,BACON-EGG,8.5,2023-07-24 09:11:36,,Hash Brown,,,,,2.0
34003,1253,2,0.0,20.0,Toasted Roll,1,Kitchen,9.5,2,BACON-EGG-CHEESE,9.5,2023-07-24 09:11:36,,Tomato Sauce,,,,,0.0
30427,492,2,0.0,20.0,Toastie,1,Kitchen,9.5,3,HAM-CHEESE,8.5,2023-03-30 10:59:35,Sourdough,Salt and Pepper,,,,,1.0
22349,496,2,0.0,20.0,Toasted Roll,1,Kitchen,10.5,3,BACON-EGG,7.0,2022-06-04 09:37:08,,"Tomato Sauce, Avocado, Hash Brown",,,,,3.5
36384,1522,2,0.0,20.0,Toasted Roll,2,Kitchen,20.0,1,BACON-EGG-CHEESE,10.0,2023-10-07 09:33:47,,BBQ Sauce,,,,,0.0
3316,5,2,0.0,32.8,Toastie,1,Kitchen,8.0,6,BACON-EGG,7.0,2019-05-26 07:00:00,Sourdough,Tomato Sauce,,,,,1.0
20821,551,2,0.0,32.8,Build Your Own Breakfast,1,Kitchen,13.0,1,POACHED,8.0,2022-04-08 07:58:16,Multigrain,"Bacon, Hash Brown",,,,,5.0
19397,173,2,0.0,32.8,Toastie,1,Kitchen,7.0,6,BACON-EGG,7.0,2022-02-13 10:06:23,White,Tomato Sauce,,,,,0.0
38290,197,2,0.0,32.8,Muffin,1,Kitchen,4.5,3,RASPBERRY-WHITECHOC,4.5,2023-12-06 09:54:44,,,No,,,,0.0
39255,1229,2,0.0,32.8,Toasted Roll,1,Kitchen,12.0,2,BACON-EGG-CHEESE,10.0,2024-01-20 09:59:28,,Hash Brown,,,,,2.0
39255,1229,2,0.0,32.8,Toastie,1,Kitchen,9.0,3,EGG-CHEESE,9.0,2024-01-20 09:59:28,Multigrain,Tomato Sauce,,,,,0.0
36496,288,2,0.0,45.6,Build Your Own Breakfast,1,Kitchen,16.2,1,POACHED,10.2,2023-10-10 14:30:45,Sourdough,Smashed Avo and Feta,,,,,6.0
36496,288,2,0.0,45.6,Build Your Own Breakfast,1,Kitchen,18.2,2,SCRAMBLED,10.2,2023-10-10 14:30:45,Sourdough,"Extra Egg, Bacon, Hash Brown",,,,,8.0
9030,351,2,0.0,45.6,Toastie,1,Kitchen,7.0,10,HAM-CHEESE,7.0,2020-11-22 10:09:24,White,Tomato Sauce,,,,,0.0
32370,1148,2,0.0,45.6,Kids Crepes,1,Kitchen,10.0,4,ICECREAM,6.0,2023-06-01 10:29:19,,,,,,"Banana, Strawberries",4.0
32448,651,2,0.0,45.6,Croissant,1,Kitchen,9.5,2,HAM-CHEESE-TOMATO,9.5,2023-06-04 09:00:00,,Salt and Pepper,,,,,0.0
32448,651,2,0.0,45.6,Toasted Roll,1,Kitchen,11.6,6,CHICKEN-SCHNITZEL-CHEESE-LETTUCE,10.1,2023-06-04 09:00:00,,"Avocado, Salt and Pepper",,,,,1.5
31146,146,2,0.0,58.4,Toastie,1,Kitchen,8.5,6,HAM-CHEESE,8.5,2023-04-24 12:15:14,White,Tomato Sauce,,,,,0.0
30646,1400,2,0.0,84.0,Toastie,1,Kitchen,9.5,5,HAM-CHEESE-TOMATO,9.5,2023-04-06 09:10:07,White,Salt and Pepper,,,,,0.0
30646,1400,2,0.0,84.0,Toastie,1,Kitchen,7.5,6,EGG,7.5,2023-04-06 09:10:07,Dark Rye,Tomato Sauce,,,,,0.0
30646,1400,2,0.0,84.0,Toasted Roll,1,Kitchen,11.5,1,BACON-EGG-CHEESE,9.5,2023-04-06 09:10:07,,"Hash Brown, Salt and Pepper",,,,,2.0
30646,1400,2,0.0,84.0,Toasted Roll,2,Kitchen,23.0,2,BACON-EGG-CHEESE,9.5,2023-04-06 09:10:07,,"BBQ Sauce, Hash Brown, Salt and Pepper",,,,,2.0
30646,1400,2,0.0,84.0,Toasted Roll,1,Kitchen,9.5,3,BACON-EGG-CHEESE,9.5,2023-04-06 09:10:07,,Salt and Pepper,,,,,0.0
30646,1400,2,0.0,84.0,Toasted Roll,2,Kitchen,23.0,4,BACON-EGG-CHEESE,9.5,2023-04-06 09:10:07,,"Tomato Sauce, Hash Brown, Salt and Pepper",,,,,2.0
35481,1591,0,0.0,14.9,Muffin,2,Kitchen,9.0,2,APPLE-CINNAMON,4.5,2023-09-08 09:01:53,,,No,,,,0.0
35480,1591,0,0.0,14.9,Muffin,2,Kitchen,9.0,2,APPLE-CINNAMON,4.5,2023-09-08 09:00:37,,,No,,,,0.0
21373,69,2,0.0,14.9,Toasted Roll,1,Kitchen,10.5,2,BACON-EGG,7.0,2022-04-30 09:13:42,,"Tomato Sauce, Avocado, Hash Brown",,,,,3.5
21263,69,2,0.0,14.9,Toasted Roll,1,Kitchen,10.5,2,BACON-EGG,7.0,2022-04-27 06:34:48,,"Tomato Sauce, Avocado, Hash Brown",,,,,3.5
21241,69,2,0.0,14.9,Toasted Roll,1,Kitchen,10.5,2,BACON-EGG,7.0,2022-04-26 06:23:55,,"Tomato Sauce, Avocado, Hash Brown",,,,,3.5
21203,69,2,0.0,14.9,Toasted Roll,1,Kitchen,10.5,2,BACON-EGG,7.0,2022-04-24 09:37:46,,"Tomato Sauce, Avocado, Hash Brown",,,,,3.5
21175,69,2,0.0,14.9,Toasted Roll,1,Kitchen,10.5,2,BACON-EGG,7.0,2022-04-23 09:51:23,,"Tomato Sauce, Avocado, Hash Brown",,,,,3.5
21136,69,2,0.0,14.9,Toasted Roll,1,Kitchen,10.5,2,BACON-EGG,7.0,2022-04-22 06:38:13,,"Tomato Sauce, Avocado, Hash Brown",,,,,3.5
21061,69,2,0.0,14.9,Toasted Roll,1,Kitchen,10.5,2,BACON-EGG,7.0,2022-04-19 06:27:21,,"Tomato Sauce, Avocado, Hash Brown",,,,,3.5
20899,69,2,0.0,14.9,Toasted Roll,1,Kitchen,10.5,2,BACON-EGG,7.0,2022-04-11 06:31:46,,"Tomato Sauce, Avocado, Hash Brown",,,,,3.5
20812,69,2,0.0,14.9,Toasted Roll,1,Kitchen,10.5,2,BACON-EGG,7.0,2022-04-08 06:43:42,,"Tomato Sauce, Avocado, Hash Brown",,,,,3.5
20620,69,2,0.0,14.9,Toasted Roll,1,Kitchen,10.5,2,BACON-EGG,7.0,2022-04-01 06:50:39,,"Tomato Sauce, Avocado, Hash Brown",,,,,3.5
20473,69,2,0.0,14.9,Toasted Roll,1,Kitchen,10.5,2,BACON-EGG,7.0,2022-03-26 09:17:03,,"Tomato Sauce, Avocado, Hash Brown",,,,,3.5
20435,69,2,0.0,14.9,Toasted Roll,1,Kitchen,10.5,2,BACON-EGG,7.0,2022-03-25 06:41:30,,"Tomato Sauce, Avocado, Hash Brown",,,,,3.5
20347,69,2,0.0,14.9,Toasted Roll,1,Kitchen,10.5,2,BACON-EGG,7.0,2022-03-21 06:30:30,,"Tomato Sauce, Avocado, Hash Brown",,,,,3.5
20305,69,2,0.0,14.9,Toasted Roll,1,Kitchen,10.5,2,BACON-EGG,7.0,2022-03-19 09:55:42,,"Tomato Sauce, Avocado, Hash Brown",,,,,3.5
20087,69,2,0.0,14.9,Toasted Roll,1,Kitchen,10.5,2,BACON-EGG,7.0,2022-03-11 06:59:54,,"Tomato Sauce, Avocado, Hash Brown",,,,,3.5
20079,69,2,0.0,14.9,Toasted Roll,1,Kitchen,10.5,2,BACON-EGG,7.0,2022-03-10 10:53:56,,"Tomato Sauce, Avocado, Hash Brown",,,,,3.5
19963,69,2,0.0,14.9,Toasted Roll,1,Kitchen,10.5,2,BACON-EGG,7.0,2022-03-06 08:37:20,,"Tomato Sauce, Avocado, Hash Brown",,,,,3.5
19804,69,2,0.0,14.9,Toasted Roll,1,Kitchen,10.5,2,BACON-EGG,7.0,2022-03-01 06:53:52,,"Tomato Sauce, Avocado, Hash Brown",,,,,3.5
19717,69,2,0.0,14.9,Toasted Roll,1,Kitchen,10.5,2,BACON-EGG,7.0,2022-02-26 07:28:31,,"Tomato Sauce, Avocado, Hash Brown",,,,,3.5
19638,69,2,0.0,14.9,Toasted Roll,1,Kitchen,10.5,2,BACON-EGG,7.0,2022-02-23 06:46:41,,"Tomato Sauce, Avocado, Hash Brown",,,,,3.5
19553,69,2,0.0,14.9,Toasted Roll,1,Kitchen,10.5,2,BACON-EGG,7.0,2022-02-19 10:16:49,,"Tomato Sauce, Avocado, Hash Brown",,,,,3.5
19480,69,2,0.0,14.9,Toasted Roll,1,Kitchen,10.5,2,BACON-EGG,7.0,2022-02-17 07:10:21,,"Tomato Sauce, Avocado, Hash Brown",,,,,3.5
19431,69,2,0.0,14.9,Toasted Roll,1,Kitchen,10.5,2,BACON-EGG,7.0,2022-02-15 07:04:00,,"Tomato Sauce, Avocado, Hash Brown",,,,,3.5
19409,69,2,0.0,14.9,Toasted Roll,1,Kitchen,10.5,2,BACON-EGG,7.0,2022-02-14 06:54:29,,"Tomato Sauce, Avocado, Hash Brown",,,,,3.5
19292,69,2,0.0,14.9,Toasted Roll,1,Kitchen,10.5,2,BACON-EGG,7.0,2022-02-10 07:04:25,,"Tomato Sauce, Avocado, Hash Brown",,,,,3.5
19133,69,2,0.0,14.9,Toasted Roll,1,Kitchen,10.5,2,BACON-EGG,7.0,2022-02-04 07:14:44,,"Tomato Sauce, Avocado, Hash Brown",,,,,3.5
19106,69,2,0.0,14.9,Toasted Roll,1,Kitchen,10.5,2,BACON-EGG,7.0,2022-02-03 06:59:39,,"Tomato Sauce, Avocado, Hash Brown",,,,,3.5
19015,69,2,0.0,14.9,Toasted Roll,1,Kitchen,10.5,2,BACON-EGG,7.0,2022-01-30 11:58:24,,"Tomato Sauce, Avocado, Hash Brown",,,,,3.5
18876,69,2,0.0,14.9,Toasted Roll,1,Kitchen,10.5,2,BACON-EGG,7.0,2022-01-25 06:27:31,,"Tomato Sauce, Avocado, Hash Brown",,,,,3.5
18858,69,2,0.0,14.9,Toasted Roll,1,Kitchen,10.5,2,BACON-EGG,7.0,2022-01-24 07:21:44,,"Tomato Sauce, Avocado, Hash Brown",,,,,3.5
18790,69,2,0.0,14.9,Toasted Roll,1,Kitchen,10.5,2,BACON-EGG,7.0,2022-01-21 06:43:10,,"Tomato Sauce, Avocado, Hash Brown",,,,,3.5
18733,69,2,0.0,14.9,Toasted Roll,1,Kitchen,10.5,2,BACON-EGG,7.0,2022-01-18 08:09:28,,"Tomato Sauce, Avocado, Hash Brown",,,,,3.5
18717,69,2,0.0,14.9,Toasted Roll,1,Kitchen,10.5,2,BACON-EGG,7.0,2022-01-17 09:05:52,,"Tomato Sauce, Avocado, Hash Brown",,,,,3.5
9552,79,2,0.0,14.9,Toasted Roll,1,Kitchen,7.0,3,BACON-EGG,7.0,2020-12-13 10:46:09,,Salt and Pepper,,,,,0.0
23503,593,2,0.0,14.9,Toasted Roll,1,Kitchen,10.0,2,BACON-EGG-CHEESE,8.0,2022-07-20 09:06:48,,"Tomato Sauce, Hash Brown",,,,,2.0
23506,92,2,0.0,14.9,Toasted Roll,1,Kitchen,10.0,2,BACON-EGG-CHEESE,8.0,2022-07-20 09:34:54,,"BBQ Sauce, Hash Brown, Salt and Pepper",,,,,2.0
20681,92,2,0.0,14.9,Toasted Roll,1,Kitchen,10.0,2,BACON-EGG-CHEESE,8.0,2022-04-03 08:39:14,,"BBQ Sauce, Hash Brown, Salt and Pepper",,,,,2.0
20490,92,2,0.0,14.9,Toasted Roll,1,Kitchen,10.0,2,BACON-EGG-CHEESE,8.0,2022-03-27 08:02:04,,"BBQ Sauce, Hash Brown, Salt and Pepper",,,,,2.0
25074,632,2,0.0,14.9,Toastie,1,Kitchen,10.5,2,EGG,7.0,2022-09-12 08:13:55,White,"BBQ Sauce, Avocado, Hash Brown, Salt and Pepper",,,,,3.5
23806,632,2,0.0,14.9,Toastie,1,Kitchen,10.5,2,EGG,7.0,2022-07-30 09:35:22,White,"BBQ Sauce, Avocado, Hash Brown, Salt and Pepper",,,,,3.5
25047,1148,2,0.0,14.9,Toastie,1,Kitchen,10.0,2,CHEESE-TOMATO,8.0,2022-09-11 09:56:04,White,Hash Brown,,,,,2.0
39134,408,2,0.0,14.9,Toastie,1,Kitchen,9.0,2,HAM-CHEESE,9.0,2024-01-16 06:24:10,White,Tomato Sauce,,,,,0.0
24233,161,2,0.0,14.9,Toasted Roll,1,Kitchen,10.5,2,BACON-EGG-CHEESE,9.0,2022-08-14 08:17:55,,"BBQ Sauce, Avocado, Salt and Pepper",,,,,1.5
18887,936,2,0.0,14.9,Toasted Roll,1,Kitchen,10.0,2,BACON-EGG-CHEESE,8.0,2022-01-25 10:15:00,,"Tomato Sauce, Hash Brown, Salt and Pepper",,,,,2.0
38466,172,2,0.0,14.9,Toasted Roll,1,Kitchen,9.0,2,BACON-EGG,9.0,2023-12-12 08:37:46,,Tomato Sauce,,,,,0.0
25997,446,2,0.0,14.9,Muffin,1,Kitchen,3.9,3,RASPBERRY-WHITECHOC,3.9,2022-10-16 12:43:06,,,No,,,,0.0
38383,451,2,0.0,14.9,Toasted Roll,1,Kitchen,9.0,2,BACON-EGG,9.0,2023-12-09 10:18:39,,BBQ Sauce,,,,,0.0
20482,971,2,0.0,14.9,Toasted Roll,1,Kitchen,9.5,2,BACON-EGG-CHEESE,8.0,2022-03-26 11:08:03,,"BBQ Sauce, Avocado",,,,,1.5
25732,721,2,0.0,14.9,Toasted Roll,1,Kitchen,10.0,2,BACON-EGG,8.0,2022-10-07 07:00:44,,"Tomato Sauce, Hash Brown, Salt and Pepper",,,,,2.0
25071,721,2,0.0,14.9,Toasted Roll,1,Kitchen,10.0,2,BACON-EGG,8.0,2022-09-12 07:56:56,,"Tomato Sauce, Hash Brown, Salt and Pepper",,,,,2.0
24944,721,2,0.0,14.9,Toasted Roll,1,Kitchen,10.0,2,BACON-EGG,8.0,2022-09-08 07:43:19,,"Tomato Sauce, Hash Brown, Salt and Pepper",,,,,2.0
24847,721,2,0.0,14.9,Toasted Roll,1,Kitchen,10.0,2,BACON-EGG,8.0,2022-09-05 07:23:32,,"Tomato Sauce, Hash Brown, Salt and Pepper",,,,,2.0
39585,1510,0,0.0,14.9,Muffin,1,Kitchen,4.5,3,APPLE-CINNAMON,4.5,2024-02-01 08:33:53,,,No,,,,0.0
36907,1510,2,0.0,14.9,Muffin,1,Kitchen,4.5,3,APPLE-CINNAMON,4.5,2023-10-23 06:58:22,,,Yes,,,,0.0
4946,72,2,0.0,27.7,Toastie,1,Kitchen,7.0,6,HAM-CHEESE,7.0,2020-05-19 10:30:00,Multigrain,Salt and Pepper,,,,,0.0
34445,1117,2,0.0,27.7,Toasted Roll,1,Kitchen,10.0,4,BACON-EGG-CHEESE,10.0,2023-08-07 08:30:45,,BBQ Sauce,,,,,0.0
36938,1540,2,0.0,40.5,(Main) Pasta,1,Kitchen,16.5,1,SPAGCARB,16.5,2023-10-23 11:50:06,,,,,Spaghetti,,0.0
25475,1223,2,0.0,40.5,Toastie,1,Kitchen,8.0,5,HAM-CHEESE,8.0,2022-09-27 07:09:44,White,Tomato Sauce,,,,,0.0
25475,1223,2,0.0,40.5,Toastie,1,Kitchen,8.0,6,BACON-EGG,8.0,2022-09-27 07:09:44,White,Tomato Sauce,,,,,0.0
25475,1223,2,0.0,40.5,Toasted Roll,1,Kitchen,8.0,4,BACON-EGG,8.0,2022-09-27 07:09:44,,BBQ Sauce,,,,,0.0
12471,715,2,0.0,40.5,Build Your Own Breakfast,1,Kitchen,15.9,1,POACHED,7.9,2021-05-12 10:27:39,Multigrain,"Grilled Tomato, Sauteed Mushrooms, Avocado",,,,,8.0
12471,715,2,0.0,40.5,Build Your Own Breakfast,1,Kitchen,15.9,2,POACHED,7.9,2021-05-12 10:27:39,White,"Bacon, Grilled Tomato, Avocado",,,,,8.0
15797,890,2,0.0,53.3,Eggs and Bacon,1,Kitchen,11.9,1,SUNNY,10.9,2021-09-18 14:10:49,Sourdough,,,,,,1.0
15797,890,2,0.0,53.3,Eggs and Bacon,1,Kitchen,11.9,2,SUNNY,10.9,2021-09-18 14:10:49,Sourdough,,,,,,1.0
20888,146,2,0.0,53.3,Toastie,1,Kitchen,7.0,7,HAM-CHEESE,7.0,2022-04-10 09:45:25,Multigrain,Tomato Sauce,,,,,0.0
20888,146,2,0.0,53.3,Toastie,1,Kitchen,7.0,8,HAM-CHEESE,7.0,2022-04-10 09:45:25,White,Tomato Sauce,,,,,0.0
20888,146,2,0.0,53.3,Toasted Roll,1,Kitchen,9.0,6,BACON-EGG,7.0,2022-04-10 09:45:25,,"BBQ Sauce, Hash Brown, Salt and Pepper",,,,,2.0
29414,1144,2,0.0,66.1,Toasted Roll,1,Kitchen,8.5,4,BACON-EGG,8.5,2023-02-25 11:15:00,,Tomato Sauce,,,,,0.0
29414,1144,2,0.0,66.1,Toasted Roll,1,Kitchen,10.5,5,BACON-EGG,8.5,2023-02-25 11:15:00,,"Tomato Sauce, Hash Brown",,,,,2.0
29414,1144,2,0.0,66.1,Toasted Roll,1,Kitchen,11.5,7,BACON-EGG-CHEESE,9.5,2023-02-25 11:15:00,,"Tomato Sauce, Hash Brown",,,,,2.0
15392,127,2,0.0,66.1,Eggs Benedict,1,Kitchen,19.5,3,SALMON,17.5,2021-09-05 09:36:24,,,,Hashbrown,,,2.0
15392,127,2,0.0,66.1,Toastie,1,Kitchen,7.0,7,HAM-CHEESE,7.0,2021-09-05 09:36:24,White,Tomato Sauce,,,,,0.0
15392,127,2,0.0,66.1,Toastie,1,Kitchen,9.0,8,HAM-CHEESE,7.0,2021-09-05 09:36:24,White,Hash Brown,,,,,2.0
39399,1400,2,0.0,104.5,Toasted Roll,2,Kitchen,24.0,2,BACON-EGG-CHEESE,10.0,2024-01-25 08:50:08,,"Tomato Sauce, Hash Brown",,,,,2.0
39399,1400,2,0.0,104.5,Toastie,1,Kitchen,8.0,8,EGG,8.0,2024-01-25 08:50:08,Dark Rye,Salt and Pepper,,,,,0.0
39399,1400,2,0.0,104.5,Toastie,1,Kitchen,10.5,9,BACON-EGG-CHEESE,10.5,2024-01-25 08:50:08,Dark Rye,"Tomato Sauce, Salt and Pepper",,,,,0.0
39399,1400,2,0.0,104.5,Toasted Roll,1,Kitchen,10.0,3,BACON-EGG-CHEESE,10.0,2024-01-25 08:50:08,,BBQ Sauce,,,,,0.0
39399,1400,2,0.0,104.5,Toasted Roll,1,Kitchen,10.0,4,BACON-EGG-CHEESE,10.0,2024-01-25 08:50:08,,"BBQ Sauce, Salt and Pepper",,,,,0.0
39399,1400,2,0.0,104.5,Toasted Roll,1,Kitchen,12.0,5,BACON-EGG-CHEESE,10.0,2024-01-25 08:50:08,,"BBQ Sauce, Hash Brown, Salt and Pepper",,,,,2.0
39399,1400,2,0.0,104.5,Toasted Roll,1,Kitchen,12.0,6,BACON-EGG-CHEESE,10.0,2024-01-25 08:50:08,,"Hash Brown, Salt and Pepper",,,,,2.0
39399,1400,2,0.0,104.5,Toasted Roll,1,Kitchen,12.0,7,BACON-EGG-CHEESE,10.0,2024-01-25 08:50:08,,"Hash Brown, Salt and Pepper",,,,,2.0
38785,48,2,0.0,9.8,Muffin,1,Kitchen,4.5,2,RASPBERRY-WHITECHOC,4.5,2023-12-22 09:54:29,,,Yes,,,,0.0
37606,1168,2,0.0,9.8,Muffin,1,Kitchen,4.5,2,APPLE-CINNAMON,4.5,2023-11-15 07:03:48,,,No,,,,0.0
36911,1168,2,0.0,9.8,Muffin,1,Kitchen,4.5,2,APPLE-CINNAMON,4.5,2023-10-23 07:29:02,,,No,,,,0.0
36477,189,2,0.0,9.8,Muffin,1,Kitchen,4.5,2,RASPBERRY-WHITECHOC,4.5,2023-10-10 08:48:42,,,Yes,,,,0.0
34697,189,2,0.0,9.8,Muffin,1,Kitchen,4.5,2,RASPBERRY-WHITECHOC,4.5,2023-08-15 08:58:26,,,Yes,,,,0.0
34485,189,2,0.0,9.8,Muffin,1,Kitchen,4.5,2,RASPBERRY-WHITECHOC,4.5,2023-08-08 08:47:15,,,Yes,,,,0.0
40398,744,2,0.0,9.8,Muffin,1,Kitchen,4.5,2,ORANGE-POPPYSEED,4.5,2024-02-28 07:39:57,,,No,,,,0.0
39812,744,2,0.0,9.8,Muffin,1,Kitchen,4.5,2,ORANGE-POPPYSEED,4.5,2024-02-08 11:18:30,,,No,,,,0.0
8308,275,2,0.0,22.6,Toasted Roll,1,Kitchen,7.0,3,BACON-EGG,7.0,2020-10-24 09:15:44,,Tomato Sauce,,,,,0.0
8308,275,2,0.0,22.6,Toastie,1,Kitchen,6.0,4,BACON,6.0,2020-10-24 09:15:44,White,Tomato Sauce,,,,,0.0
16066,543,2,0.0,22.6,Toasted Roll,1,Kitchen,7.0,3,BACON-EGG,7.0,2021-09-27 10:24:00,,BBQ Sauce,,,,,0.0
16066,543,2,0.0,22.6,Toastie,1,Kitchen,7.0,4,BACON-CHEESE,7.0,2021-09-27 10:24:00,White,Tomato Sauce,,,,,0.0
15963,543,2,0.0,22.6,Toastie,1,Kitchen,7.0,4,BACON-CHEESE,7.0,2021-09-24 10:23:50,White,Tomato Sauce,,,,,0.0
15963,543,2,0.0,22.6,Toasted Roll,1,Kitchen,7.0,3,BACON-EGG,7.0,2021-09-24 10:23:50,,BBQ Sauce,,,,,0.0
9357,586,2,0.0,22.6,Toasted Roll,1,Kitchen,7.0,3,BACON-EGG,7.0,2020-12-06 08:24:41,,Salt and Pepper,,,,,0.0
9357,586,2,0.0,22.6,Toasted Roll,1,Kitchen,7.0,4,BACON-EGG,7.0,2020-12-06 08:24:41,,Salt and Pepper,,,,,0.0
17800,79,2,0.0,22.6,Toastie,1,Kitchen,7.0,4,HAM-CHEESE,7.0,2021-11-27 08:35:38,White,Tomato Sauce,,,,,0.0
17800,79,2,0.0,22.6,Toasted Roll,1,Kitchen,7.0,3,BACON-EGG,7.0,2021-11-27 08:35:38,,Salt and Pepper,,,,,0.0
14037,79,2,0.0,22.6,Toastie,1,Kitchen,7.0,4,HAM-CHEESE,7.0,2021-07-16 08:02:15,White,Tomato Sauce,,,,,0.0
14037,79,2,0.0,22.6,Toasted Roll,1,Kitchen,7.0,3,BACON-EGG,7.0,2021-07-16 08:02:15,,Salt and Pepper,,,,,0.0
13014,79,2,0.0,22.6,Toasted Roll,1,Kitchen,7.0,3,BACON-EGG,7.0,2021-06-04 07:53:52,,Salt and Pepper,,,,,0.0
13014,79,2,0.0,22.6,Toasted Roll,1,Kitchen,7.0,4,BACON-EGG,7.0,2021-06-04 07:53:52,,Salt and Pepper,,,,,0.0
9152,79,2,0.0,22.6,Toasted Roll,1,Kitchen,7.0,3,BACON-EGG,7.0,2020-11-27 08:24:18,,Salt and Pepper,,,,,0.0
9152,79,2,0.0,22.6,Toasted Roll,1,Kitchen,7.0,4,BACON-EGG,7.0,2020-11-27 08:24:18,,Salt and Pepper,,,,,0.0
6972,79,2,0.0,22.6,Toasted Roll,1,Kitchen,7.0,3,BACON-EGG,7.0,2020-09-06 09:29:35,,Salt and Pepper,,,,,0.0
6972,79,2,0.0,22.6,Toasted Roll,1,Kitchen,7.0,4,BACON-EGG,7.0,2020-09-06 09:29:35,,Salt and Pepper,,,,,0.0
5934,79,2,0.0,22.6,Toasted Roll,1,Kitchen,7.0,3,BACON-EGG,7.0,2020-07-24 07:49:04,,Salt and Pepper,,,,,0.0
5934,79,2,0.0,22.6,Toasted Roll,1,Kitchen,7.0,4,BACON-EGG,7.0,2020-07-24 07:49:04,,Salt and Pepper,,,,,0.0
5877,79,2,0.0,22.6,Toasted Roll,1,Kitchen,7.0,3,BACON-EGG,7.0,2020-07-21 08:00:06,,Salt and Pepper,,,,,0.0
5877,79,2,0.0,22.6,Toasted Roll,1,Kitchen,7.0,4,BACON-EGG,7.0,2020-07-21 08:00:06,,Salt and Pepper,,,,,0.0
6085,365,2,0.0,22.6,Toastie,1,Kitchen,7.0,3,HAM-CHEESE,7.0,2020-07-31 07:54:09,White,Salt and Pepper,,,,,0.0
6085,365,2,0.0,22.6,Toastie,1,Kitchen,7.0,4,HAM-CHEESE,7.0,2020-07-31 07:54:09,White,Salt and Pepper,,,,,0.0
29196,1148,2,0.0,22.6,Muffin,1,Kitchen,3.9,4,CHOC-MUD,3.9,2023-02-18 09:57:10,,,No,,,,0.0
29196,1148,2,0.0,22.6,Muffin,1,Kitchen,3.9,5,RASPBERRY-WHITECHOC,3.9,2023-02-18 09:57:10,,,No,,,,0.0
24762,1148,2,0.0,22.6,French Toast with Streaky Bacon,1,Kitchen,13.8,1,REGULAR,11.8,2022-09-02 09:03:23,,,,Hashbrown,,,2.0
11487,662,2,0.0,22.6,Toastie,1,Kitchen,7.0,4,HAM-CHEESE,7.0,2021-03-30 06:45:13,White,Tomato Sauce,,,,,0.0
11487,662,2,0.0,22.6,Toasted Roll,1,Kitchen,7.0,3,BACON-EGG,7.0,2021-03-30 06:45:13,,BBQ Sauce,,,,,0.0
24439,675,2,0.0,22.6,Toasted Roll,1,Kitchen,11.6,2,CHICKEN-SCHNITZEL-CHEESE-LETTUCE,9.6,2022-08-21 12:03:31,,Hash Brown,,,,,2.0
37514,172,2,0.0,22.6,Toasted Roll,1,Kitchen,9.0,3,BACON-EGG,9.0,2023-11-11 10:04:03,,Tomato Sauce,,,,,0.0
37434,172,2,0.0,22.6,Toasted Roll,1,Kitchen,9.0,3,BACON-EGG,9.0,2023-11-09 08:09:06,,Tomato Sauce,,,,,0.0
37236,172,2,0.0,22.6,Toasted Roll,1,Kitchen,9.0,3,BACON-EGG,9.0,2023-11-02 07:21:04,,Tomato Sauce,,,,,0.0
9895,172,2,0.0,22.6,Toastie,1,Kitchen,7.0,5,HAM-CHEESE,7.0,2021-01-07 11:44:21,Multigrain,Tomato Sauce,,,,,0.0
6926,432,2,0.0,22.6,Deep Fryer,1,Kitchen,8.0,1,WEDGES,7.5,2020-09-04 13:00:00,,,,Sweet and sour sauce,,,0.5
31782,231,2,0.0,22.6,Toastie,1,Kitchen,9.5,4,BACON-EGG-CHEESE,9.5,2023-05-14 07:10:06,White,Tomato Sauce,,,,,0.0
38726,1126,2,0.0,35.4,Toastie,1,Kitchen,10.5,3,HAM-CHEESE-TOMATO,10.5,2023-12-20 08:12:03,White,Tomato Sauce,,,,,0.0
38726,1126,2,0.0,35.4,Toasted Roll,1,Kitchen,10.5,2,BACON-EGG,9.0,2023-12-20 08:12:03,,Avocado,,,,,1.5
14798,804,2,0.0,48.2,Big Breakfast,1,Kitchen,20.7,1,SCRAMBLED,16.7,2021-08-15 10:38:06,White,"Extra Egg, Hash Brown",,,,,4.0
14798,804,2,0.0,48.2,Eggs Benedict,1,Kitchen,16.5,4,BACON,14.5,2021-08-15 10:38:06,,,,Hashbrown,,,2.0
14275,804,2,0.0,48.2,Big Breakfast,1,Kitchen,20.7,1,SCRAMBLED,16.7,2021-07-25 10:45:00,White,"Extra Egg, Hash Brown",,,,,4.0
14275,804,2,0.0,48.2,Eggs Benedict,1,Kitchen,16.5,4,BACON,14.5,2021-07-25 10:45:00,,,,Hashbrown,,,2.0
14094,804,2,0.0,48.2,Big Breakfast,1,Kitchen,20.7,1,SCRAMBLED,16.7,2021-07-18 09:44:40,White,"Extra Egg, Hash Brown",,,,,4.0
14094,804,2,0.0,48.2,Eggs Benedict,1,Kitchen,16.5,4,BACON,14.5,2021-07-18 09:44:40,,,,Hashbrown,,,2.0
14270,351,2,0.0,48.2,Toasted Roll,1,Kitchen,9.0,8,BACON-EGG,7.0,2021-07-25 10:15:00,,Hash Brown,,,,,2.0
14270,351,2,0.0,48.2,Toastie,1,Kitchen,9.0,9,BACON-EGG,7.0,2021-07-25 10:15:00,White,Hash Brown,,,,,2.0
25348,1194,2,1.59,17.49,Toastie,1,Kitchen,11.0,2,BACON-EGG-CHEESE,9.0,2022-09-22 09:00:00,White,"Tomato Sauce, Hash Brown",,,,,2.0
5656,13,2,0.0,17.5,Toasted Roll,1,Kitchen,8.0,3,BACON-EGG-CHEESE,8.0,2020-07-10 06:16:09,,Tomato Sauce,,,,,0.0
5315,13,2,0.0,17.5,Toasted Roll,1,Kitchen,7.0,3,BACON-EGG,7.0,2020-06-16 09:59:16,,"Tomato Sauce, Salt and Pepper",,,,,0.0
4899,13,2,0.0,17.5,Toastie,1,Kitchen,7.0,3,BACON-EGG,7.0,2020-05-16 08:03:40,White,"Tomato Sauce, Salt and Pepper",,,,,0.0
24779,1081,2,0.0,17.5,Toasted Roll,1,Kitchen,12.5,2,BACON-EGG-CHEESE,9.0,2022-09-03 07:33:29,,"Tomato Sauce, Avocado, Hash Brown, Salt and Pepper",,,,,3.5
24173,1081,2,0.0,17.5,Toasted Roll,1,Kitchen,12.5,2,BACON-EGG-CHEESE,9.0,2022-08-12 07:30:09,,"Tomato Sauce, Avocado, Hash Brown, Salt and Pepper",,,,,3.5
28384,575,2,0.0,17.5,Toasted Roll,1,Kitchen,10.5,2,BACON-EGG,8.5,2023-01-19 07:39:55,,"Hash Brown, Salt and Pepper",,,,,2.0
3647,69,10,0.0,17.5,Toasted Roll,1,Kitchen,10.5,3,BACON-EGG,7.0,2019-10-05 07:46:06,,"Tomato Sauce, Avocado, Hash Brown",,,,,3.5
19739,845,2,0.0,17.5,Toasted Roll,1,Kitchen,9.0,2,BACON-EGG,7.0,2022-02-26 10:38:28,,"Tomato Sauce, Hash Brown",,,,,2.0
38896,107,2,0.0,17.5,Toasted Roll,1,Kitchen,11.0,2,BACON-EGG,9.0,2024-01-06 08:25:20,,"Tomato Sauce, Hash Brown, Salt and Pepper",,,,,2.0
38702,107,2,0.0,17.5,Toasted Roll,1,Kitchen,11.0,2,BACON-EGG,9.0,2023-12-19 12:52:33,,"Tomato Sauce, Hash Brown, Salt and Pepper",,,,,2.0
24339,128,2,0.0,17.5,Toasted Roll,1,Kitchen,12.5,2,BACON-EGG-CHEESE,9.0,2022-08-18 07:38:33,,"Avocado, Hash Brown, Salt and Pepper",,,,,3.5
27036,426,2,0.0,17.5,Toasted Roll,1,Kitchen,11.0,2,BACON-EGG-CHEESE,9.0,2022-11-22 08:35:47,,"Hash Brown, Salt and Pepper",,,,,2.0
26891,426,2,0.0,17.5,Toasted Roll,1,Kitchen,11.0,2,BACON-EGG-CHEESE,9.0,2022-11-17 08:33:44,,"Hash Brown, Salt and Pepper",,,,,2.0
40406,175,2,0.0,17.5,Toastie,1,Kitchen,9.0,3,BACON-EGG,9.0,2024-02-28 08:57:36,White,Tomato Sauce,,,,,0.0
40064,175,2,0.0,17.5,Toastie,1,Kitchen,9.0,3,BACON-EGG,9.0,2024-02-17 09:11:38,White,Tomato Sauce,,,,,0.0
14053,175,2,0.0,17.5,Toastie,1,Kitchen,7.0,4,BACON-EGG,7.0,2021-07-16 10:36:10,White,Tomato Sauce,,,,,0.0
33352,446,2,0.0,17.5,Muffin,1,Kitchen,3.9,4,RASPBERRY-WHITECHOC,3.9,2023-07-03 10:06:28,,,Yes,,,,0.0
23382,451,2,0.0,17.5,Toasted Roll,1,Kitchen,7.0,3,BACON-EGG,7.0,2022-07-16 08:00:00,,BBQ Sauce,,,,,0.0
22688,451,2,0.0,17.5,Toasted Roll,1,Kitchen,7.0,3,BACON-EGG,7.0,2022-06-18 07:36:44,,BBQ Sauce,,,,,0.0
14584,451,2,0.0,17.5,Toasted Roll,1,Kitchen,7.0,3,BACON-EGG,7.0,2021-08-07 08:42:10,,BBQ Sauce,,,,,0.0
23478,492,2,0.0,17.5,Toastie,1,Kitchen,8.0,3,HAM-CHEESE,7.0,2022-07-19 10:50:17,Sourdough,Tomato Sauce,,,,,1.0
21354,492,2,0.0,17.5,Toastie,1,Kitchen,8.0,3,HAM-CHEESE,7.0,2022-04-29 11:14:22,Sourdough,Tomato Sauce,,,,,1.0
16653,276,2,0.0,30.3,Toasted Roll,1,Kitchen,8.0,6,BACON-EGG-CHEESE,8.0,2021-10-17 08:47:42,,BBQ Sauce,,,,,0.0
7859,276,2,0.0,30.3,Toasted Roll,1,Kitchen,8.0,6,BACON-EGG-CHEESE,8.0,2020-10-10 08:50:06,,BBQ Sauce,,,,,0.0
11596,551,2,0.0,30.3,Eggs and Bacon,1,Kitchen,11.9,1,POACHED,10.9,2021-04-03 09:04:23,Sourdough,,,,,,1.0
25409,826,2,0.0,30.3,Toastie,1,Kitchen,9.0,4,HAM-CHEESE,8.0,2022-09-24 09:07:02,Sourdough,Tomato Sauce,,,,,1.0
25409,826,2,0.0,30.3,Toastie,1,Kitchen,10.5,5,EGG-CHEESE,8.0,2022-09-24 09:07:02,Sourdough,Avocado,,,,,2.5
14858,575,2,0.0,30.3,Toastie,1,Kitchen,9.0,4,HAM-CHEESE-TOMATO,8.0,2021-08-17 11:15:00,Sourdough,Salt and Pepper,,,,,1.0
14858,575,2,0.0,30.3,Toasted Roll,1,Kitchen,9.0,3,BACON-EGG,7.0,2021-08-17 11:15:00,,"Hash Brown, Salt and Pepper",,,,,2.0
17832,69,2,0.0,30.3,Toasted Roll,1,Kitchen,10.5,3,BACON-EGG,7.0,2021-11-28 08:36:49,,"Tomato Sauce, Avocado, Hash Brown",,,,,3.5
17832,69,2,0.0,30.3,Toasted Roll,1,Kitchen,10.5,4,BACON-EGG,7.0,2021-11-28 08:36:49,,"Tomato Sauce, Avocado, Hash Brown",,,,,3.5
16296,888,2,0.0,30.3,Toastie,1,Kitchen,8.0,4,HAM-CHEESE-TOMATO,8.0,2021-10-04 12:55:34,White,Tomato Sauce,,,,,0.0
16296,888,2,0.0,30.3,Toastie,1,Kitchen,6.0,5,CHEESE,6.0,2021-10-04 12:55:34,White,Tomato Sauce,,,,,0.0
16263,173,2,0.0,30.3,Toastie,1,Kitchen,7.0,4,HAM-CHEESE,7.0,2021-10-03 11:24:36,White,Tomato Sauce,,,,,0.0
16263,173,2,0.0,30.3,Toastie,1,Kitchen,8.0,5,HAM-CHEESE,7.0,2021-10-03 11:24:36,Sourdough,Tomato Sauce,,,,,1.0
22564,234,2,0.0,30.3,Muffin,1,Kitchen,3.9,4,APPLE-CINNAMON,3.9,2022-06-13 09:32:23,,,Yes,,,,0.0
5676,298,2,0.0,43.1,Toastie,1,Kitchen,7.0,8,CHEESE-TOMATO,7.0,2020-07-11 09:08:47,Multigrain,Salt and Pepper,,,,,0.0
5676,298,2,0.0,43.1,Toastie,1,Kitchen,10.0,9,BACON-EGG-CHEESE,8.0,2020-07-11 09:08:47,White,"BBQ Sauce, Hash Brown, Salt and Pepper",,,,,2.0
36977,1171,2,0.0,43.1,Toastie,1,Kitchen,9.0,5,HAM-CHEESE,9.0,2023-10-25 07:29:57,White,Tomato Sauce,,,,,0.0
36945,1171,2,0.0,43.1,Toastie,1,Kitchen,9.0,5,HAM-CHEESE,9.0,2023-10-24 06:30:54,White,Tomato Sauce,,,,,0.0
6556,410,2,0.0,43.1,Build Your Own Breakfast,1,Kitchen,16.9,2,POACHED,7.9,2020-08-21 09:26:40,Sourdough,"Hash Brown, Sauteed Mushrooms, Avocado",,,,,8.999999999999998
6556,410,2,0.0,43.1,Big Breakfast,1,Kitchen,16.2,1,FRIED,16.2,2020-08-21 09:26:40,White,Hollandaise,,,,,0.0
6600,351,2,0.0,55.9,Eggs and Bacon,1,Kitchen,10.4,4,FRIED,10.4,2020-08-23 09:31:08,White,,,,,,0.0
6600,351,2,0.0,55.9,French Toast with Streaky Bacon,1,Kitchen,9.9,5,REGULAR,9.9,2020-08-23 09:31:08,,,,No Mable Syrup,,,0.0
39859,1725,2,0.0,55.9,Big Breakfast,1,Kitchen,23.5,1,SCRAMBLED,20.5,2024-02-10 07:56:40,White,Bacon,,,,,3.0
39859,1725,2,0.0,55.9,Big Breakfast,1,Kitchen,26.5,2,SCRAMBLED,20.5,2024-02-10 07:56:40,White,"Hollandaise, Avocado",,,,,6.0
6289,382,2,0.0,68.7,Eggs Benedict,1,Kitchen,16.0,8,HAM,14.0,2020-08-09 10:04:45,,,,Hashbrown,,,2.0
6289,382,2,0.0,68.7,Build Your Own Breakfast,1,Kitchen,14.9,1,POACHED,7.9,2020-08-09 10:04:45,Multigrain,"Grilled Tomato, Hash Brown, Avocado",,,,,7.0
28565,128,2,2.29,25.19,Toasted Roll,1,Kitchen,12.0,3,HAM-CHEESE,8.5,2023-01-26 07:24:10,,"Avocado, Hash Brown, Salt and Pepper",,,,,3.5
27085,260,0,0.0,12.4,Toastie,1,Kitchen,8.0,2,BACON-EGG,8.0,2022-11-24 08:04:17,White,Tomato Sauce,,,,,0.0
20417,14,2,0.0,12.4,Build Your Own Breakfast,1,Kitchen,8.0,1,SCRAMBLED,8.0,2022-03-24 08:09:33,White,"Bacon, Hollandaise, Sauteed Mushrooms",,,,,0.0
26851,83,2,0.0,12.4,Toasted Roll,1,Kitchen,8.0,2,BACON-EGG,8.0,2022-11-16 07:41:05,,Salt and Pepper,,,,,0.0
25679,83,2,0.0,12.4,Toasted Roll,1,Kitchen,8.0,2,BACON-EGG,8.0,2022-10-05 07:35:23,,Salt and Pepper,,,,,0.0
24149,83,2,0.0,12.4,Toasted Roll,1,Kitchen,8.0,2,BACON-EGG,8.0,2022-08-11 07:32:55,,Salt and Pepper,,,,,0.0
23880,868,2,0.0,12.4,Toastie,1,Kitchen,8.0,2,BACON-EGG,8.0,2022-08-02 06:59:57,Multigrain,BBQ Sauce,,,,,0.0
27116,613,2,0.0,12.4,Toasted Roll,1,Kitchen,8.0,2,BACON-EGG,8.0,2022-11-25 06:43:06,,Tomato Sauce,,,,,0.0
26874,613,2,0.0,12.4,Toasted Roll,1,Kitchen,8.0,2,BACON-EGG,8.0,2022-11-17 06:37:52,,Tomato Sauce,,,,,0.0
26685,613,2,0.0,12.4,Toasted Roll,1,Kitchen,8.0,2,BACON-EGG,8.0,2022-11-11 06:30:53,,Tomato Sauce,,,,,0.0
26529,613,2,0.0,12.4,Toasted Roll,1,Kitchen,8.0,2,BACON-EGG,8.0,2022-11-05 10:47:06,,Tomato Sauce,,,,,0.0
26473,613,2,0.0,12.4,Toasted Roll,1,Kitchen,8.0,2,BACON-EGG,8.0,2022-11-04 06:38:54,,Tomato Sauce,,,,,0.0
26142,613,2,0.0,12.4,Toasted Roll,1,Kitchen,8.0,2,BACON-EGG,8.0,2022-10-22 07:06:28,,Tomato Sauce,,,,,0.0
25726,613,2,0.0,12.4,Toasted Roll,1,Kitchen,8.0,2,BACON-EGG,8.0,2022-10-07 06:16:31,,Tomato Sauce,,,,,0.0
25311,613,2,0.0,12.4,Toasted Roll,1,Kitchen,8.0,2,BACON-EGG,8.0,2022-09-21 06:30:00,,Tomato Sauce,,,,,0.0
25210,613,2,0.0,12.4,Toasted Roll,1,Kitchen,8.0,2,BACON-EGG,8.0,2022-09-17 07:51:57,,Tomato Sauce,,,,,0.0
25174,613,2,0.0,12.4,Toasted Roll,1,Kitchen,8.0,2,BACON-EGG,8.0,2022-09-16 06:23:23,,Tomato Sauce,,,,,0.0
24961,613,2,0.0,12.4,Toasted Roll,1,Kitchen,8.0,2,BACON-EGG,8.0,2022-09-09 06:30:00,,Tomato Sauce,,,,,0.0
24727,613,2,0.0,12.4,Toasted Roll,1,Kitchen,8.0,2,BACON-EGG,8.0,2022-09-01 07:22:36,,Tomato Sauce,,,,,0.0
24353,613,2,0.0,12.4,Toasted Roll,1,Kitchen,8.0,2,BACON-EGG,8.0,2022-08-19 06:04:39,,Tomato Sauce,,,,,0.0
24119,613,2,0.0,12.4,Toasted Roll,1,Kitchen,8.0,2,BACON-EGG,8.0,2022-08-10 06:12:44,,Tomato Sauce,,,,,0.0
23966,613,2,0.0,12.4,Toasted Roll,1,Kitchen,8.0,2,BACON-EGG,8.0,2022-08-05 06:11:46,,Tomato Sauce,,,,,0.0
23855,613,2,0.0,12.4,Toasted Roll,1,Kitchen,8.0,2,BACON-EGG,8.0,2022-08-01 07:33:56,,Tomato Sauce,,,,,0.0
22260,632,2,0.0,12.4,Toastie,1,Kitchen,8.0,2,EGG,6.0,2022-06-01 08:31:29,White,"BBQ Sauce, Hash Brown, Salt and Pepper",,,,,2.0
21924,632,2,0.0,12.4,Croissant,1,Kitchen,8.0,1,CHEESE-TOMATO,8.0,2022-05-21 08:29:30,,Salt and Pepper,,,,,0.0
20948,124,0,0.0,12.4,Toasted Roll,1,Kitchen,8.0,2,BACON-EGG-CHEESE,8.0,2022-04-13 06:52:26,,BBQ Sauce,,,,,0.0
11374,642,0,0.0,12.4,Toastie,1,Kitchen,9.4,2,CHICKEN-SCHNITZEL-CHEESE-LETTUCE,8.4,2021-03-24 14:00:00,Sourdough,Salt and Pepper,,,,,1.0
11338,642,2,0.0,12.4,Toastie,1,Kitchen,9.4,2,CHICKEN-SCHNITZEL-CHEESE-LETTUCE,8.4,2021-03-22 13:45:00,Sourdough,Salt and Pepper,,,,,1.0
24382,1168,2,0.0,12.4,Toasted Roll,1,Kitchen,8.0,2,BACON-EGG,8.0,2022-08-20 07:55:06,,Tomato Sauce,,,,,0.0
23762,1168,2,0.0,12.4,Toasted Roll,1,Kitchen,8.0,2,BACON-EGG-CHEESE,8.0,2022-07-29 07:31:10,,Tomato Sauce,,,,,0.0
22770,1168,2,0.0,12.4,Toastie,1,Kitchen,8.0,2,HAM-CHEESE-TOMATO,8.0,2022-06-21 07:25:24,White,Salt and Pepper,,,,,0.0
21643,1168,2,0.0,12.4,Toastie,1,Kitchen,8.0,2,HAM-CHEESE-TOMATO,8.0,2022-05-10 07:26:01,White,Tomato Sauce,,,,,0.0
23774,670,2,0.0,12.4,Toastie,1,Kitchen,8.0,2,BACON-EGG-CHEESE,8.0,2022-07-29 08:54:51,White,Tomato Sauce,,,,,0.0
23356,670,2,0.0,12.4,Toastie,1,Kitchen,8.0,2,BACON-EGG-CHEESE,8.0,2022-07-15 07:45:12,White,Tomato Sauce,,,,,0.0
23020,670,2,0.0,12.4,Toastie,1,Kitchen,8.0,2,BACON-EGG-CHEESE,8.0,2022-07-01 08:16:18,White,Tomato Sauce,,,,,0.0
22672,670,2,0.0,12.4,Toastie,1,Kitchen,8.0,2,BACON-EGG-CHEESE,8.0,2022-06-17 08:46:16,White,Tomato Sauce,,,,,0.0
22492,670,2,0.0,12.4,Toastie,1,Kitchen,8.0,2,BACON-EGG-CHEESE,8.0,2022-06-10 08:08:36,White,Tomato Sauce,,,,,0.0
22108,670,2,0.0,12.4,Toasted Roll,1,Kitchen,8.0,2,BACON-EGG-CHEESE,8.0,2022-05-27 07:52:52,,Tomato Sauce,,,,,0.0
21541,670,2,0.0,12.4,Toasted Roll,1,Kitchen,8.0,2,BACON-EGG-CHEESE,8.0,2022-05-06 08:47:20,,Tomato Sauce,,,,,0.0
20447,670,2,0.0,12.4,Toastie,1,Kitchen,8.0,2,BACON-EGG-CHEESE,8.0,2022-03-25 08:46:43,White,Tomato Sauce,,,,,0.0
19702,670,2,0.0,12.4,Toasted Roll,1,Kitchen,8.0,2,BACON-EGG-CHEESE,8.0,2022-02-25 08:54:31,,Tomato Sauce,,,,,0.0
19509,670,2,0.0,12.4,Toastie,1,Kitchen,8.0,2,BACON-EGG-CHEESE,8.0,2022-02-18 08:01:49,White,Tomato Sauce,,,,,0.0
19142,670,2,0.0,12.4,Toasted Roll,1,Kitchen,8.0,2,BACON-EGG-CHEESE,8.0,2022-02-04 08:29:09,,Tomato Sauce,,,,,0.0
17366,161,2,0.0,12.4,Toasted Roll,1,Kitchen,8.0,2,BACON-EGG-CHEESE,8.0,2021-11-12 06:06:39,,"BBQ Sauce, Salt and Pepper",,,,,0.0
24267,1190,2,0.0,12.4,Toasted Roll,1,Kitchen,8.0,2,BACON-EGG,8.0,2022-08-15 09:00:01,,BBQ Sauce,,,,,0.0
22521,1190,2,0.0,12.4,Toasted Roll,1,Kitchen,8.0,2,BACON-EGG-CHEESE,8.0,2022-06-11 08:33:02,,BBQ Sauce,,,,,0.0
20151,173,2,0.0,12.4,Toastie,1,Kitchen,8.0,2,BACON-EGG-CHEESE,8.0,2022-03-13 09:40:19,White,Tomato Sauce,,,,,0.0
26858,1198,2,0.0,12.4,Toastie,1,Kitchen,8.0,2,BACON-EGG,8.0,2022-11-16 08:24:46,Multigrain,BBQ Sauce,,,,,0.0
26580,1203,2,0.0,12.4,Toastie,1,Kitchen,8.0,2,HAM-CHEESE,8.0,2022-11-07 08:39:21,Dark Rye,Tomato Sauce,,,,,0.0
21379,971,2,0.0,12.4,Toastie,1,Kitchen,7.0,2,HAM-CHEESE,7.0,2022-04-30 10:00:34,Multigrain,Tomato Sauce,,,,,0.0
23996,1237,2,0.0,12.4,Toastie,1,Kitchen,8.0,2,BACON-CHEESE,8.0,2022-08-05 09:54:48,White,BBQ Sauce,,,,,0.0
22539,231,2,0.0,12.4,Toastie,1,Kitchen,8.0,2,HAM-CHEESE-TOMATO,8.0,2022-06-12 07:37:45,White,Tomato Sauce,,,,,0.0
20084,231,2,0.0,12.4,Toastie,1,Kitchen,8.0,2,HAM-CHEESE-TOMATO,8.0,2022-03-11 06:27:24,White,Tomato Sauce,,,,,0.0
19925,231,2,0.0,12.4,Toastie,1,Kitchen,8.0,2,HAM-CHEESE-TOMATO,8.0,2022-03-05 07:17:40,White,Tomato Sauce,,,,,0.0
19361,231,2,0.0,12.4,Toastie,1,Kitchen,8.0,2,HAM-CHEESE-TOMATO,8.0,2022-02-12 07:06:50,White,Tomato Sauce,,,,,0.0
25208,1274,2,0.0,12.4,Toastie,1,Kitchen,8.0,2,HAM-CHEESE,8.0,2022-09-17 08:15:00,White,Tomato Sauce,,,,,0.0
3841,20,2,0.0,25.2,Toasted Roll,1,Kitchen,8.0,3,BACON-EGG-CHEESE,8.0,2019-11-16 09:50:21,,"Tomato Sauce, Salt and Pepper",,,,,0.0
3841,20,2,0.0,25.2,Toasted Roll,1,Kitchen,8.0,4,BACON-EGG-CHEESE,8.0,2019-11-16 09:50:21,,Tomato Sauce,,,,,0.0
8499,539,2,0.0,25.2,Toastie,1,Kitchen,7.0,5,BACON-EGG,7.0,2020-10-30 10:38:26,White,Tomato Sauce,,,,,0.0
28876,1153,2,0.0,25.2,Toastie,1,Kitchen,9.5,4,HAM-CHEESE,8.5,2023-02-07 09:24:23,Sourdough,Tomato Sauce,,,,,1.0
6427,396,2,0.0,25.2,Toastie,1,Kitchen,7.0,4,BACON-EGG,7.0,2020-08-15 09:30:00,Multigrain,Tomato Sauce,,,,,0.0
12343,702,2,0.0,25.2,Toastie,1,Kitchen,7.0,5,HAM-CHEESE,7.0,2021-05-07 12:45:00,White,Tomato Sauce,,,,,0.0
7307,462,2,0.0,25.2,Toastie,1,Kitchen,8.4,4,CHICKEN-SCHNITZEL-CHEESE-LETTUCE,8.4,2020-09-18 13:00:00,White,Tomato Sauce,,,,,0.0
39081,228,2,0.0,25.2,Toastie,1,Kitchen,9.0,4,BACON-EGG,9.0,2024-01-13 10:17:03,White,Tomato Sauce,,,,,0.0
14246,817,2,0.0,38.0,Toasted Roll,1,Kitchen,8.0,5,BACON-EGG-CHEESE,8.0,2021-07-24 10:00:00,,BBQ Sauce,,,,,0.0
14246,817,2,0.0,38.0,Toastie,1,Kitchen,7.0,6,CHEESE-TOMATO,7.0,2021-07-24 10:00:00,White,Tomato Sauce,,,,,0.0
7245,351,2,0.0,38.0,French Toast with Streaky Bacon,1,Kitchen,11.9,5,REGULAR,9.9,2020-09-16 09:59:07,,,,"No Mable Syrup, Hashbrown",,,2.0
16413,651,2,0.0,38.0,Croissant,1,Kitchen,9.0,2,HAM-CHEESE-TOMATO,9.0,2021-10-09 07:45:00,,Salt and Pepper,,,,,0.0
16413,651,2,0.0,38.0,Croissant,1,Kitchen,9.0,3,HAM-CHEESE-TOMATO,9.0,2021-10-09 07:45:00,,Salt and Pepper,,,,,0.0
16413,651,2,0.0,38.0,Toastie,1,Kitchen,10.0,5,BACON-EGG-CHEESE,8.0,2021-10-09 07:45:00,Dark Rye,"Tomato Sauce, Hash Brown",,,,,2.0
6668,330,2,0.0,50.8,Toastie,1,Kitchen,8.0,6,HAM-CHEESE-TOMATO,8.0,2020-08-25 11:35:49,White,Tomato Sauce,,,,,0.0
35266,127,2,0.0,50.8,Toastie,1,Kitchen,9.0,5,HAM-CHEESE,9.0,2023-09-02 09:05:21,White,Tomato Sauce,,,,,0.0
35266,127,2,0.0,50.8,Toasted Roll,1,Kitchen,12.0,4,BACON-EGG-CHEESE,10.0,2023-09-02 09:05:21,,Hash Brown,,,,,2.0
35266,127,2,0.0,50.8,Toastie,1,Kitchen,9.0,6,HAM-CHEESE,9.0,2023-09-02 09:05:21,Multigrain,Tomato Sauce,,,,,0.0
35228,1400,2,0.0,102.0,Toasted Roll,1,Kitchen,10.0,2,BACON-EGG-CHEESE,10.0,2023-09-01 08:14:37,,Salt and Pepper,,,,,0.0
35228,1400,2,0.0,102.0,Toastie,1,Kitchen,8.0,8,EGG,8.0,2023-09-01 08:14:37,Dark Rye,Salt and Pepper,,,,,0.0
35228,1400,2,0.0,102.0,Toasted Roll,1,Kitchen,12.0,3,BACON-EGG-CHEESE,10.0,2023-09-01 08:14:37,,"Tomato Sauce, Hash Brown, Salt and Pepper",,,,,2.0
35228,1400,2,0.0,102.0,Toasted Roll,1,Kitchen,10.0,4,BACON-EGG-CHEESE,10.0,2023-09-01 08:14:37,,"Tomato Sauce, Salt and Pepper",,,,,0.0
35228,1400,2,0.0,102.0,Toasted Roll,3,Kitchen,36.0,5,BACON-EGG-CHEESE,10.0,2023-09-01 08:14:37,,"BBQ Sauce, Hash Brown, Salt and Pepper",,,,,2.0
35228,1400,2,0.0,102.0,Toasted Roll,1,Kitchen,12.0,6,BACON-EGG-CHEESE,10.0,2023-09-01 08:14:37,,"BBQ Sauce, Hash Brown, Salt and Pepper",,,,,2.0
35228,1400,2,0.0,102.0,Toasted Roll,1,Kitchen,12.0,7,BACON-EGG-CHEESE,10.0,2023-09-01 08:14:37,,"Hash Brown, Salt and Pepper",,,,,2.0
9616,521,2,0.0,20.1,Toastie,1,Kitchen,10.0,3,BACON-EGG-CHEESE,8.0,2020-12-16 11:28:27,White,Hash Brown,,,,,2.0
3400,33,0,0.0,20.1,Toastie,1,Kitchen,7.0,4,HAM-CHEESE,7.0,2019-07-20 09:30:00,Multigrain,Salt and Pepper,,,,,0.0
32613,1156,1,0.0,20.1,Toasted Roll,1,Kitchen,11.5,3,BACON-EGG-CHEESE,9.5,2023-06-09 09:22:38,,"Tomato Sauce, Hash Brown, Salt and Pepper",,,,,2.0
37304,231,2,0.0,20.1,Toastie,1,Kitchen,10.5,3,HAM-CHEESE-TOMATO,10.5,2023-11-04 06:59:17,White,Tomato Sauce,,,,,0.0
27572,231,2,0.0,20.1,Eggs and Bacon,1,Kitchen,11.9,1,SCRAMBLED,11.9,2022-12-10 07:05:31,White,,,,,,0.0
26753,231,2,0.0,20.1,Eggs and Bacon,1,Kitchen,11.9,1,SCRAMBLED,11.9,2022-11-13 06:59:25,White,,,,,,0.0
26324,231,2,0.0,20.1,Eggs and Bacon,1,Kitchen,11.9,1,SCRAMBLED,11.9,2022-10-29 07:01:51,White,,,,,,0.0
26172,231,2,0.0,20.1,Eggs and Bacon,1,Kitchen,11.9,1,SCRAMBLED,11.9,2022-10-23 07:40:26,White,,,,,,0.0
25968,231,2,0.0,20.1,Eggs and Bacon,1,Kitchen,11.9,1,SCRAMBLED,11.9,2022-10-16 07:20:38,White,,,,,,0.0
4958,251,10,0.0,20.1,Eggs Florentine,1,Kitchen,16.0,1,REGULAR,14.0,2020-05-20 09:15:00,,,,Hashbrown,,,2.0
14950,839,2,0.0,32.9,Croissant,1,Kitchen,9.0,3,BACON-EGG-CHEESE,9.0,2021-08-21 08:19:22,,Salt and Pepper,,,,,0.0
21387,1158,2,0.0,32.9,Eggs and Bacon,1,Kitchen,12.0,1,SCRAMBLED,11.0,2022-04-30 11:39:37,Sourdough,,,,,,1.0
18583,674,2,0.0,32.9,Toasted Roll,1,Kitchen,10.0,3,BACON-EGG-CHEESE,8.0,2022-01-10 12:29:35,,"BBQ Sauce, Hash Brown",,,,,2.0
18583,674,2,0.0,32.9,Toasted Roll,1,Kitchen,10.0,4,BACON-EGG-CHEESE,8.0,2022-01-10 12:29:35,,"BBQ Sauce, Hash Brown",,,,,2.0
16459,932,2,0.0,32.9,(Main) Pasta,1,Kitchen,13.0,1,SPAGBOLG,13.0,2021-10-10 11:57:13,,,,,Spaghetti,,0.0
6581,55,2,0.0,45.7,Eggs Benedict,1,Kitchen,16.0,3,BACON,14.0,2020-08-22 10:30:00,,,,Hashbrown,,,2.0
6581,55,2,0.0,45.7,Toasted Roll,1,Kitchen,10.0,4,BACON-EGG-CHEESE,8.0,2020-08-22 10:30:00,,"Tomato Sauce, Hash Brown, Salt and Pepper",,,,,2.0
6581,55,2,0.0,45.7,Build Your Own Breakfast,1,Kitchen,14.9,1,POACHED,7.9,2020-08-22 10:30:00,Sourdough,"Hollandaise, Avocado",,,,,7.0
18663,165,2,0.0,45.7,(Entree) Pasta,1,Kitchen,10.9,1,SPAGCARB,10.9,2022-01-14 11:08:50,,,,,Fettuccini,,0.0
32456,175,2,0.0,45.7,Toastie,1,Kitchen,8.5,6,BACON-EGG,8.5,2023-06-04 09:39:14,White,Tomato Sauce,,,,,0.0
32456,175,2,0.0,45.7,Toastie,1,Kitchen,9.5,7,BACON-EGG-CHEESE,9.5,2023-06-04 09:39:14,White,Tomato Sauce,,,,,0.0
32456,175,2,0.0,45.7,Muffin,1,Kitchen,3.9,4,RASPBERRY-WHITECHOC,3.9,2023-06-04 09:39:14,,,Yes,,,,0.0
39513,1713,2,0.0,45.7,Toastie,1,Kitchen,10.5,4,HAM-CHEESE-TOMATO,10.5,2024-01-29 13:15:00,White,Tomato Sauce,,,,,0.0
39513,1713,2,0.0,45.7,Hot Potatoes,1,Kitchen,15.9,3,COLESLAW,12.9,2024-01-29 13:15:00,,Bacon,,,,,3.0
39512,1713,0,0.0,45.7,Hot Potatoes,1,Kitchen,15.9,3,COLESLAW,12.9,2024-01-29 13:15:00,,Bacon,,,,,3.0
39512,1713,0,0.0,45.7,Toastie,1,Kitchen,10.5,4,HAM-CHEESE-TOMATO,10.5,2024-01-29 13:15:00,White,Tomato Sauce,,,,,0.0
27395,234,2,0.0,45.7,Toasted Roll,1,Kitchen,11.0,5,BACON-EGG-CHEESE,9.0,2022-12-03 12:07:42,,"Tomato Sauce, Hash Brown, Salt and Pepper",,,,,2.0
27395,234,2,0.0,45.7,Toasted Roll,1,Kitchen,11.0,6,BACON-EGG-CHEESE,9.0,2022-12-03 12:07:42,,"Tomato Sauce, Hash Brown, Salt and Pepper",,,,,2.0
28084,275,2,0.0,15.0,Toasted Roll,1,Kitchen,8.5,2,BACON-EGG,8.5,2023-01-07 08:16:20,,Tomato Sauce,,,,,0.0
25011,275,2,0.0,15.0,Toasted Roll,1,Kitchen,9.5,2,BACON-EGG,8.0,2022-09-10 08:45:01,,"Tomato Sauce, Avocado",,,,,1.5
14805,810,2,0.0,15.0,Toastie,1,Kitchen,9.0,2,BACON-EGG-CHEESE,8.0,2021-08-15 12:55:30,Sourdough,BBQ Sauce,,,,,1.0
14193,810,2,0.0,15.0,Toastie,1,Kitchen,9.0,2,BACON-EGG-CHEESE,8.0,2021-07-22 10:12:23,Sourdough,Salt and Pepper,,,,,1.0
12182,44,2,0.0,15.0,Toasted Roll,1,Kitchen,10.0,2,BACON-EGG-CHEESE,8.0,2021-05-01 08:12:02,,"BBQ Sauce, Hash Brown",,,,,2.0
4556,70,10,0.0,15.0,Toastie,1,Kitchen,7.0,1,BACON-CHEESE,7.0,2020-04-18 09:12:00,White,"Tomato Sauce, Salt and Pepper",,,,,0.0
4556,70,10,0.0,15.0,Toastie,1,Kitchen,8.0,2,BACON-CHEESE,7.0,2020-04-18 09:12:00,Sourdough,Salt and Pepper,,,,,1.0
14754,847,2,0.0,15.0,Toasted Roll,1,Kitchen,10.0,2,BACON-EGG-CHEESE,8.0,2021-08-13 12:03:57,,"Tomato Sauce, Hash Brown",,,,,2.0
20642,1103,2,0.0,15.0,Toastie,1,Kitchen,7.0,1,HAM-CHEESE,7.0,2022-04-01 10:57:30,Multigrain,BBQ Sauce,,,,,0.0
20642,1103,2,0.0,15.0,Toastie,1,Kitchen,8.0,2,HAM-CHEESE-TOMATO,8.0,2022-04-01 10:57:30,White,Tomato Sauce,,,,,0.0
13275,92,2,0.0,15.0,Toasted Roll,1,Kitchen,10.0,2,BACON-EGG-CHEESE,8.0,2021-06-13 09:41:24,,"BBQ Sauce, Hash Brown, Salt and Pepper",,,,,2.0
3729,98,2,0.0,15.0,Toastie,1,Kitchen,8.5,2,BACON-EGG,7.0,2019-10-23 09:26:13,Dark Rye,Avocado,,,,,1.5
28462,1380,2,0.0,15.0,Toasted Roll,1,Kitchen,8.5,2,BACON-EGG,8.5,2023-01-21 12:13:53,,BBQ Sauce,,,,,0.0
9928,112,2,0.0,15.0,Toasted Roll,1,Kitchen,7.0,3,BACON-EGG,7.0,2021-01-09 13:01:29,,Tomato Sauce,,,,,0.0
16268,115,2,0.0,15.0,Toastie,1,Kitchen,7.0,1,HAM-CHEESE,7.0,2021-10-03 11:58:08,White,Tomato Sauce,,,,,0.0
16268,115,2,0.0,15.0,Toastie,1,Kitchen,8.0,2,BACON-EGG-CHEESE,8.0,2021-10-03 11:58:08,White,Tomato Sauce,,,,,0.0
12782,115,2,0.0,15.0,Toastie,1,Kitchen,8.0,1,BACON-EGG-CHEESE,8.0,2021-05-26 09:04:48,White,Tomato Sauce,,,,,0.0
12782,115,2,0.0,15.0,Toastie,1,Kitchen,7.0,2,HAM-CHEESE,7.0,2021-05-26 09:04:48,White,Tomato Sauce,,,,,0.0
33902,1405,2,0.0,15.0,Toastie,1,Kitchen,8.5,2,HAM-CHEESE,8.5,2023-07-21 09:33:22,White,Tomato Sauce,,,,,0.0
21631,651,2,0.0,15.0,Toastie,1,Kitchen,10.0,2,BACON-EGG-CHEESE,8.0,2022-05-09 10:18:03,Dark Rye,"Tomato Sauce, Hash Brown",,,,,2.0
19727,651,2,0.0,15.0,Toasted Roll,1,Kitchen,10.0,2,BACON-EGG-CHEESE,8.0,2022-02-26 08:51:32,,"Tomato Sauce, Hash Brown, Salt and Pepper",,,,,2.0
18658,651,2,0.0,15.0,Toasted Roll,1,Kitchen,10.0,2,BACON-EGG-CHEESE,8.0,2022-01-14 08:42:57,,"Tomato Sauce, Hash Brown",,,,,2.0
11163,651,2,0.0,15.0,Toasted Roll,1,Kitchen,10.0,2,BACON-EGG-CHEESE,8.0,2021-03-14 09:06:17,,"Tomato Sauce, Hash Brown",,,,,2.0
18461,145,2,0.0,15.0,Toasted Roll,1,Kitchen,10.0,2,BACON-EGG-CHEESE,8.0,2021-12-22 12:04:31,,"BBQ Sauce, Hash Brown",,,,,2.0
8540,150,2,0.0,15.0,Toasted Roll,1,Kitchen,10.0,2,BACON-EGG-CHEESE,8.0,2020-11-01 09:55:09,,Hash Brown,,,,,2.0
7132,150,2,0.0,15.0,Toasted Roll,1,Kitchen,10.0,2,BACON-EGG-CHEESE,8.0,2020-09-12 09:40:09,,"BBQ Sauce, Hash Brown",,,,,2.0
25315,666,2,0.0,15.0,Toasted Roll,1,Kitchen,8.0,2,BACON-EGG,8.0,2022-09-21 07:09:50,,Tomato Sauce,,,,,0.0
15329,670,2,0.0,15.0,Toasted Roll,1,Kitchen,10.0,2,BACON-EGG-CHEESE,8.0,2021-09-03 08:38:41,,"Tomato Sauce, Hash Brown",,,,,2.0
30398,1440,9,0.0,15.0,(Main) Pasta,1,Kitchen,15.0,1,SPAGBOLG,15.0,2023-03-29 12:55:50,,,,,Spaghetti,,0.0
17360,674,2,0.0,15.0,Toasted Roll,1,Kitchen,10.0,2,BACON-EGG-CHEESE,8.0,2021-11-11 10:55:44,,"BBQ Sauce, Hash Brown",,,,,2.0
17218,674,2,0.0,15.0,Toasted Roll,1,Kitchen,10.0,2,BACON-EGG-CHEESE,8.0,2021-11-06 09:58:25,,"BBQ Sauce, Hash Brown",,,,,2.0
17142,674,2,0.0,15.0,Toasted Roll,1,Kitchen,10.0,2,BACON-EGG-CHEESE,8.0,2021-11-03 11:11:55,,"BBQ Sauce, Hash Brown",,,,,2.0
16342,674,2,0.0,15.0,Toasted Roll,1,Kitchen,10.0,2,BACON-EGG-CHEESE,8.0,2021-10-06 11:17:42,,"BBQ Sauce, Hash Brown",,,,,2.0
16234,674,2,0.0,15.0,Toasted Roll,1,Kitchen,10.0,2,BACON-EGG-CHEESE,8.0,2021-10-02 11:46:49,,"BBQ Sauce, Hash Brown",,,,,2.0
15961,674,2,0.0,15.0,Toasted Roll,1,Kitchen,10.0,2,BACON-EGG-CHEESE,8.0,2021-09-24 10:17:17,,"BBQ Sauce, Hash Brown",,,,,2.0
15025,674,2,0.0,15.0,Toasted Roll,1,Kitchen,10.0,2,BACON-EGG-CHEESE,8.0,2021-08-23 11:38:54,,"BBQ Sauce, Hash Brown",,,,,2.0
14931,674,2,0.0,15.0,Toasted Roll,1,Kitchen,10.0,2,BACON-EGG-CHEESE,8.0,2021-08-20 11:20:39,,"BBQ Sauce, Hash Brown",,,,,2.0
14309,674,2,0.0,15.0,Toasted Roll,1,Kitchen,10.0,2,BACON-EGG-CHEESE,8.0,2021-07-26 11:13:57,,"BBQ Sauce, Hash Brown",,,,,2.0
14279,674,2,0.0,15.0,Toasted Roll,1,Kitchen,10.0,2,BACON-EGG-CHEESE,8.0,2021-07-25 11:29:28,,"BBQ Sauce, Hash Brown",,,,,2.0
13988,674,2,0.0,15.0,Toasted Roll,1,Kitchen,10.0,2,BACON-EGG-CHEESE,8.0,2021-07-13 09:48:50,,"BBQ Sauce, Hash Brown",,,,,2.0
13337,674,2,0.0,15.0,Toasted Roll,1,Kitchen,10.0,2,BACON-EGG-CHEESE,8.0,2021-06-15 11:22:47,,"BBQ Sauce, Hash Brown",,,,,2.0
11745,674,2,0.0,15.0,Toasted Roll,1,Kitchen,10.0,2,BACON-EGG-CHEESE,8.0,2021-04-11 11:26:35,,"BBQ Sauce, Hash Brown",,,,,2.0
11680,674,2,0.0,15.0,Toasted Roll,1,Kitchen,10.0,2,BACON-EGG-CHEESE,8.0,2021-04-08 10:28:28,,"Tomato Sauce, Hash Brown",,,,,2.0
12196,421,2,0.0,15.0,Toastie,1,Kitchen,8.5,2,BACON-EGG,7.0,2021-05-02 08:33:51,Multigrain,"BBQ Sauce, Avocado",,,,,1.5
9860,421,2,0.0,15.0,Toastie,1,Kitchen,8.5,2,BACON-EGG,7.0,2021-01-06 07:44:37,Multigrain,"BBQ Sauce, Avocado",,,,,1.5
15641,689,2,0.0,15.0,Toasted Roll,1,Kitchen,10.0,2,BACON-EGG-CHEESE,8.0,2021-09-13 11:30:00,,"BBQ Sauce, Hash Brown",,,,,2.0
12074,689,2,0.0,15.0,Toasted Roll,1,Kitchen,10.0,2,BACON-EGG-CHEESE,8.0,2021-04-26 10:45:02,,"BBQ Sauce, Hash Brown, Salt and Pepper",,,,,2.0
14358,698,2,0.0,15.0,Toastie,1,Kitchen,9.0,2,BACON-EGG-CHEESE,8.0,2021-07-28 11:28:17,Sourdough,Salt and Pepper,,,,,1.0
29454,721,2,0.0,15.0,Toasted Roll,1,Kitchen,10.5,2,BACON-EGG,8.5,2023-02-27 07:42:16,,"Tomato Sauce, Hash Brown, Salt and Pepper",,,,,2.0
34029,725,2,0.0,15.0,Toasted Roll,1,Kitchen,10.0,2,BACON-EGG-CHEESE,10.0,2023-07-25 08:47:57,,Salt and Pepper,,,,,0.0
17136,988,2,0.0,15.0,Toastie,1,Kitchen,10.0,2,HAM-CHEESE,7.0,2021-11-03 09:16:36,Sourdough,Hash Brown,,,,,3.0
12034,231,2,0.0,15.0,Toastie,1,Kitchen,7.0,3,CHEESE-TOMATO,7.0,2021-04-25 07:24:05,White,Salt and Pepper,,,,,0.0
7320,92,2,0.0,27.8,Toasted Roll,1,Kitchen,9.5,3,BACON-EGG-CHEESE,8.0,2020-09-19 09:09:38,,"Tomato Sauce, Avocado",,,,,1.5
7320,92,2,0.0,27.8,Toasted Roll,1,Kitchen,10.0,4,BACON-EGG-CHEESE,8.0,2020-09-19 09:09:38,,"BBQ Sauce, Hash Brown",,,,,2.0
38997,1144,2,0.0,27.8,Toasted Roll,1,Kitchen,11.0,4,BACON-EGG,9.0,2024-01-10 08:40:19,,"Tomato Sauce, Hash Brown",,,,,2.0
33451,128,2,0.0,27.8,Toasted Roll,1,Kitchen,13.0,4,BACON-EGG-CHEESE,9.5,2023-07-07 09:26:52,,"Avocado, Hash Brown, Salt and Pepper",,,,,3.5
33451,128,2,0.0,27.8,Muffin,1,Kitchen,3.9,3,APPLE-CINNAMON,3.9,2023-07-07 09:26:52,,,Yes,,,,0.0
36866,1171,2,0.0,27.8,Toastie,1,Kitchen,9.0,4,HAM-CHEESE,9.0,2023-10-21 09:39:07,White,Tomato Sauce,,,,,0.0
6816,404,2,0.0,27.8,Toasted Roll,1,Kitchen,8.5,4,BACON-EGG,7.0,2020-08-31 12:30:00,,"BBQ Sauce, Avocado",,,,,1.5
6816,404,2,0.0,27.8,Toasted Roll,1,Kitchen,7.0,5,BACON-EGG,7.0,2020-08-31 12:30:00,,BBQ Sauce,,,,,0.0
13091,488,2,0.0,27.8,Toastie,1,Kitchen,8.5,3,BACON-CHEESE,7.0,2021-06-06 12:21:05,Multigrain,"Avocado, Salt and Pepper",,,,,1.5
13091,488,2,0.0,27.8,Toastie,1,Kitchen,10.0,4,BACON-EGG-CHEESE,8.0,2021-06-06 12:21:05,White,"Hash Brown, Salt and Pepper",,,,,2.0
22141,240,2,0.0,27.8,Toasted Roll,1,Kitchen,9.5,3,BACON-EGG-CHEESE,8.0,2022-05-28 09:27:20,,Avocado,,,,,1.5
22141,240,2,0.0,27.8,Toastie,1,Kitchen,8.0,4,BACON-EGG-CHEESE,8.0,2022-05-28 09:27:20,White,Tomato Sauce,,,,,0.0
17546,1008,2,0.0,27.8,Toasted Roll,1,Kitchen,8.0,5,BACON-EGG-CHEESE,8.0,2021-11-18 08:45:00,,Tomato Sauce,,,,,0.0
8328,304,2,0.0,40.6,Eggs Benedict,1,Kitchen,16.0,1,BACON,14.0,2020-10-25 08:20:23,,,,Hashbrown,,,2.0
8328,304,2,0.0,40.6,Eggs Benedict,1,Kitchen,16.0,2,BACON,14.0,2020-10-25 08:20:23,,,,Hashbrown,,,2.0
7866,304,2,0.0,40.6,Eggs Benedict,1,Kitchen,16.0,1,BACON,14.0,2020-10-10 09:58:25,,,,Hashbrown,,,2.0
7866,304,2,0.0,40.6,Eggs Benedict,1,Kitchen,16.0,2,BACON,14.0,2020-10-10 09:58:25,,,,Hashbrown,,,2.0
8685,77,2,0.0,40.6,Eggs Benedict,1,Kitchen,16.0,1,BACON,14.0,2020-11-07 08:55:54,,,,Hashbrown,,,2.0
8685,77,2,0.0,40.6,Eggs Benedict,1,Kitchen,16.0,2,BACON,14.0,2020-11-07 08:55:54,,,,Hashbrown,,,2.0
7481,77,2,0.0,40.6,Eggs Benedict,1,Kitchen,16.0,1,BACON,14.0,2020-09-25 08:21:34,,,,Hashbrown,,,2.0
7481,77,2,0.0,40.6,Eggs Benedict,1,Kitchen,16.0,2,BACON,14.0,2020-09-25 08:21:34,,,,Hashbrown,,,2.0
5728,77,2,0.0,40.6,Eggs Benedict,1,Kitchen,16.0,1,BACON,14.0,2020-07-14 08:45:00,,,,Hashbrown,,,2.0
5728,77,2,0.0,40.6,Eggs Benedict,1,Kitchen,16.0,2,BACON,14.0,2020-07-14 08:45:00,,,,Hashbrown,,,2.0
8288,528,0,0.0,53.4,Toasted Roll,1,Kitchen,8.0,6,BACON-EGG-CHEESE,8.0,2020-10-23 09:42:44,,Tomato Sauce,,,,,0.0
8288,528,0,0.0,53.4,Toasted Roll,1,Kitchen,8.0,7,BACON-EGG-CHEESE,8.0,2020-10-23 09:42:44,,Tomato Sauce,,,,,0.0
8288,528,0,0.0,53.4,Toasted Roll,1,Kitchen,8.0,8,BACON-EGG-CHEESE,8.0,2020-10-23 09:42:44,,Tomato Sauce,,,,,0.0
8288,528,0,0.0,53.4,Toasted Roll,1,Kitchen,8.0,9,BACON-EGG-CHEESE,8.0,2020-10-23 09:42:44,,Tomato Sauce,,,,,0.0
6159,55,2,0.0,53.4,Build Your Own Breakfast,1,Kitchen,21.4,1,POACHED,7.9,2020-08-03 11:00:00,Sourdough,"Extra Egg, Bacon, Hollandaise, Hash Brown, Avocado",,,,,13.499999999999998
6159,55,2,0.0,53.4,Toastie,1,Kitchen,8.0,5,BACON-EGG-CHEESE,8.0,2020-08-03 11:00:00,White,"Tomato Sauce, Salt and Pepper",,,,,0.0
16611,12,2,0.0,66.2,Build Your Own Breakfast,1,Kitchen,16.9,1,SCRAMBLED,7.9,2021-10-15 13:14:33,White,"Bacon, Hollandaise, Sauteed Mushrooms",,,,,8.999999999999998
26507,1319,2,0.0,66.2,Toasted Roll,1,Kitchen,9.6,7,CHICKEN-SCHNITZEL-CHEESE-LETTUCE,9.6,2022-11-04 15:17:42,,Salt and Pepper,,,,,0.0
37806,77,2,0.0,9.9,Muffin,1,Kitchen,4.5,2,ORANGE-POPPYSEED,4.5,2023-11-21 08:00:00,,,No,,,,0.0
35591,857,2,0.0,9.9,Muffin,1,Kitchen,4.5,2,RASPBERRY-WHITECHOC,4.5,2023-09-12 07:30:00,,,No,,,,0.0
35822,1433,2,0.0,9.9,Muffin,1,Kitchen,4.5,2,APPLE-CINNAMON,4.5,2023-09-19 10:15:00,,,Yes,,,,0.0
38747,1224,2,0.0,9.9,Muffin,1,Kitchen,4.5,2,BLUEBERRY,4.5,2023-12-21 07:10:28,,,No,,,,0.0
38717,1224,2,0.0,9.9,Muffin,1,Kitchen,4.5,2,APPLE-CINNAMON,4.5,2023-12-20 07:26:45,,,No,,,,0.0
37861,1224,2,0.0,9.9,Muffin,1,Kitchen,4.5,2,APPLE-CINNAMON,4.5,2023-11-23 07:35:33,,,No,,,,0.0
37831,1224,2,0.0,9.9,Muffin,1,Kitchen,4.5,2,BLUEBERRY,4.5,2023-11-22 07:31:58,,,No,,,,0.0
37670,1224,2,0.0,9.9,Muffin,1,Kitchen,4.5,2,APPLE-CINNAMON,4.5,2023-11-17 07:48:49,,,No,,,,0.0
37615,1224,2,0.0,9.9,Muffin,1,Kitchen,4.5,2,APPLE-CINNAMON,4.5,2023-11-15 08:04:40,,,No,,,,0.0
34970,1224,2,0.0,9.9,Muffin,1,Kitchen,4.5,2,RASPBERRY-WHITECHOC,4.5,2023-08-24 07:38:13,,,No,,,,0.0
34714,1224,2,0.0,9.9,Muffin,1,Kitchen,4.5,2,BLUEBERRY,4.5,2023-08-16 07:45:09,,,No,,,,0.0
34687,1224,2,0.0,9.9,Muffin,1,Kitchen,4.5,2,APPLE-CINNAMON,4.5,2023-08-15 07:40:32,,,No,,,,0.0
17735,714,2,0.0,9.9,Toastie,1,Kitchen,9.9,1,CHICKEN-SCHNITZEL-CHEESE-LETTUCE,8.4,2021-11-24 13:27:28,Multigrain,"Avocado, Salt and Pepper",,,,,1.5
10647,221,2,0.0,9.9,Toastie,1,Kitchen,9.9,1,CHICKEN-SCHNITZEL-CHEESE-LETTUCE,8.4,2021-02-15 12:30:00,Multigrain,Avocado,,,,,1.5
15429,351,2,0.0,22.7,French Toast with Streaky Bacon,1,Kitchen,12.4,2,REGULAR,10.4,2021-09-06 09:02:52,,,,Hashbrown,,,2.0
10264,616,0,0.0,22.7,Eggs Benedict,1,Kitchen,16.5,1,BACON,14.5,2021-01-28 09:28:53,,,,Hashbrown,,,2.0
24343,145,2,0.0,22.7,Toasted Roll,1,Kitchen,9.0,3,BACON-EGG-CHEESE,9.0,2022-08-18 08:55:00,,BBQ Sauce,,,,,0.0
24009,145,2,0.0,22.7,Toasted Roll,1,Kitchen,9.0,3,BACON-EGG-CHEESE,9.0,2022-08-06 08:08:58,,BBQ Sauce,,,,,0.0
39237,175,2,0.0,22.7,Toastie,1,Kitchen,9.0,4,BACON-EGG,9.0,2024-01-19 11:09:45,White,Tomato Sauce,,,,,0.0
37406,175,2,0.0,22.7,Toastie,1,Kitchen,9.0,3,BACON-EGG,9.0,2023-11-08 08:53:55,White,Tomato Sauce,,,,,0.0
35210,175,2,0.0,22.7,Toastie,1,Kitchen,9.0,3,BACON-EGG,9.0,2023-08-31 09:49:03,White,Tomato Sauce,,,,,0.0
31730,744,2,0.0,22.7,Toasted Roll,1,Kitchen,8.5,4,BACON-EGG,8.5,2023-05-12 08:15:00,,Salt and Pepper,,,,,0.0
31730,744,2,0.0,22.7,Muffin,1,Kitchen,3.9,3,ORANGE-POPPYSEED,3.9,2023-05-12 08:15:00,,,No,,,,0.0
31691,744,2,0.0,22.7,Toasted Roll,1,Kitchen,8.5,4,BACON-EGG,8.5,2023-05-11 08:00:00,,Salt and Pepper,,,,,0.0
31691,744,2,0.0,22.7,Muffin,1,Kitchen,3.9,3,ORANGE-POPPYSEED,3.9,2023-05-11 08:00:00,,,No,,,,0.0
31116,1273,2,0.0,22.7,Toasted Roll,1,Kitchen,11.5,3,BACON-EGG-CHEESE,9.5,2023-04-23 10:27:45,,"Tomato Sauce, Hash Brown, Salt and Pepper",,,,,2.0
18785,331,2,0.0,35.5,Toasted Roll,1,Kitchen,9.5,4,BACON-EGG-CHEESE,8.0,2022-01-20 12:18:55,,Avocado,,,,,1.5
27507,172,2,0.0,35.5,Toasted Roll,1,Kitchen,8.0,4,BACON-EGG,8.0,2022-12-07 09:09:13,,Tomato Sauce,,,,,0.0
26974,172,2,0.0,35.5,Toasted Roll,1,Kitchen,8.0,4,BACON-EGG,8.0,2022-11-20 08:51:07,,Tomato Sauce,,,,,0.0
26354,172,2,0.0,35.5,Toasted Roll,1,Kitchen,8.0,4,BACON-EGG,8.0,2022-10-30 08:42:00,,Tomato Sauce,,,,,0.0
16667,175,2,0.0,35.5,Toastie,1,Kitchen,8.0,6,BACON-EGG-CHEESE,8.0,2021-10-17 10:44:04,White,Tomato Sauce,,,,,0.0
16667,175,2,0.0,35.5,Toastie,1,Kitchen,7.0,7,BACON-EGG,7.0,2021-10-17 10:44:04,White,Tomato Sauce,,,,,0.0
7612,127,2,0.0,48.3,Toastie,1,Kitchen,7.0,6,HAM-CHEESE,7.0,2020-09-30 08:30:12,White,Tomato Sauce,,,,,0.0
7612,127,2,0.0,48.3,Toastie,1,Kitchen,7.0,7,HAM-CHEESE,7.0,2020-09-30 08:30:12,White,Tomato Sauce,,,,,0.0
7612,127,2,0.0,48.3,Toastie,1,Kitchen,8.0,8,HAM-CHEESE-TOMATO,8.0,2020-09-30 08:30:12,White,Tomato Sauce,,,,,0.0
7612,127,2,0.0,48.3,Toasted Roll,1,Kitchen,7.0,5,BACON-EGG,7.0,2020-09-30 08:30:12,,BBQ Sauce,,,,,0.0
16672,932,2,0.0,48.3,Big Breakfast,1,Kitchen,16.7,1,POACHED,16.7,2021-10-17 12:18:06,White,Hollandaise,,,,,0.0
17210,88,2,0.0,61.1,Toasted Roll,1,Kitchen,10.0,5,BACON-EGG-CHEESE,8.0,2021-11-06 07:46:32,,"BBQ Sauce, Hash Brown, Salt and Pepper",,,,,2.0
17210,88,2,0.0,61.1,Toasted Roll,1,Kitchen,9.5,6,BACON-EGG-CHEESE,8.0,2021-11-06 07:46:32,,"Tomato Sauce, Avocado",,,,,1.5
17210,88,2,0.0,61.1,Toasted Roll,1,Kitchen,10.0,7,BACON-EGG-CHEESE,8.0,2021-11-06 07:46:32,,"BBQ Sauce, Hash Brown",,,,,2.0
17210,88,2,0.0,61.1,Toasted Roll,1,Kitchen,10.0,8,BACON-EGG-CHEESE,8.0,2021-11-06 07:46:32,,"Tomato Sauce, Hash Brown",,,,,2.0
28962,1338,2,0.0,99.5,Toasted Roll,1,Kitchen,11.5,1,BACON-EGG-CHEESE,9.5,2023-02-10 08:27:06,,"BBQ Sauce, Hash Brown",,,,,2.0
28962,1338,2,0.0,99.5,Toasted Roll,1,Kitchen,11.5,2,BACON-EGG-CHEESE,9.5,2023-02-10 08:27:06,,"BBQ Sauce, Hash Brown",,,,,2.0
28962,1338,2,0.0,99.5,Toasted Roll,1,Kitchen,11.5,3,BACON-EGG-CHEESE,9.5,2023-02-10 08:27:06,,"BBQ Sauce, Hash Brown",,,,,2.0
28962,1338,2,0.0,99.5,Toasted Roll,1,Kitchen,11.5,4,BACON-EGG-CHEESE,9.5,2023-02-10 08:27:06,,"BBQ Sauce, Hash Brown",,,,,2.0
28962,1338,2,0.0,99.5,Toasted Roll,1,Kitchen,11.5,5,BACON-EGG-CHEESE,9.5,2023-02-10 08:27:06,,"BBQ Sauce, Hash Brown",,,,,2.0
28962,1338,2,0.0,99.5,Toasted Roll,1,Kitchen,11.5,6,BACON-EGG-CHEESE,9.5,2023-02-10 08:27:06,,"Tomato Sauce, Hash Brown",,,,,2.0
28962,1338,2,0.0,99.5,Toasted Roll,1,Kitchen,11.5,7,BACON-EGG-CHEESE,9.5,2023-02-10 08:27:06,,Hash Brown,,,,,2.0
28962,1338,2,0.0,99.5,Toasted Roll,1,Kitchen,11.5,8,BACON-EGG-CHEESE,9.5,2023-02-10 08:27:06,,Hash Brown,,,,,2.0
28962,1338,2,0.0,99.5,Toastie,1,Kitchen,7.5,9,EGG,7.5,2023-02-10 08:27:06,Dark Rye,Tomato Sauce,,,,,0.0
28760,1338,2,0.0,99.5,Toasted Roll,1,Kitchen,11.5,1,BACON-EGG-CHEESE,9.5,2023-02-03 08:22:47,,Hash Brown,,,,,2.0
28760,1338,2,0.0,99.5,Toasted Roll,1,Kitchen,11.5,2,BACON-EGG-CHEESE,9.5,2023-02-03 08:22:47,,Hash Brown,,,,,2.0
28760,1338,2,0.0,99.5,Toasted Roll,1,Kitchen,11.5,3,BACON-EGG-CHEESE,9.5,2023-02-03 08:22:47,,"Tomato Sauce, Hash Brown",,,,,2.0
28760,1338,2,0.0,99.5,Toasted Roll,1,Kitchen,11.5,4,BACON-EGG-CHEESE,9.5,2023-02-03 08:22:47,,"BBQ Sauce, Hash Brown",,,,,2.0
28760,1338,2,0.0,99.5,Toasted Roll,1,Kitchen,11.5,5,BACON-EGG-CHEESE,9.5,2023-02-03 08:22:47,,"BBQ Sauce, Hash Brown",,,,,2.0
28760,1338,2,0.0,99.5,Toasted Roll,1,Kitchen,11.5,6,BACON-EGG-CHEESE,9.5,2023-02-03 08:22:47,,"BBQ Sauce, Hash Brown",,,,,2.0
28760,1338,2,0.0,99.5,Toasted Roll,1,Kitchen,11.5,7,BACON-EGG-CHEESE,9.5,2023-02-03 08:22:47,,"BBQ Sauce, Hash Brown",,,,,2.0
28760,1338,2,0.0,99.5,Toasted Roll,1,Kitchen,11.5,8,BACON-EGG-CHEESE,9.5,2023-02-03 08:22:47,,"BBQ Sauce, Hash Brown",,,,,2.0
28760,1338,2,0.0,99.5,Toastie,1,Kitchen,7.5,9,EGG,7.5,2023-02-03 08:22:47,Dark Rye,Tomato Sauce,,,,,0.0
30452,1400,2,0.0,99.5,Toastie,1,Kitchen,9.5,7,HAM-CHEESE-TOMATO,9.5,2023-03-31 08:34:06,White,Salt and Pepper,,,,,0.0
30452,1400,2,0.0,99.5,Toasted Roll,1,Kitchen,9.5,1,BACON-EGG-CHEESE,9.5,2023-03-31 08:34:06,,Salt and Pepper,,,,,0.0
30452,1400,2,0.0,99.5,Toasted Roll,1,Kitchen,11.5,2,BACON-EGG-CHEESE,9.5,2023-03-31 08:34:06,,"Hash Brown, Salt and Pepper",,,,,2.0
30452,1400,2,0.0,99.5,Toasted Roll,1,Kitchen,11.5,3,BACON-EGG-CHEESE,9.5,2023-03-31 08:34:06,,"Hash Brown, Salt and Pepper",,,,,2.0
30452,1400,2,0.0,99.5,Toasted Roll,3,Kitchen,34.5,4,BACON-EGG-CHEESE,9.5,2023-03-31 08:34:06,,"BBQ Sauce, Hash Brown, Salt and Pepper",,,,,2.0
30452,1400,2,0.0,99.5,Toasted Roll,1,Kitchen,11.5,5,BACON-EGG-CHEESE,9.5,2023-03-31 08:34:06,,"Tomato Sauce, Hash Brown, Salt and Pepper",,,,,2.0
30452,1400,2,0.0,99.5,Toasted Roll,1,Kitchen,11.5,6,BACON-EGG-CHEESE,9.5,2023-03-31 08:34:06,,"BBQ Sauce, Hash Brown, Salt and Pepper",,,,,2.0
30238,1400,2,0.0,99.5,Toasted Roll,1,Kitchen,11.5,1,BACON-EGG-CHEESE,9.5,2023-03-24 08:31:21,,"BBQ Sauce, Hash Brown, Salt and Pepper",,,,,2.0
30238,1400,2,0.0,99.5,Toasted Roll,1,Kitchen,11.5,2,BACON-EGG-CHEESE,9.5,2023-03-24 08:31:21,,"BBQ Sauce, Hash Brown, Salt and Pepper",,,,,2.0
30238,1400,2,0.0,99.5,Toasted Roll,1,Kitchen,11.5,3,BACON-EGG-CHEESE,9.5,2023-03-24 08:31:21,,"BBQ Sauce, Hash Brown, Salt and Pepper",,,,,2.0
30238,1400,2,0.0,99.5,Toasted Roll,1,Kitchen,11.5,4,BACON-EGG-CHEESE,9.5,2023-03-24 08:31:21,,"Hash Brown, Salt and Pepper",,,,,2.0
30238,1400,2,0.0,99.5,Toasted Roll,1,Kitchen,9.5,5,BACON-EGG-CHEESE,9.5,2023-03-24 08:31:21,,Salt and Pepper,,,,,0.0
30238,1400,2,0.0,99.5,Toasted Roll,1,Kitchen,11.5,6,BACON-EGG-CHEESE,9.5,2023-03-24 08:31:21,,"Tomato Sauce, Hash Brown, Salt and Pepper",,,,,2.0
30238,1400,2,0.0,99.5,Toastie,1,Kitchen,9.5,9,HAM-CHEESE-TOMATO,9.5,2023-03-24 08:31:21,White,Salt and Pepper,,,,,0.0
30238,1400,2,0.0,99.5,Toasted Roll,1,Kitchen,11.5,7,BACON-EGG-CHEESE,9.5,2023-03-24 08:31:21,,"BBQ Sauce, Hash Brown, Salt and Pepper",,,,,2.0
30238,1400,2,0.0,99.5,Toasted Roll,1,Kitchen,11.5,8,BACON-EGG-CHEESE,9.5,2023-03-24 08:31:21,,"Hash Brown, Salt and Pepper",,,,,2.0
37386,1224,2,2.53,27.83,Toasted Roll,1,Kitchen,12.0,4,BACON-EGG-CHEESE,10.0,2023-11-07 11:11:37,,"Tomato Sauce, Hash Brown",,,,,2.0
18528,14,2,0.0,17.6,Toasted Roll,1,Kitchen,9.0,3,BACON-EGG,7.0,2022-01-08 07:52:52,,Hash Brown,,,,,2.0
4163,14,2,0.0,17.6,Toasted Roll,1,Kitchen,9.0,3,BACON-EGG,7.0,2020-02-08 08:15:00,,Hash Brown,,,,,2.0
8750,15,2,0.0,17.6,Toastie,1,Kitchen,9.0,3,HAM-CHEESE,7.0,2020-11-09 13:10:13,White,Hash Brown,,,,,2.0
5392,305,2,0.0,17.6,Toasted Roll,1,Kitchen,8.0,3,BACON-EGG-CHEESE,8.0,2020-06-21 11:45:00,,"BBQ Sauce, Salt and Pepper",,,,,0.0
15516,847,2,0.0,17.6,Toasted Roll,1,Kitchen,10.0,2,BACON-EGG-CHEESE,8.0,2021-09-09 11:49:21,,"Tomato Sauce, Hash Brown",,,,,2.0
9008,82,2,0.0,17.6,Toasted Roll,1,Kitchen,8.0,3,BACON-EGG-CHEESE,8.0,2020-11-21 11:00:20,,BBQ Sauce,,,,,0.0
16668,617,2,0.0,17.6,Toastie,1,Kitchen,9.0,3,BACON-EGG-CHEESE,8.0,2021-10-17 10:54:42,Sourdough,"Tomato Sauce, Salt and Pepper",,,,,1.0
13105,374,2,0.0,17.6,Toastie,1,Kitchen,8.0,3,BACON-EGG-CHEESE,8.0,2021-06-07 07:57:32,Multigrain,Tomato Sauce,,,,,0.0
18347,375,2,0.0,17.6,Toasted Roll,1,Kitchen,9.0,3,BACON-EGG,7.0,2021-12-18 08:45:00,,Hash Brown,,,,,2.0
20307,721,2,0.0,17.6,Toasted Roll,1,Kitchen,10.0,2,BACON-EGG-CHEESE,8.0,2022-03-19 10:48:43,,"Tomato Sauce, Hash Brown, Salt and Pepper",,,,,2.0
18082,721,2,0.0,17.6,Toasted Roll,1,Kitchen,9.0,3,BACON-EGG,7.0,2021-12-08 07:55:51,,"Tomato Sauce, Hash Brown, Salt and Pepper",,,,,2.0
17484,721,2,0.0,17.6,Toasted Roll,1,Kitchen,9.0,3,BACON-EGG,7.0,2021-11-16 07:23:56,,"Tomato Sauce, Hash Brown, Salt and Pepper",,,,,2.0
15476,721,2,0.0,17.6,Toasted Roll,1,Kitchen,9.0,3,BACON-EGG,7.0,2021-09-08 08:20:04,,"Tomato Sauce, Hash Brown, Salt and Pepper",,,,,2.0
14015,721,2,0.0,17.6,Toasted Roll,1,Kitchen,9.0,3,BACON-EGG,7.0,2021-07-15 07:40:03,,"Tomato Sauce, Hash Brown, Salt and Pepper",,,,,2.0
14356,811,2,0.0,30.4,Toastie,1,Kitchen,8.0,5,CHEESE-TOMATO,7.0,2021-07-28 10:41:01,Sourdough,Tomato Sauce,,,,,1.0
5359,302,0,0.0,30.4,Toasted Roll,1,Kitchen,8.0,4,BACON-EGG-CHEESE,8.0,2020-06-19 09:16:44,,"BBQ Sauce, Salt and Pepper",,,,,0.0
18669,839,2,0.0,30.4,Toasted Roll,1,Kitchen,8.0,5,BACON-EGG-CHEESE,8.0,2022-01-15 08:15:00,,Salt and Pepper,,,,,0.0
31326,1109,2,0.0,30.4,Toasted Roll,1,Kitchen,8.5,3,BACON-EGG,8.5,2023-04-30 10:23:36,,Tomato Sauce,,,,,0.0
31326,1109,2,0.0,30.4,Toasted Roll,1,Kitchen,11.5,4,BACON-EGG-CHEESE,9.5,2023-04-30 10:23:36,,"Tomato Sauce, Hash Brown",,,,,2.0
11394,615,0,0.0,30.4,Toasted Roll,1,Kitchen,8.0,4,BACON-EGG-CHEESE,8.0,2021-03-25 12:50:39,,Tomato Sauce,,,,,0.0
11393,615,0,0.0,30.4,Toasted Roll,1,Kitchen,8.0,4,BACON-EGG-CHEESE,8.0,2021-03-25 12:47:05,,Tomato Sauce,,,,,0.0
33558,1144,2,0.0,30.4,Toasted Roll,1,Kitchen,8.5,3,BACON-EGG,8.5,2023-07-10 11:30:59,,Tomato Sauce,,,,,0.0
33558,1144,2,0.0,30.4,Toasted Roll,1,Kitchen,10.5,4,BACON-EGG,8.5,2023-07-10 11:30:59,,"Tomato Sauce, Hash Brown",,,,,2.0
23093,127,2,0.0,30.4,Toastie,1,Kitchen,7.0,4,HAM-CHEESE,7.0,2022-07-03 11:04:42,White,Tomato Sauce,,,,,0.0
23093,127,2,0.0,30.4,Toastie,1,Kitchen,7.0,5,HAM-CHEESE,7.0,2022-07-03 11:04:42,Multigrain,Tomato Sauce,,,,,0.0
30096,397,2,0.0,30.4,Toasted Roll,1,Kitchen,9.5,3,BACON-EGG-CHEESE,9.5,2023-03-19 12:10:13,,"Tomato Sauce, Salt and Pepper",,,,,0.0
30096,397,2,0.0,30.4,Toasted Roll,1,Kitchen,9.5,4,BACON-EGG-CHEESE,9.5,2023-03-19 12:10:13,,Tomato Sauce,,,,,0.0
32721,1171,2,0.0,30.4,Toastie,2,Kitchen,19.0,3,BACON-EGG-CHEESE,9.5,2023-06-13 08:54:49,White,Tomato Sauce,,,,,0.0
4894,252,2,0.0,30.4,Toastie,1,Kitchen,9.9,3,CHICKEN-SCHNITZEL-CHEESE-LETTUCE,8.4,2020-05-15 14:22:00,Multigrain,Avocado,,,,,1.5
38444,1144,2,0.0,43.2,Toasted Roll,1,Kitchen,9.0,6,BACON-EGG,9.0,2023-12-11 12:52:59,,Tomato Sauce,,,,,0.0
38444,1144,2,0.0,43.2,Toasted Roll,1,Kitchen,11.0,7,BACON-EGG,9.0,2023-12-11 12:52:59,,"Tomato Sauce, Hash Brown",,,,,2.0
14967,140,2,0.0,43.2,Eggs Florentine,1,Kitchen,16.2,3,REGULAR,14.2,2021-08-21 11:31:28,,,,Hashbrown,,,2.0
24817,290,2,0.0,56.0,Toastie,1,Kitchen,9.0,7,BACON-EGG-CHEESE,9.0,2022-09-04 08:58:03,White,Tomato Sauce,,,,,0.0
24817,290,2,0.0,56.0,Toasted Roll,1,Kitchen,11.1,6,CHICKEN-SCHNITZEL-CHEESE-LETTUCE,9.6,2022-09-04 08:58:03,,Avocado,,,,,1.5
4481,66,10,0.0,56.0,Toastie,1,Kitchen,8.0,8,BACON-EGG-CHEESE,8.0,2020-03-26 12:38:26,White,Tomato Sauce,,,,,0.0
4481,66,10,0.0,56.0,Toastie,1,Kitchen,8.0,9,BACON-EGG-CHEESE,8.0,2020-03-26 12:38:26,White,Tomato Sauce,,,,,0.0
4528,205,10,0.0,56.0,Build Your Own Breakfast,1,Kitchen,7.9,1,POACHED,7.9,2020-04-15 12:07:11,White,"Bacon, Hollandaise, Sauteed Mushrooms",,,,,0.0
4528,205,10,0.0,56.0,Build Your Own Breakfast,1,Kitchen,7.9,2,POACHED,7.9,2020-04-15 12:07:11,White,"Bacon, Hollandaise, Sauteed Mushrooms",,,,,0.0
29028,841,2,0.0,68.8,Build Your Own Breakfast,1,Kitchen,19.2,3,POACHED,9.2,2023-02-12 11:23:40,White,"Hollandaise, Hash Brown, Smashed Avo and Feta",,,,,10.0
22549,275,2,0.0,12.5,Toasted Roll,1,Kitchen,7.0,2,BACON-EGG,7.0,2022-06-12 10:20:44,,Tomato Sauce,,,,,0.0
22338,275,2,0.0,12.5,Toasted Roll,1,Kitchen,7.0,2,BACON-EGG,7.0,2022-06-04 08:24:21,,Tomato Sauce,,,,,0.0
21272,275,2,0.0,12.5,Toastie,1,Kitchen,7.0,2,BACON-EGG,7.0,2022-04-27 07:31:07,Multigrain,Tomato Sauce,,,,,0.0
21091,275,2,0.0,12.5,Toasted Roll,1,Kitchen,7.0,2,BACON-EGG,7.0,2022-04-20 09:17:19,,Tomato Sauce,,,,,0.0
20980,275,2,0.0,12.5,Toasted Roll,1,Kitchen,7.0,2,BACON-EGG,7.0,2022-04-14 07:32:32,,Tomato Sauce,,,,,0.0
20478,275,2,0.0,12.5,Toastie,1,Kitchen,7.0,2,BACON-EGG,7.0,2022-03-26 10:00:55,Multigrain,Tomato Sauce,,,,,0.0
20126,275,2,0.0,12.5,Toasted Roll,1,Kitchen,7.0,2,BACON-EGG,7.0,2022-03-12 09:01:25,,Tomato Sauce,,,,,0.0
18201,799,2,0.0,12.5,Toastie,1,Kitchen,7.0,2,BACON-EGG,7.0,2021-12-12 09:19:47,White,Tomato Sauce,,,,,0.0
3425,38,0,0.0,12.5,Toastie,1,Kitchen,8.0,2,HAM-CHEESE-TOMATO,8.0,2019-07-26 15:45:00,Multigrain,Tomato Sauce,,,,,0.0
5816,43,2,0.0,12.5,Toasted Roll,1,Kitchen,7.0,2,BACON-EGG,7.0,2020-07-18 07:27:23,,Tomato Sauce,,,,,0.0
12191,44,2,0.0,12.5,Toasted Roll,1,Kitchen,7.0,2,BACON-EGG,7.0,2021-05-02 07:45:00,,Tomato Sauce,,,,,0.0
11995,44,2,0.0,12.5,Toasted Roll,1,Kitchen,7.0,2,BACON-EGG,7.0,2021-04-23 07:30:00,,Tomato Sauce,,,,,0.0
11841,44,2,0.0,12.5,Toasted Roll,1,Kitchen,7.0,2,BACON-EGG,7.0,2021-04-16 07:30:00,,Tomato Sauce,,,,,0.0
11819,44,2,0.0,12.5,Toasted Roll,1,Kitchen,7.0,2,BACON-EGG,7.0,2021-04-15 07:29:32,,Tomato Sauce,,,,,0.0
11693,44,2,0.0,12.5,Toasted Roll,1,Kitchen,7.0,2,BACON-EGG,7.0,2021-04-09 07:20:57,,Tomato Sauce,,,,,0.0
11633,44,2,0.0,12.5,Toasted Roll,1,Kitchen,7.0,2,BACON-EGG,7.0,2021-04-06 07:30:00,,Tomato Sauce,,,,,0.0
11524,44,2,0.0,12.5,Toastie,1,Kitchen,7.0,2,BACON-EGG,7.0,2021-03-31 07:19:28,White,Tomato Sauce,,,,,0.0
11466,44,2,0.0,12.5,Toasted Roll,1,Kitchen,7.0,2,BACON-EGG,7.0,2021-03-29 07:18:59,,Tomato Sauce,,,,,0.0
11322,44,2,0.0,12.5,Toasted Roll,1,Kitchen,7.0,2,BACON-EGG,7.0,2021-03-22 07:21:03,,Tomato Sauce,,,,,0.0
11220,44,2,0.0,12.5,Toasted Roll,1,Kitchen,7.0,2,BACON-EGG,7.0,2021-03-17 07:20:10,,Tomato Sauce,,,,,0.0
11202,44,2,0.0,12.5,Toasted Roll,1,Kitchen,7.0,2,BACON-EGG,7.0,2021-03-16 07:45:00,,Tomato Sauce,,,,,0.0
11038,44,2,0.0,12.5,Toasted Roll,1,Kitchen,7.0,2,BACON-EGG,7.0,2021-03-09 07:45:00,,Tomato Sauce,,,,,0.0
10931,44,2,0.0,12.5,Toasted Roll,1,Kitchen,7.0,2,BACON-EGG,7.0,2021-03-03 07:45:00,,Tomato Sauce,,,,,0.0
10902,44,2,0.0,12.5,Toasted Roll,1,Kitchen,7.0,2,BACON-EGG,7.0,2021-03-01 07:45:00,,Tomato Sauce,,,,,0.0
10652,44,2,0.0,12.5,Toasted Roll,1,Kitchen,7.0,2,BACON-EGG,7.0,2021-02-16 07:30:00,,Tomato Sauce,,,,,0.0
10503,44,2,0.0,12.5,Toasted Roll,1,Kitchen,7.0,2,BACON-EGG,7.0,2021-02-09 07:30:00,,Tomato Sauce,,,,,0.0
10235,44,2,0.0,12.5,Toasted Roll,1,Kitchen,7.0,2,BACON-EGG,7.0,2021-01-27 07:32:33,,Tomato Sauce,,,,,0.0
9950,44,2,0.0,12.5,Toasted Roll,1,Kitchen,7.0,2,BACON-EGG,7.0,2021-01-11 07:23:51,,Tomato Sauce,,,,,0.0
9754,44,2,0.0,12.5,Toasted Roll,1,Kitchen,7.0,2,BACON-EGG,7.0,2020-12-23 07:25:19,,BBQ Sauce,,,,,0.0
9740,44,2,0.0,12.5,Toasted Roll,1,Kitchen,7.0,2,BACON-EGG,7.0,2020-12-22 08:41:00,,Tomato Sauce,,,,,0.0
9709,44,2,0.0,12.5,Toasted Roll,1,Kitchen,7.0,2,BACON-EGG,7.0,2020-12-21 07:20:00,,Tomato Sauce,,,,,0.0
9385,44,2,0.0,12.5,Toasted Roll,1,Kitchen,7.0,2,BACON-EGG,7.0,2020-12-07 07:11:42,,Tomato Sauce,,,,,0.0
9267,44,2,0.0,12.5,Toasted Roll,1,Kitchen,7.0,2,BACON-EGG,7.0,2020-12-02 07:21:35,,Tomato Sauce,,,,,0.0
8927,44,2,0.0,12.5,Toasted Roll,1,Kitchen,7.0,2,BACON-EGG,7.0,2020-11-18 07:30:00,,Tomato Sauce,,,,,0.0
8836,44,2,0.0,12.5,Toasted Roll,1,Kitchen,7.0,2,BACON-EGG,7.0,2020-11-13 07:55:12,,Tomato Sauce,,,,,0.0
8754,44,2,0.0,12.5,Toasted Roll,1,Kitchen,7.0,2,BACON-EGG,7.0,2020-11-10 07:08:50,,Tomato Sauce,,,,,0.0
8632,44,2,0.0,12.5,Toasted Roll,1,Kitchen,7.0,2,BACON-EGG,7.0,2020-11-05 07:09:34,,Tomato Sauce,,,,,0.0
5528,44,2,0.0,12.5,Toasted Roll,1,Kitchen,7.0,2,BACON-EGG,7.0,2020-07-01 07:21:37,,Tomato Sauce,,,,,0.0
21642,305,2,0.0,12.5,Toasted Roll,1,Kitchen,7.0,2,BACON-EGG,7.0,2022-05-10 07:45:00,,"BBQ Sauce, Salt and Pepper",,,,,0.0
8896,562,2,0.0,12.5,Toasted Roll,1,Kitchen,7.0,2,BACON-EGG,7.0,2020-11-16 07:12:46,,Tomato Sauce,,,,,0.0
3704,78,2,0.0,12.5,Toastie,1,Kitchen,7.0,2,HAM-CHEESE,7.0,2019-10-17 08:45:00,White,Tomato Sauce,,,,,0.0
9663,596,2,0.0,12.5,Toasted Roll,1,Kitchen,8.0,2,BACON-EGG-CHEESE,8.0,2020-12-19 09:00:00,,BBQ Sauce,,,,,0.0
30255,868,2,0.0,12.5,Toastie,1,Kitchen,8.5,2,BACON-EGG,8.5,2023-03-25 07:27:48,Multigrain,BBQ Sauce,,,,,0.0
15477,107,2,0.0,12.5,Toasted Roll,1,Kitchen,7.0,2,BACON-EGG,7.0,2021-09-08 08:47:40,,Salt and Pepper,,,,,0.0
11324,107,2,0.0,12.5,Toastie,1,Kitchen,7.0,2,BACON-EGG,7.0,2021-03-22 07:52:41,White,"Tomato Sauce, Salt and Pepper",,,,,0.0
11262,107,2,0.0,12.5,Toastie,1,Kitchen,7.0,2,BACON-EGG,7.0,2021-03-19 08:12:56,White,"Tomato Sauce, Salt and Pepper",,,,,0.0
10978,107,2,0.0,12.5,Toastie,1,Kitchen,7.0,2,BACON-EGG,7.0,2021-03-05 08:21:13,White,"Tomato Sauce, Salt and Pepper",,,,,0.0
10165,107,2,0.0,12.5,Toasted Roll,1,Kitchen,7.0,2,BACON-EGG,7.0,2021-01-22 07:31:05,,"Tomato Sauce, Salt and Pepper",,,,,0.0
10026,107,2,0.0,12.5,Toasted Roll,1,Kitchen,7.0,2,BACON-EGG,7.0,2021-01-15 08:32:13,,"Tomato Sauce, Salt and Pepper",,,,,0.0
9963,107,2,0.0,12.5,Toasted Roll,1,Kitchen,7.0,2,BACON-EGG,7.0,2021-01-12 08:16:55,,Salt and Pepper,,,,,0.0
9904,107,2,0.0,12.5,Toasted Roll,1,Kitchen,7.0,2,BACON-EGG,7.0,2021-01-08 08:29:43,,Tomato Sauce,,,,,0.0
6948,109,2,0.0,12.5,Toastie,1,Kitchen,7.5,2,EGG,6.0,2020-09-05 10:50:59,Dark Rye,Avocado,,,,,1.5
9058,125,2,0.0,12.5,Toastie,1,Kitchen,7.0,2,BACON-EGG,7.0,2020-11-23 09:00:00,Multigrain,Tomato Sauce,,,,,0.0
4858,125,2,0.0,12.5,Toastie,1,Kitchen,7.0,2,BACON-EGG,7.0,2020-05-13 10:00:00,White,Tomato Sauce,,,,,0.0
4333,125,2,0.0,12.5,Toastie,1,Kitchen,7.0,2,BACON-EGG,7.0,2020-03-11 10:07:23,Multigrain,Tomato Sauce,,,,,0.0
21691,141,2,0.0,12.5,Toastie,1,Kitchen,7.0,2,BACON-EGG,7.0,2022-05-12 06:40:32,Multigrain,BBQ Sauce,,,,,0.0
21667,141,2,0.0,12.5,Toastie,1,Kitchen,7.0,2,BACON-EGG,7.0,2022-05-11 06:28:55,Multigrain,BBQ Sauce,,,,,0.0
18729,141,2,0.0,12.5,Toastie,1,Kitchen,7.0,2,BACON-EGG,7.0,2022-01-18 06:45:46,Multigrain,BBQ Sauce,,,,,0.0
15317,141,2,0.0,12.5,Toastie,1,Kitchen,7.0,2,BACON-EGG,7.0,2021-09-03 06:04:32,Multigrain,BBQ Sauce,,,,,0.0
13883,141,2,0.0,12.5,Toastie,1,Kitchen,7.0,2,BACON-EGG,7.0,2021-07-09 06:17:16,Multigrain,BBQ Sauce,,,,,0.0
12988,141,2,0.0,12.5,Toastie,1,Kitchen,7.0,2,BACON-EGG,7.0,2021-06-03 06:12:38,Multigrain,BBQ Sauce,,,,,0.0
11317,141,2,0.0,12.5,Toastie,1,Kitchen,7.0,2,BACON-EGG,7.0,2021-03-22 06:49:41,Multigrain,BBQ Sauce,,,,,0.0
10841,141,2,0.0,12.5,Toastie,1,Kitchen,7.0,2,BACON-EGG,7.0,2021-02-26 06:09:59,Multigrain,BBQ Sauce,,,,,0.0
10481,141,2,0.0,12.5,Toastie,1,Kitchen,7.0,2,BACON-EGG,7.0,2021-02-08 06:32:20,Multigrain,BBQ Sauce,,,,,0.0
9978,141,2,0.0,12.5,Toastie,1,Kitchen,7.0,2,BACON-EGG,7.0,2021-01-13 06:00:00,Multigrain,BBQ Sauce,,,,,0.0
17337,408,2,0.0,12.5,Toastie,1,Kitchen,7.0,2,HAM-CHEESE,7.0,2021-11-11 06:03:18,White,Tomato Sauce,,,,,0.0
11685,408,2,0.0,12.5,Toastie,1,Kitchen,7.0,2,HAM-CHEESE,7.0,2021-04-09 06:00:00,White,Tomato Sauce,,,,,0.0
11662,408,2,0.0,12.5,Toastie,1,Kitchen,7.0,2,HAM-CHEESE,7.0,2021-04-08 06:00:00,White,Tomato Sauce,,,,,0.0
10231,408,2,0.0,12.5,Toastie,1,Kitchen,7.0,2,HAM-CHEESE,7.0,2021-01-27 06:15:00,White,Tomato Sauce,,,,,0.0
9744,161,2,0.0,12.5,Toasted Roll,1,Kitchen,8.0,2,BACON-EGG-CHEESE,8.0,2020-12-22 09:22:49,,"BBQ Sauce, Salt and Pepper",,,,,0.0
9697,161,2,0.0,12.5,Toasted Roll,1,Kitchen,8.0,2,BACON-EGG-CHEESE,8.0,2020-12-20 10:10:35,,"BBQ Sauce, Salt and Pepper",,,,,0.0
9672,161,2,0.0,12.5,Toasted Roll,1,Kitchen,8.0,2,BACON-EGG-CHEESE,8.0,2020-12-19 10:30:20,,"BBQ Sauce, Salt and Pepper",,,,,0.0
9211,161,2,0.0,12.5,Toasted Roll,1,Kitchen,8.0,2,BACON-EGG-CHEESE,8.0,2020-11-30 06:30:51,,"BBQ Sauce, Salt and Pepper",,,,,0.0
9198,161,2,0.0,12.5,Toasted Roll,1,Kitchen,8.0,2,BACON-EGG-CHEESE,8.0,2020-11-29 09:14:36,,"BBQ Sauce, Salt and Pepper",,,,,0.0
9171,161,2,0.0,12.5,Toasted Roll,1,Kitchen,8.0,2,BACON-EGG-CHEESE,8.0,2020-11-28 07:38:15,,"BBQ Sauce, Salt and Pepper",,,,,0.0
18407,421,2,0.0,12.5,Toastie,1,Kitchen,8.0,2,BACON,6.0,2021-12-20 07:57:18,Dark Rye,"BBQ Sauce, Hash Brown",,,,,2.0
17125,421,2,0.0,12.5,Toastie,1,Kitchen,6.0,2,BACON,6.0,2021-11-03 07:50:34,Dark Rye,BBQ Sauce,,,,,0.0
35494,1203,0,0.0,12.5,Toastie,1,Kitchen,12.5,1,BACON-EGG-CHEESE,10.5,2023-09-08 10:54:48,White,"Tomato Sauce, Hash Brown",,,,,2.0
35493,1203,0,0.0,12.5,Toastie,1,Kitchen,12.5,1,BACON-EGG-CHEESE,10.5,2023-09-08 10:54:14,White,"Tomato Sauce, Hash Brown",,,,,2.0
29531,465,2,0.0,12.5,Toastie,1,Kitchen,8.5,2,BACON-EGG,8.5,2023-03-01 09:48:15,White,Tomato Sauce,,,,,0.0
33014,721,2,0.0,12.5,Toasted Roll,1,Kitchen,8.5,2,BACON-EGG,8.5,2023-06-23 07:37:17,,"Tomato Sauce, Salt and Pepper",,,,,0.0
32769,721,2,0.0,12.5,Toasted Roll,1,Kitchen,8.5,2,BACON-EGG,8.5,2023-06-15 07:25:13,,"Tomato Sauce, Salt and Pepper",,,,,0.0
25361,9,2,2.3,25.3,Toasted Roll,1,Kitchen,9.0,2,BACON-EGG-CHEESE,9.0,2022-09-22 10:43:56,,Tomato Sauce,,,,,0.0
25361,9,2,2.3,25.3,Toastie,1,Kitchen,9.0,3,HAM-CHEESE-TOMATO,9.0,2022-09-22 10:43:56,White,Tomato Sauce,,,,,0.0
13432,13,2,0.0,25.3,Toasted Roll,1,Kitchen,8.0,4,BACON-EGG-CHEESE,8.0,2021-06-19 08:07:23,,"Tomato Sauce, Salt and Pepper",,,,,0.0
9688,276,2,0.0,25.3,Toasted Roll,1,Kitchen,8.0,3,BACON-EGG-CHEESE,8.0,2020-12-20 08:10:11,,BBQ Sauce,,,,,0.0
9688,276,2,0.0,25.3,Toastie,1,Kitchen,8.0,4,HAM-CHEESE-TOMATO,8.0,2020-12-20 08:10:11,White,Tomato Sauce,,,,,0.0
7888,276,2,0.0,25.3,Toasted Roll,1,Kitchen,8.0,5,BACON-EGG-CHEESE,8.0,2020-10-11 09:05:26,,BBQ Sauce,,,,,0.0
5839,333,2,0.0,25.3,Toasted Roll,1,Kitchen,7.0,5,BACON-EGG,7.0,2020-07-19 08:56:47,,BBQ Sauce,,,,,0.0
21565,862,2,0.0,25.3,Toastie,1,Kitchen,8.0,3,HAM-CHEESE-TOMATO,8.0,2022-05-07 08:32:22,Multigrain,Tomato Sauce,,,,,0.0
21565,862,2,0.0,25.3,Toastie,1,Kitchen,8.0,4,HAM-CHEESE-TOMATO,8.0,2022-05-07 08:32:22,Multigrain,Tomato Sauce,,,,,0.0
34120,651,2,0.0,25.3,Muffin,1,Kitchen,4.5,4,APPLE-CINNAMON,4.5,2023-07-28 08:00:00,,,No,,,,0.0
19000,141,2,0.0,25.3,Toastie,1,Kitchen,7.0,4,BACON-EGG,7.0,2022-01-30 08:25:09,Multigrain,"BBQ Sauce, Salt and Pepper",,,,,0.0
19000,141,2,0.0,25.3,Toasted Roll,1,Kitchen,8.0,3,BACON-EGG-CHEESE,8.0,2022-01-30 08:25:09,,"Tomato Sauce, BBQ Sauce, Salt and Pepper",,,,,0.0
12846,421,2,0.0,25.3,Toastie,1,Kitchen,8.0,4,BACON-EGG-CHEESE,8.0,2021-05-29 08:35:28,White,BBQ Sauce,,,,,0.0
30688,1449,2,2.3,25.3,Toasted Roll,2,Kitchen,23.0,1,BACON-EGG-CHEESE,9.5,2023-04-08 08:02:30,,"BBQ Sauce, Hash Brown",,,,,2.0
21951,692,2,0.0,25.3,Toastie,1,Kitchen,8.0,4,BACON-EGG-CHEESE,8.0,2022-05-21 13:03:03,Dark Rye,Tomato Sauce,,,,,0.0
11451,189,2,0.0,25.3,Toasted Roll,1,Kitchen,7.0,3,BACON-EGG,7.0,2021-03-28 10:58:45,,Tomato Sauce,,,,,0.0
11451,189,2,0.0,25.3,Toastie,1,Kitchen,8.0,4,HAM-CHEESE,7.0,2021-03-28 10:58:45,Sourdough,Tomato Sauce,,,,,1.0
8122,488,2,0.0,25.3,Toastie,1,Kitchen,8.5,3,BACON-CHEESE,7.0,2020-10-18 10:08:37,Multigrain,Avocado,,,,,1.5
17797,754,2,0.0,25.3,Toastie,1,Kitchen,7.0,2,BACON-EGG,7.0,2021-11-27 08:28:52,White,BBQ Sauce,,,,,0.0
17797,754,2,0.0,25.3,Toastie,1,Kitchen,7.0,3,BACON-EGG,7.0,2021-11-27 08:28:52,White,BBQ Sauce,,,,,0.0
17797,754,2,0.0,25.3,Toastie,1,Kitchen,7.0,4,BACON-EGG,7.0,2021-11-27 08:28:52,White,BBQ Sauce,,,,,0.0
7341,285,2,0.0,38.1,French Toast with Streaky Bacon,1,Kitchen,11.9,3,REGULAR,9.9,2020-09-20 08:29:40,,,,Hashbrown,,,2.0
7341,285,2,0.0,38.1,Build Your Own Breakfast,1,Kitchen,16.4,1,POACHED,7.9,2020-09-20 08:29:40,Sourdough,"Bacon, Grilled Tomato, Hollandaise",,,,,8.499999999999998
37322,48,2,0.0,38.1,Toasted Roll,1,Kitchen,10.0,4,BACON-EGG-CHEESE,10.0,2023-11-04 11:25:24,,BBQ Sauce,,,,,0.0
37322,48,2,0.0,38.1,Toastie,1,Kitchen,9.0,5,BACON-EGG,9.0,2023-11-04 11:25:24,White,Tomato Sauce,,,,,0.0
29871,260,2,0.0,50.9,Toasted Roll,3,Kitchen,34.5,4,BACON-EGG-CHEESE,9.5,2023-03-12 09:51:35,,"Tomato Sauce, Hash Brown",,,,,2.0
6971,62,2,0.0,63.7,Toasted Roll,1,Kitchen,9.5,11,BACON-EGG-CHEESE,8.0,2020-09-06 09:45:00,,"Tomato Sauce, Avocado",,,,,1.5
6971,62,2,0.0,63.7,Toastie,1,Kitchen,7.0,12,BACON-EGG,7.0,2020-09-06 09:45:00,Multigrain,BBQ Sauce,,,,,0.0
28415,1338,2,0.0,76.5,Toasted Roll,1,Kitchen,11.5,1,BACON-EGG-CHEESE,9.5,2023-01-20 08:30:00,,"BBQ Sauce, Hash Brown",,,,,2.0
28415,1338,2,0.0,76.5,Toasted Roll,1,Kitchen,11.5,2,BACON-EGG-CHEESE,9.5,2023-01-20 08:30:00,,"BBQ Sauce, Hash Brown",,,,,2.0
28415,1338,2,0.0,76.5,Toasted Roll,1,Kitchen,11.5,3,BACON-EGG-CHEESE,9.5,2023-01-20 08:30:00,,Hash Brown,,,,,2.0
28415,1338,2,0.0,76.5,Toasted Roll,1,Kitchen,11.5,4,BACON-EGG-CHEESE,9.5,2023-01-20 08:30:00,,Hash Brown,,,,,2.0
28415,1338,2,0.0,76.5,Toasted Roll,1,Kitchen,11.5,5,BACON-EGG-CHEESE,9.5,2023-01-20 08:30:00,,Hash Brown,,,,,2.0
28415,1338,2,0.0,76.5,Toasted Roll,1,Kitchen,11.5,6,BACON-EGG-CHEESE,9.5,2023-01-20 08:30:00,,Hash Brown,,,,,2.0
28415,1338,2,0.0,76.5,Toastie,1,Kitchen,7.5,7,EGG,7.5,2023-01-20 08:30:00,Dark Rye,Tomato Sauce,,,,,0.0
30032,1400,2,0.0,76.5,Toasted Roll,1,Kitchen,11.5,1,BACON-EGG-CHEESE,9.5,2023-03-17 08:55:15,,"BBQ Sauce, Hash Brown, Salt and Pepper",,,,,2.0
30032,1400,2,0.0,76.5,Toasted Roll,1,Kitchen,11.5,2,BACON-EGG-CHEESE,9.5,2023-03-17 08:55:15,,"BBQ Sauce, Hash Brown, Salt and Pepper",,,,,2.0
30032,1400,2,0.0,76.5,Toasted Roll,1,Kitchen,9.5,3,BACON-EGG-CHEESE,9.5,2023-03-17 08:55:15,,Salt and Pepper,,,,,0.0
30032,1400,2,0.0,76.5,Toasted Roll,1,Kitchen,11.5,4,BACON-EGG-CHEESE,9.5,2023-03-17 08:55:15,,"BBQ Sauce, Hash Brown, Salt and Pepper",,,,,2.0
30032,1400,2,0.0,76.5,Toasted Roll,1,Kitchen,11.5,5,BACON-EGG-CHEESE,9.5,2023-03-17 08:55:15,,"Hash Brown, Salt and Pepper",,,,,2.0
30032,1400,2,0.0,76.5,Toasted Roll,1,Kitchen,11.5,6,BACON-EGG-CHEESE,9.5,2023-03-17 08:55:15,,"Tomato Sauce, Hash Brown, Salt and Pepper",,,,,2.0
30032,1400,2,0.0,76.5,Toastie,1,Kitchen,9.5,7,HAM-CHEESE-TOMATO,9.5,2023-03-17 08:55:15,White,Tomato Sauce,,,,,0.0
37705,276,2,0.0,20.2,Toasted Roll,1,Kitchen,10.0,3,BACON-EGG-CHEESE,10.0,2023-11-18 08:18:43,,BBQ Sauce,,,,,0.0
36882,276,2,0.0,20.2,Toasted Roll,1,Kitchen,10.0,3,BACON-EGG-CHEESE,10.0,2023-10-22 08:16:00,,BBQ Sauce,,,,,0.0
35735,276,2,0.0,20.2,Toasted Roll,1,Kitchen,10.0,3,BACON-EGG-CHEESE,10.0,2023-09-16 09:56:20,,BBQ Sauce,,,,,0.0
28201,811,2,0.0,20.2,Build Your Own Breakfast,1,Kitchen,13.2,1,POACHED,9.2,2023-01-12 06:30:00,Sourdough,Avocado,,,,,4.0
30758,826,2,0.0,20.2,Toastie,1,Kitchen,9.5,3,BACON-CHEESE,8.5,2023-04-11 09:01:51,Sourdough,BBQ Sauce,,,,,1.0
40100,1117,2,0.0,20.2,Toasted Roll,1,Kitchen,10.0,3,BACON-EGG-CHEESE,10.0,2024-02-18 09:20:48,,BBQ Sauce,,,,,0.0
4297,112,10,0.0,20.2,Toastie,1,Kitchen,8.4,4,CHICKEN-SCHNITZEL-CHEESE-LETTUCE,8.4,2020-03-04 12:31:04,White,Tomato Sauce,,,,,0.0
28877,1392,2,0.0,20.2,Build Your Own Breakfast,1,Kitchen,14.2,1,SCRAMBLED,9.2,2023-02-07 10:10:48,White,"Hash Brown, Sauteed Mushrooms",,,,,5.0
22232,906,2,0.0,20.2,Muffin,1,Kitchen,3.9,3,CHOC-MUD,3.9,2022-05-31 08:35:37,,,No,,,,0.0
34761,189,2,0.0,20.2,Muffin,1,Kitchen,4.5,3,RASPBERRY-WHITECHOC,4.5,2023-08-17 08:48:24,,,Yes,,,,0.0
34761,189,2,0.0,20.2,Muffin,1,Kitchen,4.5,4,RASPBERRY-WHITECHOC,4.5,2023-08-17 08:48:24,,,Yes,,,,0.0
23239,1213,2,0.0,20.2,Toastie,1,Kitchen,8.5,3,CHICKEN-SCHNITZEL-CHEESE-LETTUCE,8.5,2022-07-09 10:59:52,White,Salt and Pepper,,,,,0.0
19745,231,2,0.0,20.2,Toastie,1,Kitchen,8.0,4,HAM-CHEESE-TOMATO,8.0,2022-02-27 07:50:27,White,Tomato Sauce,,,,,0.0
33644,1270,2,0.0,20.2,Toasted Roll,1,Kitchen,10.5,3,BACON-EGG,8.5,2023-07-13 08:43:48,,Hash Brown,,,,,2.0
16442,10,2,0.0,33.0,Build Your Own Breakfast,1,Kitchen,7.9,1,SCRAMBLED,7.9,2021-10-10 09:00:00,White,"Bacon, Hollandaise, Sauteed Mushrooms",,,,,0.0
16442,10,2,0.0,33.0,Build Your Own Breakfast,1,Kitchen,16.9,2,POACHED,7.9,2021-10-10 09:00:00,Sourdough,"Bacon, Smashed Avo and Feta",,,,,8.999999999999998
15231,12,2,0.0,33.0,Toastie,1,Kitchen,8.0,3,HAM-CHEESE-TOMATO,8.0,2021-08-30 13:06:37,Multigrain,Salt and Pepper,,,,,0.0
15231,12,2,0.0,33.0,Toastie,1,Kitchen,8.0,4,HAM-CHEESE-TOMATO,8.0,2021-08-30 13:06:37,White,Salt and Pepper,,,,,0.0
15231,12,2,0.0,33.0,Toastie,1,Kitchen,7.0,5,HAM-CHEESE,7.0,2021-08-30 13:06:37,White,Tomato Sauce,,,,,0.0
22578,341,2,0.0,33.0,Toastie,1,Kitchen,9.5,4,BACON-EGG-CHEESE,8.0,2022-06-13 11:30:20,Multigrain,Avocado,,,,,1.5
22578,341,2,0.0,33.0,Toasted Roll,1,Kitchen,10.0,3,BACON-EGG-CHEESE,8.0,2022-06-13 11:30:20,,"BBQ Sauce, Hash Brown, Salt and Pepper",,,,,2.0
3802,91,2,0.0,33.0,Toastie,1,Kitchen,10.0,3,BACON-EGG-CHEESE,8.0,2019-11-08 09:30:00,White,"BBQ Sauce, Hash Brown, Salt and Pepper",,,,,2.0
3802,91,2,0.0,33.0,Toastie,1,Kitchen,10.0,4,BACON-EGG-CHEESE,8.0,2019-11-08 09:30:00,White,"BBQ Sauce, Hash Brown, Salt and Pepper",,,,,2.0
3777,91,2,0.0,33.0,Toastie,1,Kitchen,10.0,3,BACON-EGG-CHEESE,8.0,2019-11-04 09:45:00,White,"BBQ Sauce, Hash Brown, Salt and Pepper",,,,,2.0
3777,91,2,0.0,33.0,Toastie,1,Kitchen,10.0,4,BACON-EGG-CHEESE,8.0,2019-11-04 09:45:00,White,"BBQ Sauce, Hash Brown, Salt and Pepper",,,,,2.0
20177,92,2,0.0,33.0,Toasted Roll,1,Kitchen,9.5,3,BACON-EGG-CHEESE,8.0,2022-03-14 10:50:05,,"Tomato Sauce, Avocado",,,,,1.5
20177,92,2,0.0,33.0,Toasted Roll,1,Kitchen,10.0,4,BACON-EGG-CHEESE,8.0,2022-03-14 10:50:05,,"BBQ Sauce, Hash Brown, Salt and Pepper",,,,,2.0
27611,197,2,0.0,33.0,Toastie,1,Kitchen,8.0,3,BACON-EGG,8.0,2022-12-11 07:25:52,White,Tomato Sauce,,,,,0.0
27611,197,2,0.0,33.0,Toastie,1,Kitchen,8.0,4,BACON-EGG,8.0,2022-12-11 07:25:52,White,Tomato Sauce,,,,,0.0
16627,966,2,0.0,33.0,Toasted Roll,1,Kitchen,10.0,4,BACON-EGG-CHEESE,8.0,2021-10-16 09:43:19,,"Tomato Sauce, Hash Brown",,,,,2.0
27637,1223,2,0.0,33.0,Toastie,1,Kitchen,8.0,4,BACON-EGG,8.0,2022-12-12 06:54:55,White,Tomato Sauce,,,,,0.0
27637,1223,2,0.0,33.0,Toastie,1,Kitchen,8.0,5,BACON-EGG,8.0,2022-12-12 06:54:55,White,Tomato Sauce,,,,,0.0
18354,754,2,0.0,33.0,Toastie,1,Kitchen,7.0,3,BACON-EGG,7.0,2021-12-18 09:58:55,White,Tomato Sauce,,,,,0.0
18354,754,2,0.0,33.0,Toastie,1,Kitchen,7.0,4,BACON-EGG,7.0,2021-12-18 09:58:55,Multigrain,BBQ Sauce,,,,,0.0
18354,754,2,0.0,33.0,Toastie,1,Kitchen,10.0,5,BACON-EGG-CHEESE,8.0,2021-12-18 09:58:55,White,"BBQ Sauce, Hash Brown",,,,,2.0
15546,521,2,0.0,45.8,(Main) Pasta,1,Kitchen,12.9,1,SPAGNAPOLI,12.9,2021-09-10 10:55:32,,,,,Gnocchi,,0.0
6768,285,2,0.0,45.8,Pork Benny,1,Kitchen,18.0,3,REGULAR,16.0,2020-08-30 08:17:43,,,,Hashbrown,,,2.0
6768,285,2,0.0,45.8,Pork Benny,1,Kitchen,18.0,4,REGULAR,16.0,2020-08-30 08:17:43,,,,Hashbrown,,,2.0
14081,802,2,0.0,45.8,Toastie,1,Kitchen,8.0,6,HAM-CHEESE-TOMATO,8.0,2021-07-17 12:50:38,White,Tomato Sauce,,,,,0.0
24200,77,2,0.0,45.8,Eggs Benedict,1,Kitchen,17.9,1,BACON,15.9,2022-08-13 09:02:02,,,,Hashbrown,,,1.9999999999999982
24200,77,2,0.0,45.8,Eggs Benedict,1,Kitchen,17.9,2,BACON,15.9,2022-08-13 09:02:02,,,,Hashbrown,,,1.9999999999999982
33746,101,2,0.0,45.8,Toasted Roll,2,Kitchen,26.0,5,BACON-EGG-CHEESE,9.5,2023-07-16 12:27:01,,"Avocado, Hash Brown",,,,,3.5
6746,423,2,0.0,45.8,Toastie,1,Kitchen,9.0,5,HAM-CHEESE-TOMATO,8.0,2020-08-29 09:33:50,Sourdough,Tomato Sauce,,,,,1.0
6746,423,2,0.0,45.8,Toastie,1,Kitchen,7.0,6,HAM-CHEESE,7.0,2020-08-29 09:33:50,White,Tomato Sauce,,,,,0.0
14109,443,2,0.0,45.8,Toastie,1,Kitchen,8.0,7,HAM-CHEESE-TOMATO,8.0,2021-07-18 12:53:08,White,Tomato Sauce,,,,,0.0
6811,429,2,0.0,71.4,Eggs Benedict,1,Kitchen,16.0,4,BACON,14.0,2020-08-31 10:15:08,,,,Hashbrown,,,2.0
6811,429,2,0.0,71.4,Eggs Benedict,1,Kitchen,16.0,5,BACON,14.0,2020-08-31 10:15:08,,,,Hashbrown,,,2.0
21735,1027,2,0.0,15.1,Croissant,1,Kitchen,9.0,1,BACON-EGG-CHEESE,9.0,2022-05-13 09:29:18,,Salt and Pepper,,,,,0.0
26487,330,2,0.0,15.1,Toastie,1,Kitchen,10.0,2,BACON-EGG,8.0,2022-11-04 08:45:00,White,"Tomato Sauce, Hash Brown",,,,,2.0
21970,1178,2,0.0,15.1,Toasted Roll,1,Kitchen,7.0,3,BACON-EGG,7.0,2022-05-22 11:05:20,,BBQ Sauce,,,,,0.0
21902,1178,2,0.0,15.1,Toasted Roll,1,Kitchen,7.0,3,BACON-EGG,7.0,2022-05-20 08:27:51,,BBQ Sauce,,,,,0.0
30199,1436,2,0.0,15.1,Toasted Roll,1,Kitchen,10.5,2,BACON-EGG,8.5,2023-03-23 08:08:42,,Hash Brown,,,,,2.0
31534,971,2,0.0,15.1,Toasted Roll,1,Kitchen,9.5,2,BACON-EGG-CHEESE,9.5,2023-05-06 10:05:10,,BBQ Sauce,,,,,0.0
33568,721,2,0.0,15.1,Toasted Roll,1,Kitchen,10.5,2,BACON-EGG,8.5,2023-07-11 07:15:02,,"Tomato Sauce, BBQ Sauce, Hash Brown, Salt and Pepper",,,,,2.0
30406,721,2,0.0,15.1,Toasted Roll,1,Kitchen,10.5,2,BACON-EGG,8.5,2023-03-30 07:18:53,,"Tomato Sauce, Hash Brown, Salt and Pepper",,,,,2.0
29736,721,2,0.0,15.1,Toasted Roll,1,Kitchen,10.5,2,BACON-EGG,8.5,2023-03-08 07:31:32,,"Tomato Sauce, Hash Brown, Salt and Pepper",,,,,2.0
28639,721,2,0.0,15.1,Toasted Roll,1,Kitchen,10.5,2,BACON-EGG,8.5,2023-01-30 07:14:20,,"Tomato Sauce, Hash Brown, Salt and Pepper",,,,,2.0
32469,1499,2,0.0,15.1,Toastie,1,Kitchen,10.5,2,BACON-EGG,8.5,2023-06-05 06:08:18,White,"BBQ Sauce, Hash Brown",,,,,2.0
30416,1270,2,0.0,15.1,Toasted Roll,1,Kitchen,10.5,2,BACON-EGG,8.5,2023-03-30 08:40:13,,Hash Brown,,,,,2.0
29719,1270,2,0.0,15.1,Toasted Roll,1,Kitchen,10.5,2,BACON-EGG,8.5,2023-03-07 09:30:31,,Hash Brown,,,,,2.0
18219,1040,2,0.0,27.9,Toasted Roll,1,Kitchen,8.0,3,BACON-EGG-CHEESE,8.0,2021-12-13 06:45:00,,Tomato Sauce,,,,,0.0
18219,1040,2,0.0,27.9,Toasted Roll,1,Kitchen,8.0,4,BACON-EGG-CHEESE,8.0,2021-12-13 06:45:00,,Tomato Sauce,,,,,0.0
35746,1050,2,0.0,27.9,Toastie,1,Kitchen,8.0,4,CHEESE,8.0,2023-09-16 12:01:47,White,Salt and Pepper,,,,,0.0
8534,542,0,0.0,27.9,Eggs Benedict,1,Kitchen,16.0,1,BACON,14.0,2020-11-01 09:12:57,,,,Hashbrown,,,2.0
8534,542,0,0.0,27.9,French Toast with Streaky Bacon,1,Kitchen,11.9,2,REGULAR,9.9,2020-11-01 09:12:57,,,,Hashbrown,,,2.0
15864,839,2,0.0,27.9,Toasted Roll,1,Kitchen,8.0,4,BACON-EGG-CHEESE,8.0,2021-09-21 07:45:00,,Tomato Sauce,,,,,0.0
25693,1131,2,0.0,27.9,Toasted Roll,1,Kitchen,9.0,3,BACON-EGG-CHEESE,9.0,2022-10-05 09:47:28,,BBQ Sauce,,,,,0.0
25693,1131,2,0.0,27.9,Toasted Roll,1,Kitchen,9.0,4,BACON-EGG-CHEESE,9.0,2022-10-05 09:47:28,,BBQ Sauce,,,,,0.0
36900,1643,2,0.0,27.9,Toastie,1,Kitchen,12.5,3,BACON-EGG-CHEESE,10.5,2023-10-22 12:22:01,Multigrain,"BBQ Sauce, Hash Brown, Salt and Pepper",,,,,2.0
31008,1171,2,0.0,27.9,Toastie,1,Kitchen,8.5,5,HAM-CHEESE,8.5,2023-04-20 08:45:00,White,Tomato Sauce,,,,,0.0
35794,1172,2,0.0,27.9,Toastie,1,Kitchen,10.5,3,BACON-EGG,9.0,2023-09-18 09:15:00,White,Avocado,,,,,1.5
35794,1172,2,0.0,27.9,Toasted Roll,1,Kitchen,11.5,2,BACON-EGG-CHEESE,10.0,2023-09-18 09:15:00,,Avocado,,,,,1.5
12863,675,2,0.0,27.9,Croissant,1,Kitchen,9.0,2,BACON-EGG-CHEESE,9.0,2021-05-29 10:51:31,,Salt and Pepper,,,,,0.0
16061,173,2,0.0,27.9,Toastie,1,Kitchen,7.0,5,HAM-CHEESE,7.0,2021-09-27 10:11:25,White,Tomato Sauce,,,,,0.0
34205,1467,2,0.0,27.9,Toasted Roll,1,Kitchen,10.5,3,BACON-EGG,9.0,2023-07-30 10:37:41,,"BBQ Sauce, Avocado",,,,,1.5
33508,451,2,0.0,27.9,Toasted Roll,2,Kitchen,17.0,3,BACON-EGG,8.5,2023-07-09 08:17:32,,BBQ Sauce,,,,,0.0
29020,234,2,0.0,27.9,Muffin,1,Kitchen,3.9,6,RASPBERRY-WHITECHOC,3.9,2023-02-12 09:27:06,,,Yes,,,,0.0
31152,1467,2,3.7,40.7,French Toast with Streaky Bacon,1,Kitchen,14.5,2,REGULAR,12.5,2023-04-25 08:13:04,,,,Hashbrown,,,2.0
31152,1467,2,3.7,40.7,Toasted Roll,1,Kitchen,10.0,5,BACON-EGG,8.5,2023-04-25 08:13:04,,"BBQ Sauce, Avocado",,,,,1.5
38665,1148,2,0.0,53.5,Croissant,1,Kitchen,8.5,1,CHEESE-TOMATO,8.5,2023-12-18 10:45:06,,Salt and Pepper,,,,,0.0
38665,1148,2,0.0,53.5,Muffin,2,Kitchen,9.0,8,RASPBERRY-WHITECHOC,4.5,2023-12-18 10:45:06,,,No,,,,0.0
25411,754,2,0.0,53.5,Toastie,1,Kitchen,8.0,5,BACON-EGG,8.0,2022-09-24 10:00:29,White,BBQ Sauce,,,,,0.0
25411,754,2,0.0,53.5,Toastie,1,Kitchen,8.0,6,BACON-EGG,8.0,2022-09-24 10:00:29,White,BBQ Sauce,,,,,0.0
25411,754,2,0.0,53.5,Toastie,1,Kitchen,8.0,7,BACON-EGG,8.0,2022-09-24 10:00:29,White,Tomato Sauce,,,,,0.0
25411,754,2,0.0,53.5,Toastie,1,Kitchen,11.0,8,BACON-EGG-CHEESE,9.0,2022-09-24 10:00:29,White,"BBQ Sauce, Hash Brown",,,,,2.0
19561,172,0,0.0,91.9,Toasted Roll,1,Kitchen,7.0,11,BACON-EGG,7.0,2022-02-20 08:00:00,,Tomato Sauce,,,,,0.0
19561,172,0,0.0,91.9,Toasted Roll,1,Kitchen,7.0,14,BACON-EGG,7.0,2022-02-20 08:00:00,,Tomato Sauce,,,,,0.0
19561,172,0,0.0,91.9,Toasted Roll,1,Kitchen,7.0,15,BACON-EGG,7.0,2022-02-20 08:00:00,,Tomato Sauce,,,,,0.0
13806,788,2,0.0,10.0,Toasted Roll,1,Kitchen,10.0,1,BACON-EGG-CHEESE,8.0,2021-07-05 10:53:11,,"BBQ Sauce, Hash Brown",,,,,2.0
26678,810,2,0.0,10.0,Toastie,1,Kitchen,10.0,1,BACON-EGG-CHEESE,9.0,2022-11-10 10:41:59,Sourdough,Salt and Pepper,,,,,1.0
16819,826,2,0.0,10.0,Toastie,1,Kitchen,7.0,2,BACON-CHEESE,7.0,2021-10-23 09:01:03,White,BBQ Sauce,,,,,0.0
3514,61,0,0.0,10.0,Toasted Roll,1,Kitchen,10.0,1,BACON-EGG-CHEESE,8.0,2019-08-25 11:15:00,,Hash Brown,,,,,2.0
26677,67,2,0.0,10.0,Toastie,1,Kitchen,10.0,1,BACON-EGG-CHEESE,9.0,2022-11-10 10:40:44,Sourdough,"Tomato Sauce, Salt and Pepper",,,,,1.0
25511,67,2,0.0,10.0,Toastie,1,Kitchen,10.0,1,BACON-EGG-CHEESE,9.0,2022-09-28 11:57:52,Sourdough,"Tomato Sauce, Salt and Pepper",,,,,1.0
24532,67,2,0.0,10.0,Toastie,1,Kitchen,10.0,1,BACON-EGG-CHEESE,9.0,2022-08-25 10:11:38,Sourdough,"Tomato Sauce, Salt and Pepper",,,,,1.0
14831,854,2,0.0,10.0,Toasted Roll,1,Kitchen,10.0,1,BACON-EGG-CHEESE,8.0,2021-08-16 09:50:40,,"BBQ Sauce, Hash Brown, Salt and Pepper",,,,,2.0
3724,96,2,0.0,10.0,Toasted Roll,1,Kitchen,10.0,1,BACON-EGG-CHEESE,8.0,2019-10-22 11:45:00,,"Tomato Sauce, Hash Brown",,,,,2.0
34674,1127,2,0.0,10.0,Toasted Roll,1,Kitchen,10.0,1,BACON-EGG-CHEESE,10.0,2023-08-14 10:02:50,,BBQ Sauce,,,,,0.0
34037,1127,2,0.0,10.0,Toasted Roll,1,Kitchen,10.0,1,BACON-EGG-CHEESE,10.0,2023-07-25 10:05:02,,BBQ Sauce,,,,,0.0
3919,119,2,0.0,10.0,Toasted Roll,1,Kitchen,10.0,1,BACON-EGG-CHEESE,8.0,2019-11-30 10:44:20,,"BBQ Sauce, Hash Brown",,,,,2.0
9093,141,2,0.0,10.0,Toastie,1,Kitchen,7.0,2,BACON-EGG,7.0,2020-11-25 05:53:52,Multigrain,BBQ Sauce,,,,,0.0
39038,1696,2,0.0,10.0,Muffin,1,Kitchen,4.5,2,CHOC-MUD,4.5,2024-01-11 11:40:38,,,No,,,,0.0
34727,421,2,0.0,10.0,Muffin,1,Kitchen,4.5,2,BLUEBERRY,4.5,2023-08-16 09:18:53,,,No,,,,0.0
33095,1467,2,0.0,10.0,Toasted Roll,1,Kitchen,10.0,1,BACON-EGG,8.5,2023-06-25 09:53:36,,"BBQ Sauce, Avocado",,,,,1.5
18794,234,2,0.0,10.0,Toasted Roll,1,Kitchen,10.0,1,BACON-EGG-CHEESE,8.0,2022-01-21 07:49:32,,"Tomato Sauce, Hash Brown, Salt and Pepper",,,,,2.0
16336,234,2,0.0,10.0,Toasted Roll,1,Kitchen,10.0,1,BACON-EGG-CHEESE,8.0,2021-10-06 10:13:03,,"Tomato Sauce, Hash Brown, Salt and Pepper",,,,,2.0
38835,1522,2,0.0,10.0,Toasted Roll,1,Kitchen,10.0,1,BACON-EGG-CHEESE,10.0,2023-12-24 10:38:08,,BBQ Sauce,,,,,0.0
40132,251,2,0.0,10.0,Muffin,1,Kitchen,4.5,2,CHOC-MUD,4.5,2024-02-19 08:20:56,,,No,,,,0.0
38591,251,2,0.0,10.0,Muffin,1,Kitchen,4.5,2,CHOC-MUD,4.5,2023-12-16 09:12:08,,,No,,,,0.0
38319,251,2,0.0,10.0,Muffin,1,Kitchen,4.5,2,APPLE-CINNAMON,4.5,2023-12-07 10:10:43,,,No,,,,0.0
37876,251,2,0.0,10.0,Muffin,1,Kitchen,4.5,2,CHOC-MUD,4.5,2023-11-23 09:16:29,,,No,,,,0.0
6107,92,2,0.0,22.8,Toasted Roll,1,Kitchen,10.0,2,BACON-EGG-CHEESE,8.0,2020-08-01 08:55:38,,"BBQ Sauce, Hash Brown",,,,,2.0
6107,92,2,0.0,22.8,Toasted Roll,1,Kitchen,8.0,3,BACON-EGG-CHEESE,8.0,2020-08-01 08:55:38,,Tomato Sauce,,,,,0.0
5778,92,2,0.0,22.8,Toasted Roll,1,Kitchen,9.5,3,BACON-EGG-CHEESE,8.0,2020-07-16 09:08:12,,"Tomato Sauce, Avocado",,,,,1.5
34731,1133,2,0.0,22.8,Toastie,1,Kitchen,10.5,3,BACON-EGG-CHEESE,10.5,2023-08-16 12:00:07,White,Tomato Sauce,,,,,0.0
38199,1649,2,0.0,22.8,Muffin,1,Kitchen,4.5,2,RASPBERRY-WHITECHOC,4.5,2023-12-03 13:11:25,,,No,,,,0.0
38199,1649,2,0.0,22.8,Muffin,1,Kitchen,4.5,3,APPLE-CINNAMON,4.5,2023-12-03 13:11:25,,,No,,,,0.0
15818,901,2,0.0,22.8,(Main) Pasta,1,Kitchen,12.9,1,SPAGNAPOLI,12.9,2021-09-19 11:35:29,,,,,Fettuccini,,0.0
19470,175,2,0.0,22.8,Toastie,1,Kitchen,7.0,5,BACON-EGG,7.0,2022-02-16 09:43:58,White,Tomato Sauce,,,,,0.0
6067,298,2,0.0,35.6,Toastie,1,Kitchen,8.5,5,CHEESE-TOMATO,7.0,2020-07-30 08:13:51,White,"Avocado, Salt and Pepper",,,,,1.5
6067,298,2,0.0,35.6,Toastie,1,Kitchen,10.0,6,BACON-EGG-CHEESE,8.0,2020-07-30 08:13:51,White,"BBQ Sauce, Hash Brown, Salt and Pepper",,,,,2.0
5595,92,2,0.0,35.6,Toasted Roll,1,Kitchen,9.5,3,BACON-EGG-CHEESE,8.0,2020-07-06 07:56:39,,Avocado,,,,,1.5
5595,92,2,0.0,35.6,Toasted Roll,1,Kitchen,9.5,4,BACON-EGG-CHEESE,8.0,2020-07-06 07:56:39,,"BBQ Sauce, Avocado",,,,,1.5
5595,92,2,0.0,35.6,Toasted Roll,1,Kitchen,8.0,5,BACON-EGG-CHEESE,8.0,2020-07-06 07:56:39,,Tomato Sauce,,,,,0.0
34267,887,2,0.0,35.6,Toasted Roll,1,Kitchen,12.0,4,BACON-EGG-CHEESE,10.0,2023-08-02 06:08:35,,"BBQ Sauce, Hash Brown, Salt and Pepper",,,,,2.0
34267,887,2,0.0,35.6,Toasted Roll,1,Kitchen,12.0,5,BACON-EGG-CHEESE,10.0,2023-08-02 06:08:35,,"BBQ Sauce, Hash Brown, Salt and Pepper",,,,,2.0
34209,1524,2,0.0,35.6,Toasted Roll,1,Kitchen,11.0,4,BACON-EGG,9.0,2023-07-30 11:42:48,,"Tomato Sauce, Hash Brown",,,,,2.0
5851,343,2,0.0,74.0,Eggs Benedict,1,Kitchen,16.0,3,HAM,14.0,2020-07-19 11:15:00,,,,Hashbrown,,,2.0
5851,343,2,0.0,74.0,Build Your Own Breakfast,1,Kitchen,23.4,1,POACHED,7.9,2020-07-19 11:15:00,Multigrain,"Hollandaise, Hash Brown, Avocado, Baby Spinach, Smoked Salmon",,,,,15.499999999999998
5851,343,2,0.0,74.0,Build Your Own Breakfast,1,Kitchen,18.4,2,POACHED,7.9,2020-07-19 11:15:00,Sourdough,"Extra Egg, Bacon, Hollandaise, Hash Brown",,,,,10.499999999999998
5851,343,2,0.0,74.0,French Toast with Streaky Bacon,1,Kitchen,11.9,5,REGULAR,9.9,2020-07-19 11:15:00,,,,Hashbrown,,,2.0
12540,719,2,0.0,74.0,Toastie,1,Kitchen,8.0,8,HAM-CHEESE-TOMATO,8.0,2021-05-15 12:51:15,White,Tomato Sauce,,,,,0.0
12540,719,2,0.0,74.0,Toastie,1,Kitchen,7.0,9,HAM-CHEESE,7.0,2021-05-15 12:51:15,White,Tomato Sauce,,,,,0.0
3505,13,2,0.0,17.7,Toastie,1,Kitchen,8.0,3,BACON-EGG-CHEESE,8.0,2019-08-24 08:43:49,White,Tomato Sauce,,,,,0.0
38801,275,2,0.0,17.7,Toasted Roll,1,Kitchen,10.5,2,BACON-EGG,9.0,2023-12-23 09:31:22,,"Tomato Sauce, Avocado",,,,,1.5
19346,797,1,0.0,17.7,Toasted Roll,1,Kitchen,10.0,3,BACON-EGG-CHEESE,8.0,2022-02-11 09:14:52,,"Tomato Sauce, Hash Brown",,,,,2.0
3779,67,2,0.0,17.7,Toastie,1,Kitchen,8.0,3,BACON-CHEESE,7.0,2019-11-04 09:44:45,Sourdough,Salt and Pepper,,,,,1.0
31482,128,2,0.0,17.7,Toasted Roll,1,Kitchen,12.0,2,HAM-CHEESE,8.5,2023-05-05 07:57:56,,"Avocado, Hash Brown, Salt and Pepper",,,,,3.5
30113,128,2,0.0,17.7,Toasted Roll,1,Kitchen,12.0,2,HAM-CHEESE,8.5,2023-03-20 08:28:38,,"Avocado, Hash Brown, Salt and Pepper",,,,,3.5
29287,128,2,0.0,17.7,Toasted Roll,1,Kitchen,12.0,2,HAM-CHEESE,8.5,2023-02-22 06:45:52,,"Avocado, Hash Brown, Salt and Pepper",,,,,3.5
29120,128,2,0.0,17.7,Toasted Roll,1,Kitchen,12.0,2,HAM-CHEESE,8.5,2023-02-16 07:04:53,,"Avocado, Hash Brown, Salt and Pepper",,,,,3.5
28724,128,2,0.0,17.7,Toasted Roll,1,Kitchen,12.0,2,HAM-CHEESE,8.5,2023-02-02 07:09:02,,"Avocado, Hash Brown, Salt and Pepper",,,,,3.5
28695,128,2,0.0,17.7,Toasted Roll,1,Kitchen,12.0,2,HAM-CHEESE,8.5,2023-02-01 07:17:39,,"Avocado, Hash Brown, Salt and Pepper",,,,,3.5
28544,128,2,0.0,17.7,Toasted Roll,1,Kitchen,12.0,2,HAM-CHEESE,8.5,2023-01-25 07:27:17,,"Avocado, Hash Brown, Salt and Pepper",,,,,3.5
28381,128,2,0.0,17.7,Toasted Roll,1,Kitchen,12.0,2,HAM-CHEESE,8.5,2023-01-19 07:11:24,,"Avocado, Hash Brown, Salt and Pepper",,,,,3.5
17779,404,2,0.0,17.7,Toasted Roll,1,Kitchen,7.0,2,BACON-EGG,7.0,2021-11-26 11:35:34,,BBQ Sauce,,,,,0.0
17779,404,2,0.0,17.7,Toasted Roll,1,Kitchen,7.0,3,BACON-EGG,7.0,2021-11-26 11:35:34,,BBQ Sauce,,,,,0.0
12871,404,2,0.0,17.7,Toasted Roll,1,Kitchen,7.0,2,BACON-EGG,7.0,2021-05-29 11:58:08,,BBQ Sauce,,,,,0.0
12871,404,2,0.0,17.7,Toasted Roll,1,Kitchen,7.0,3,BACON-EGG,7.0,2021-05-29 11:58:08,,BBQ Sauce,,,,,0.0
12102,404,2,0.0,17.7,Toasted Roll,1,Kitchen,7.0,2,BACON-EGG,7.0,2021-04-27 13:02:42,,BBQ Sauce,,,,,0.0
12102,404,2,0.0,17.7,Toasted Roll,1,Kitchen,7.0,3,BACON-EGG,7.0,2021-04-27 13:02:42,,BBQ Sauce,,,,,0.0
25844,175,2,0.0,17.7,Build Your Own Breakfast,1,Kitchen,12.9,1,FRIED,8.9,2022-10-11 09:13:00,Sourdough,Hollandaise,,,,,4.0
25843,175,9,0.0,17.7,Build Your Own Breakfast,1,Kitchen,12.9,1,FRIED,8.9,2022-10-11 09:10:37,Sourdough,Hollandaise,,,,,4.0
38389,695,2,0.0,17.7,Toastie,1,Kitchen,12.5,2,EGG-CHEESE,9.0,2023-12-09 11:50:06,Multigrain,"Tomato Sauce, Avocado, Hash Brown",,,,,3.5
28140,951,2,0.0,17.7,Toasted Roll,1,Kitchen,10.5,2,BACON-EGG,8.5,2023-01-09 11:53:09,,"Hash Brown, Salt and Pepper",,,,,2.0
7471,476,2,0.0,17.7,Toasted Roll,1,Kitchen,11.5,2,BACON-EGG-CHEESE,8.0,2020-09-24 13:06:08,,"Tomato Sauce, Avocado, Hash Brown",,,,,3.5
21119,240,2,0.0,17.7,Toasted Roll,1,Kitchen,11.5,2,BACON-EGG-CHEESE,8.0,2022-04-21 08:22:08,,"Avocado, Hash Brown",,,,,3.5
20474,240,2,0.0,17.7,Toasted Roll,1,Kitchen,11.5,2,BACON-EGG-CHEESE,8.0,2022-03-26 09:38:17,,"Avocado, Hash Brown",,,,,3.5
17385,240,2,0.0,17.7,Toasted Roll,1,Kitchen,11.5,2,BACON-EGG-CHEESE,8.0,2021-11-12 08:18:22,,"Tomato Sauce, Avocado, Hash Brown",,,,,3.5
16642,791,2,0.0,30.5,Big Breakfast,1,Kitchen,25.7,1,POACHED,16.7,2021-10-16 12:30:49,Multigrain,"Smashed Avo and Feta, Halloumi",,,,,9.0
19656,48,2,0.0,30.5,Toastie,1,Kitchen,8.0,5,HAM-CHEESE-TOMATO,8.0,2022-02-23 10:56:13,White,Tomato Sauce,,,,,0.0
14981,839,2,0.0,30.5,Croissant,1,Kitchen,9.0,3,BACON-EGG-CHEESE,9.0,2021-08-22 09:15:00,,Salt and Pepper,,,,,0.0
20108,1103,2,0.0,30.5,Toastie,1,Kitchen,7.0,2,BACON-EGG,7.0,2022-03-11 10:24:12,Multigrain,BBQ Sauce,,,,,0.0
20108,1103,2,0.0,30.5,Toastie,1,Kitchen,9.0,3,HAM-CHEESE-TOMATO,8.0,2022-03-11 10:24:12,Sourdough,Tomato Sauce,,,,,1.0
20108,1103,2,0.0,30.5,Toastie,1,Kitchen,9.0,4,BACON-EGG,7.0,2022-03-11 10:24:12,White,Hash Brown,,,,,2.0
4402,88,10,0.0,30.5,Toasted Roll,1,Kitchen,10.0,3,BACON-EGG-CHEESE,8.0,2020-03-22 11:15:00,,"BBQ Sauce, Hash Brown",,,,,2.0
4402,88,10,0.0,30.5,Toasted Roll,1,Kitchen,9.5,4,BACON-EGG-CHEESE,8.0,2020-03-22 11:15:00,,"Tomato Sauce, Avocado",,,,,1.5
6960,437,2,0.0,30.5,Big Breakfast,1,Kitchen,16.2,1,SCRAMBLED,16.2,2020-09-06 08:45:00,Multigrain,Hollandaise,,,,,0.0
6960,437,2,0.0,30.5,Toasted Roll,1,Kitchen,10.0,3,BACON-EGG-CHEESE,8.0,2020-09-06 08:45:00,,Hash Brown,,,,,2.0
24213,1227,2,0.0,30.5,Muffin,1,Kitchen,3.9,5,RASPBERRY-WHITECHOC,3.9,2022-08-13 10:20:49,,,Yes,,,,0.0
24213,1227,2,0.0,30.5,Muffin,1,Kitchen,3.9,6,APPLE-CINNAMON,3.9,2022-08-13 10:20:49,,,Yes,,,,0.0
13173,240,2,0.0,30.5,Toastie,1,Kitchen,8.0,4,BACON-EGG-CHEESE,8.0,2021-06-10 07:55:48,White,Tomato Sauce,,,,,0.0
13173,240,2,0.0,30.5,Toasted Roll,1,Kitchen,11.5,3,BACON-EGG-CHEESE,8.0,2021-06-10 07:55:48,,"Tomato Sauce, Avocado, Hash Brown",,,,,3.5
15257,755,2,0.0,30.5,Kids Pancakes,1,Kitchen,8.0,2,ICECREAM,6.0,2021-08-31 12:15:15,,,,,,Strawberries,2.0
38704,919,2,0.0,43.3,Muffin,1,Kitchen,4.5,4,RASPBERRY-WHITECHOC,4.5,2023-12-19 13:28:08,,,Yes,,,,0.0
14596,841,2,0.0,56.1,Build Your Own Breakfast,1,Kitchen,15.9,1,POACHED,7.9,2021-08-07 10:14:25,Multigrain,"Bacon, Hash Brown, Avocado",,,,,8.0
14596,841,2,0.0,56.1,Build Your Own Breakfast,1,Kitchen,15.9,2,SCRAMBLED,7.9,2021-08-07 10:14:25,Multigrain,"Bacon, Hash Brown, Baked Beans",,,,,8.0
9995,351,2,0.0,56.1,French Toast with Streaky Bacon,1,Kitchen,12.4,3,REGULAR,10.4,2021-01-13 12:30:00,,,,Hashbrown,,,2.0
16461,906,2,0.0,81.7,Toastie,1,Kitchen,8.0,13,BACON-EGG-CHEESE,8.0,2021-10-10 12:30:03,White,Tomato Sauce,,,,,0.0
30689,1436,2,1.61,17.71,Toasted Roll,1,Kitchen,11.5,2,BACON-EGG-CHEESE,9.5,2023-04-08 08:10:05,,Hash Brown,,,,,2.0
30671,670,2,1.61,17.71,Toasted Roll,1,Kitchen,11.5,2,BACON-EGG-CHEESE,9.5,2023-04-07 09:42:50,,"Tomato Sauce, Hash Brown",,,,,2.0
30670,670,9,1.61,17.71,Toasted Roll,1,Kitchen,11.5,2,BACON-EGG-CHEESE,9.5,2023-04-07 09:41:33,,"Tomato Sauce, Hash Brown",,,,,2.0
30669,670,9,1.61,17.71,Toasted Roll,1,Kitchen,11.5,2,BACON-EGG-CHEESE,9.5,2023-04-07 09:40:34,,"Tomato Sauce, Hash Brown",,,,,2.0
32699,288,2,4.17,45.87,Muffin,1,Kitchen,3.9,5,RASPBERRY-WHITECHOC,3.9,2023-06-12 13:08:29,,,No,,,,0.0
22944,1127,2,0.0,12.6,Toasted Roll,1,Kitchen,8.0,2,BACON-EGG-CHEESE,8.0,2022-06-27 11:41:06,,BBQ Sauce,,,,,0.0
22604,1127,2,0.0,12.6,Toasted Roll,1,Kitchen,8.0,2,BACON-EGG-CHEESE,8.0,2022-06-14 11:05:45,,BBQ Sauce,,,,,0.0
18630,141,2,0.0,12.6,Toastie,1,Kitchen,7.0,2,BACON-EGG,7.0,2022-01-13 06:36:19,Multigrain,BBQ Sauce,,,,,0.0
4459,190,10,0.0,12.6,Croissant,1,Kitchen,9.0,1,HAM-CHEESE-TOMATO,9.0,2020-03-25 12:05:35,,Salt and Pepper,,,,,0.0
34568,12,2,0.0,25.4,Toasted Roll,2,Kitchen,20.0,2,BACON-EGG-CHEESE,10.0,2023-08-11 08:15:28,,Salt and Pepper,,,,,0.0
5025,271,10,0.0,25.4,Build Your Own Breakfast,1,Kitchen,20.4,1,POACHED,7.9,2020-05-24 11:17:51,Sourdough,"Bacon, Hollandaise, Sauteed Mushrooms, Avocado",,,,,12.499999999999998
39711,1569,1,0.0,25.4,Toastie,1,Kitchen,10.5,3,HAM-CHEESE-TOMATO,10.5,2024-02-05 13:06:47,White,Salt and Pepper,,,,,0.0
12922,551,0,0.0,25.4,Eggs and Bacon,1,Kitchen,10.9,1,SCRAMBLED,10.9,2021-05-31 11:02:39,Multigrain,,,,,,0.0
11904,551,2,0.0,25.4,Eggs and Bacon,1,Kitchen,10.9,1,POACHED,10.9,2021-04-18 11:11:46,Multigrain,,,,,,0.0
4139,55,2,0.0,25.4,Toastie,1,Kitchen,8.0,3,BACON-EGG-CHEESE,8.0,2020-02-02 11:00:00,White,"Tomato Sauce, Salt and Pepper",,,,,0.0
4139,55,2,0.0,25.4,Toastie,1,Kitchen,9.0,4,BACON-EGG-CHEESE,8.0,2020-02-02 11:00:00,Sourdough,"Tomato Sauce, Salt and Pepper",,,,,1.0
20499,69,2,0.0,25.4,Toasted Roll,1,Kitchen,10.5,2,BACON-EGG,7.0,2022-03-27 10:44:44,,"Tomato Sauce, Avocado, Hash Brown",,,,,3.5
20499,69,2,0.0,25.4,Toasted Roll,1,Kitchen,10.5,3,BACON-EGG,7.0,2022-03-27 10:44:44,,"Tomato Sauce, Avocado, Hash Brown",,,,,3.5
18660,69,2,0.0,25.4,Toasted Roll,1,Kitchen,10.5,2,BACON-EGG,7.0,2022-01-14 09:05:21,,"Tomato Sauce, Avocado, Hash Brown",,,,,3.5
18660,69,2,0.0,25.4,Toasted Roll,1,Kitchen,10.5,3,BACON-EGG,7.0,2022-01-14 09:05:21,,"Tomato Sauce, Avocado, Hash Brown",,,,,3.5
22655,331,2,0.0,25.4,(Main) Pasta,1,Kitchen,16.9,1,MONALISA,16.9,2022-06-16 13:54:55,,,,,Fettuccini,,0.0
20374,79,2,0.0,25.4,Toasted Roll,1,Kitchen,7.0,4,BACON-EGG,7.0,2022-03-22 09:11:55,,Salt and Pepper,,,,,0.0
20374,79,2,0.0,25.4,Toasted Roll,1,Kitchen,7.0,5,BACON-EGG,7.0,2022-03-22 09:11:55,,Salt and Pepper,,,,,0.0
30920,1376,2,0.0,25.4,Toastie,2,Kitchen,19.0,2,BACON-EGG-CHEESE,9.5,2023-04-17 10:25:15,White,Tomato Sauce,,,,,0.0
4702,112,2,0.0,25.4,Toastie,1,Kitchen,8.4,3,CHICKEN-SCHNITZEL-CHEESE-LETTUCE,8.4,2020-05-01 09:57:11,White,Tomato Sauce,,,,,0.0
4702,112,2,0.0,25.4,Toastie,1,Kitchen,7.0,4,BACON-EGG,7.0,2020-05-01 09:57:11,White,Tomato Sauce,,,,,0.0
30384,1424,2,0.0,25.4,Toastie,1,Kitchen,9.5,2,BACON-EGG-CHEESE,9.5,2023-03-29 08:08:48,White,Tomato Sauce,,,,,0.0
30384,1424,2,0.0,25.4,Toastie,1,Kitchen,9.5,3,BACON-EGG-CHEESE,9.5,2023-03-29 08:08:48,White,Tomato Sauce,,,,,0.0
31526,451,2,0.0,25.4,Toasted Roll,1,Kitchen,8.5,4,BACON-EGG,8.5,2023-05-06 09:10:40,,BBQ Sauce,,,,,0.0
24593,711,0,0.0,25.4,Toasted Roll,1,Kitchen,8.0,3,BACON-EGG,8.0,2022-08-27 10:15:46,,Tomato Sauce,,,,,0.0
24988,976,2,0.0,25.4,Muffin,1,Kitchen,3.9,4,APPLE-CINNAMON,3.9,2022-09-09 08:54:23,,,No,,,,0.0
24988,976,2,0.0,25.4,Muffin,1,Kitchen,3.9,5,BLUEBERRY,3.9,2022-09-09 08:54:23,,,No,,,,0.0
24988,976,2,0.0,25.4,Muffin,1,Kitchen,3.9,6,APPLE-CINNAMON,3.9,2022-09-09 08:54:23,,,No,,,,0.0
10606,285,2,0.0,38.2,French Toast with Streaky Bacon,1,Kitchen,12.4,3,REGULAR,10.4,2021-02-14 08:27:50,,,,Hashbrown,,,2.0
10606,285,2,0.0,38.2,Eggs Benedict,1,Kitchen,16.5,2,HAM,14.5,2021-02-14 08:27:50,,,,Hashbrown,,,2.0
8794,351,2,0.0,38.2,Toasted Roll,1,Kitchen,9.0,6,BACON-EGG,7.0,2020-11-11 10:03:31,,Hash Brown,,,,,2.0
8794,351,2,0.0,38.2,Toastie,1,Kitchen,7.0,7,HAM-CHEESE,7.0,2020-11-11 10:03:31,White,Tomato Sauce,,,,,0.0
20481,1122,2,0.0,38.2,Toasted Roll,1,Kitchen,10.0,5,BACON-EGG-CHEESE,8.0,2022-03-26 10:12:24,,"Tomato Sauce, Hash Brown",,,,,2.0
20481,1122,2,0.0,38.2,Toastie,1,Kitchen,10.0,6,HAM-CHEESE-TOMATO,8.0,2022-03-26 10:12:24,White,Hash Brown,,,,,2.0
33951,409,9,0.0,38.2,Kids Crepes,1,Kitchen,8.0,2,CREAM,6.0,2023-07-23 07:35:38,,,,,,Strawberries,2.0
33951,409,9,0.0,38.2,Big Breakfast,1,Kitchen,21.7,1,FRIED,19.2,2023-07-23 07:35:38,Multigrain,Sausage,,,,,2.5
16868,688,2,0.0,38.2,Toastie,1,Kitchen,7.0,6,CHEESE-TOMATO,7.0,2021-10-24 13:45:00,Multigrain,Salt and Pepper,,,,,0.0
16868,688,2,0.0,38.2,Toastie,1,Kitchen,8.0,7,BACON-EGG-CHEESE,8.0,2021-10-24 13:45:00,Multigrain,Tomato Sauce,,,,,0.0
9927,12,2,0.0,51.0,Toastie,1,Kitchen,6.0,7,CHEESE,6.0,2021-01-09 12:51:08,Multigrain,Tomato Sauce,,,,,0.0
10764,275,2,0.0,51.0,Toastie,1,Kitchen,6.0,7,BACON,6.0,2021-02-21 09:06:13,White,Tomato Sauce,,,,,0.0
10764,275,2,0.0,51.0,Toasted Roll,1,Kitchen,7.0,6,BACON-EGG,7.0,2021-02-21 09:06:13,,Tomato Sauce,,,,,0.0
10764,275,2,0.0,51.0,Toastie,1,Kitchen,8.0,8,BACON-EGG-CHEESE,8.0,2021-02-21 09:06:13,White,BBQ Sauce,,,,,0.0
25993,888,2,0.0,51.0,Toastie,1,Kitchen,8.0,6,BACON-EGG,8.0,2022-10-16 11:07:41,White,BBQ Sauce,,,,,0.0
25993,888,2,0.0,51.0,Toastie,1,Kitchen,8.0,7,BACON-EGG,8.0,2022-10-16 11:07:41,White,Tomato Sauce,,,,,0.0
25993,888,2,0.0,51.0,Toastie,1,Kitchen,8.0,8,BACON-EGG,8.0,2022-10-16 11:07:41,White,Tomato Sauce,,,,,0.0
30499,443,2,0.0,51.0,Toastie,1,Kitchen,9.5,6,HAM-CHEESE-TOMATO,9.5,2023-04-01 12:23:35,White,Tomato Sauce,,,,,0.0
18374,276,2,0.0,20.3,Toasted Roll,1,Kitchen,8.0,4,BACON-EGG-CHEESE,8.0,2021-12-19 09:06:36,,BBQ Sauce,,,,,0.0
17836,276,2,0.0,20.3,Toasted Roll,1,Kitchen,8.0,4,BACON-EGG-CHEESE,8.0,2021-11-28 08:47:38,,BBQ Sauce,,,,,0.0
17618,276,2,0.0,20.3,Toasted Roll,1,Kitchen,8.0,4,BACON-EGG-CHEESE,8.0,2021-11-20 08:58:57,,BBQ Sauce,,,,,0.0
17440,276,2,0.0,20.3,Toasted Roll,1,Kitchen,8.0,4,BACON-EGG-CHEESE,8.0,2021-11-14 09:32:03,,BBQ Sauce,,,,,0.0
17036,276,2,0.0,20.3,Toasted Roll,1,Kitchen,8.0,4,BACON-EGG-CHEESE,8.0,2021-10-30 09:01:13,,BBQ Sauce,,,,,0.0
16443,276,2,0.0,20.3,Toasted Roll,1,Kitchen,8.0,4,BACON-EGG-CHEESE,8.0,2021-10-10 08:48:05,,BBQ Sauce,,,,,0.0
16220,276,2,0.0,20.3,Toasted Roll,1,Kitchen,8.0,4,BACON-EGG-CHEESE,8.0,2021-10-02 09:44:32,,BBQ Sauce,,,,,0.0
15804,276,2,0.0,20.3,Toasted Roll,1,Kitchen,8.0,4,BACON-EGG-CHEESE,8.0,2021-09-19 09:15:40,,BBQ Sauce,,,,,0.0
15561,276,2,0.0,20.3,Toasted Roll,1,Kitchen,8.0,4,BACON-EGG-CHEESE,8.0,2021-09-11 08:32:24,,BBQ Sauce,,,,,0.0
13918,276,2,0.0,20.3,Toasted Roll,1,Kitchen,8.0,4,BACON-EGG-CHEESE,8.0,2021-07-10 09:12:13,,BBQ Sauce,,,,,0.0
13255,276,2,0.0,20.3,Toasted Roll,1,Kitchen,8.0,4,BACON-EGG-CHEESE,8.0,2021-06-12 09:24:39,,BBQ Sauce,,,,,0.0
12685,276,2,0.0,20.3,Toasted Roll,1,Kitchen,8.0,4,BACON-EGG-CHEESE,8.0,2021-05-22 08:55:35,,BBQ Sauce,,,,,0.0
12378,276,2,0.0,20.3,Toasted Roll,1,Kitchen,8.0,4,BACON-EGG-CHEESE,8.0,2021-05-09 09:05:51,,BBQ Sauce,,,,,0.0
12040,276,2,0.0,20.3,Toasted Roll,1,Kitchen,8.0,4,BACON-EGG-CHEESE,8.0,2021-04-25 09:10:34,,BBQ Sauce,,,,,0.0
11716,276,2,0.0,20.3,Toasted Roll,1,Kitchen,8.0,4,BACON-EGG-CHEESE,8.0,2021-04-10 08:52:26,,BBQ Sauce,,,,,0.0
11000,276,2,0.0,20.3,Toasted Roll,1,Kitchen,8.0,4,BACON-EGG-CHEESE,8.0,2021-03-07 09:03:57,,BBQ Sauce,,,,,0.0
10607,276,2,0.0,20.3,Toasted Roll,1,Kitchen,8.0,4,BACON-EGG-CHEESE,8.0,2021-02-14 08:33:43,,BBQ Sauce,,,,,0.0
10325,276,2,0.0,20.3,Toasted Roll,1,Kitchen,8.0,4,BACON-EGG-CHEESE,8.0,2021-01-31 08:51:35,,BBQ Sauce,,,,,0.0
10305,276,2,0.0,20.3,Toasted Roll,1,Kitchen,8.0,4,BACON-EGG-CHEESE,8.0,2021-01-30 08:48:18,,BBQ Sauce,,,,,0.0
9968,276,2,0.0,20.3,Toasted Roll,1,Kitchen,8.0,4,BACON-EGG-CHEESE,8.0,2021-01-12 09:08:12,,BBQ Sauce,,,,,0.0
9775,276,2,0.0,20.3,Toasted Roll,1,Kitchen,8.0,4,BACON-EGG-CHEESE,8.0,2020-12-24 08:33:46,,BBQ Sauce,,,,,0.0
8532,276,2,0.0,20.3,Toasted Roll,1,Kitchen,8.0,4,BACON-EGG-CHEESE,8.0,2020-11-01 09:09:38,,BBQ Sauce,,,,,0.0
8106,276,2,0.0,20.3,Toasted Roll,1,Kitchen,8.0,4,BACON-EGG-CHEESE,8.0,2020-10-18 08:33:07,,BBQ Sauce,,,,,0.0
28676,42,2,0.0,20.3,Toasted Roll,1,Kitchen,9.5,3,BACON-EGG-CHEESE,9.5,2023-01-31 08:37:23,,"Tomato Sauce, Salt and Pepper",,,,,0.0
36132,554,2,0.0,20.3,(Main) Pasta,1,Kitchen,15.5,1,SPAGBOLG,15.5,2023-09-28 12:01:31,,,,,Spaghetti,,0.0
5004,44,10,0.0,20.3,Toasted Roll,1,Kitchen,7.0,4,BACON-EGG,7.0,2020-05-23 10:11:43,,Tomato Sauce,,,,,0.0
5962,92,2,0.0,20.3,Toasted Roll,1,Kitchen,8.0,2,BACON-EGG-CHEESE,8.0,2020-07-25 09:09:45,,Tomato Sauce,,,,,0.0
5962,92,2,0.0,20.3,Toasted Roll,1,Kitchen,8.0,3,BACON-EGG-CHEESE,8.0,2020-07-25 09:09:45,,BBQ Sauce,,,,,0.0
34139,1463,2,0.0,20.3,Toasted Roll,1,Kitchen,10.0,3,BACON-EGG-CHEESE,10.0,2023-07-29 07:22:17,,Tomato Sauce,,,,,0.0
5845,197,2,0.0,20.3,Toastie,1,Kitchen,7.0,3,BACON-EGG,7.0,2020-07-19 09:56:54,White,Tomato Sauce,,,,,0.0
5845,197,2,0.0,20.3,Croissant,1,Kitchen,9.0,1,HAM-CHEESE-TOMATO,9.0,2020-07-19 09:56:54,,Salt and Pepper,,,,,0.0
10205,231,2,0.0,20.3,Toastie,1,Kitchen,8.0,4,BACON-EGG-CHEESE,8.0,2021-01-25 09:17:49,Multigrain,Tomato Sauce,,,,,0.0
32862,744,2,0.0,20.3,Muffin,2,Kitchen,7.8,3,ORANGE-POPPYSEED,3.9,2023-06-17 11:13:41,,,No,,,,0.0
3323,5,2,0.0,33.1,Toasted Roll,1,Kitchen,11.9,5,CHICKEN-SCHNITZEL-CHEESE-LETTUCE,8.4,2019-05-27 16:01:32,,"Tomato Sauce, BBQ Sauce, Avocado, Hash Brown, Salt and Pepper",,,,,3.5
12825,14,2,0.0,33.1,Build Your Own Breakfast,1,Kitchen,10.9,1,SCRAMBLED,7.9,2021-05-28 08:30:00,White,Bacon,,,,,3.0
12825,14,2,0.0,33.1,Build Your Own Breakfast,1,Kitchen,17.9,2,POACHED,7.9,2021-05-28 08:30:00,White,"Bacon, Avocado, Halloumi",,,,,9.999999999999998
18499,1044,2,0.0,33.1,Toasted Roll,1,Kitchen,8.0,3,BACON-EGG-CHEESE,8.0,2021-12-24 07:29:46,,BBQ Sauce,,,,,0.0
18499,1044,2,0.0,33.1,Toasted Roll,1,Kitchen,8.0,4,BACON-EGG-CHEESE,8.0,2021-12-24 07:29:46,,Tomato Sauce,,,,,0.0
18499,1044,2,0.0,33.1,Toasted Roll,1,Kitchen,8.0,5,BACON-EGG-CHEESE,8.0,2021-12-24 07:29:46,,Tomato Sauce,,,,,0.0
5278,295,2,0.0,33.1,Toasted Roll,1,Kitchen,8.0,4,BACON-EGG-CHEESE,8.0,2020-06-13 09:42:05,,"BBQ Sauce, Salt and Pepper",,,,,0.0
5278,295,2,0.0,33.1,Eggs Florentine,1,Kitchen,16.0,1,REGULAR,14.0,2020-06-13 09:42:05,,,,Hashbrown,,,2.0
13915,88,2,0.0,33.1,Toasted Roll,1,Kitchen,10.0,4,BACON-EGG-CHEESE,8.0,2021-07-10 08:33:53,,"BBQ Sauce, Hash Brown",,,,,2.0
13915,88,2,0.0,33.1,Toasted Roll,1,Kitchen,9.5,5,BACON-EGG-CHEESE,8.0,2021-07-10 08:33:53,,"Tomato Sauce, Avocado",,,,,1.5
24020,141,2,0.0,33.1,Muffin,1,Kitchen,3.9,4,APPLE-CINNAMON,3.9,2022-08-06 09:18:41,,,Yes,,,,0.0
6694,417,2,0.0,33.1,Big Breakfast,1,Kitchen,16.2,1,SCRAMBLED,16.2,2020-08-26 12:17:03,White,Hollandaise,,,,,0.0
24380,234,2,0.0,33.1,Toasted Roll,1,Kitchen,11.0,3,BACON-EGG-CHEESE,9.0,2022-08-20 07:40:09,,"Tomato Sauce, Hash Brown, Salt and Pepper",,,,,2.0
24380,234,2,0.0,33.1,Toasted Roll,1,Kitchen,11.0,4,BACON-EGG-CHEESE,9.0,2022-08-20 07:40:09,,"Tomato Sauce, Hash Brown, Salt and Pepper",,,,,2.0
37492,1524,2,0.0,33.1,Acai Smoothie bowl (VO),1,Kitchen,20.5,1,REGULAR,19.5,2023-11-10 14:26:14,,peanut butter,,,,,1.0
18438,1017,2,0.0,33.1,Toasted Roll,1,Kitchen,8.0,4,BACON-EGG-CHEESE,8.0,2021-12-21 09:59:25,,BBQ Sauce,,,,,0.0
13928,541,2,0.0,45.9,(Entree) Pasta,1,Kitchen,12.9,1,BEETROOT,12.9,2021-07-10 15:08:47,,,,,Gnocchi,,0.0
15571,819,2,0.0,45.9,Toasted Roll,1,Kitchen,9.5,5,BACON-EGG-CHEESE,8.0,2021-09-11 11:30:00,,"BBQ Sauce, Avocado",,,,,1.5
15571,819,2,0.0,45.9,Toasted Roll,1,Kitchen,9.5,6,BACON-EGG-CHEESE,8.0,2021-09-11 11:30:00,,"BBQ Sauce, Avocado",,,,,1.5
9794,351,2,0.0,45.9,French Toast with Streaky Bacon,1,Kitchen,14.9,3,GF,12.9,2021-01-02 10:07:16,,,,"No Mable Syrup, Hashbrown",,,2.0
11570,672,2,0.0,84.3,Toastie,1,Kitchen,7.0,8,HAM-CHEESE,7.0,2021-04-01 10:56:06,Multigrain,Tomato Sauce,,,,,0.0
11570,672,2,0.0,84.3,Toastie,1,Kitchen,8.4,9,CHICKEN-SCHNITZEL-CHEESE-LETTUCE,8.4,2021-04-01 10:56:06,Multigrain,Tomato Sauce,,,,,0.0
31646,1027,2,0.0,15.2,Croissant,1,Kitchen,9.5,1,BACON-EGG-CHEESE,9.5,2023-05-09 12:23:25,,Salt and Pepper,,,,,0.0
12511,10,2,0.0,15.2,Eggs and Bacon,1,Kitchen,10.9,2,SCRAMBLED,10.9,2021-05-14 08:16:29,White,,,,,,0.0
33921,1314,2,0.0,15.2,Toastie,1,Kitchen,9.5,2,HAM-CHEESE-TOMATO,9.5,2023-07-22 08:37:11,White,Tomato Sauce,,,,,0.0
23372,810,2,0.0,15.2,Toastie,1,Kitchen,9.0,2,BACON-EGG-CHEESE,8.0,2022-07-15 09:57:04,Sourdough,Salt and Pepper,,,,,1.0
15040,833,2,0.0,15.2,Toasted Roll,1,Kitchen,10.0,2,BACON-EGG-CHEESE,8.0,2021-08-24 08:15:09,,"Tomato Sauce, BBQ Sauce, Hash Brown, Salt and Pepper",,,,,2.0
33696,862,2,0.0,15.2,Toastie,1,Kitchen,9.5,2,HAM-CHEESE-TOMATO,9.5,2023-07-15 08:36:06,Multigrain,Tomato Sauce,,,,,0.0
33478,862,2,0.0,15.2,Toastie,1,Kitchen,9.5,2,HAM-CHEESE-TOMATO,9.5,2023-07-08 08:47:34,Multigrain,Tomato Sauce,,,,,0.0
33274,862,2,0.0,15.2,Toastie,1,Kitchen,9.5,2,HAM-CHEESE-TOMATO,9.5,2023-07-01 08:56:19,Multigrain,Tomato Sauce,,,,,0.0
33086,862,2,0.0,15.2,Toastie,1,Kitchen,9.5,2,HAM-CHEESE-TOMATO,9.5,2023-06-25 08:24:35,Multigrain,Tomato Sauce,,,,,0.0
32840,862,2,0.0,15.2,Toastie,1,Kitchen,9.5,2,HAM-CHEESE-TOMATO,9.5,2023-06-17 08:35:23,Multigrain,Tomato Sauce,,,,,0.0
32189,862,2,0.0,15.2,Toastie,1,Kitchen,9.5,2,HAM-CHEESE-TOMATO,9.5,2023-05-27 08:35:53,Multigrain,Tomato Sauce,,,,,0.0
9182,109,2,0.0,15.2,Toastie,1,Kitchen,9.5,2,BACON-EGG-CHEESE,8.0,2020-11-28 10:21:01,Dark Rye,Avocado,,,,,1.5
8692,109,2,0.0,15.2,Toastie,1,Kitchen,9.5,2,BACON-EGG-CHEESE,8.0,2020-11-07 09:49:23,Dark Rye,Avocado,,,,,1.5
8635,109,2,0.0,15.2,Toastie,1,Kitchen,9.5,2,BACON-EGG-CHEESE,8.0,2020-11-05 07:33:46,Dark Rye,Avocado,,,,,1.5
8591,109,2,0.0,15.2,Toastie,1,Kitchen,9.5,2,BACON-EGG-CHEESE,8.0,2020-11-03 10:17:59,Dark Rye,Avocado,,,,,1.5
28490,408,2,0.0,15.2,Toastie,1,Kitchen,9.5,2,HAM-CHEESE,8.5,2023-01-23 06:22:01,Sourdough,Tomato Sauce,,,,,1.0
28121,408,2,0.0,15.2,Toastie,1,Kitchen,9.5,2,HAM-CHEESE,8.5,2023-01-09 06:23:30,Sourdough,Tomato Sauce,,,,,1.0
32833,422,2,0.0,15.2,Toasted Roll,1,Kitchen,9.5,2,BACON-EGG-CHEESE,9.5,2023-06-16 12:25:20,,"Tomato Sauce, Salt and Pepper",,,,,0.0
31962,422,2,0.0,15.2,Toasted Roll,1,Kitchen,9.5,2,BACON-EGG-CHEESE,9.5,2023-05-19 10:08:48,,"Tomato Sauce, Salt and Pepper",,,,,0.0
31687,422,2,0.0,15.2,Toasted Roll,1,Kitchen,9.5,2,BACON-EGG-CHEESE,9.5,2023-05-11 07:13:11,,"Tomato Sauce, Salt and Pepper",,,,,0.0
30210,422,2,0.0,15.2,Toasted Roll,1,Kitchen,9.5,2,BACON-EGG-CHEESE,9.5,2023-03-23 10:45:00,,"Tomato Sauce, Salt and Pepper",,,,,0.0
30046,422,2,0.0,15.2,Toasted Roll,1,Kitchen,9.5,2,BACON-EGG-CHEESE,9.5,2023-03-17 11:42:05,,"Tomato Sauce, Salt and Pepper",,,,,0.0
34206,1467,2,0.0,15.2,Build Your Own Breakfast,1,Kitchen,15.2,1,POACHED,10.2,2023-07-30 10:40:22,Multigrain,"Hash Brown, Avocado",,,,,5.0
40427,721,2,0.0,15.2,Toasted Roll,1,Kitchen,10.5,2,BACON-EGG,9.0,2024-02-29 07:22:56,,"Avocado, Salt and Pepper",,,,,1.5
39789,721,2,0.0,15.2,Toasted Roll,1,Kitchen,10.5,2,BACON-EGG,9.0,2024-02-08 07:15:48,,"Avocado, Salt and Pepper",,,,,1.5
38452,721,2,0.0,15.2,Toasted Roll,1,Kitchen,10.5,2,BACON-EGG,9.0,2023-12-12 07:33:52,,"Avocado, Salt and Pepper",,,,,1.5
37639,721,2,0.0,15.2,Toasted Roll,1,Kitchen,11.0,2,BACON-EGG,9.0,2023-11-16 07:29:59,,"BBQ Sauce, Hash Brown, Salt and Pepper",,,,,2.0
37248,721,2,0.0,15.2,Toasted Roll,1,Kitchen,11.0,2,BACON-EGG,9.0,2023-11-02 07:44:34,,"BBQ Sauce, Hash Brown, Salt and Pepper",,,,,2.0
37014,721,2,0.0,15.2,Toasted Roll,1,Kitchen,11.0,2,BACON-EGG,9.0,2023-10-26 07:35:22,,"BBQ Sauce, Hash Brown, Salt and Pepper",,,,,2.0
33024,1509,2,0.0,15.2,Toastie,1,Kitchen,9.5,2,HAM-CHEESE-TOMATO,9.5,2023-06-23 08:41:11,White,Tomato Sauce,,,,,0.0
25001,1030,2,0.0,28.0,Toastie,1,Kitchen,9.0,4,BACON-EGG-CHEESE,9.0,2022-09-10 07:36:39,White,Tomato Sauce,,,,,0.0
25001,1030,2,0.0,28.0,Toasted Roll,1,Kitchen,9.0,3,BACON-EGG-CHEESE,9.0,2022-09-10 07:36:39,,"Tomato Sauce, Salt and Pepper",,,,,0.0
33358,9,2,0.0,28.0,Toastie,1,Kitchen,9.5,4,HAM-CHEESE-TOMATO,9.5,2023-07-03 11:26:14,White,Salt and Pepper,,,,,0.0
6751,16,2,0.0,28.0,Toasted Roll,1,Kitchen,8.5,3,BACON-EGG,7.0,2020-08-29 10:04:42,,Avocado,,,,,1.5
6751,16,2,0.0,28.0,Toasted Roll,1,Kitchen,8.5,4,BACON-EGG,7.0,2020-08-29 10:04:42,,Avocado,,,,,1.5
21582,1064,2,0.0,28.0,Big Breakfast,1,Kitchen,18.2,1,FRIED,17.2,2022-05-08 07:22:16,Sourdough,Hollandaise,,,,,1.0
24498,304,2,0.0,28.0,Toasted Roll,1,Kitchen,9.0,4,BACON-EGG-CHEESE,9.0,2022-08-24 07:34:51,,Tomato Sauce,,,,,0.0
27017,1096,2,0.0,28.0,Toastie,1,Kitchen,8.0,4,BACON-EGG,8.0,2022-11-21 14:41:44,White,Tomato Sauce,,,,,0.0
27279,77,2,0.0,28.0,Toasted Roll,1,Kitchen,9.0,3,BACON-EGG-CHEESE,9.0,2022-11-30 08:00:00,,Tomato Sauce,,,,,0.0
27279,77,2,0.0,28.0,Toasted Roll,1,Kitchen,9.0,4,BACON-EGG-CHEESE,9.0,2022-11-30 08:00:00,,Tomato Sauce,,,,,0.0
5824,341,2,0.0,28.0,Toasted Roll,1,Kitchen,8.0,5,BACON-EGG-CHEESE,8.0,2020-07-18 08:40:03,,BBQ Sauce,,,,,0.0
11784,615,2,0.0,28.0,Toasted Roll,1,Kitchen,8.0,3,BACON-EGG-CHEESE,8.0,2021-04-13 11:21:15,,Tomato Sauce,,,,,0.0
11784,615,2,0.0,28.0,Toasted Roll,1,Kitchen,8.0,4,BACON-EGG-CHEESE,8.0,2021-04-13 11:21:15,,BBQ Sauce,,,,,0.0
35477,1148,0,0.0,28.0,Croissant,1,Kitchen,8.5,1,CHEESE-TOMATO,8.5,2023-09-08 08:51:53,,Salt and Pepper,,,,,0.0
23193,1148,2,0.0,28.0,French Toast with Streaky Bacon,1,Kitchen,12.8,1,REGULAR,10.8,2022-07-07 11:29:07,,,,Hashbrown,,,2.0
16986,421,2,0.0,28.0,(Main) Pasta,1,Kitchen,13.0,1,SPAGBOLG,13.0,2021-10-28 12:36:13,,,,,Spaghetti,,0.0
6781,426,2,0.0,28.0,Toasted Roll,1,Kitchen,8.0,3,BACON-EGG-CHEESE,8.0,2020-08-30 10:15:00,,"Tomato Sauce, Salt and Pepper",,,,,0.0
6781,426,2,0.0,28.0,Toasted Roll,1,Kitchen,8.0,4,BACON-EGG-CHEESE,8.0,2020-08-30 10:15:00,,"Tomato Sauce, Salt and Pepper",,,,,0.0
11604,216,2,0.0,28.0,Toasted Roll,1,Kitchen,7.0,3,BACON-EGG,7.0,2021-04-04 07:07:03,,BBQ Sauce,,,,,0.0
11604,216,2,0.0,28.0,Toasted Roll,1,Kitchen,9.5,4,BACON-EGG-CHEESE,8.0,2021-04-04 07:07:03,,"Tomato Sauce, Avocado",,,,,1.5
38666,1255,2,0.0,28.0,Big Breakfast,1,Kitchen,20.5,1,SCRAMBLED,20.5,2023-12-18 10:48:50,White,Hollandaise,,,,,0.0
16421,234,2,0.0,28.0,Toasted Roll,1,Kitchen,10.0,3,BACON-EGG-CHEESE,8.0,2021-10-09 09:25:35,,"Tomato Sauce, Hash Brown, Salt and Pepper",,,,,2.0
14021,248,2,0.0,28.0,Toasted Roll,1,Kitchen,10.0,4,BACON-EGG-CHEESE,8.0,2021-07-15 08:50:42,,"Hash Brown, Salt and Pepper",,,,,2.0
14021,248,2,0.0,28.0,Croissant,1,Kitchen,8.0,1,HAM-CHEESE,8.0,2021-07-15 08:50:42,,Salt and Pepper,,,,,0.0
8565,248,2,0.0,28.0,Toasted Roll,1,Kitchen,10.0,4,BACON-EGG-CHEESE,8.0,2020-11-02 09:06:28,,"Hash Brown, Salt and Pepper",,,,,2.0
6909,8,2,0.0,40.8,Build Your Own Breakfast,1,Kitchen,13.4,1,SCRAMBLED,7.9,2020-09-04 08:00:14,White,"Bacon, Sauteed Mushrooms",,,,,5.5
6909,8,2,0.0,40.8,Build Your Own Breakfast,1,Kitchen,17.4,2,SCRAMBLED,7.9,2020-09-04 08:00:14,Sourdough,"Bacon, Hollandaise, Sauteed Mushrooms",,,,,9.499999999999998
4476,10,10,0.0,40.8,Toastie,1,Kitchen,8.0,5,HAM-CHEESE-TOMATO,8.0,2020-03-26 10:43:11,White,Tomato Sauce,,,,,0.0
4476,10,10,0.0,40.8,Toasted Roll,1,Kitchen,10.4,4,CHICKEN-SCHNITZEL-CHEESE-LETTUCE,8.4,2020-03-26 10:43:11,,Hash Brown,,,,,2.0
24068,127,2,0.0,40.8,Toastie,1,Kitchen,8.0,5,HAM-CHEESE,8.0,2022-08-07 11:19:20,White,Tomato Sauce,,,,,0.0
24068,127,2,0.0,40.8,Toastie,1,Kitchen,8.0,6,HAM-CHEESE,8.0,2022-08-07 11:19:20,Multigrain,Tomato Sauce,,,,,0.0
26691,1223,2,0.0,40.8,Toastie,1,Kitchen,8.0,4,HAM-CHEESE,8.0,2022-11-11 07:28:30,White,Tomato Sauce,,,,,0.0
26691,1223,2,0.0,40.8,Toastie,1,Kitchen,8.0,5,BACON-EGG,8.0,2022-11-11 07:28:30,White,Tomato Sauce,,,,,0.0
26691,1223,2,0.0,40.8,Toastie,1,Kitchen,9.0,6,BACON-EGG,8.0,2022-11-11 07:28:30,Sourdough,Tomato Sauce,,,,,1.0
25446,1223,2,0.0,40.8,Toastie,1,Kitchen,9.0,4,BACON-EGG,8.0,2022-09-26 07:30:00,Sourdough,Tomato Sauce,,,,,1.0
25446,1223,2,0.0,40.8,Toastie,1,Kitchen,8.0,5,HAM-CHEESE,8.0,2022-09-26 07:30:00,White,Tomato Sauce,,,,,0.0
25446,1223,2,0.0,40.8,Toastie,1,Kitchen,8.0,6,BACON-EGG,8.0,2022-09-26 07:30:00,White,Tomato Sauce,,,,,0.0
14237,813,2,0.0,66.4,Big Breakfast,1,Kitchen,21.2,1,SCRAMBLED,16.7,2021-07-24 08:25:42,White,Spanish Chorizo,,,,,4.5
14237,813,2,0.0,66.4,Big Breakfast,1,Kitchen,21.7,2,SCRAMBLED,16.7,2021-07-24 08:25:42,White,"Hash Brown, Baby Spinach",,,,,5.0
14237,813,2,0.0,66.4,Kids Pancakes,1,Kitchen,10.0,4,ICECREAM,6.0,2021-07-24 08:25:42,,,,,,"Banana, Strawberries",4.0
29307,446,2,0.0,10.1,Muffin,1,Kitchen,3.9,2,RASPBERRY-WHITECHOC,3.9,2023-02-22 08:59:16,,,No,,,,0.0
6375,14,2,0.0,22.9,(Entree) Pasta,1,Kitchen,12.9,1,BEETROOT,12.9,2020-08-12 12:00:00,,,,,Spaghetti,,0.0
18662,814,2,0.0,22.9,Toastie,1,Kitchen,10.5,4,BACON-EGG,7.0,2022-01-14 10:03:47,White,"Avocado, Hash Brown",,,,,3.5
24344,77,2,0.0,22.9,Eggs Benedict,1,Kitchen,17.9,1,BACON,15.9,2022-08-18 09:17:42,,,,Hashbrown,,,1.9999999999999982
3810,79,0,0.0,22.9,Toasted Roll,1,Kitchen,7.0,4,BACON-EGG,7.0,2019-11-10 08:47:13,,Salt and Pepper,,,,,0.0
28453,128,2,0.0,22.9,Toasted Roll,1,Kitchen,12.0,3,HAM-CHEESE,8.5,2023-01-21 09:46:10,,"Avocado, Hash Brown, Salt and Pepper",,,,,3.5
23114,744,2,0.0,22.9,Muffin,1,Kitchen,3.9,3,APPLE-CINNAMON,3.9,2022-07-04 11:00:00,,,No,,,,0.0
23114,744,2,0.0,22.9,Muffin,1,Kitchen,3.9,4,ORANGE-POPPYSEED,3.9,2022-07-04 11:00:00,,,No,,,,0.0
23692,811,2,0.0,35.7,(Main) Pasta,1,Kitchen,13.5,1,SPAGBOLG,13.5,2022-07-26 13:05:08,,,,,Spaghetti,,0.0
16629,341,2,0.0,35.7,Toasted Roll,1,Kitchen,8.0,6,BACON-EGG-CHEESE,8.0,2021-10-16 09:51:41,,"BBQ Sauce, Salt and Pepper",,,,,0.0
16629,341,2,0.0,35.7,Toastie,1,Kitchen,7.0,7,BACON-CHEESE,7.0,2021-10-16 09:51:41,White,Tomato Sauce,,,,,0.0
29858,1425,2,0.0,35.7,Eggs Benedict,1,Kitchen,18.5,3,BACON,16.5,2023-03-11 11:29:01,,,,Hashbrown,,,2.0
22165,1171,2,0.0,35.7,Toastie,1,Kitchen,6.0,7,CHEESE,6.0,2022-05-29 09:30:00,White,Tomato Sauce,,,,,0.0
36556,1172,2,0.0,35.7,Toastie,1,Kitchen,10.5,5,BACON-EGG,9.0,2023-10-12 13:12:38,White,Avocado,,,,,1.5
36556,1172,2,0.0,35.7,Toasted Roll,1,Kitchen,10.5,4,BACON-EGG,9.0,2023-10-12 13:12:38,,Avocado,,,,,1.5
39608,1400,2,0.0,48.5,Toasted Roll,2,Kitchen,24.0,2,BACON-EGG-CHEESE,10.0,2024-02-02 08:17:55,,"Hash Brown, Salt and Pepper",,,,,2.0
39608,1400,2,0.0,48.5,Toasted Roll,1,Kitchen,12.0,3,BACON-EGG-CHEESE,10.0,2024-02-02 08:17:55,,"Tomato Sauce, Hash Brown, Salt and Pepper",,,,,2.0
39608,1400,2,0.0,48.5,Toastie,1,Kitchen,10.5,4,BACON-EGG-CHEESE,10.5,2024-02-02 08:17:55,Dark Rye,"Tomato Sauce, Salt and Pepper",,,,,0.0
14961,863,2,0.0,74.1,Build Your Own Breakfast,1,Kitchen,20.9,2,POACHED,7.9,2021-08-21 10:28:57,Sourdough,"Bacon, Smashed Avo and Feta, Halloumi",,,,,12.999999999999998
14961,863,2,0.0,74.1,Big Breakfast,1,Kitchen,16.7,1,POACHED,16.7,2021-08-21 10:28:57,White,Hollandaise,,,,,0.0
31165,175,2,1.85,20.35,Toastie,1,Kitchen,8.5,3,BACON-EGG,8.5,2023-04-25 10:38:07,White,Tomato Sauce,,,,,0.0
16837,261,2,0.0,17.8,Toastie,1,Kitchen,7.0,3,BACON-EGG,7.0,2021-10-23 13:53:25,White,Tomato Sauce,,,,,0.0
4193,9,2,0.0,17.8,Toasted Roll,1,Kitchen,8.0,3,BACON-EGG-CHEESE,8.0,2020-02-15 12:06:30,,Tomato Sauce,,,,,0.0
9021,13,2,0.0,17.8,Toastie,1,Kitchen,8.0,3,HAM-CHEESE-TOMATO,8.0,2020-11-22 08:26:08,White,Salt and Pepper,,,,,0.0
13215,275,0,0.0,17.8,Toasted Roll,1,Kitchen,7.0,3,BACON-EGG,7.0,2021-06-11 08:37:08,,Tomato Sauce,,,,,0.0
13213,275,0,0.0,17.8,Toasted Roll,1,Kitchen,7.0,3,BACON-EGG,7.0,2021-06-11 08:34:31,,Tomato Sauce,,,,,0.0
13079,275,2,0.0,17.8,Toasted Roll,1,Kitchen,7.0,3,BACON-EGG,7.0,2021-06-06 09:18:53,,Tomato Sauce,,,,,0.0
7179,276,2,0.0,17.8,Toasted Roll,1,Kitchen,8.0,3,BACON-EGG-CHEESE,8.0,2020-09-14 07:46:05,,BBQ Sauce,,,,,0.0
6723,276,2,0.0,17.8,Toasted Roll,1,Kitchen,8.0,3,BACON-EGG-CHEESE,8.0,2020-08-28 09:10:25,,BBQ Sauce,,,,,0.0
26983,127,2,0.0,17.8,Toastie,1,Kitchen,8.0,3,HAM-CHEESE,8.0,2022-11-20 10:33:52,Multigrain,Tomato Sauce,,,,,0.0
4403,130,10,0.0,17.8,Toastie,1,Kitchen,8.0,3,BACON-EGG-CHEESE,8.0,2020-03-22 11:04:37,White,Tomato Sauce,,,,,0.0
34989,1171,2,0.0,17.8,Toastie,1,Kitchen,9.0,3,HAM-CHEESE,9.0,2023-08-24 08:46:59,White,Tomato Sauce,,,,,0.0
20448,173,2,0.0,17.8,Toastie,1,Kitchen,9.0,3,BACON-EGG-CHEESE,8.0,2022-03-25 08:52:23,Sourdough,Tomato Sauce,,,,,1.0
35504,1463,2,0.0,17.8,Muffin,1,Kitchen,4.5,4,RASPBERRY-WHITECHOC,4.5,2023-09-09 07:36:44,,,No,,,,0.0
38113,721,2,0.0,17.8,Toasted Roll,1,Kitchen,12.5,2,BACON-EGG,9.0,2023-12-01 07:38:04,,"Avocado, Hash Brown, Salt and Pepper",,,,,3.5
23484,721,2,0.0,17.8,Toastie,1,Kitchen,8.5,3,CHICKEN-SCHNITZEL-CHEESE-LETTUCE,8.5,2022-07-19 13:42:43,White,Tomato Sauce,,,,,0.0
22773,721,2,0.0,17.8,Toasted Roll,1,Kitchen,9.0,3,BACON-EGG,7.0,2022-06-21 07:30:30,,"Tomato Sauce, Hash Brown, Salt and Pepper",,,,,2.0
22107,721,2,0.0,17.8,Toasted Roll,1,Kitchen,7.0,2,BACON-EGG,7.0,2022-05-27 07:48:42,,"Tomato Sauce, Salt and Pepper",,,,,0.0
22107,721,2,0.0,17.8,Toastie,1,Kitchen,7.0,3,HAM-CHEESE,7.0,2022-05-27 07:48:42,White,Tomato Sauce,,,,,0.0
14456,721,2,0.0,17.8,Toasted Roll,1,Kitchen,9.0,3,BACON-EGG,7.0,2021-08-02 07:24:25,,"Tomato Sauce, Hash Brown, Salt and Pepper",,,,,2.0
14397,721,2,0.0,17.8,Toasted Roll,1,Kitchen,9.0,3,BACON-EGG,7.0,2021-07-30 08:00:42,,"Tomato Sauce, Hash Brown, Salt and Pepper",,,,,2.0
18803,475,2,0.0,17.8,Toasted Roll,1,Kitchen,7.0,2,BACON-EGG,7.0,2022-01-21 11:21:51,,BBQ Sauce,,,,,0.0
18803,475,2,0.0,17.8,Toasted Roll,1,Kitchen,7.0,3,BACON-EGG,7.0,2022-01-21 11:21:51,,BBQ Sauce,,,,,0.0
27841,231,2,0.0,17.8,Toastie,1,Kitchen,9.0,3,HAM-CHEESE-TOMATO,9.0,2022-12-18 07:08:59,White,Tomato Sauce,,,,,0.0
27610,231,2,0.0,17.8,Toastie,1,Kitchen,9.0,3,HAM-CHEESE-TOMATO,9.0,2022-12-11 07:23:27,White,Tomato Sauce,,,,,0.0
27186,231,2,0.0,17.8,Toastie,1,Kitchen,9.0,3,HAM-CHEESE-TOMATO,9.0,2022-11-27 06:57:32,White,Tomato Sauce,,,,,0.0
5736,331,2,0.0,30.6,Toasted Roll,1,Kitchen,8.0,3,BACON-EGG-CHEESE,8.0,2020-07-14 11:01:13,,Salt and Pepper,,,,,0.0
5736,331,2,0.0,30.6,Toasted Roll,1,Kitchen,9.5,4,BACON-EGG-CHEESE,8.0,2020-07-14 11:01:13,,"Avocado, Salt and Pepper",,,,,1.5
28041,77,2,0.0,30.6,Toasted Roll,1,Kitchen,9.5,4,BACON-EGG-CHEESE,9.5,2023-01-05 09:15:40,,"Tomato Sauce, Salt and Pepper",,,,,0.0
6750,341,2,0.0,30.6,Toastie,1,Kitchen,7.0,4,BACON-CHEESE,7.0,2020-08-29 10:01:23,Multigrain,Tomato Sauce,,,,,0.0
6750,341,2,0.0,30.6,Toasted Roll,1,Kitchen,8.0,3,BACON-EGG-CHEESE,8.0,2020-08-29 10:01:23,,BBQ Sauce,,,,,0.0
30816,598,2,0.0,30.6,Toasted Roll,2,Kitchen,22.0,3,BACON-EGG-CHEESE,9.5,2023-04-14 06:46:26,,Avocado,,,,,1.5
12022,88,2,0.0,30.6,Toasted Roll,1,Kitchen,10.0,3,BACON-EGG-CHEESE,8.0,2021-04-24 08:51:02,,"BBQ Sauce, Hash Brown",,,,,2.0
12022,88,2,0.0,30.6,Toasted Roll,1,Kitchen,9.5,4,BACON-EGG-CHEESE,8.0,2021-04-24 08:51:02,,"Tomato Sauce, Avocado",,,,,1.5
11709,88,2,0.0,30.6,Toasted Roll,1,Kitchen,10.0,3,BACON-EGG-CHEESE,8.0,2021-04-10 07:49:50,,"BBQ Sauce, Hash Brown",,,,,2.0
11709,88,2,0.0,30.6,Toasted Roll,1,Kitchen,9.5,4,BACON-EGG-CHEESE,8.0,2021-04-10 07:49:50,,"Tomato Sauce, Avocado",,,,,1.5
11297,88,2,0.0,30.6,Toasted Roll,1,Kitchen,10.0,3,BACON-EGG-CHEESE,8.0,2021-03-21 07:05:06,,"BBQ Sauce, Hash Brown",,,,,2.0
11297,88,2,0.0,30.6,Toasted Roll,1,Kitchen,9.5,4,BACON-EGG-CHEESE,8.0,2021-03-21 07:05:06,,"Tomato Sauce, Avocado",,,,,1.5
12366,92,2,0.0,30.6,Toasted Roll,1,Kitchen,10.0,3,BACON-EGG-CHEESE,8.0,2021-05-09 07:10:46,,"BBQ Sauce, Hash Brown",,,,,2.0
12366,92,2,0.0,30.6,Toasted Roll,1,Kitchen,9.5,4,BACON-EGG-CHEESE,8.0,2021-05-09 07:10:46,,"Tomato Sauce, Avocado",,,,,1.5
11617,92,2,0.0,30.6,Toasted Roll,1,Kitchen,9.5,3,BACON-EGG-CHEESE,8.0,2021-04-05 07:22:39,,"Tomato Sauce, Avocado",,,,,1.5
11617,92,2,0.0,30.6,Toasted Roll,1,Kitchen,10.0,4,BACON-EGG-CHEESE,8.0,2021-04-05 07:22:39,,"BBQ Sauce, Hash Brown",,,,,2.0
11423,92,2,0.0,30.6,Toasted Roll,1,Kitchen,9.5,3,BACON-EGG-CHEESE,8.0,2021-03-27 07:51:48,,"Tomato Sauce, Avocado",,,,,1.5
11423,92,2,0.0,30.6,Toasted Roll,1,Kitchen,10.0,4,BACON-EGG-CHEESE,8.0,2021-03-27 07:51:48,,"BBQ Sauce, Hash Brown",,,,,2.0
11134,92,2,0.0,30.6,Toasted Roll,1,Kitchen,9.5,3,BACON-EGG-CHEESE,8.0,2021-03-13 07:18:06,,"Tomato Sauce, Avocado",,,,,1.5
11134,92,2,0.0,30.6,Toasted Roll,1,Kitchen,10.0,4,BACON-EGG-CHEESE,8.0,2021-03-13 07:18:06,,"BBQ Sauce, Hash Brown",,,,,2.0
38595,1148,2,0.0,30.6,Muffin,1,Kitchen,4.5,5,RASPBERRY-WHITECHOC,4.5,2023-12-16 09:46:17,,,No,,,,0.0
22536,675,2,0.0,30.6,Toastie,1,Kitchen,8.0,4,BACON-EGG-CHEESE,8.0,2022-06-11 13:33:18,Multigrain,Tomato Sauce,,,,,0.0
22536,675,2,0.0,30.6,Toasted Roll,1,Kitchen,10.0,3,BACON-EGG-CHEESE,8.0,2022-06-11 13:33:18,,"Tomato Sauce, Hash Brown",,,,,2.0
18006,675,2,0.0,30.6,Toastie,1,Kitchen,7.0,2,BACON-EGG,7.0,2021-12-05 10:15:00,Multigrain,"Tomato Sauce, Salt and Pepper",,,,,0.0
18006,675,2,0.0,30.6,Toastie,1,Kitchen,10.0,3,BACON-EGG-CHEESE,8.0,2021-12-05 10:15:00,White,"Tomato Sauce, Hash Brown",,,,,2.0
32142,175,2,0.0,30.6,Toastie,1,Kitchen,8.5,5,BACON-EGG,8.5,2023-05-25 09:19:02,White,Tomato Sauce,,,,,0.0
19758,175,2,0.0,30.6,Build Your Own Breakfast,1,Kitchen,12.0,2,FRIED,8.0,2022-02-27 09:55:38,Sourdough,Hollandaise,,,,,4.0
14935,433,2,0.0,30.6,Toastie,1,Kitchen,8.0,4,BACON-EGG-CHEESE,8.0,2021-08-20 12:09:27,White,Tomato Sauce,,,,,0.0
14935,433,2,0.0,30.6,Toastie,1,Kitchen,7.0,5,HAM-CHEESE,7.0,2021-08-20 12:09:27,White,Tomato Sauce,,,,,0.0
35901,234,2,0.0,30.6,Toasted Roll,1,Kitchen,12.0,2,BACON-EGG-CHEESE,10.0,2023-09-22 07:07:45,,"Tomato Sauce, Hash Brown, Salt and Pepper",,,,,2.0
35901,234,2,0.0,30.6,Toasted Roll,1,Kitchen,12.0,3,BACON-EGG-CHEESE,10.0,2023-09-22 07:07:45,,"Tomato Sauce, Hash Brown, Salt and Pepper",,,,,2.0
30647,1249,2,0.0,43.4,Toastie,1,Kitchen,12.5,4,BACON-EGG-CHEESE,9.5,2023-04-06 10:19:22,Sourdough,"BBQ Sauce, Hash Brown",,,,,3.0
30647,1249,2,0.0,43.4,Toastie,1,Kitchen,10.5,5,HAM-CHEESE-TOMATO,9.5,2023-04-06 10:19:22,Sourdough,Tomato Sauce,,,,,1.0
30647,1249,2,0.0,43.4,Toastie,1,Kitchen,8.5,6,HAM-CHEESE,8.5,2023-04-06 10:19:22,White,Tomato Sauce,,,,,0.0
15408,551,2,0.0,56.2,Toastie,1,Kitchen,8.0,5,BACON-EGG,7.0,2021-09-05 11:30:00,Sourdough,Salt and Pepper,,,,,1.0
15408,551,2,0.0,56.2,Big Breakfast,1,Kitchen,22.7,1,POACHED,16.7,2021-09-05 11:30:00,Sourdough,Smashed Avo and Feta,,,,,6.0
6779,351,2,0.0,56.2,French Toast with Streaky Bacon,1,Kitchen,11.9,4,REGULAR,9.9,2020-08-30 09:30:24,,,,Hashbrown,,,2.0
6779,351,2,0.0,56.2,Toastie,1,Kitchen,6.0,10,CHEESE,6.0,2020-08-30 09:30:24,White,Tomato Sauce,,,,,0.0
6779,351,2,0.0,56.2,Toastie,1,Kitchen,7.0,11,BACON-EGG,7.0,2020-08-30 09:30:24,White,Tomato Sauce,,,,,0.0
27355,1338,2,0.0,69.0,Toastie,1,Kitchen,9.0,4,HAM-CHEESE-TOMATO,9.0,2022-12-02 09:15:00,White,Tomato Sauce,,,,,0.0
27355,1338,2,0.0,69.0,Toastie,1,Kitchen,8.0,5,HAM-CHEESE,8.0,2022-12-02 09:15:00,White,Tomato Sauce,,,,,0.0
27355,1338,2,0.0,69.0,Toastie,1,Kitchen,9.0,6,HAM-CHEESE-TOMATO,9.0,2022-12-02 09:15:00,White,Tomato Sauce,,,,,0.0
27355,1338,2,0.0,69.0,Toastie,1,Kitchen,9.0,7,HAM-CHEESE-TOMATO,9.0,2022-12-02 09:15:00,White,Tomato Sauce,,,,,0.0
27355,1338,2,0.0,69.0,Toastie,1,Kitchen,7.0,8,EGG,7.0,2022-12-02 09:15:00,Dark Rye,Tomato Sauce,,,,,0.0
27355,1338,2,0.0,69.0,Toasted Roll,1,Kitchen,9.0,3,BACON-EGG-CHEESE,9.0,2022-12-02 09:15:00,,BBQ Sauce,,,,,0.0
27128,1338,2,0.0,69.0,Toastie,1,Kitchen,9.0,5,HAM-CHEESE-TOMATO,9.0,2022-11-25 08:45:00,White,Tomato Sauce,,,,,0.0
27128,1338,2,0.0,69.0,Toastie,1,Kitchen,9.0,6,HAM-CHEESE-TOMATO,9.0,2022-11-25 08:45:00,White,Tomato Sauce,,,,,0.0
27128,1338,2,0.0,69.0,Toastie,1,Kitchen,8.0,7,HAM-CHEESE,8.0,2022-11-25 08:45:00,White,Tomato Sauce,,,,,0.0
27128,1338,2,0.0,69.0,Toasted Roll,1,Kitchen,9.0,1,BACON-EGG-CHEESE,9.0,2022-11-25 08:45:00,,Tomato Sauce,,,,,0.0
27128,1338,2,0.0,69.0,Toasted Roll,1,Kitchen,9.0,2,BACON-EGG-CHEESE,9.0,2022-11-25 08:45:00,,BBQ Sauce,,,,,0.0
27128,1338,2,0.0,69.0,Toastie,1,Kitchen,7.0,8,EGG,7.0,2022-11-25 08:45:00,Dark Rye,Tomato Sauce,,,,,0.0
13345,14,2,0.0,12.7,Toasted Roll,1,Kitchen,9.0,2,BACON-EGG,7.0,2021-06-16 07:08:34,,Hash Brown,,,,,2.0
18513,782,2,0.0,12.7,Toasted Roll,1,Kitchen,8.0,2,BACON-EGG-CHEESE,8.0,2021-12-24 10:08:04,,"Tomato Sauce, BBQ Sauce, Salt and Pepper",,,,,0.0
16757,782,2,0.0,12.7,Toasted Roll,1,Kitchen,8.0,2,BACON-EGG-CHEESE,8.0,2021-10-21 06:30:00,,"Tomato Sauce, BBQ Sauce",,,,,0.0
15886,782,2,0.0,12.7,Toasted Roll,1,Kitchen,8.0,2,BACON-EGG-CHEESE,8.0,2021-09-22 06:00:00,,BBQ Sauce,,,,,0.0
15319,782,2,0.0,12.7,Toasted Roll,1,Kitchen,8.0,2,BACON-EGG-CHEESE,8.0,2021-09-03 06:09:35,,BBQ Sauce,,,,,0.0
3484,55,10,0.0,12.7,Toastie,1,Kitchen,8.0,2,BACON-EGG-CHEESE,8.0,2019-08-17 08:45:00,White,"Tomato Sauce, Salt and Pepper",,,,,0.0
7310,62,2,0.0,12.7,Toastie,1,Kitchen,7.0,2,BACON-EGG,7.0,2020-09-19 07:23:22,Multigrain,BBQ Sauce,,,,,0.0
17813,923,2,0.0,12.7,Toastie,1,Kitchen,7.0,2,HAM-CHEESE,7.0,2021-11-27 10:21:31,Multigrain,Tomato Sauce,,,,,0.0
17732,971,2,0.0,12.7,Toasted Roll,1,Kitchen,8.0,2,BACON-EGG-CHEESE,8.0,2021-11-24 10:29:27,,BBQ Sauce,,,,,0.0
16748,971,2,0.0,12.7,Toasted Roll,1,Kitchen,8.0,2,BACON-EGG-CHEESE,8.0,2021-10-20 09:59:14,,BBQ Sauce,,,,,0.0
16711,721,2,0.0,12.7,Toasted Roll,1,Kitchen,9.0,2,BACON-EGG,7.0,2021-10-19 07:46:53,,"Tomato Sauce, Hash Brown, Salt and Pepper",,,,,2.0
16504,721,2,0.0,12.7,Toasted Roll,1,Kitchen,9.0,2,BACON-EGG,7.0,2021-10-12 08:04:07,,"Tomato Sauce, Hash Brown, Salt and Pepper",,,,,2.0
13348,721,2,0.0,12.7,Toasted Roll,1,Kitchen,9.0,2,BACON-EGG,7.0,2021-06-16 07:51:25,,"Tomato Sauce, Hash Brown",,,,,2.0
24598,1027,2,0.0,25.5,Muffin,1,Kitchen,3.9,2,RASPBERRY-WHITECHOC,3.9,2022-08-27 11:44:56,,,Yes,,,,0.0
24913,260,2,0.0,25.5,Toasted Roll,1,Kitchen,11.0,4,BACON-EGG-CHEESE,9.0,2022-09-07 08:27:34,,"Tomato Sauce, Hash Brown",,,,,2.0
34854,276,2,0.0,25.5,Toasted Roll,1,Kitchen,10.0,4,BACON-EGG-CHEESE,10.0,2023-08-20 09:49:53,,BBQ Sauce,,,,,0.0
10475,551,2,0.0,25.5,Croissant,1,Kitchen,8.0,2,HAM-CHEESE,8.0,2021-02-07 10:27:59,,Salt and Pepper,,,,,0.0
11422,44,2,0.0,25.5,Toastie,1,Kitchen,8.0,4,HAM-CHEESE-TOMATO,8.0,2021-03-27 08:15:00,White,Tomato Sauce,,,,,0.0
11422,44,2,0.0,25.5,Toasted Roll,1,Kitchen,7.0,3,BACON-EGG,7.0,2021-03-27 08:15:00,,Tomato Sauce,,,,,0.0
24387,613,2,0.0,25.5,Toasted Roll,1,Kitchen,8.0,3,BACON-EGG,8.0,2022-08-20 08:22:14,,Tomato Sauce,,,,,0.0
24387,613,2,0.0,25.5,Toasted Roll,1,Kitchen,8.0,4,BACON-EGG,8.0,2022-08-20 08:22:14,,Tomato Sauce,,,,,0.0
30645,620,2,0.0,25.5,Muffin,1,Kitchen,3.9,5,ORANGE-POPPYSEED,3.9,2023-04-06 09:15:00,,,No,,,,0.0
18828,141,2,0.0,25.5,Toasted Roll,1,Kitchen,8.0,3,BACON-EGG-CHEESE,8.0,2022-01-22 10:48:10,,"Tomato Sauce, BBQ Sauce, Salt and Pepper",,,,,0.0
18828,141,2,0.0,25.5,Toastie,1,Kitchen,7.0,4,BACON-EGG,7.0,2022-01-22 10:48:10,Multigrain,"BBQ Sauce, Salt and Pepper",,,,,0.0
4116,141,2,0.0,25.5,Toastie,1,Kitchen,7.0,4,BACON-EGG,7.0,2020-01-27 09:20:26,White,Tomato Sauce,,,,,0.0
6775,276,2,0.0,38.3,Toastie,1,Kitchen,8.0,6,HAM-CHEESE-TOMATO,8.0,2020-08-30 09:00:34,White,Tomato Sauce,,,,,0.0
6775,276,2,0.0,38.3,Toasted Roll,1,Kitchen,8.0,4,BACON-EGG-CHEESE,8.0,2020-08-30 09:00:34,,BBQ Sauce,,,,,0.0
6775,276,2,0.0,38.3,Toasted Roll,1,Kitchen,8.0,5,BACON-EGG-CHEESE,8.0,2020-08-30 09:00:34,,BBQ Sauce,,,,,0.0
20504,551,2,0.0,38.3,Big Breakfast,1,Kitchen,19.2,1,POACHED,17.2,2022-03-27 11:42:52,White,Hash Brown,,,,,2.0
14592,840,1,0.0,38.3,French Toast with Streaky Bacon,1,Kitchen,12.4,2,REGULAR,10.4,2021-08-07 10:28:40,,,,Hashbrown,,,2.0
14592,840,1,0.0,38.3,Eggs Benedict,1,Kitchen,16.5,1,BACON,14.5,2021-08-07 10:28:40,,,,Hashbrown,,,2.0
39280,83,2,0.0,38.3,Toasted Roll,2,Kitchen,18.0,5,BACON-EGG,9.0,2024-01-21 09:08:42,,Salt and Pepper,,,,,0.0
14850,858,2,0.0,38.3,Eggs and Bacon,1,Kitchen,10.9,2,SCRAMBLED,10.9,2021-08-17 08:55:18,White,,,,,,0.0
37845,1144,1,0.0,38.3,Toasted Roll,1,Kitchen,9.0,5,BACON-EGG,9.0,2023-11-22 08:52:02,,Tomato Sauce,,,,,0.0
37845,1144,1,0.0,38.3,Toasted Roll,1,Kitchen,11.0,6,BACON-EGG,9.0,2023-11-22 08:52:02,,"Tomato Sauce, Hash Brown",,,,,2.0
20152,127,2,0.0,38.3,Toastie,1,Kitchen,7.0,5,HAM-CHEESE,7.0,2022-03-13 09:43:17,White,Tomato Sauce,,,,,0.0
20152,127,2,0.0,38.3,Toastie,1,Kitchen,7.0,6,HAM-CHEESE,7.0,2022-03-13 09:43:17,Multigrain,Tomato Sauce,,,,,0.0
7146,454,2,0.0,38.3,Toasted Roll,1,Kitchen,9.5,5,BACON-EGG-CHEESE,8.0,2020-09-12 11:45:00,,"BBQ Sauce, Avocado",,,,,1.5
7146,454,2,0.0,38.3,Toasted Roll,1,Kitchen,9.5,6,BACON-EGG-CHEESE,8.0,2020-09-12 11:45:00,,"BBQ Sauce, Avocado",,,,,1.5
13044,748,2,0.0,38.3,Eggs Benedict,1,Kitchen,16.5,2,BACON,14.5,2021-06-05 07:58:27,,,,Hashbrown,,,2.0
13044,748,2,0.0,38.3,Eggs Benedict,1,Kitchen,16.5,3,BACON,14.5,2021-06-05 07:58:27,,,,Hashbrown,,,2.0
16038,688,2,0.0,51.1,Eggs and Bacon,1,Kitchen,10.9,3,SCRAMBLED,10.9,2021-09-26 12:45:00,Multigrain,,,,,,0.0
33460,9,2,0.0,20.4,Toasted Roll,1,Kitchen,9.5,3,BACON-EGG-CHEESE,9.5,2023-07-07 11:05:46,,"Tomato Sauce, Salt and Pepper",,,,,0.0
31644,9,2,0.0,20.4,Toastie,1,Kitchen,9.5,3,HAM-CHEESE-TOMATO,9.5,2023-05-09 11:15:37,White,Tomato Sauce,,,,,0.0
31143,9,2,0.0,20.4,Toastie,1,Kitchen,9.5,3,HAM-CHEESE-TOMATO,9.5,2023-04-24 10:23:53,White,Tomato Sauce,,,,,0.0
31021,9,2,0.0,20.4,Toastie,1,Kitchen,9.5,3,HAM-CHEESE-TOMATO,9.5,2023-04-20 10:54:01,White,Tomato Sauce,,,,,0.0
30899,9,2,0.0,20.4,Toasted Roll,1,Kitchen,9.5,3,BACON-EGG-CHEESE,9.5,2023-04-16 13:55:07,,"Tomato Sauce, Salt and Pepper",,,,,0.0
29652,9,2,0.0,20.4,Toasted Roll,1,Kitchen,9.5,3,BACON-EGG-CHEESE,9.5,2023-03-05 10:26:07,,Tomato Sauce,,,,,0.0
21179,276,2,0.0,20.4,Toasted Roll,1,Kitchen,8.0,4,BACON-EGG-CHEESE,8.0,2022-04-23 10:22:45,,BBQ Sauce,,,,,0.0
19707,276,2,0.0,20.4,Toasted Roll,1,Kitchen,8.0,4,BACON-EGG-CHEESE,8.0,2022-02-25 09:30:35,,BBQ Sauce,,,,,0.0
18821,276,0,0.0,20.4,Toasted Roll,1,Kitchen,8.0,4,BACON-EGG-CHEESE,8.0,2022-01-22 09:30:00,,BBQ Sauce,,,,,0.0
9461,575,2,0.0,20.4,Toasted Roll,1,Kitchen,10.0,3,BACON-EGG-CHEESE,8.0,2020-12-10 06:00:00,,"Tomato Sauce, Hash Brown, Salt and Pepper",,,,,2.0
38507,330,2,0.0,20.4,Toasted Roll,1,Kitchen,10.0,3,BACON-EGG-CHEESE,10.0,2023-12-13 10:00:00,,Tomato Sauce,,,,,0.0
25929,1103,2,0.0,20.4,Toastie,1,Kitchen,8.0,3,BACON-CHEESE,8.0,2022-10-14 13:02:34,Multigrain,BBQ Sauce,,,,,0.0
25929,1103,2,0.0,20.4,Toasted Roll,1,Kitchen,8.0,2,BACON-EGG,8.0,2022-10-14 13:02:34,,BBQ Sauce,,,,,0.0
18712,136,2,0.0,20.4,Toasted Roll,1,Kitchen,10.0,3,BACON-EGG-CHEESE,8.0,2022-01-17 07:34:21,,"BBQ Sauce, Hash Brown",,,,,2.0
19280,714,2,0.0,20.4,Toasted Roll,1,Kitchen,11.5,3,BACON-EGG-CHEESE,8.0,2022-02-09 13:08:30,,"Tomato Sauce, Avocado, Hash Brown",,,,,3.5
33723,973,2,0.0,20.4,Muffin,1,Kitchen,3.9,4,APPLE-CINNAMON,3.9,2023-07-16 08:11:55,,,Yes,,,,0.0
33723,973,2,0.0,20.4,Muffin,1,Kitchen,3.9,5,ORANGE-POPPYSEED,3.9,2023-07-16 08:11:55,,,Yes,,,,0.0
32886,973,2,0.0,20.4,Muffin,1,Kitchen,3.9,4,APPLE-CINNAMON,3.9,2023-06-18 09:54:10,,,Yes,,,,0.0
32886,973,2,0.0,20.4,Muffin,1,Kitchen,3.9,5,ORANGE-POPPYSEED,3.9,2023-06-18 09:54:10,,,Yes,,,,0.0
28474,976,2,0.0,20.4,Muffin,1,Kitchen,3.9,4,APPLE-CINNAMON,3.9,2023-01-22 09:10:58,,,Yes,,,,0.0
28474,976,2,0.0,20.4,Muffin,1,Kitchen,3.9,5,ORANGE-POPPYSEED,3.9,2023-01-22 09:10:58,,,Yes,,,,0.0
27982,1255,2,0.0,20.4,Build Your Own Breakfast,1,Kitchen,20.4,1,SCRAMBLED,8.9,2022-12-22 13:40:47,White,"Spanish Chorizo, Avocado, Halloumi",,,,,11.499999999999998
31970,753,2,0.0,20.4,Toastie,1,Kitchen,10.5,3,HAM-CHEESE,8.5,2023-05-20 08:12:18,Multigrain,"BBQ Sauce, Hash Brown",,,,,2.0
29840,1017,2,0.0,20.4,Toastie,1,Kitchen,9.5,3,BACON-EGG-CHEESE,9.5,2023-03-11 09:12:11,White,BBQ Sauce,,,,,0.0
25056,1275,2,0.0,20.4,Toasted Roll,1,Kitchen,8.0,3,BACON-EGG,8.0,2022-09-11 12:26:09,,BBQ Sauce,,,,,0.0
25345,1073,2,2.32,25.52,Toasted Roll,1,Kitchen,9.0,4,BACON-EGG-CHEESE,9.0,2022-09-22 07:53:36,,"Tomato Sauce, Salt and Pepper",,,,,0.0
4309,5,10,0.0,33.2,Toasted Roll,1,Kitchen,9.9,6,CHICKEN-SCHNITZEL-CHEESE-LETTUCE,8.4,2020-03-07 07:00:00,,Avocado,,,,,1.5
17448,551,2,0.0,33.2,Big Breakfast,1,Kitchen,18.7,1,POACHED,16.7,2021-11-14 11:35:38,White,Hash Brown,,,,,2.0
10053,551,2,0.0,33.2,Big Breakfast,1,Kitchen,18.7,1,POACHED,16.7,2021-01-16 10:45:00,Multigrain,Hash Brown,,,,,2.0
16124,115,2,0.0,33.2,Big Breakfast,1,Kitchen,16.7,1,SCRAMBLED,16.7,2021-09-29 10:06:52,White,Hollandaise,,,,,0.0
16124,115,2,0.0,33.2,Eggs Benedict,1,Kitchen,16.5,2,BACON,14.5,2021-09-29 10:06:52,,,,Hashbrown,,,2.0
17396,698,2,0.0,33.2,Toastie,1,Kitchen,9.0,3,BACON-EGG-CHEESE,8.0,2021-11-12 09:30:53,Sourdough,Salt and Pepper,,,,,1.0
17396,698,2,0.0,33.2,Toastie,1,Kitchen,9.0,4,BACON-EGG-CHEESE,8.0,2021-11-12 09:30:53,Sourdough,Salt and Pepper,,,,,1.0
4457,188,10,0.0,33.2,Build Your Own Breakfast,1,Kitchen,15.4,1,SCRAMBLED,7.9,2020-03-25 12:30:00,White,"Bacon, Hollandaise, Hash Brown",,,,,7.5
35556,228,2,0.0,33.2,Toastie,1,Kitchen,10.5,4,BACON-EGG-CHEESE,10.5,2023-09-10 10:57:52,White,Tomato Sauce,,,,,0.0
15675,12,2,0.0,46.0,Toastie,1,Kitchen,8.4,9,CHICKEN-SCHNITZEL-CHEESE-LETTUCE,8.4,2021-09-14 12:21:20,White,Tomato Sauce,,,,,0.0
13166,12,2,0.0,46.0,Toastie,1,Kitchen,8.4,6,CHICKEN-SCHNITZEL-CHEESE-LETTUCE,8.4,2021-06-09 12:19:53,White,Tomato Sauce,,,,,0.0
26735,651,2,0.0,46.0,Croissant,1,Kitchen,9.0,2,HAM-CHEESE-TOMATO,9.0,2022-11-12 08:32:48,,Salt and Pepper,,,,,0.0
26735,651,2,0.0,46.0,Croissant,1,Kitchen,9.0,5,HAM-CHEESE-TOMATO,9.0,2022-11-12 08:32:48,,Salt and Pepper,,,,,0.0
14036,435,2,0.0,46.0,Toasted Roll,1,Kitchen,7.0,5,BACON-EGG,7.0,2021-07-16 07:56:16,,Tomato Sauce,,,,,0.0
14036,435,2,0.0,46.0,Toasted Roll,1,Kitchen,7.0,6,BACON-EGG,7.0,2021-07-16 07:56:16,,Tomato Sauce,,,,,0.0
14036,435,2,0.0,46.0,Toasted Roll,1,Kitchen,7.0,7,BACON-EGG,7.0,2021-07-16 07:56:16,,BBQ Sauce,,,,,0.0
14036,435,2,0.0,46.0,Toasted Roll,1,Kitchen,7.0,8,BACON-EGG,7.0,2021-07-16 07:56:16,,Tomato Sauce,,,,,0.0
16062,935,2,0.0,58.8,Toastie,1,Kitchen,8.0,9,BACON-EGG-CHEESE,8.0,2021-09-27 10:13:54,White,Tomato Sauce,,,,,0.0
16062,935,2,0.0,58.8,Toastie,1,Kitchen,8.0,10,BACON-EGG-CHEESE,8.0,2021-09-27 10:13:54,White,Tomato Sauce,,,,,0.0
40011,1290,2,0.0,15.3,Toastie,1,Kitchen,10.5,2,HAM-CHEESE-TOMATO,10.5,2024-02-15 09:28:14,Multigrain,Tomato Sauce,,,,,0.0
39527,1290,2,0.0,15.3,Toastie,1,Kitchen,10.5,2,HAM-CHEESE-TOMATO,10.5,2024-01-30 08:11:47,Multigrain,Tomato Sauce,,,,,0.0
39365,1290,2,0.0,15.3,Toastie,1,Kitchen,10.5,2,HAM-CHEESE-TOMATO,10.5,2024-01-24 09:21:52,Multigrain,Tomato Sauce,,,,,0.0
38700,1290,2,0.0,15.3,Toastie,1,Kitchen,10.5,2,HAM-CHEESE-TOMATO,10.5,2023-12-19 12:00:02,Multigrain,Tomato Sauce,,,,,0.0
38000,1290,2,0.0,15.3,Toastie,1,Kitchen,10.5,2,HAM-CHEESE-TOMATO,10.5,2023-11-27 09:40:51,Multigrain,Tomato Sauce,,,,,0.0
37784,1290,2,0.0,15.3,Toastie,1,Kitchen,10.5,2,HAM-CHEESE-TOMATO,10.5,2023-11-20 09:05:58,White,Salt and Pepper,,,,,0.0
37299,1290,2,0.0,15.3,Toastie,1,Kitchen,10.5,2,HAM-CHEESE-TOMATO,10.5,2023-11-03 09:40:16,Multigrain,Salt and Pepper,,,,,0.0
36061,1290,2,0.0,15.3,Toastie,1,Kitchen,10.5,2,HAM-CHEESE-TOMATO,10.5,2023-09-26 10:55:11,White,Salt and Pepper,,,,,0.0
35041,1290,2,0.0,15.3,Toastie,1,Kitchen,10.5,2,HAM-CHEESE-TOMATO,10.5,2023-08-25 11:01:59,White,Salt and Pepper,,,,,0.0
34766,1290,2,0.0,15.3,Toastie,1,Kitchen,10.5,2,HAM-CHEESE-TOMATO,10.5,2023-08-17 09:23:18,White,Tomato Sauce,,,,,0.0
34582,1290,2,0.0,15.3,Toastie,1,Kitchen,10.5,2,HAM-CHEESE-TOMATO,10.5,2023-08-11 09:45:00,Multigrain,Salt and Pepper,,,,,0.0
37747,48,2,0.0,15.3,Toasted Roll,1,Kitchen,10.0,2,BACON-EGG-CHEESE,10.0,2023-11-19 10:07:03,,Tomato Sauce,,,,,0.0
28379,69,2,0.0,15.3,Toasted Roll,1,Kitchen,10.0,2,BACON-EGG,8.5,2023-01-19 06:30:23,,"Tomato Sauce, Avocado",,,,,1.5
28354,69,2,0.0,15.3,Toasted Roll,1,Kitchen,10.0,2,BACON-EGG,8.5,2023-01-18 06:53:55,,"Tomato Sauce, Avocado",,,,,1.5
6523,69,2,0.0,15.3,Toasted Roll,1,Kitchen,10.5,2,BACON-EGG,7.0,2020-08-20 06:37:05,,"Tomato Sauce, Avocado, Hash Brown",,,,,3.5
24451,92,2,0.0,15.3,Toasted Roll,1,Kitchen,11.0,2,BACON-EGG-CHEESE,9.0,2022-08-22 08:26:28,,"BBQ Sauce, Hash Brown, Salt and Pepper",,,,,2.0
11877,92,2,0.0,15.3,Toasted Roll,1,Kitchen,10.0,2,BACON-EGG-CHEESE,8.0,2021-04-17 09:35:37,,"BBQ Sauce, Hash Brown",,,,,2.0
20125,613,2,0.0,15.3,Toastie,1,Kitchen,7.0,3,BACON-EGG,7.0,2022-03-12 09:01:02,White,Tomato Sauce,,,,,0.0
19304,613,2,0.0,15.3,Toastie,1,Kitchen,7.0,3,HAM-CHEESE,7.0,2022-02-10 09:39:41,White,Tomato Sauce,,,,,0.0
38891,1425,2,0.0,15.3,Toastie,1,Kitchen,10.5,2,BACON-EGG-CHEESE,10.5,2024-01-06 07:35:41,White,Salt and Pepper,,,,,0.0
39537,408,2,0.0,15.3,Toastie,1,Kitchen,10.0,2,HAM-CHEESE,9.0,2024-01-30 09:13:48,Sourdough,Tomato Sauce,,,,,1.0
39581,1436,0,0.0,15.3,Toastie,1,Kitchen,10.5,2,BACON-EGG-CHEESE,10.5,2024-02-01 08:07:40,White,Tomato Sauce,,,,,0.0
39557,1436,2,0.0,15.3,Toastie,1,Kitchen,10.5,2,BACON-EGG-CHEESE,10.5,2024-01-31 08:06:09,White,Tomato Sauce,,,,,0.0
39046,1436,2,0.0,15.3,Toastie,1,Kitchen,10.5,2,HAM-CHEESE-TOMATO,10.5,2024-01-12 08:06:09,White,Tomato Sauce,,,,,0.0
34784,670,2,0.0,15.3,Toastie,1,Kitchen,10.5,2,BACON-EGG-CHEESE,10.5,2023-08-18 07:39:29,White,Tomato Sauce,,,,,0.0
34339,670,2,0.0,15.3,Toastie,1,Kitchen,10.5,2,BACON-EGG-CHEESE,10.5,2023-08-04 07:36:23,White,Tomato Sauce,,,,,0.0
39392,1710,2,0.0,15.3,Toastie,1,Kitchen,10.5,2,BACON-EGG-CHEESE,10.5,2024-01-25 08:09:09,White,Tomato Sauce,,,,,0.0
40130,1731,2,0.0,15.3,Toastie,1,Kitchen,10.5,2,HAM-CHEESE-TOMATO,10.5,2024-02-19 08:06:30,White,Tomato Sauce,,,,,0.0
26694,721,2,0.0,15.3,Toasted Roll,1,Kitchen,10.0,2,BACON-EGG,8.0,2022-11-11 07:33:35,,"Tomato Sauce, Hash Brown, Salt and Pepper",,,,,2.0
40470,1746,2,0.0,15.3,Toastie,1,Kitchen,10.5,2,HAM-CHEESE-TOMATO,10.5,2024-03-01 08:08:38,White,Tomato Sauce,,,,,0.0
35049,231,2,0.0,15.3,Toastie,1,Kitchen,10.5,2,BACON-EGG-CHEESE,10.5,2023-08-26 08:04:22,White,Tomato Sauce,,,,,0.0
8706,553,2,0.0,28.1,Toasted Roll,1,Kitchen,8.0,3,BACON-EGG-CHEESE,8.0,2020-11-08 08:32:16,,"Tomato Sauce, Salt and Pepper",,,,,0.0
8706,553,2,0.0,28.1,Toasted Roll,1,Kitchen,8.0,4,BACON-EGG-CHEESE,8.0,2020-11-08 08:32:16,,"BBQ Sauce, Salt and Pepper",,,,,0.0
8559,298,2,0.0,28.1,Toasted Roll,1,Kitchen,10.0,3,BACON-EGG-CHEESE,8.0,2020-11-02 07:45:00,,"BBQ Sauce, Hash Brown",,,,,2.0
8559,298,2,0.0,28.1,Toastie,1,Kitchen,9.5,4,HAM-CHEESE-TOMATO,8.0,2020-11-02 07:45:00,Multigrain,"Avocado, Salt and Pepper",,,,,1.5
18527,575,2,0.0,28.1,Toasted Roll,1,Kitchen,9.0,3,BACON-EGG,7.0,2022-01-08 07:38:11,,"Hash Brown, Salt and Pepper",,,,,2.0
18527,575,2,0.0,28.1,Toasted Roll,1,Kitchen,9.0,4,BACON-EGG,7.0,2022-01-08 07:38:11,,"Hash Brown, Salt and Pepper",,,,,2.0
25179,69,2,0.0,28.1,Toasted Roll,1,Kitchen,11.5,2,BACON-EGG,8.0,2022-09-16 07:31:40,,"Tomato Sauce, Avocado, Hash Brown",,,,,3.5
25179,69,2,0.0,28.1,Toasted Roll,1,Kitchen,11.5,3,BACON-EGG,8.0,2022-09-16 07:31:40,,"Tomato Sauce, Avocado, Hash Brown",,,,,3.5
25145,69,2,0.0,28.1,Toasted Roll,1,Kitchen,11.5,2,BACON-EGG,8.0,2022-09-15 06:25:45,,"Tomato Sauce, Avocado, Hash Brown",,,,,3.5
25145,69,2,0.0,28.1,Toasted Roll,1,Kitchen,11.5,3,BACON-EGG,8.0,2022-09-15 06:25:45,,"Tomato Sauce, Avocado, Hash Brown",,,,,3.5
24448,69,2,0.0,28.1,Toasted Roll,1,Kitchen,11.5,2,BACON-EGG,8.0,2022-08-22 07:34:40,,"Tomato Sauce, Avocado, Hash Brown",,,,,3.5
24448,69,2,0.0,28.1,Toasted Roll,1,Kitchen,11.5,3,BACON-EGG,8.0,2022-08-22 07:34:40,,"Tomato Sauce, Avocado, Hash Brown",,,,,3.5
22308,77,2,0.0,28.1,Toasted Roll,1,Kitchen,7.0,4,BACON-EGG,7.0,2022-06-03 07:26:14,,"Tomato Sauce, Salt and Pepper",,,,,0.0
22308,77,2,0.0,28.1,Toasted Roll,1,Kitchen,7.0,5,BACON-EGG,7.0,2022-06-03 07:26:14,,"Tomato Sauce, Salt and Pepper",,,,,0.0
25712,620,2,0.0,28.1,Muffin,1,Kitchen,3.9,6,ORANGE-POPPYSEED,3.9,2022-10-06 09:15:00,,,No,,,,0.0
40559,642,2,0.0,28.1,Toastie,1,Kitchen,9.0,3,HAM-CHEESE,9.0,2024-03-04 08:00:00,White,Tomato Sauce,,,,,0.0
40559,642,2,0.0,28.1,Toastie,1,Kitchen,9.0,4,HAM-CHEESE,9.0,2024-03-04 08:00:00,White,Tomato Sauce,,,,,0.0
33649,1424,2,0.0,28.1,Toastie,1,Kitchen,9.5,2,HAM-CHEESE-TOMATO,9.5,2023-07-13 09:15:06,White,Tomato Sauce,,,,,0.0
33649,1424,2,0.0,28.1,Toastie,1,Kitchen,11.0,3,BACON-EGG-CHEESE,9.5,2023-07-13 09:15:06,White,Avocado,,,,,1.5
4571,214,10,0.0,28.1,Croissant,1,Kitchen,8.0,2,HAM-CHEESE,8.0,2020-04-19 10:45:00,,Salt and Pepper,,,,,0.0
4571,214,10,0.0,28.1,Croissant,1,Kitchen,8.0,3,HAM-CHEESE,8.0,2020-04-19 10:45:00,,Salt and Pepper,,,,,0.0
5383,285,2,0.0,40.9,Build Your Own Breakfast,1,Kitchen,14.9,1,POACHED,7.9,2020-06-21 08:33:59,White,"Grilled Tomato, Smashed Avo and Feta",,,,,7.0
5383,285,2,0.0,40.9,Eggs Benedict,1,Kitchen,16.0,3,BACON,14.0,2020-06-21 08:33:59,,,,Hashbrown,,,2.0
39006,811,1,0.0,40.9,Hot Potatoes,1,Kitchen,15.9,2,COLESLAW,12.9,2024-01-10 11:45:00,,Bacon,,,,,3.0
14614,651,2,0.0,40.9,Toastie,1,Kitchen,10.0,6,BACON-EGG-CHEESE,8.0,2021-08-08 09:00:00,White,"Tomato Sauce, Hash Brown",,,,,2.0
31791,1480,2,0.0,40.9,Toasted Roll,1,Kitchen,11.5,4,BACON-EGG-CHEESE,9.5,2023-05-14 08:26:20,,"Tomato Sauce, Hash Brown",,,,,2.0
3358,18,2,0.0,10.2,Toastie,1,Kitchen,6.0,2,CHEESE,6.0,2019-06-25 08:00:00,Multigrain,Tomato Sauce,,,,,0.0
29725,1148,2,0.0,10.2,Muffin,1,Kitchen,3.9,3,RASPBERRY-WHITECHOC,3.9,2023-03-07 11:29:11,,,No,,,,0.0
30708,1395,2,1.16,12.76,Toasted Roll,1,Kitchen,11.6,1,CHICKEN-SCHNITZEL-CHEESE-LETTUCE,10.1,2023-04-08 13:00:00,,Avocado,,,,,1.5
27831,9,2,0.0,23.0,Toasted Roll,1,Kitchen,9.0,2,BACON-EGG-CHEESE,9.0,2022-12-17 09:45:59,,Tomato Sauce,,,,,0.0
27831,9,2,0.0,23.0,Toastie,1,Kitchen,9.0,3,HAM-CHEESE-TOMATO,9.0,2022-12-17 09:45:59,White,Tomato Sauce,,,,,0.0
27599,9,2,0.0,23.0,Toasted Roll,1,Kitchen,9.0,2,BACON-EGG-CHEESE,9.0,2022-12-10 10:49:45,,Tomato Sauce,,,,,0.0
27599,9,2,0.0,23.0,Toastie,1,Kitchen,9.0,3,HAM-CHEESE-TOMATO,9.0,2022-12-10 10:49:45,White,Tomato Sauce,,,,,0.0
27393,9,2,0.0,23.0,Toastie,1,Kitchen,9.0,3,HAM-CHEESE-TOMATO,9.0,2022-12-03 10:17:36,White,Tomato Sauce,,,,,0.0
25195,9,2,0.0,23.0,Toastie,1,Kitchen,9.0,2,HAM-CHEESE-TOMATO,9.0,2022-09-16 09:07:18,White,Tomato Sauce,,,,,0.0
25195,9,2,0.0,23.0,Toastie,1,Kitchen,9.0,3,HAM-CHEESE-TOMATO,9.0,2022-09-16 09:07:18,White,Tomato Sauce,,,,,0.0
24437,9,2,0.0,23.0,Toastie,1,Kitchen,9.0,3,HAM-CHEESE-TOMATO,9.0,2022-08-21 11:13:06,White,Tomato Sauce,,,,,0.0
24437,9,2,0.0,23.0,Toasted Roll,1,Kitchen,9.0,2,BACON-EGG-CHEESE,9.0,2022-08-21 11:13:06,,Tomato Sauce,,,,,0.0
24243,9,2,0.0,23.0,Toasted Roll,1,Kitchen,9.0,2,BACON-EGG-CHEESE,9.0,2022-08-14 10:02:57,,Tomato Sauce,,,,,0.0
24243,9,2,0.0,23.0,Toastie,1,Kitchen,9.0,3,HAM-CHEESE-TOMATO,9.0,2022-08-14 10:02:57,White,Tomato Sauce,,,,,0.0
24217,9,2,0.0,23.0,Toastie,1,Kitchen,9.0,3,HAM-CHEESE-TOMATO,9.0,2022-08-13 11:17:24,White,Tomato Sauce,,,,,0.0
24217,9,2,0.0,23.0,Toasted Roll,1,Kitchen,9.0,2,BACON-EGG-CHEESE,9.0,2022-08-13 11:17:24,,Tomato Sauce,,,,,0.0
10056,521,2,0.0,23.0,Croissant,1,Kitchen,9.0,3,BACON-EGG-CHEESE,9.0,2021-01-16 13:15:00,,Salt and Pepper,,,,,0.0
14771,13,2,0.0,23.0,Toasted Roll,1,Kitchen,8.0,4,BACON-EGG-CHEESE,8.0,2021-08-14 09:29:20,,"Tomato Sauce, Salt and Pepper",,,,,0.0
14588,13,2,0.0,23.0,Toasted Roll,1,Kitchen,8.0,4,BACON-EGG-CHEESE,8.0,2021-08-07 09:20:58,,"Tomato Sauce, Salt and Pepper",,,,,0.0
5479,13,2,0.0,23.0,Toasted Roll,1,Kitchen,8.0,4,BACON-EGG-CHEESE,8.0,2020-06-27 09:26:42,,"Tomato Sauce, Salt and Pepper",,,,,0.0
9803,275,2,0.0,23.0,Toasted Roll,1,Kitchen,7.0,3,BACON-EGG,7.0,2021-01-03 08:33:01,,Tomato Sauce,,,,,0.0
9803,275,2,0.0,23.0,Toastie,1,Kitchen,6.0,4,BACON,6.0,2021-01-03 08:33:01,White,Tomato Sauce,,,,,0.0
12560,276,2,0.0,23.0,Toasted Roll,1,Kitchen,8.0,4,BACON-EGG-CHEESE,8.0,2021-05-16 10:06:26,,BBQ Sauce,,,,,0.0
12559,276,9,0.0,23.0,Toasted Roll,1,Kitchen,8.0,4,BACON-EGG-CHEESE,8.0,2021-05-16 10:04:18,,BBQ Sauce,,,,,0.0
14888,42,2,0.0,23.0,Toasted Roll,1,Kitchen,8.0,4,BACON-EGG-CHEESE,8.0,2021-08-19 07:18:54,,"Tomato Sauce, Salt and Pepper",,,,,0.0
7862,48,0,0.0,23.0,Toasted Roll,1,Kitchen,8.0,1,BACON-EGG-CHEESE,8.0,2020-10-10 09:04:29,,"Tomato Sauce, Salt and Pepper",,,,,0.0
7862,48,0,0.0,23.0,Toasted Roll,1,Kitchen,8.0,2,BACON-EGG-CHEESE,8.0,2020-10-10 09:04:29,,Salt and Pepper,,,,,0.0
37595,67,2,0.0,23.0,Toastie,1,Kitchen,11.5,1,BACON-EGG-CHEESE,10.5,2023-11-14 09:49:54,Sourdough,Tomato Sauce,,,,,1.0
37595,67,2,0.0,23.0,Toastie,1,Kitchen,11.5,2,BACON-EGG-CHEESE,10.5,2023-11-14 09:49:54,Sourdough,Tomato Sauce,,,,,1.0
14100,67,2,0.0,23.0,Toastie,1,Kitchen,9.0,2,BACON-EGG-CHEESE,8.0,2021-07-18 10:28:32,Sourdough,Salt and Pepper,,,,,1.0
14100,67,2,0.0,23.0,Toastie,1,Kitchen,9.0,3,BACON-EGG-CHEESE,8.0,2021-07-18 10:28:32,Sourdough,"Tomato Sauce, Salt and Pepper",,,,,1.0
13588,67,2,0.0,23.0,Toastie,1,Kitchen,9.0,2,BACON-EGG-CHEESE,8.0,2021-06-25 09:26:43,Sourdough,"Tomato Sauce, Salt and Pepper",,,,,1.0
13588,67,2,0.0,23.0,Toastie,1,Kitchen,9.0,3,BACON-EGG-CHEESE,8.0,2021-06-25 09:26:43,Sourdough,Salt and Pepper,,,,,1.0
12917,67,2,0.0,23.0,Toastie,1,Kitchen,9.0,2,BACON-EGG-CHEESE,8.0,2021-05-31 10:00:12,Sourdough,"Tomato Sauce, Salt and Pepper",,,,,1.0
12917,67,2,0.0,23.0,Toastie,1,Kitchen,9.0,3,BACON-EGG-CHEESE,8.0,2021-05-31 10:00:12,Sourdough,Salt and Pepper,,,,,1.0
5833,67,2,0.0,23.0,Toastie,1,Kitchen,9.0,2,HAM-CHEESE-TOMATO,8.0,2020-07-18 11:43:24,Sourdough,"BBQ Sauce, Salt and Pepper",,,,,1.0
5833,67,2,0.0,23.0,Toastie,1,Kitchen,9.0,3,BACON-EGG-CHEESE,8.0,2020-07-18 11:43:24,Sourdough,"Tomato Sauce, Salt and Pepper",,,,,1.0
15402,69,2,0.0,23.0,Toasted Roll,1,Kitchen,10.5,4,BACON-EGG,7.0,2021-09-05 10:25:03,,"Tomato Sauce, Avocado, Hash Brown",,,,,3.5
3712,92,2,0.0,23.0,Toasted Roll,1,Kitchen,10.0,2,BACON-EGG-CHEESE,8.0,2019-10-19 09:00:00,,"BBQ Sauce, Hash Brown",,,,,2.0
3712,92,2,0.0,23.0,Toasted Roll,1,Kitchen,9.5,3,BACON-EGG-CHEESE,8.0,2019-10-19 09:00:00,,"Tomato Sauce, Avocado",,,,,1.5
15330,884,2,0.0,23.0,Toasted Roll,1,Kitchen,8.0,4,BACON-EGG-CHEESE,8.0,2021-09-03 08:50:29,,"Tomato Sauce, Salt and Pepper",,,,,0.0
24188,128,2,0.0,23.0,Toasted Roll,1,Kitchen,12.5,3,BACON-EGG-CHEESE,9.0,2022-08-12 09:51:47,,"Avocado, Hash Brown, Salt and Pepper",,,,,3.5
23929,128,2,0.0,23.0,Toasted Roll,1,Kitchen,12.5,3,BACON-EGG-CHEESE,9.0,2022-08-03 10:39:16,,"Avocado, Hash Brown, Salt and Pepper",,,,,3.5
23899,128,2,0.0,23.0,Toasted Roll,1,Kitchen,12.5,3,BACON-EGG-CHEESE,9.0,2022-08-02 10:36:59,,"Avocado, Hash Brown, Salt and Pepper",,,,,3.5
15552,651,2,0.0,23.0,Toastie,1,Kitchen,10.0,3,BACON-EGG-CHEESE,8.0,2021-09-11 07:30:00,Dark Rye,"Tomato Sauce, Hash Brown",,,,,2.0
14137,409,2,0.0,23.0,Toastie,1,Kitchen,8.0,4,BACON-EGG-CHEESE,8.0,2021-07-20 07:47:48,White,Tomato Sauce,,,,,0.0
13713,409,2,0.0,23.0,Toastie,1,Kitchen,8.0,4,BACON-EGG-CHEESE,8.0,2021-07-01 07:38:09,White,Tomato Sauce,,,,,0.0
37594,1451,0,0.0,23.0,Toastie,1,Kitchen,11.5,1,BACON-EGG-CHEESE,10.5,2023-11-14 09:48:24,Sourdough,Tomato Sauce,,,,,1.0
37594,1451,0,0.0,23.0,Toastie,1,Kitchen,11.5,2,BACON-EGG-CHEESE,10.5,2023-11-14 09:48:24,Sourdough,Tomato Sauce,,,,,1.0
33494,175,2,0.0,23.0,Toastie,1,Kitchen,9.5,4,BACON-EGG-CHEESE,9.5,2023-07-08 11:01:17,White,Tomato Sauce,,,,,0.0
10141,432,2,0.0,23.0,Deep Fryer,1,Kitchen,8.0,1,WEDGES,7.5,2021-01-21 06:45:00,,,,Sweet and sour sauce,,,0.5
10141,432,2,0.0,23.0,Toastie,1,Kitchen,6.0,3,CHEESE,6.0,2021-01-21 06:45:00,White,Tomato Sauce,,,,,0.0
12490,698,2,0.0,23.0,Toastie,1,Kitchen,9.0,2,BACON-EGG-CHEESE,8.0,2021-05-13 09:00:00,Sourdough,Tomato Sauce,,,,,1.0
12490,698,2,0.0,23.0,Toastie,1,Kitchen,9.0,3,BACON-EGG-CHEESE,8.0,2021-05-13 09:00:00,Sourdough,Tomato Sauce,,,,,1.0
12303,698,2,0.0,23.0,Toastie,1,Kitchen,9.0,2,BACON-EGG-CHEESE,8.0,2021-05-06 08:50:02,Sourdough,Salt and Pepper,,,,,1.0
12303,698,2,0.0,23.0,Toastie,1,Kitchen,9.0,3,BACON-EGG-CHEESE,8.0,2021-05-06 08:50:02,Sourdough,Salt and Pepper,,,,,1.0
10009,448,2,0.0,23.0,Toasted Roll,1,Kitchen,8.0,2,BACON-EGG-CHEESE,8.0,2021-01-14 10:23:30,,"BBQ Sauce, Salt and Pepper",,,,,0.0
10009,448,2,0.0,23.0,Toasted Roll,1,Kitchen,10.0,3,BACON-EGG-CHEESE,8.0,2021-01-14 10:23:30,,"BBQ Sauce, Hash Brown, Salt and Pepper",,,,,2.0
30285,705,2,0.0,23.0,Toasted Roll,1,Kitchen,11.5,1,BACON-EGG-CHEESE,9.5,2023-03-26 09:14:09,,Hash Brown,,,,,2.0
30285,705,2,0.0,23.0,Toasted Roll,1,Kitchen,11.5,2,BACON-EGG-CHEESE,9.5,2023-03-26 09:14:09,,Hash Brown,,,,,2.0
36193,231,2,0.0,23.0,Toastie,1,Kitchen,10.5,4,BACON-EGG-CHEESE,10.5,2023-10-01 07:41:20,White,Tomato Sauce,,,,,0.0
35963,231,2,0.0,23.0,Toastie,1,Kitchen,10.5,4,BACON-EGG-CHEESE,10.5,2023-09-24 07:18:43,White,Tomato Sauce,,,,,0.0
35754,231,2,0.0,23.0,Toastie,1,Kitchen,10.5,4,HAM-CHEESE-TOMATO,10.5,2023-09-17 07:54:14,White,Tomato Sauce,,,,,0.0
8189,339,2,0.0,35.8,Eggs Benedict,1,Kitchen,16.0,3,BACON,14.0,2020-10-20 09:03:27,,,,Hashbrown,,,2.0
8189,339,2,0.0,35.8,Big Breakfast,1,Kitchen,16.2,1,SCRAMBLED,16.2,2020-10-20 09:03:27,Multigrain,Hollandaise,,,,,0.0
36871,119,2,0.0,35.8,Toasted Roll,1,Kitchen,12.0,3,BACON-EGG-CHEESE,10.0,2023-10-21 11:15:27,,"BBQ Sauce, Hash Brown",,,,,2.0
36871,119,2,0.0,35.8,Toasted Roll,1,Kitchen,12.0,4,BACON-EGG-CHEESE,10.0,2023-10-21 11:15:27,,"BBQ Sauce, Hash Brown",,,,,2.0
27655,1144,2,0.0,35.8,Toasted Roll,1,Kitchen,8.0,4,BACON-EGG,8.0,2022-12-12 10:26:27,,Tomato Sauce,,,,,0.0
27655,1144,2,0.0,35.8,Toasted Roll,1,Kitchen,11.0,5,BACON-EGG-CHEESE,9.0,2022-12-12 10:26:27,,"Tomato Sauce, Hash Brown",,,,,2.0
26898,1148,2,0.0,35.8,Croissant,1,Kitchen,8.0,1,CHEESE-TOMATO,8.0,2022-11-17 09:19:59,,Salt and Pepper,,,,,0.0
13466,175,2,0.0,35.8,Toastie,1,Kitchen,7.0,5,BACON-EGG,7.0,2021-06-20 10:45:12,White,Tomato Sauce,,,,,0.0
13466,175,2,0.0,35.8,Build Your Own Breakfast,1,Kitchen,15.9,1,FRIED,7.9,2021-06-20 10:45:12,Sourdough,"Hollandaise, Halloumi",,,,,8.0
16453,234,2,0.0,35.8,Toasted Roll,1,Kitchen,10.0,2,BACON-EGG-CHEESE,8.0,2021-10-10 10:27:47,,"Tomato Sauce, Hash Brown, Salt and Pepper",,,,,2.0
16453,234,2,0.0,35.8,Toasted Roll,1,Kitchen,10.0,3,BACON-EGG-CHEESE,8.0,2021-10-10 10:27:47,,"Tomato Sauce, Hash Brown, Salt and Pepper",,,,,2.0
22920,248,2,0.0,35.8,Toasted Roll,1,Kitchen,10.0,4,BACON-EGG-CHEESE,8.0,2022-06-26 13:02:44,,"Tomato Sauce, Hash Brown, Salt and Pepper",,,,,2.0
22920,248,2,0.0,35.8,Toasted Roll,1,Kitchen,9.0,5,BACON-EGG,7.0,2022-06-26 13:02:44,,"Tomato Sauce, Hash Brown, Salt and Pepper",,,,,2.0
28824,841,2,0.0,48.6,Toastie,1,Kitchen,8.5,6,CHEESE-TOMATO,8.5,2023-02-05 15:22:18,White,Salt and Pepper,,,,,0.0
28611,435,2,0.0,48.6,Toasted Roll,1,Kitchen,10.5,2,BACON-EGG,8.5,2023-01-28 10:16:39,,"Tomato Sauce, Hash Brown",,,,,2.0
28611,435,2,0.0,48.6,Toasted Roll,1,Kitchen,10.5,3,BACON-EGG,8.5,2023-01-28 10:16:39,,"BBQ Sauce, Hash Brown",,,,,2.0
28611,435,2,0.0,48.6,Toasted Roll,1,Kitchen,10.5,4,BACON-EGG,8.5,2023-01-28 10:16:39,,"Tomato Sauce, Hash Brown",,,,,2.0
28611,435,2,0.0,48.6,Toasted Roll,1,Kitchen,11.5,5,BACON-EGG-CHEESE,9.5,2023-01-28 10:16:39,,"Tomato Sauce, Hash Brown",,,,,2.0
6939,435,2,0.0,48.6,Toasted Roll,1,Kitchen,8.0,5,BACON-EGG-CHEESE,8.0,2020-09-05 09:41:06,,BBQ Sauce,,,,,0.0
6939,435,2,0.0,48.6,Toasted Roll,1,Kitchen,8.0,6,BACON-EGG-CHEESE,8.0,2020-09-05 09:41:06,,Tomato Sauce,,,,,0.0
6939,435,2,0.0,48.6,Toasted Roll,1,Kitchen,8.0,7,BACON-EGG-CHEESE,8.0,2020-09-05 09:41:06,,Tomato Sauce,,,,,0.0
6939,435,2,0.0,48.6,Toasted Roll,1,Kitchen,8.0,8,BACON-EGG-CHEESE,8.0,2020-09-05 09:41:06,,Tomato Sauce,,,,,0.0
6708,239,2,0.0,48.6,Big Breakfast,1,Kitchen,25.2,1,FRIED,16.2,2020-08-27 10:30:00,White,"Hollandaise, Hash Brown, Halloumi",,,,,9.0
6708,239,2,0.0,48.6,Toasted Roll,1,Kitchen,10.0,5,BACON-EGG-CHEESE,8.0,2020-08-27 10:30:00,,Hash Brown,,,,,2.0
19938,814,2,0.0,17.9,Toasted Roll,1,Kitchen,8.5,3,BACON-EGG,7.0,2022-03-05 08:53:39,,"BBQ Sauce, Avocado",,,,,1.5
36237,1618,2,0.0,17.9,Toasted Roll,1,Kitchen,12.0,2,BACON-EGG-CHEESE,10.0,2023-10-02 11:39:19,,"BBQ Sauce, Hash Brown",,,,,2.0
36453,136,2,0.0,17.9,Toasted Roll,1,Kitchen,12.0,2,BACON-EGG-CHEESE,10.0,2023-10-09 11:04:36,,"BBQ Sauce, Hash Brown",,,,,2.0
20230,404,2,0.0,17.9,Toastie,1,Kitchen,7.0,3,HAM-CHEESE,7.0,2022-03-16 10:57:22,White,Tomato Sauce,,,,,0.0
20230,404,2,0.0,17.9,Toasted Roll,1,Kitchen,7.0,2,BACON-EGG,7.0,2022-03-16 10:57:22,,BBQ Sauce,,,,,0.0
6843,404,2,0.0,17.9,Toasted Roll,1,Kitchen,7.0,2,BACON-EGG,7.0,2020-09-01 12:30:00,,BBQ Sauce,,,,,0.0
6843,404,2,0.0,17.9,Toasted Roll,1,Kitchen,7.0,3,BACON-EGG,7.0,2020-09-01 12:30:00,,BBQ Sauce,,,,,0.0
28054,976,2,0.0,17.9,Muffin,1,Kitchen,3.9,3,APPLE-CINNAMON,3.9,2023-01-05 10:36:25,,,Yes,,,,0.0
28054,976,2,0.0,17.9,Muffin,1,Kitchen,3.9,4,ORANGE-POPPYSEED,3.9,2023-01-05 10:36:25,,,Yes,,,,0.0
26120,215,2,0.0,17.9,Toasted Roll,1,Kitchen,10.0,3,BACON-EGG,8.0,2022-10-21 07:40:12,,Hash Brown,,,,,2.0
35034,1253,2,0.0,17.9,Toasted Roll,1,Kitchen,10.0,2,BACON-EGG-CHEESE,10.0,2023-08-25 09:38:26,,Tomato Sauce,,,,,0.0
26214,1255,2,0.0,17.9,Eggs Benedict,1,Kitchen,17.9,1,BACON,15.9,2022-10-24 13:35:24,,,,Hashbrown,,,1.9999999999999982
33918,234,2,0.0,17.9,Toasted Roll,1,Kitchen,11.5,2,BACON-EGG-CHEESE,9.5,2023-07-22 08:07:02,,"Tomato Sauce, Hash Brown, Salt and Pepper",,,,,2.0
33475,234,2,0.0,17.9,Toasted Roll,1,Kitchen,11.5,2,BACON-EGG-CHEESE,9.5,2023-07-08 08:08:53,,"Tomato Sauce, Hash Brown, Salt and Pepper",,,,,2.0
33238,234,2,0.0,17.9,Toasted Roll,1,Kitchen,11.5,2,BACON-EGG-CHEESE,9.5,2023-06-30 07:55:32,,"Tomato Sauce, Hash Brown, Salt and Pepper",,,,,2.0
30483,234,2,0.0,17.9,Toasted Roll,1,Kitchen,11.5,2,BACON-EGG-CHEESE,9.5,2023-04-01 08:58:58,,"Tomato Sauce, Hash Brown",,,,,2.0
30060,234,2,0.0,17.9,Toasted Roll,1,Kitchen,11.5,2,BACON-EGG-CHEESE,9.5,2023-03-18 08:39:50,,"Tomato Sauce, Hash Brown, Salt and Pepper",,,,,2.0
13629,369,2,0.0,30.7,Toasted Roll,1,Kitchen,10.0,3,BACON-EGG-CHEESE,8.0,2021-06-27 10:15:48,,Hash Brown,,,,,2.0
13629,369,2,0.0,30.7,Toasted Roll,1,Kitchen,10.0,4,BACON-EGG-CHEESE,8.0,2021-06-27 10:15:48,,"Tomato Sauce, Hash Brown",,,,,2.0
37938,1649,2,0.0,30.7,Muffin,1,Kitchen,4.5,3,RASPBERRY-WHITECHOC,4.5,2023-11-25 10:06:28,,,Yes,,,,0.0
37938,1649,2,0.0,30.7,Muffin,1,Kitchen,4.5,4,APPLE-CINNAMON,4.5,2023-11-25 10:06:28,,,Yes,,,,0.0
37936,1649,0,0.0,30.7,Muffin,1,Kitchen,4.5,3,APPLE-CINNAMON,4.5,2023-11-25 10:30:12,,,Yes,,,,0.0
37936,1649,0,0.0,30.7,Muffin,1,Kitchen,4.5,4,RASPBERRY-WHITECHOC,4.5,2023-11-25 10:30:12,,,Yes,,,,0.0
35286,1144,2,0.0,30.7,Toasted Roll,1,Kitchen,11.0,4,BACON-EGG,9.0,2023-09-03 08:15:00,,"Tomato Sauce, Hash Brown",,,,,2.0
22890,1148,2,0.0,30.7,Toasted Roll,1,Kitchen,10.0,4,BACON-EGG-CHEESE,8.0,2022-06-25 10:18:17,,Hash Brown,,,,,2.0
22890,1148,2,0.0,30.7,Muffin,1,Kitchen,3.9,3,RASPBERRY-WHITECHOC,3.9,2022-06-25 10:18:17,,,No,,,,0.0
18547,409,2,0.0,30.7,Toasted Roll,1,Kitchen,8.0,5,BACON-EGG-CHEESE,8.0,2022-01-09 08:26:48,,Tomato Sauce,,,,,0.0
23603,475,2,0.0,30.7,Toasted Roll,1,Kitchen,7.0,5,BACON-EGG,7.0,2022-07-23 12:13:28,,BBQ Sauce,,,,,0.0
23603,475,2,0.0,30.7,Toasted Roll,1,Kitchen,7.0,6,BACON-EGG,7.0,2022-07-23 12:13:28,,BBQ Sauce,,,,,0.0
28712,1255,2,0.0,30.7,Build Your Own Breakfast,1,Kitchen,20.7,1,SCRAMBLED,9.2,2023-02-01 09:19:16,White,"Spanish Chorizo, Avocado, Halloumi",,,,,11.5
17326,351,0,0.0,43.5,Toasted Roll,1,Kitchen,9.0,7,BACON-EGG,7.0,2021-11-10 10:10:07,,Hash Brown,,,,,2.0
17326,351,0,0.0,43.5,Kids Pancakes,1,Kitchen,8.0,3,CREAM,6.0,2021-11-10 10:10:07,,,,,,Strawberries,2.0
36867,435,2,0.0,43.5,Toasted Roll,3,Kitchen,36.0,2,BACON-EGG-CHEESE,10.0,2023-10-21 09:58:35,,"Tomato Sauce, Hash Brown",,,,,2.0
11825,351,2,0.0,56.3,Big Breakfast,1,Kitchen,19.7,1,SCRAMBLED,16.7,2021-04-15 08:57:10,White,Baby Spinach,,,,,3.0
4385,5,10,0.0,337.9,Eggs and Bacon,1,Kitchen,10.4,15,POACHED,10.4,2020-03-20 13:50:17,White,,,,,,0.0
4385,5,10,0.0,337.9,Big Breakfast,1,Kitchen,28.7,4,POACHED,16.2,2020-03-20 13:50:17,White,"Spanish Chorizo, Smashed Avo and Feta, Sauteed Mushrooms",,,,,12.5
4385,5,10,0.0,337.9,Build Your Own Breakfast,1,Kitchen,19.9,7,POACHED,7.9,2020-03-20 13:50:17,Gluten Free,"Extra Egg, Bacon, Grilled Tomato, Hollandaise",,,,,11.999999999999998
4385,5,10,0.0,337.9,(Main) Pasta,1,Kitchen,14.5,2,SPAGMATRI,14.5,2020-03-20 13:50:17,,,,,Fettuccini,,0.0
4385,5,10,0.0,337.9,(Entree) Pasta,1,Kitchen,13.9,1,MONALISA,13.9,2020-03-20 13:50:17,,,,,Gnocchi,,0.0
